{"00T35@0": 0.0, "01T22@0": 0.0, "02T29@1": 0.0, "03T20@1": 0.0, "04T37@2": 0.9222797927461139, "05T22@2": 0.9257425742574258, "06T23@3": 0.7228739002932554, "07T35@3": 0.6765249537892795, "08T12@4": 0.0, "09T23@4": 0.6202531645569623, "BUYER": 0.0, "SELLER": 0.0}