{"time_limit": 10800, "spot_discount": 0.9, "spot_market_global_loss": 0.2, "neg_quota_step": 530, "n_processes": 5, "n_products": 6, "n_steps": 106, "financial_reports_period": 5, "exogenous_horizon": 43, "max_productivity": 1.0, "catalog_prices": [10, 21, 32, 39, 56, 68], "cash_availability": [1.5, 2.5], "expected_productivity": 0.9528301886792453, "expected_mean_profit": 0.06913362948062471, "initial_balance": [43734, 43734, 59156, 59156, 81023, 81023, 109451, 109451, 136152, 136152]}