{"time_limit": 10800, "spot_discount": 0.9, "spot_market_global_loss": 0.2, "neg_quota_step": 402, "n_processes": 5, "n_products": 6, "n_steps": 67, "financial_reports_period": 5, "exogenous_horizon": 25, "max_productivity": 1.0, "catalog_prices": [10, 18, 32, 42, 51, 61], "cash_availability": [1.5, 2.5], "expected_productivity": 1.1567164179104477, "expected_mean_profit": 0.06448232843919152, "initial_balance": [21751, 21751, 21751, 56261, 56261, 50945, 50945, 50945, 101356, 101356, 118902, 118902]}