{"00T04@0": 0.08888888888888898, "01T35@0": 0.15212981744421894, "02T35@1": 0.7330960854092526, "03T35@1": 0.7713310580204773, "04T07@2": 0.01503759398496239, "05T35@2": 0.6117647058823532, "BUYER": 0.0, "SELLER": 0.0}