{"00T24@0": 0.0, "01T36@0": 0.14478114478114482, "02T24@1": 1.0, "03T35@1": 0.4803921568627451, "04T36@2": 0.22058823529411759, "05T35@2": 0.9259259259259259, "06T24@3": 1.0, "07T36@3": 0.02922077922077922, "BUYER": 0.0, "SELLER": 0.0}