{"00T22@0": 0.1611721611721611, "01T35@0": 0.32089552238805996, "02T36@1": 0.1900826446280992, "03T32@1": 0.7391304347826084, "04T36@2": 0.2007575757575759, "05T32@2": 0.537037037037037, "06T23@3": 0.6496350364963508, "07T22@3": 0.17109144542772858, "08T32@4": 0.2592592592592594, "09T36@4": 0.0, "BUYER": 0.0, "SELLER": 0.0}