{"00T12@0": 0.0, "01T20@0": 0.0, "02T29@0": 0.0, "03T37@1": 0.42105263157894735, "04T29@1": 0.0, "05T12@2": 0.4090909090909091, "06T29@2": 0.0, "07T37@3": 1.0, "08T12@3": 0.0, "09T20@4": 1.0, "10T20@4": 1.0, "11T37@4": 0.5848214285714287, "BUYER": 0.0, "SELLER": 0.0}