{"00T35@0": 0.2727272727272727, "01T35@0": 0.2708333333333335, "02T26@1": 0.18394648829431448, "03T35@1": 0.9533678756476683, "04T22@2": 0.05063291139240505, "05T23@2": 0.8221153846153846, "06T22@3": 0.03169014084507043, "07T35@3": 0.7602739726027395, "08T34@4": 0.7480916030534351, "09T22@4": 0.0, "BUYER": 0.0, "SELLER": 0.0}