{"00T29@0": 0.0, "01T35@0": 0.20169851380042464, "02T22@1": 0.45666666666666694, "03T23@1": 0.8707482993197277, "04T35@2": 0.6275862068965522, "05T35@2": 0.6450116009280746, "06T12@3": 0.0, "07T23@3": 0.5714285714285722, "BUYER": 0.0, "SELLER": 0.0}