{"00T35@0": 0.3358895705521472, "01T35@0": 0.3314741035856577, "02T35@1": 0.8878504672897197, "03T22@1": 0.25263811297330874, "04T35@2": 0.582828282828283, "05T35@2": 0.5817995910020451, "06T38@3": 0.0, "07T15@3": 0.0, "BUYER": 0.0, "SELLER": 0.0}