{"00T24@0": 0.0, "01T29@0": 0.0, "02T35@1": 0.0, "03T35@1": 0.0, "04T23@2": 1.0, "05T35@2": 1.0, "06T35@3": 0.972972972972973, "07T35@3": 0.9220183486238532, "08T23@4": 0.6947368421052629, "09T22@4": 0.0, "BUYER": 0.0, "SELLER": 0.0}