{"00T26@0": 0.07413793103448271, "01T41@0": 0.20866773675762448, "02T26@1": 0.21782178217821763, "03T41@1": 0.4163568773234202, "04T26@2": 0.056410256410256425, "05T41@2": 0.0, "BUYER": 0.0, "SELLER": 0.0}