{"00T22@0": 0.003968253968253963, "01T22@0": 0.00178890876565295, "02T20@1": 0.0, "03T23@1": 0.8166089965397922, "04T12@2": 0.06896551724137931, "05T35@2": 0.8284313725490198, "BUYER": 0.0, "SELLER": 0.0}