{"00T06@0": 0.0, "01T37@0": 0.015789473684210513, "02T23@1": 0.8676470588235293, "03T23@1": 0.963963963963964, "04T35@2": 0.7281879194630873, "05T35@2": 0.7456445993031358, "06T23@3": 0.625218914185639, "07T23@3": 0.624567474048443, "BUYER": 0.0, "SELLER": 0.0}