{"00T22@0": 0.07891332470892626, "01T22@0": 0.0728476821192053, "02T35@1": 0.6985645933014354, "03T35@1": 0.6757990867579906, "04T00@2": 0.0, "05T04@2": 0.1234567901234569, "06T22@3": 0.10476190476190474, "07T35@3": 0.8666666666666664, "BUYER": 0.0, "SELLER": 0.0}