{"time_limit": 10800, "spot_discount": 0.9, "spot_market_global_loss": 0.2, "neg_quota_step": 620, "n_processes": 4, "n_products": 5, "n_steps": 155, "financial_reports_period": 5, "exogenous_horizon": 66, "max_productivity": 1.0, "catalog_prices": [10, 19, 24, 34, 49], "cash_availability": [1.5, 2.5], "expected_productivity": 0.9741935483870968, "expected_mean_profit": 0.08877261274712384, "initial_balance": [61338, 61338, 74148, 74148, 101569, 101569, 138010, 138010]}