{"00T41@0": 0.161764705882353, "01T14@0": 0.0, "02T41@1": 0.031249999999999993, "03T22@1": 0.02499999999999999, "04T14@2": 0.0, "05T41@2": 0.031578947368421026, "06T14@3": 1.0, "07T22@3": 0.07804878048780488, "BUYER": 0.0, "SELLER": 0.0}