{"00T22@0": 0.15591397849462363, "01T23@0": 0.3425925925925925, "02T40@1": 0.3022222222222222, "03T23@1": 0.6428571428571428, "04T24@2": 0.7222222222222224, "05T35@2": 0.4359861591695502, "BUYER": 0.0, "SELLER": 0.0}