{"00T29@0": 0.0, "01T12@0": 0.0, "02T29@1": 0.0, "03T29@1": 0.0, "04T37@1": 0.8269230769230769, "05T12@2": 0.04, "06T37@2": 0.4634146341463411, "07T12@2": 0.0, "08T37@2": 0.6, "BUYER": 0.0, "SELLER": 0.0}