{"time_limit": 10800, "spot_discount": 0.9, "spot_market_global_loss": 0.2, "neg_quota_step": 315, "n_processes": 3, "n_products": 4, "n_steps": 70, "financial_reports_period": 5, "exogenous_horizon": 33, "max_productivity": 1.0, "catalog_prices": [10, 15, 29, 37], "cash_availability": [1.5, 2.5], "expected_productivity": 0.638095238095238, "expected_mean_profit": 0.08059965408288483, "initial_balance": [18117, 18117, 24608, 24608, 24608, 24232, 24232, 24232, 24232]}