{"00T36@0": 0.1403508771929824, "01T36@0": 0.11783439490445863, "02T37@1": 0.20634920634920634, "03T37@1": 0.186046511627907, "04T36@2": 0.011194029850746265, "05T37@2": 0.06143344709897611, "BUYER": 0.0, "SELLER": 0.0}