{"00T36@0": 0.07196969696969693, "01T35@0": 0.14181818181818187, "02T20@1": 0.0, "03T36@1": 0.04918032786885246, "04T20@2": 0.0, "05T36@2": 0.23364485981308417, "06T20@3": 1.0, "07T23@3": 0.8231292517006805, "BUYER": 0.0, "SELLER": 0.0}