{"00T20@0": 0.0, "01T20@0": 0.0, "02T20@1": 0.0, "03T02@1": 1.0, "04T02@2": 1.0, "05T23@2": 0.8885869565217391, "06T12@3": 0.02821316614420063, "07T12@3": 0.021875000000000006, "08T02@4": 0.6127167630057804, "09T12@4": 0.0, "BUYER": 0.0, "SELLER": 0.0}