{"time_limit": 10800, "spot_discount": 0.9, "spot_market_global_loss": 0.2, "neg_quota_step": 330, "n_processes": 5, "n_products": 6, "n_steps": 66, "financial_reports_period": 5, "exogenous_horizon": 20, "max_productivity": 1.0, "catalog_prices": [10, 14, 21, 31, 35, 44], "cash_availability": [1.5, 2.5], "expected_productivity": 0.9242424242424242, "expected_mean_profit": 0.07335800185013876, "initial_balance": [13668, 13668, 23174, 23174, 33859, 33859, 39263, 39263, 46781, 46781]}