{"00T15@0": 0.0996309963099631, "01T15@0": 0.08139534883720934, "02T15@1": 0.31967213114754106, "03T07@1": 0.05194805194805195, "04T07@2": 0.2900000000000001, "05T07@2": 0.3399014778325123, "BUYER": 0.0, "SELLER": 0.0}