{"00T35@0": 0.3131313131313131, "01T22@0": 0.3333333333333333, "02T22@1": 0.0, "03T35@1": 0.652, "04T12@2": 0.049107142857142905, "05T37@2": 0.0, "06T35@3": 0.7128205128205131, "07T23@3": 0.7599999999999997, "08T23@4": 0.6023391812865498, "09T22@4": 0.0, "BUYER": 0.0, "SELLER": 0.0}