{"00T15@0": 0.0, "01T15@0": 0.0, "02T26@1": 0.2, "03T15@1": 0.42857142857142855, "04T26@2": 0.5, "05T26@2": 0.4444444444444444, "BUYER": 0.0, "SELLER": 0.0}