{"00T03@0": 0.09523809523809522, "01T35@0": 0.42857142857142855, "02T35@1": 0.5272727272727272, "03T35@1": 0.5438596491228069, "04T16@2": 1.0, "05T35@2": 0.28571428571428575, "BUYER": 0.0, "SELLER": 0.0}