{"00T41@0": 0.0671875, "01T35@0": 0.34452554744525526, "02T22@1": 0.2951945080091534, "03T35@1": 0.7664974619289342, "04T36@2": 0.305785123966942, "05T22@2": 0.27948717948717966, "06T23@3": 0.7207207207207212, "07T35@3": 0.7541436464088388, "BUYER": 0.0, "SELLER": 0.0}