{"00T36@0": 0.08780487804878048, "01T36@0": 0.1096196868008948, "02T37@1": 0.08917197452229304, "03T36@1": 0.14871794871794872, "04T37@2": 0.2669683257918552, "05T35@2": 0.8083832335329342, "06T37@3": 0.03560830860534125, "07T35@3": 0.6976320582877957, "BUYER": 0.0, "SELLER": 0.0}