{"00T37@0": 0.06806282722513089, "01T22@0": 0.249400479616307, "02T41@1": 0.2910447761194029, "03T37@1": 0.22875816993464052, "04T41@2": 0.28618421052631576, "05T22@2": 0.33766233766233766, "06T37@3": 0.03846153846153848, "07T41@3": 0.07356948228882838, "BUYER": 0.0, "SELLER": 0.0}