{"00T41@0": 0.20401854714064932, "01T23@0": 0.08348794063079787, "02T24@1": 0.0, "03T41@1": 0.2116991643454039, "04T24@2": 1.0, "05T41@2": 0.5017421602787459, "06T24@3": 1.0, "07T35@3": 0.7089397089397083, "BUYER": 0.0, "SELLER": 0.0}