{"00T12@0": 0.0, "01T12@0": 0.0, "02T12@0": 0.0, "03T29@1": 0.0, "04T29@1": 0.0, "05T37@1": 0.6393442622950821, "06T20@2": 0.0, "07T37@2": 0.1868131868131869, "08T20@3": 1.0, "09T20@3": 1.0, "10T37@3": 0.10407239819004525, "11T29@3": 1.0, "BUYER": 0.0, "SELLER": 0.0}