{"time_limit": 10800, "spot_discount": 0.9, "spot_market_global_loss": 0.2, "neg_quota_step": 48, "n_processes": 4, "n_products": 5, "n_steps": 8, "financial_reports_period": 5, "exogenous_horizon": 1, "max_productivity": 1.0, "catalog_prices": [10, 19, 30, 45, 59], "cash_availability": [1.5, 2.5], "expected_productivity": 0.3333333333333333, "expected_mean_profit": 0.12777579859874125, "initial_balance": [1068, 1068, 653, 653, 653, 653, 653, 1629, 1629, 1629, 3277, 3277]}