{"00T18@0": 0.0, "01T15@0": 0.009584664536741217, "02T18@1": 0.0, "03T15@1": 0.17073170731707318, "04T18@2": 0.6774193548387096, "05T15@2": 0.09963099630996307, "BUYER": 0.0, "SELLER": 0.0}