{"00T09@0": 0.0, "01T08@0": 0.02972972972972976, "02T23@1": 0.9090909090909091, "03T23@1": 0.8846153846153848, "04T35@2": 0.6742424242424236, "05T35@2": 0.699248120300752, "06T23@3": 0.5872534142640365, "07T23@3": 0.5848484848484856, "BUYER": 0.0, "SELLER": 0.0}