{"time_limit": 10800, "spot_discount": 0.9, "spot_market_global_loss": 0.2, "neg_quota_step": 376, "n_processes": 4, "n_products": 5, "n_steps": 94, "financial_reports_period": 5, "exogenous_horizon": 44, "max_productivity": 1.0, "catalog_prices": [10, 21, 30, 42, 49], "cash_availability": [1.5, 2.5], "expected_productivity": 0.9574468085106383, "expected_mean_profit": 0.06873281220741742, "initial_balance": [38202, 38202, 57303, 57303, 78427, 78427, 98427, 98427]}