{"00T35@0": 0.3521400778210115, "01T22@0": 0.05225653206650834, "02T34@1": 0.33031674208144807, "03T35@1": 0.6171171171171167, "04T16@2": 1.0, "05T35@2": 0.6327868852459025, "BUYER": 0.0, "SELLER": 0.0}