{"00T26@0": 0.024761904761904756, "01T26@0": 0.027173913043478257, "02T38@1": 0.024767801857585106, "03T22@1": 0.10784313725490201, "04T22@2": 0.16666666666666666, "05T23@2": 0.5711422845691381, "06T38@3": 0.03694581280788177, "07T26@3": 0.0, "08T38@4": 0.0, "09T23@4": 0.6449136276391559, "BUYER": 0.0, "SELLER": 0.0}