{"00T23@0": 0.010460251046025095, "01T23@0": 0.007334963325183378, "02T24@1": 0.0, "03T24@1": 0.0, "04T20@2": 0.0, "05T20@2": 0.0, "06T20@3": 1.0, "07T24@3": 1.0, "BUYER": 0.0, "SELLER": 0.0}