{"00T09@0": 0.0, "01T35@0": 0.6781609195402296, "02T35@1": 0.7781954887218046, "03T35@1": 0.7730496453900707, "04T41@2": 0.0, "05T35@2": 0.6425120772946863, "BUYER": 0.0, "SELLER": 0.0}