{"00T35@0": 0.22222222222222265, "01T22@0": 0.019801980198019802, "02T03@1": 0.03053435114503816, "03T35@1": 0.663636363636364, "04T34@2": 0.645367412140575, "05T35@2": 0.8206686930091187, "BUYER": 0.0, "SELLER": 0.0}