{"00T35@0": 0.0, "01T35@0": 0.0, "02T23@1": 1.0, "03T35@1": 1.0, "04T35@2": 0.7152777777777777, "05T35@2": 0.7182130584192442, "06T38@3": 0.0, "07T19@3": 0.0, "08T22@4": 0.7692307692307693, "09T23@4": 0.5568561872909703, "BUYER": 0.0, "SELLER": 0.0}