{"00T15@0": 0.19257540603248302, "01T35@0": 0.6784741144414165, "02T35@1": 0.5261627906976744, "03T35@1": 0.5250737463126844, "04T16@2": 1.0, "05T35@2": 0.6966696669666963, "BUYER": 0.0, "SELLER": 0.0}