{"00T34@0": 0.13626373626373625, "01T35@0": 0.0838206627680312, "02T16@1": 0.0, "03T22@1": 0.3515151515151516, "04T22@2": 0.035805626598465486, "05T22@2": 0.04071246819338417, "BUYER": 0.0, "SELLER": 0.0}