{"time_limit": 10800, "spot_discount": 0.9, "spot_market_global_loss": 0.2, "neg_quota_step": 368, "n_processes": 4, "n_products": 5, "n_steps": 92, "financial_reports_period": 5, "exogenous_horizon": 36, "max_productivity": 1.0, "catalog_prices": [10, 16, 20, 26, 39], "cash_availability": [1.5, 2.5], "expected_productivity": 0.9565217391304348, "expected_mean_profit": 0.11594007060453018, "initial_balance": [19411, 19411, 26205, 26205, 29116, 29116, 43674, 43674]}