{"00T36@0": 0.0, "01T34@0": 0.043352601156069384, "02T34@1": 0.28125, "03T36@1": 0.3013100436681221, "04T34@2": 0.985, "05T36@2": 0.020454545454545454, "BUYER": 0.0, "SELLER": 0.0}