{"00T37@0": 0.024761904761904742, "01T22@0": 0.05447470817120622, "02T22@1": 0.45530726256983306, "03T35@1": 0.8298969072164947, "04T15@2": 0.0, "05T35@2": 0.7012195121951229, "BUYER": 0.0, "SELLER": 0.0}