{"00T22@0": 0.16582914572864316, "01T22@0": 0.1620977353992848, "02T35@1": 0.3588516746411485, "03T35@1": 0.3661971830985914, "04T09@2": 0.0, "05T41@2": 0.6197183098591554, "06T22@3": 0.036912751677852414, "07T35@3": 0.7851941747572813, "BUYER": 0.0, "SELLER": 0.0}