{"00T40@0": 0.020895522388059695, "01T12@0": 0.023504273504273504, "02T12@1": 0.02904564315352697, "03T22@1": 0.8909774436090225, "04T23@2": 0.43846153846153846, "05T23@2": 0.4297520661157025, "06T12@3": 0.0, "07T23@3": 0.0, "08T40@4": 0.8451327433628317, "09T40@4": 0.8622222222222222, "BUYER": 0.0, "SELLER": 0.0}