{"00T37@0": 0.023214285714285694, "01T36@0": 0.13976377952755906, "02T36@1": 0.21238938053097373, "03T37@1": 0.1111111111111111, "04T35@2": 0.5990783410138247, "05T23@2": 0.7165354330708665, "06T37@3": 0.17000000000000004, "07T22@3": 0.5625000000000004, "08T36@4": 0.0, "09T22@4": 0.012820512820512818, "BUYER": 0.0, "SELLER": 0.0}