{"time_limit": 10800, "spot_discount": 0.9, "spot_market_global_loss": 0.2, "neg_quota_step": 480, "n_processes": 5, "n_products": 6, "n_steps": 96, "financial_reports_period": 5, "exogenous_horizon": 42, "max_productivity": 1.0, "catalog_prices": [10, 23, 37, 48, 61, 79], "cash_availability": [1.5, 2.5], "expected_productivity": 0.9479166666666666, "expected_mean_profit": 0.11511239422818755, "initial_balance": [33931, 33931, 52146, 52146, 68844, 68844, 89648, 89648, 116704, 116704]}