{"00T40@0": 0.03968253968253972, "01T22@0": 0.052631578947368404, "02T35@1": 0.86, "03T22@1": 0.29807692307692313, "04T22@2": 0.006369426751592357, "05T22@2": 0.0, "06T20@3": 0.0, "07T22@3": 0.547692307692308, "08T35@4": 0.7342342342342347, "09T35@4": 0.7425968109339411, "BUYER": 0.0, "SELLER": 0.0}