{"00T22@0": 0.0, "01T22@0": 0.0, "02T20@1": 0.0, "03T12@1": 0.0765027322404372, "04T23@2": 0.8253275109170307, "05T23@2": 0.831967213114754, "06T35@3": 0.44124700239808134, "07T22@3": 0.0, "BUYER": 0.0, "SELLER": 0.0}