{"00T04@0": 0.1792975970425138, "01T35@0": 0.7336448598130844, "02T35@1": 0.5424836601307188, "03T35@1": 0.561904761904762, "04T29@2": 1.0, "05T35@2": 0.536784741144414, "BUYER": 0.0, "SELLER": 0.0}