{"time_limit": 10800, "spot_discount": 0.9, "spot_market_global_loss": 0.2, "neg_quota_step": 216, "n_processes": 4, "n_products": 5, "n_steps": 54, "financial_reports_period": 5, "exogenous_horizon": 24, "max_productivity": 1.0, "catalog_prices": [10, 20, 29, 40, 55], "cash_availability": [1.5, 2.5], "expected_productivity": 0.9259259259259259, "expected_mean_profit": 0.08516106922549692, "initial_balance": [19592, 19592, 32694, 32694, 41572, 41572, 52042, 52042]}