{"00T22@0": 0.04387990762124711, "01T35@0": 0.17184265010351968, "02T29@1": 0.0, "03T37@1": 0.15953307392996105, "04T35@2": 0.871331828442438, "05T35@2": 0.8819599109131403, "BUYER": 0.0, "SELLER": 0.0}