{"00T34@0": 0.1405405405405406, "01T22@0": 0.19396551724137917, "02T41@1": 0.5561497326203207, "03T22@1": 0.4722222222222222, "04T35@2": 0.6409266409266412, "05T35@2": 0.5914893617021276, "BUYER": 0.0, "SELLER": 0.0}