{"00T22@0": 0.03734439834024896, "01T22@0": 0.05040322580645156, "02T09@1": 0.0, "03T41@1": 0.17647058823529424, "04T22@2": 0.6606060606060612, "05T35@2": 0.8666666666666664, "06T35@3": 0.6691176470588235, "07T35@3": 0.707015130674003, "BUYER": 0.0, "SELLER": 0.0}