{"00T07@0": 0.05582524271844661, "01T35@0": 0.5276243093922652, "02T35@1": 0.7374517374517375, "03T35@1": 0.769811320754717, "04T15@2": 0.0, "05T35@2": 0.6313043478260868, "BUYER": 0.0, "SELLER": 0.0}