{"00T38@0": 0.0, "01T23@0": 0.24855491329479784, "02T36@1": 0.40316205533596844, "03T23@1": 0.6623931623931623, "04T35@2": 0.6530612244897959, "05T23@2": 0.605568445475638, "BUYER": 0.0, "SELLER": 0.0}