{"00T41@0": 0.0, "01T40@0": 0.09348441926345609, "02T41@1": 0.007142857142857143, "03T40@1": 0.48148148148148157, "04T40@2": 0.8011695906432749, "05T41@2": 0.026615969581749062, "BUYER": 0.0, "SELLER": 0.0}