{"00T20@0": 0.0, "01T36@0": 0.23809523809523775, "02T35@1": 0.5590551181102361, "03T35@1": 0.6015624999999999, "04T23@2": 0.921875, "05T22@2": 0.6133333333333335, "06T23@3": 0.5980392156862746, "07T35@3": 0.6005434782608692, "BUYER": 0.0, "SELLER": 0.0}