{"00T37@0": 0.06933333333333333, "01T24@0": 0.0, "02T24@1": 0.0, "03T37@1": 0.1570680628272252, "04T24@2": 1.0, "05T37@2": 0.049723756906077346, "BUYER": 0.0, "SELLER": 0.0}