{"00T35@0": 0.27872340425531916, "01T23@0": 0.42359767891682787, "02T41@1": 0.19433198380566802, "03T22@1": 0.0, "04T24@2": 0.8497652582159625, "05T22@2": 0.011210762331838561, "BUYER": 0.0, "SELLER": 0.0}