{"00T12@0": 0.027196652719665274, "01T20@0": 0.0, "02T29@0": 0.0, "03T29@0": 0.0, "04T12@1": 0.049327354260089704, "05T29@1": 0.0, "06T20@1": 0.0, "07T20@2": 1.0, "08T12@2": 0.0, "BUYER": 0.0, "SELLER": 0.0}