{"00T22@0": 0.14675767918088733, "01T23@0": 0.029268292682926817, "02T20@1": 0.43884892086330934, "03T23@1": 0.7863247863247864, "04T15@2": 0.0, "05T35@2": 0.6860465116279068, "BUYER": 0.0, "SELLER": 0.0}