{"00T29@0": 0.0, "01T35@0": 0.0, "02T35@1": 1.0, "03T35@1": 1.0, "04T22@2": 0.00858369098712446, "05T23@2": 0.8500000000000002, "06T35@3": 0.7142857142857143, "07T23@3": 0.6907894736842105, "08T37@4": 0.0, "09T35@4": 0.6779220779220783, "BUYER": 0.0, "SELLER": 0.0}