{"time_limit": 10800, "spot_discount": 0.9, "spot_market_global_loss": 0.2, "neg_quota_step": 290, "n_processes": 5, "n_products": 6, "n_steps": 58, "financial_reports_period": 5, "exogenous_horizon": 23, "max_productivity": 1.0, "catalog_prices": [10, 17, 26, 39, 46, 59], "cash_availability": [1.5, 2.5], "expected_productivity": 0.9137931034482759, "expected_mean_profit": 0.10652359052972236, "initial_balance": [13047, 13047, 19850, 19850, 29075, 29075, 37556, 37556, 47247, 47247]}