{"00T35@0": 0.7350230414746538, "01T22@0": 0.0728051391862955, "02T08@1": 0.35877862595419846, "03T35@1": 0.6526315789473682, "04T34@2": 0.6505576208178436, "05T35@2": 0.5781250000000008, "BUYER": 0.0, "SELLER": 0.0}