{"00T29@0": 0.0, "01T40@0": 0.32492113564668795, "02T23@1": 0.23943661971830985, "03T35@1": 0.0, "04T29@2": 0.0, "05T29@2": 0.0, "06T40@3": 0.8987341772151899, "07T40@3": 0.8881987577639752, "08T22@4": 0.014970059880239516, "09T35@4": 0.6254180602006688, "BUYER": 0.0, "SELLER": 0.0}