{"00T20@0": 0.059859154929577475, "01T19@0": 0.0, "02T35@1": 0.8984375, "03T22@1": 0.799283154121864, "04T23@2": 0.5889830508474577, "05T23@2": 0.591194968553459, "BUYER": 0.0, "SELLER": 0.0}