{"00T34@0": 0.1552511415525115, "01T34@0": 0.14666666666666664, "02T19@1": 0.0, "03T35@1": 0.16, "04T19@2": 0.0, "05T19@2": 0.0, "06T34@3": 1.0, "07T35@3": 1.0, "BUYER": 0.0, "SELLER": 0.0}