{"00T22@0": 0.2318548387096774, "01T23@0": 0.5300429184549358, "02T36@1": 0.1440329218106997, "03T22@1": 0.18909090909090898, "04T22@2": 0.2920353982300884, "05T22@2": 0.18840579710144928, "06T40@3": 0.034802784222737845, "07T23@3": 0.723076923076923, "BUYER": 0.0, "SELLER": 0.0}