{"00T37@0": 0.10089686098654709, "01T23@0": 0.5845511482254693, "02T41@1": 0.5423076923076923, "03T41@1": 0.5287769784172663, "04T37@2": 0.1487603305785124, "05T37@2": 0.15625000000000003, "06T41@3": 0.5733333333333334, "07T22@3": 0.05249343832020995, "BUYER": 0.0, "SELLER": 0.0}