{"00T20@0": 0.0, "01T22@0": 0.0, "02T12@1": 0.10869565217391304, "03T12@1": 0.11764705882352941, "04T12@2": 0.06976744186046512, "05T20@2": 0.0, "06T20@3": 0.0, "07T35@3": 0.769230769230769, "08T22@4": 0.27570093457943917, "09T23@4": 0.7464114832535884, "BUYER": 0.0, "SELLER": 0.0}