{"00T17@0": 0.32954545454545453, "01T26@0": 0.12169312169312176, "02T17@1": 0.1282051282051282, "03T22@1": 0.3142857142857143, "04T26@2": 0.3228346456692913, "05T26@2": 0.2550335570469799, "06T17@3": 0.0, "07T22@3": 0.0, "BUYER": 0.0, "SELLER": 0.0}