{"00T41@0": 0.0, "01T41@0": 0.0, "02T34@1": 0.17391304347826086, "03T22@1": 0.11538461538461536, "04T34@2": 0.0, "05T41@2": 0.012048192771084333, "06T34@3": 1.0, "07T22@3": 0.276923076923077, "BUYER": 0.0, "SELLER": 0.0}