{"00T36@0": 0.15014164305949007, "01T22@0": 0.1308139534883721, "02T22@1": 0.3716577540106952, "03T35@1": 0.8009049773755657, "04T07@2": 0.18023255813953495, "05T35@2": 0.5665322580645163, "BUYER": 0.0, "SELLER": 0.0}