{"00T06@0": 0.0, "01T41@0": 0.0922190201729107, "02T06@1": 0.0, "03T41@1": 0.11462450592885373, "04T06@2": 0.0, "05T41@2": 0.015923566878980885, "BUYER": 0.0, "SELLER": 0.0}