{"00T02@0": 0.03829787234042552, "01T22@0": 0.0, "02T12@1": 0.1511627906976745, "03T23@1": 0.8857142857142857, "04T23@2": 0.7620817843866171, "05T35@2": 0.7944250871080138, "BUYER": 0.0, "SELLER": 0.0}