{"00T29@0": 0.0, "01T22@0": 0.13247863247863273, "02T22@1": 0.5640394088669954, "03T35@1": 0.7456896551724138, "04T26@2": 0.0016260162601626005, "05T35@2": 0.6742514970059881, "BUYER": 0.0, "SELLER": 0.0}