{"00T20@0": 0.0, "01T12@0": 0.0, "02T20@1": 0.0, "03T12@1": 0.059479553903345674, "04T12@2": 0.048484848484848485, "05T35@2": 0.27941176470588236, "06T02@3": 0.0, "07T02@3": 0.0, "08T20@4": 1.0, "09T02@4": 1.0, "BUYER": 0.0, "SELLER": 0.0}