{"time_limit": 10800, "spot_discount": 0.9, "spot_market_global_loss": 0.2, "neg_quota_step": 280, "n_processes": 5, "n_products": 6, "n_steps": 56, "financial_reports_period": 5, "exogenous_horizon": 14, "max_productivity": 1.0, "catalog_prices": [10, 19, 26, 35, 42, 48], "cash_availability": [1.5, 2.5], "expected_productivity": 0.9107142857142857, "expected_mean_profit": 0.05693658827031855, "initial_balance": [16185, 16185, 23063, 23063, 30802, 30802, 37478, 37478, 46986, 46986]}