{"00T21@0": 0.0, "01T22@0": 0.3074204946996467, "02T35@1": 0.6217228464419472, "03T35@1": 0.6117216117216118, "04T10@2": 0.0, "05T35@2": 0.9473684210526315, "06T22@3": 0.0, "07T22@3": 0.0, "BUYER": 0.0, "SELLER": 0.0}