{"00T29@0": 0.0, "01T22@0": 0.11587982832618028, "02T35@1": 0.8571428571428571, "03T22@1": 0.4471153846153847, "04T22@2": 0.10526315789473695, "05T22@2": 0.06500000000000006, "06T37@3": 0.21195652173913046, "07T22@3": 0.4477611940298506, "08T35@4": 0.7753424657534251, "09T35@4": 0.7787878787878795, "BUYER": 0.0, "SELLER": 0.0}