{"00T24@0": 0.006593406593406587, "01T23@0": 0.037280701754385984, "02T20@1": 0.0, "03T23@1": 0.9173913043478261, "04T23@2": 0.7865748709122199, "05T22@2": 0.0, "BUYER": 0.0, "SELLER": 0.0}