{"00T24@0": 0.2, "01T12@0": 0.0, "02T36@0": 0.0, "03T36@1": 1.0, "04T24@1": 1.0, "05T12@1": 0.0, "06T41@2": 0.5, "07T12@2": 0.0, "08T41@2": 0.5, "09T41@2": 0.6666666666666666, "10T36@3": 0.2857142857142857, "11T24@3": 1.0, "BUYER": 0.0, "SELLER": 0.0}