{"00T29@0": 0.0, "01T22@0": 0.2055427251732101, "02T22@1": 0.5640326975476843, "03T35@1": 0.805, "04T36@2": 0.0, "05T35@2": 0.5626102292768959, "BUYER": 0.0, "SELLER": 0.0}