{"00T32@0": 0.0, "01T23@0": 0.0, "02T29@1": 0.0, "03T23@1": 1.0, "04T29@2": 0.0, "05T22@2": 0.5177664974619289, "06T32@3": 0.4289855072463771, "07T32@3": 0.5652173913043479, "08T29@4": 1.0, "09T22@4": 0.0, "BUYER": 0.0, "SELLER": 0.0}