{"00T41@0": 0.25, "01T35@0": 0.6643109540636041, "02T22@1": 0.17529880478087656, "03T35@1": 0.34146341463414637, "04T35@2": 0.7371428571428573, "05T35@2": 0.7457627118644066, "06T12@3": 0.14098360655737707, "07T35@3": 0.7456140350877191, "BUYER": 0.0, "SELLER": 0.0}