{"00T34@0": 0.07774798927613943, "01T22@0": 0.12236286919831231, "02T22@1": 0.29259259259259257, "03T35@1": 0.6597938144329897, "04T06@2": 0.0, "05T35@2": 0.5793780687397709, "BUYER": 0.0, "SELLER": 0.0}