{"00T24@0": 0.0, "01T24@0": 0.0, "02T37@1": 1.0, "03T24@1": 0.0, "04T37@2": 0.6581469648562301, "05T37@2": 0.617363344051447, "BUYER": 0.0, "SELLER": 0.0}