{"00T41@0": 0.23929471032745592, "01T41@0": 0.24078624078624078, "02T12@1": 0.0, "03T12@1": 0.0, "04T24@2": 0.3950617283950617, "05T24@2": 0.4430379746835443, "06T41@3": 1.0, "07T12@3": 0.0, "08T24@3": 1.0, "BUYER": 0.0, "SELLER": 0.0}