{"00T08@0": 0.02127659574468085, "01T41@0": 0.036781609195402305, "02T23@1": 0.8536585365853658, "03T23@1": 0.8416666666666667, "04T35@2": 0.7106109324758848, "05T35@2": 0.7312925170068026, "06T23@3": 0.6507177033492828, "07T23@3": 0.6625194401244169, "BUYER": 0.0, "SELLER": 0.0}