{"00T34@0": 0.04627766599597586, "01T22@0": 0.10166666666666656, "02T35@1": 0.7420814479638006, "03T22@1": 0.175, "04T34@2": 0.40425531914893614, "05T22@2": 0.03488372093023255, "06T36@3": 0.42238267148014436, "07T34@3": 0.8727272727272727, "08T36@4": 0.03879310344827586, "09T36@4": 0.011792452830188675, "BUYER": 0.0, "SELLER": 0.0}