{"00T20@0": 0.0, "01T20@0": 0.0, "02T12@1": 0.0, "03T20@1": 0.0, "04T41@2": 1.0, "05T12@2": 0.0, "06T41@3": 0.6952380952380951, "07T23@3": 0.8566176470588234, "08T12@4": 0.07142857142857142, "09T41@4": 0.37817258883248733, "BUYER": 0.0, "SELLER": 0.0}