{"00T16@0": 0.0, "01T35@0": 0.14236111111111105, "02T09@1": 0.0, "03T22@1": 0.5959079283887468, "04T22@2": 0.031128404669260666, "05T22@2": 0.03136531365313653, "BUYER": 0.0, "SELLER": 0.0}