{"00T23@0": 0.4285714285714284, "01T35@0": 0.3205574912891986, "02T36@1": 0.019083969465648856, "03T23@1": 0.7905759162303665, "04T40@2": 0.004830917874396134, "05T23@2": 0.5630498533724341, "BUYER": 0.0, "SELLER": 0.0}