{"00T36@0": 0.08991825613079021, "01T10@0": 0.02903225806451613, "02T36@1": 0.38194444444444453, "03T36@1": 0.30215827338129503, "04T10@2": 0.027950310559006212, "05T10@2": 0.03058103975535167, "BUYER": 0.0, "SELLER": 0.0}