{"00T23@0": 0.3966942148760331, "01T35@0": 0.3415841584158416, "02T10@1": 0.014563106796116498, "03T23@1": 0.7920792079207923, "04T40@2": 0.1743119266055045, "05T35@2": 0.7919999999999999, "06T22@3": 0.0058823529411764705, "07T23@3": 0.5405405405405407, "BUYER": 0.0, "SELLER": 0.0}