{"time_limit": 10800, "spot_discount": 0.9, "spot_market_global_loss": 0.2, "neg_quota_step": 582, "n_processes": 4, "n_products": 5, "n_steps": 97, "financial_reports_period": 5, "exogenous_horizon": 25, "max_productivity": 1.0, "catalog_prices": [10, 18, 26, 37, 45], "cash_availability": [1.5, 2.5], "expected_productivity": 0.9587628865979382, "expected_mean_profit": 0.11307943731151922, "initial_balance": [23554, 23554, 23554, 51347, 51347, 45327, 45327, 45327, 47264, 47264, 47264, 47264]}