{"00T12@0": 0.0, "01T35@0": 0.0, "02T29@1": 0.0, "03T35@1": 0.32684824902723736, "04T22@2": 0.49647887323943685, "05T22@2": 0.3506493506493506, "BUYER": 0.0, "SELLER": 0.0}