{"00T22@0": 0.16531165311653126, "01T22@0": 0.16986301369863008, "02T34@1": 0.8392857142857143, "03T26@1": 0.10996563573883149, "04T22@2": 0.6240963855421682, "05T35@2": 0.7938931297709926, "06T35@3": 0.5667870036101081, "07T35@3": 0.569911504424779, "BUYER": 0.0, "SELLER": 0.0}