{"00T37@0": 0.07312614259597798, "01T23@0": 0.6328124999999997, "02T41@1": 0.5845511482254699, "03T22@1": 0.251552795031056, "04T41@2": 0.5317796610169493, "05T41@2": 0.4343629343629343, "06T37@3": 0.014285714285714285, "07T37@3": 0.029900332225913623, "BUYER": 0.0, "SELLER": 0.0}