{"time_limit": 10800, "spot_discount": 0.9, "spot_market_global_loss": 0.2, "neg_quota_step": 395, "n_processes": 5, "n_products": 6, "n_steps": 79, "financial_reports_period": 5, "exogenous_horizon": 20, "max_productivity": 1.0, "catalog_prices": [10, 17, 24, 40, 52, 65], "cash_availability": [1.5, 2.5], "expected_productivity": 0.9367088607594937, "expected_mean_profit": 0.11778823506076849, "initial_balance": [18234, 18234, 23036, 23036, 39628, 39628, 53547, 53547, 67222, 67222]}