{"00T22@0": 0.16461916461916454, "01T35@0": 0.03514376996805114, "02T24@1": 1.0, "03T35@1": 0.5301204819277108, "04T37@2": 0.945054945054945, "05T23@2": 0.8461538461538461, "BUYER": 0.0, "SELLER": 0.0}