{"00T22@0": 0.005366726296958854, "01T22@0": 0.0, "02T15@1": 0.28632478632478625, "03T21@1": 0.0, "04T22@2": 0.5717592592592594, "05T35@2": 0.822429906542056, "06T35@3": 0.6657645466847094, "07T35@3": 0.6912144702842378, "BUYER": 0.0, "SELLER": 0.0}