{"00T18@0": 0.0, "01T22@0": 0.11344537815126046, "02T22@1": 0.4485981308411215, "03T35@1": 0.8884120171673819, "04T10@2": 0.0, "05T35@2": 0.7434367541766105, "BUYER": 0.0, "SELLER": 0.0}