{"00T24@0": 0.0, "01T37@0": 0.09119496855345913, "02T22@1": 0.5103448275862071, "03T22@1": 0.3741007194244605, "04T35@2": 0.7611940298507462, "05T22@2": 0.05119453924914683, "BUYER": 0.0, "SELLER": 0.0}