{"00T22@0": 0.16778523489932884, "01T35@0": 0.25607064017660064, "02T22@1": 0.03947368421052631, "03T22@1": 0.058823529411764684, "04T29@2": 0.0, "05T35@2": 0.7216494845360824, "06T38@3": 0.0, "07T35@3": 0.8359374999999999, "BUYER": 0.0, "SELLER": 0.0}