{"00T23@0": 0.583864118895966, "01T23@0": 0.5494505494505498, "02T22@1": 0.0, "03T22@1": 0.0, "04T24@2": 0.0677966101694915, "05T23@2": 0.5283018867924528, "06T35@3": 0.8686131386861314, "07T22@3": 0.012195121951219507, "08T20@4": 1.0, "09T22@4": 0.021739130434782608, "BUYER": 0.0, "SELLER": 0.0}