,balance,assets,bankrupt,agent_id,step
0,2102.0,190.0,False,00T41@0,0.0
1,1732.0,856.7155756207673,False,00T41@0,5.0
2,2102.0,190.0,False,01T26@0,0.0
3,1932.0,492.1557562076748,False,01T26@0,5.0
4,2789.0,0.0,False,02T41@1,0.0
5,2774.0,0.0,False,02T41@1,5.0
6,2789.0,0.0,False,03T41@1,0.0
7,2749.0,108.8,False,03T41@1,5.0
8,4012.0,0.0,False,04T26@2,0.0
9,3248.0,350.0,False,04T26@2,5.0
10,4012.0,0.0,False,05T26@2,0.0
11,3829.0,0.0,False,05T26@2,5.0
12,,,,,
13,,,,,
14,,,,,
15,,,,,
