{"00T35@0": 0.20677146311970987, "01T35@0": 0.20528211284513798, "02T35@1": 0.0, "03T22@1": 0.5409429280397026, "04T35@2": 0.5112107623318386, "05T35@2": 0.5304740406320541, "06T37@3": 0.00321027287319422, "07T41@3": 0.0, "BUYER": 0.0, "SELLER": 0.0}