{"00T35@0": 0.49829351535836175, "01T35@0": 0.4082352941176472, "02T35@1": 1.0, "03T22@1": 0.0011098779134295223, "04T35@2": 0.54601226993865, "05T35@2": 0.5269841269841269, "06T08@3": 0.0, "07T16@3": 1.0, "BUYER": 0.0, "SELLER": 0.0}