{"00T29@0": 0.0, "01T27@0": 0.0, "02T23@1": 0.975, "03T22@1": 0.8642857142857142, "04T35@2": 0.6923076923076925, "05T22@2": 0.35280373831775713, "06T35@3": 0.6262626262626265, "07T35@3": 0.6282352941176469, "BUYER": 0.0, "SELLER": 0.0}