{"00T23@0": 0.8688524590163932, "01T23@0": 0.7112676056338032, "02T20@1": 0.39631336405529954, "03T35@1": 0.6933962264150944, "04T37@2": 0.024390243902439032, "05T23@2": 0.644776119402985, "BUYER": 0.0, "SELLER": 0.0}