{"time_limit": 10800, "spot_discount": 0.9, "spot_market_global_loss": 0.2, "neg_quota_step": 288, "n_processes": 4, "n_products": 5, "n_steps": 72, "financial_reports_period": 5, "exogenous_horizon": 31, "max_productivity": 1.0, "catalog_prices": [10, 14, 21, 34, 50], "cash_availability": [1.5, 2.5], "expected_productivity": 0.9444444444444444, "expected_mean_profit": 0.08873815405658139, "initial_balance": [17145, 17145, 25788, 25788, 40432, 40432, 59933, 59933]}