{"00T35@0": 0.3183279742765272, "01T22@0": 0.41775456919060044, "02T37@1": 0.1282051282051282, "03T35@1": 0.13821138211382114, "04T23@2": 0.6590909090909092, "05T35@2": 0.6910569105691057, "06T29@3": 1.0, "07T22@3": 0.0, "BUYER": 0.0, "SELLER": 0.0}