{"00T20@0": 0.0, "01T41@0": 0.19623655913978494, "02T20@1": 0.0, "03T35@1": 0.663594470046083, "04T41@2": 0.4861111111111111, "05T41@2": 0.5034013605442177, "06T20@3": 1.0, "07T23@3": 0.6804347826086959, "BUYER": 0.0, "SELLER": 0.0}