{"00T35@0": 0.4857954545454545, "01T22@0": 0.0878787878787879, "02T40@1": 0.007999999999999993, "03T35@1": 0.6833333333333338, "04T34@2": 0.781456953642384, "05T35@2": 0.5512195121951221, "BUYER": 0.0, "SELLER": 0.0}