{"00T35@0": 0.2733644859813085, "01T22@0": 0.04232804232804226, "02T34@1": 0.4374999999999999, "03T35@1": 0.6863905325443791, "04T41@2": 0.0, "05T35@2": 0.6342494714587735, "BUYER": 0.0, "SELLER": 0.0}