{"00T41@0": 0.1605351170568561, "01T36@0": 0.01501501501501501, "02T41@0": 0.14873417721518975, "03T12@1": 0.1794871794871795, "04T36@1": 0.02074688796680498, "05T12@2": 0.0, "06T12@2": 0.0, "07T41@2": 0.5418994413407819, "08T36@2": 0.16470588235294129, "BUYER": 0.0, "SELLER": 0.0}