{"00T20@0": 0.03831417624521071, "01T22@0": 0.13186813186813182, "02T22@1": 0.1629213483146067, "03T35@1": 0.6624203821656048, "04T18@2": 0.6112956810631232, "05T35@2": 0.7848537005163508, "BUYER": 0.0, "SELLER": 0.0}