{"00T24@0": 0.025157232704402517, "01T36@0": 0.32941176470588224, "02T35@1": 0.5648148148148149, "03T22@1": 0.18181818181818182, "04T24@2": 0.0, "05T36@2": 0.18518518518518526, "06T23@3": 0.5624999999999996, "07T23@3": 0.6172839506172839, "08T36@4": 0.0, "09T24@4": 1.0, "BUYER": 0.0, "SELLER": 0.0}