{"00T35@0": 0.47195357833655693, "01T22@0": 0.16666666666666674, "02T17@1": 0.21454545454545446, "03T35@1": 0.5747663551401867, "04T20@2": 0.8891566265060242, "05T35@2": 0.5931952662721891, "BUYER": 0.0, "SELLER": 0.0}