{"time_limit": 10800, "spot_discount": 0.9, "spot_market_global_loss": 0.2, "neg_quota_step": 295, "n_processes": 5, "n_products": 6, "n_steps": 59, "financial_reports_period": 5, "exogenous_horizon": 25, "max_productivity": 1.0, "catalog_prices": [10, 21, 27, 35, 44, 60], "cash_availability": [1.5, 2.5], "expected_productivity": 0.9152542372881356, "expected_mean_profit": 0.06868547832071575, "initial_balance": [20578, 20578, 31351, 31351, 37343, 37343, 48055, 48055, 58828, 58828]}