{"00T09@0": 0.0, "01T35@0": 0.46927374301675956, "02T40@1": 0.38787878787878766, "03T22@1": 0.3211678832116787, "04T22@2": 0.024390243902439004, "05T22@2": 0.008928571428571423, "BUYER": 0.0, "SELLER": 0.0}