{"00T29@0": 0.0, "01T37@0": 0.15165876777251183, "02T22@1": 0.5691056910569107, "03T23@1": 0.25974025974025966, "04T23@2": 0.7159763313609466, "05T35@2": 0.7176470588235293, "06T22@3": 0.0, "07T23@3": 0.5186567164179104, "BUYER": 0.0, "SELLER": 0.0}