{"time_limit": 10800, "spot_discount": 0.9, "spot_market_global_loss": 0.2, "neg_quota_step": 232, "n_processes": 4, "n_products": 5, "n_steps": 58, "financial_reports_period": 5, "exogenous_horizon": 19, "max_productivity": 1.0, "catalog_prices": [10, 22, 37, 49, 60], "cash_availability": [1.5, 2.5], "expected_productivity": 0.9310344827586207, "expected_mean_profit": 0.08405193078452304, "initial_balance": [18514, 18514, 34141, 34141, 45739, 45739, 58045, 58045]}