{"00T26@0": 0.024640657084188916, "01T35@0": 0.2628062360801781, "02T29@1": 0.0, "03T22@1": 0.17831325301204823, "04T22@2": 0.04999999999999993, "05T22@2": 0.05846153846153844, "BUYER": 0.0, "SELLER": 0.0}