{"00T41@0": 0.3862660944206008, "01T35@0": 0.775423728813559, "02T22@1": 0.2549019607843137, "03T35@1": 0.10714285714285712, "04T35@2": 0.5064935064935064, "05T35@2": 0.5033557046979867, "06T40@3": 1.0, "07T35@3": 0.5539033457249075, "BUYER": 0.0, "SELLER": 0.0}