{"00T22@0": 0.28225806451612917, "01T23@0": 0.3119533527696796, "02T22@1": 0.4381443298969072, "03T35@1": 0.0, "04T35@2": 0.0, "05T35@2": 0.017094017094017096, "06T06@3": 0.0, "07T35@3": 1.0, "08T24@4": 1.0, "09T22@4": 0.022935779816513763, "BUYER": 0.0, "SELLER": 0.0}