{"time_limit": 10800, "spot_discount": 0.9, "spot_market_global_loss": 0.2, "neg_quota_step": 295, "n_processes": 5, "n_products": 6, "n_steps": 59, "financial_reports_period": 5, "exogenous_horizon": 20, "max_productivity": 1.0, "catalog_prices": [10, 17, 21, 30, 36, 48], "cash_availability": [1.5, 2.5], "expected_productivity": 0.9152542372881356, "expected_mean_profit": 0.0703306939916162, "initial_balance": [18823, 18823, 25612, 25612, 34351, 34351, 43359, 43359, 51762, 51762]}