{"00T22@0": 0.06113537117903934, "01T35@0": 0.7802690582959643, "02T41@1": 0.0, "03T34@1": 0.0, "04T41@2": 0.42400000000000015, "05T34@2": 0.7894736842105263, "06T23@3": 0.763779527559055, "07T22@3": 0.19266055045871555, "08T41@4": 0.0, "09T34@4": 0.8125, "BUYER": 0.0, "SELLER": 0.0}