{"time_limit": 10800, "spot_discount": 0.9, "spot_market_global_loss": 0.2, "neg_quota_step": 305, "n_processes": 5, "n_products": 6, "n_steps": 61, "financial_reports_period": 5, "exogenous_horizon": 23, "max_productivity": 1.0, "catalog_prices": [10, 22, 29, 41, 49, 69], "cash_availability": [1.5, 2.5], "expected_productivity": 0.9180327868852459, "expected_mean_profit": 0.05603623226262764, "initial_balance": [25543, 25543, 34348, 34348, 46918, 46918, 64125, 64125, 77905, 77905]}