{"00T29@0": 0.0, "01T35@0": 0.19587628865979392, "02T41@1": 0.4794520547945205, "03T29@1": 0.0, "04T29@2": 0.0, "05T41@2": 0.8034682080924856, "06T41@3": 0.4153498871331827, "07T35@3": 0.6045296167247373, "BUYER": 0.0, "SELLER": 0.0}