{"00T10@0": 0.12520064205457462, "01T22@0": 0.12435233160621757, "02T22@1": 0.1906779661016949, "03T35@1": 0.46428571428571414, "04T29@2": 1.0, "05T35@2": 0.7401215805471125, "BUYER": 0.0, "SELLER": 0.0}