{"00T22@0": 0.18181818181818182, "01T22@0": 0.15857605177993525, "02T40@1": 0.22641509433962273, "03T36@1": 0.3006993006993007, "04T22@2": 0.02919708029197078, "05T23@2": 0.822463768115942, "BUYER": 0.0, "SELLER": 0.0}