{"00T02@0": 0.14858490566037738, "01T23@0": 0.2543021032504785, "02T22@1": 0.0055248618784530384, "03T23@1": 0.7005347593582888, "04T29@2": 0.0, "05T22@2": 0.0, "06T12@3": 0.0, "07T23@3": 0.8669623059866961, "BUYER": 0.0, "SELLER": 0.0}