{"time_limit": 10800, "spot_discount": 0.9, "spot_market_global_loss": 0.2, "neg_quota_step": 344, "n_processes": 4, "n_products": 5, "n_steps": 86, "financial_reports_period": 5, "exogenous_horizon": 20, "max_productivity": 1.0, "catalog_prices": [10, 13, 21, 34, 40], "cash_availability": [1.5, 2.5], "expected_productivity": 0.9534883720930233, "expected_mean_profit": 0.0662752457219301, "initial_balance": [20406, 20406, 27123, 27123, 49995, 49995, 63939, 63939]}