{"00T35@0": 0.6035805626598467, "01T22@0": 0.179297597042514, "02T17@1": 0.20171673819742486, "03T35@1": 0.5514018691588783, "04T24@2": 0.9458333333333333, "05T35@2": 0.628721541155867, "BUYER": 0.0, "SELLER": 0.0}