{"00T04@0": 0.0, "01T16@0": 0.0, "02T16@1": 0.0, "03T22@1": 0.033707865168539304, "04T04@2": 0.4444444444444444, "05T16@2": 0.0, "06T04@3": 0.29487179487179493, "07T22@3": 0.06976744186046512, "BUYER": 0.0, "SELLER": 0.0}