{"00T10@0": 0.10331384015594533, "01T22@0": 0.08653846153846162, "02T35@1": 0.5759999999999997, "03T35@1": 0.546875, "04T26@2": 0.3350253807106599, "05T35@2": 0.8444444444444444, "06T22@3": 0.0, "07T22@3": 0.0, "BUYER": 0.0, "SELLER": 0.0}