{"00T34@0": 0.17647058823529413, "01T22@0": 0.024390243902439025, "02T35@1": 0.6818181818181818, "03T22@1": 0.4117647058823529, "04T36@2": 0.07142857142857142, "05T35@2": 0.0, "06T35@3": 0.7567567567567568, "07T35@3": 0.7352941176470589, "BUYER": 0.0, "SELLER": 0.0}