{"time_limit": 10800, "spot_discount": 0.9, "spot_market_global_loss": 0.2, "neg_quota_step": 284, "n_processes": 4, "n_products": 5, "n_steps": 71, "financial_reports_period": 5, "exogenous_horizon": 26, "max_productivity": 1.0, "catalog_prices": [10, 14, 22, 29, 44], "cash_availability": [1.5, 2.5], "expected_productivity": 0.9436619718309859, "expected_mean_profit": 0.13546273705492967, "initial_balance": [13997, 13997, 20995, 20995, 27236, 27236, 40649, 40649]}