{"00T37@0": 0.10306406685236764, "01T23@0": 0.0, "02T35@1": 0.7142857142857143, "03T23@1": 0.6134969325153375, "04T35@2": 1.0, "05T22@2": 0.03236245954692556, "06T35@3": 0.6232876712328768, "07T23@3": 0.580882352941177, "08T20@4": 1.0, "09T35@4": 0.6674473067915693, "BUYER": 0.0, "SELLER": 0.0}