{"time_limit": 10800, "spot_discount": 0.9, "spot_market_global_loss": 0.2, "neg_quota_step": 354, "n_processes": 3, "n_products": 4, "n_steps": 59, "financial_reports_period": 5, "exogenous_horizon": 13, "max_productivity": 1.0, "catalog_prices": [10, 15, 20, 31], "cash_availability": [1.5, 2.5], "expected_productivity": 0.4745762711864407, "expected_mean_profit": 0.0811457455770851, "initial_balance": [13441, 13441, 6377, 6377, 6377, 6377, 6377, 6377, 13389, 13389, 13389, 13389]}