{"00T41@0": 0.03225806451612903, "01T22@0": 0.34782608695652173, "02T35@1": 0.75, "03T22@1": 0.5714285714285714, "04T20@2": 0.3333333333333333, "05T35@2": 0.36363636363636365, "06T35@3": 0.5483870967741935, "07T35@3": 0.8888888888888888, "BUYER": 0.0, "SELLER": 0.0}