{"00T22@0": 0.03872437357630976, "01T35@0": 0.20562390158172236, "02T07@1": 0.17689530685920582, "03T09@1": 0.0, "04T35@2": 0.8863636363636364, "05T35@2": 0.9053030303030303, "BUYER": 0.0, "SELLER": 0.0}