{"00T29@0": 0.0, "01T35@0": 0.21100917431192662, "02T36@1": 0.0, "03T29@1": 0.0, "04T29@2": 0.0, "05T35@2": 0.7142857142857142, "06T36@3": 0.0, "07T36@3": 0.0, "BUYER": 0.0, "SELLER": 0.0}