{"00T34@0": 0.0, "01T06@0": 0.0, "02T34@1": 0.8653846153846154, "03T06@1": 0.0, "04T06@2": 0.0, "05T35@2": 0.7842105263157894, "06T34@3": 0.5743801652892562, "07T35@3": 0.8041002277904323, "BUYER": 0.0, "SELLER": 0.0}