{"00T22@0": 0.21345707656612534, "01T22@0": 0.2169197396963122, "02T35@1": 0.1689189189189189, "03T23@1": 0.22916666666666666, "04T35@2": 1.0, "05T35@2": 1.0, "06T29@3": 1.0, "07T37@3": 0.0028490028490028444, "BUYER": 0.0, "SELLER": 0.0}