{"00T37@0": 0.09018036072144289, "01T41@0": 0.323792486583184, "02T41@1": 0.3754152823920265, "03T37@1": 0.10396039603960398, "04T23@2": 0.6713615023474175, "05T35@2": 0.5962441314553987, "06T37@3": 0.0, "07T41@3": 0.39644970414201147, "BUYER": 0.0, "SELLER": 0.0}