{"time_limit": 10800, "spot_discount": 0.9, "spot_market_global_loss": 0.2, "neg_quota_step": 340, "n_processes": 4, "n_products": 5, "n_steps": 85, "financial_reports_period": 5, "exogenous_horizon": 22, "max_productivity": 1.0, "catalog_prices": [10, 19, 28, 35, 45], "cash_availability": [1.5, 2.5], "expected_productivity": 0.9529411764705882, "expected_mean_profit": 0.08096251735307727, "initial_balance": [23404, 23404, 33205, 33205, 47175, 47175, 58291, 58291]}