{"00T40@0": 0.11654135338345858, "01T22@0": 0.13580246913580238, "02T22@1": 0.3162055335968378, "03T35@1": 0.5528455284552843, "04T06@2": 0.0, "05T35@2": 0.6539548022598872, "BUYER": 0.0, "SELLER": 0.0}