{"00T32@0": 0.08024691358024694, "01T24@0": 0.0032154340836012827, "02T22@1": 0.4112149532710282, "03T23@1": 0.9290322580645162, "04T23@2": 0.6327433628318576, "05T35@2": 0.6587677725118486, "BUYER": 0.0, "SELLER": 0.0}