{"00T36@0": 0.034416826003824084, "01T35@0": 0.21114864864864866, "02T20@1": 0.5500000000000005, "03T22@1": 0.2058823529411764, "04T22@2": 0.0027932960893854697, "05T22@2": 0.004385964912280696, "BUYER": 0.0, "SELLER": 0.0}