{"00T09@0": 0.0, "01T35@0": 0.09436619718309854, "02T35@1": 0.7991803278688526, "03T35@1": 0.7894736842105265, "04T29@2": 1.0, "05T35@2": 0.6228239845261124, "BUYER": 0.0, "SELLER": 0.0}