{"00T20@0": 0.1167664670658682, "01T41@0": 0.037288135593220376, "02T23@1": 0.8684210526315788, "03T22@1": 0.5043859649122807, "04T35@2": 0.6761904761904759, "05T23@2": 0.6800000000000006, "BUYER": 0.0, "SELLER": 0.0}