{"00T35@0": 0.0, "01T23@0": 0.0, "02T23@1": 1.0, "03T35@1": 1.0, "04T24@2": 0.6363636363636364, "05T22@2": 0.04923076923076917, "06T40@3": 0.5481171548117154, "07T22@3": 0.07348242811501597, "BUYER": 0.0, "SELLER": 0.0}