{"00T12@0": 0.006944444444444444, "01T12@0": 0.0, "02T12@1": 0.0, "03T37@1": 0.490566037735849, "04T37@2": 0.5020408163265307, "05T37@2": 0.3686131386861313, "BUYER": 0.0, "SELLER": 0.0}