{"00T29@0": 0.0, "01T26@0": 0.0121765601217656, "02T29@1": 0.0, "03T26@1": 0.09053497942386832, "04T29@2": 1.0, "05T26@2": 0.017006802721088416, "BUYER": 0.0, "SELLER": 0.0}