{"00T15@0": 0.14320987654320985, "01T37@0": 0.04989154013015184, "02T37@1": 0.18652849740932642, "03T37@1": 0.16315789473684228, "04T15@2": 0.03170028818443807, "05T15@2": 0.015060240963855416, "BUYER": 0.0, "SELLER": 0.0}