{"00T35@0": 0.04693877551020408, "01T22@0": 0.06126482213438741, "02T09@1": 0.0, "03T35@1": 0.5921787709497207, "04T14@2": 1.0, "05T35@2": 0.8152753108348129, "BUYER": 0.0, "SELLER": 0.0}