{"00T24@0": 0.002702702702702698, "01T41@0": 0.16488222698072802, "02T23@1": 0.8749999999999998, "03T22@1": 0.4632352941176471, "04T22@2": 0.0, "05T35@2": 0.7329545454545454, "BUYER": 0.0, "SELLER": 0.0}