{"00T09@0": 0.0, "01T22@0": 0.06736526946107778, "02T22@1": 0.5630252100840337, "03T35@1": 0.8823529411764705, "04T15@2": 0.0, "05T35@2": 0.7373572593800981, "BUYER": 0.0, "SELLER": 0.0}