{"00T22@0": 0.022058823529411745, "01T23@0": 0.048387096774193505, "02T21@1": 0.0, "03T23@1": 0.8478260869565221, "04T41@2": 0.08928571428571429, "05T35@2": 0.7232704402515724, "BUYER": 0.0, "SELLER": 0.0}