{"time_limit": 10800, "spot_discount": 0.9, "spot_market_global_loss": 0.2, "neg_quota_step": 365, "n_processes": 5, "n_products": 6, "n_steps": 73, "financial_reports_period": 5, "exogenous_horizon": 17, "max_productivity": 1.0, "catalog_prices": [10, 20, 35, 46, 58, 74], "cash_availability": [1.5, 2.5], "expected_productivity": 0.9315068493150684, "expected_mean_profit": 0.08798026723968343, "initial_balance": [19945, 19945, 37629, 37629, 53651, 53651, 68343, 68343, 84764, 84764]}