{"00T37@0": 0.0661157024793388, "01T32@0": 0.5243445692883896, "02T22@1": 0.3444816053511705, "03T23@1": 0.8148148148148148, "04T23@2": 0.6089743589743591, "05T35@2": 0.5919732441471574, "BUYER": 0.0, "SELLER": 0.0}