{"00T37@0": 0.05517241379310348, "01T22@0": 0.688372093023255, "02T35@1": 0.47593582887700536, "03T35@1": 0.4940476190476189, "04T15@2": 0.4835680751173707, "05T35@2": 0.9719626168224299, "06T22@3": 0.0, "07T22@3": 0.004683840749414515, "BUYER": 0.0, "SELLER": 0.0}