{"00T37@0": 0.03618421052631581, "01T36@0": 0.08813559322033898, "02T36@1": 0.3783783783783784, "03T23@1": 0.763358778625954, "04T36@2": 0.27745664739884396, "05T22@2": 0.2644230769230769, "06T37@3": 0.00934579439252336, "07T37@3": 0.03115264797507787, "BUYER": 0.0, "SELLER": 0.0}