{"00T35@0": 0.04363636363636366, "01T22@0": 0.08873720136518762, "02T24@1": 0.8461538461538461, "03T35@1": 0.6168224299065426, "04T26@2": 0.6609442060085836, "05T35@2": 0.8619528619528619, "BUYER": 0.0, "SELLER": 0.0}