{"00T20@0": 0.0, "01T20@0": 0.0, "02T23@1": 1.0, "03T35@1": 1.0, "04T20@2": 0.0, "05T37@2": 0.033980582524271864, "06T37@3": 0.5187969924812033, "07T37@3": 0.49305555555555547, "08T22@4": 0.08391608391608395, "09T35@4": 0.7225130890052359, "BUYER": 0.0, "SELLER": 0.0}