{"00T37@0": 0.0, "01T37@0": 0.005565862708719845, "02T37@1": 0.06190476190476192, "03T34@1": 0.0, "04T34@2": 0.6214511041009461, "05T34@2": 0.6213872832369947, "BUYER": 0.0, "SELLER": 0.0}