{"00T07@0": 0.15525114155251155, "01T07@0": 0.11415525114155257, "02T26@1": 0.26717557251908386, "03T26@1": 0.2640000000000001, "04T07@2": 0.17333333333333337, "05T26@2": 0.019704433497536943, "BUYER": 0.0, "SELLER": 0.0}