{"00T29@0": 0.0, "01T34@0": 0.07555555555555558, "02T34@1": 0.0, "03T22@1": 0.0357142857142857, "04T34@2": 0.4268292682926829, "05T29@2": 0.0, "06T29@3": 1.0, "07T22@3": 0.28813559322033905, "BUYER": 0.0, "SELLER": 0.0}