{"00T22@0": 0.1259842519685038, "01T23@0": 0.412173913043478, "02T22@1": 0.3222506393861892, "03T23@1": 0.7903225806451611, "04T26@2": 0.169172932330827, "05T41@2": 0.2813455657492356, "06T22@3": 0.033932135728542916, "07T35@3": 0.7551867219917017, "BUYER": 0.0, "SELLER": 0.0}