{"00T26@0": 0.06551724137931039, "01T19@0": 0.0, "02T35@1": 0.748062015503876, "03T23@1": 0.8127853881278537, "04T35@2": 0.7057010785824337, "05T22@2": 0.0, "BUYER": 0.0, "SELLER": 0.0}