{"00T20@0": 0.01718213058419244, "01T23@0": 0.0, "02T32@1": 1.0, "03T23@1": 0.8823529411764706, "04T20@2": 0.0, "05T22@2": 0.1686746987951807, "06T32@3": 0.8023715415019763, "07T32@3": 0.3571428571428575, "08T20@4": 0.7588235294117643, "09T22@4": 0.0, "BUYER": 0.0, "SELLER": 0.0}