{"00T36@0": 0.06666666666666667, "01T26@0": 0.0, "02T26@1": 0.1, "03T36@1": 0.25, "04T36@2": 0.46153846153846156, "05T26@2": 0.5333333333333333, "BUYER": 0.0, "SELLER": 0.0}