{"time_limit": 10800, "spot_discount": 0.9, "spot_market_global_loss": 0.2, "neg_quota_step": 315, "n_processes": 5, "n_products": 6, "n_steps": 63, "financial_reports_period": 5, "exogenous_horizon": 30, "max_productivity": 1.0, "catalog_prices": [10, 17, 25, 35, 42, 51], "cash_availability": [1.5, 2.5], "expected_productivity": 0.9206349206349206, "expected_mean_profit": 0.06880131082626431, "initial_balance": [16499, 16499, 26456, 26456, 35295, 35295, 46431, 46431, 51086, 51086]}