{"00T06@0": 0.15384615384615385, "01T24@0": 0.0029761904761904743, "02T23@1": 0.9712918660287081, "03T22@1": 0.9940476190476191, "04T35@2": 0.6441005802707934, "05T23@2": 0.6529850746268656, "BUYER": 0.0, "SELLER": 0.0}