{"00T22@0": 0.1490125673249551, "01T35@0": 0.3127147766323024, "02T10@1": 0.5015576323987538, "03T07@1": 0.13805970149253732, "04T35@2": 0.7345132743362839, "05T35@2": 0.7599999999999992, "BUYER": 0.0, "SELLER": 0.0}