{"00T35@0": 0.7001703577512773, "01T35@0": 0.6654740608228981, "02T36@1": 0.17352941176470585, "03T40@1": 0.22434367541766112, "04T22@2": 0.015779092702169605, "05T35@2": 0.7118644067796601, "BUYER": 0.0, "SELLER": 0.0}