{"00T37@0": 0.0, "01T34@0": 0.0, "02T34@1": 0.5486725663716813, "03T34@1": 0.5466666666666671, "04T37@2": 0.09482758620689664, "05T37@2": 0.0712742980561555, "BUYER": 0.0, "SELLER": 0.0}