{"00T22@0": 0.07547169811320756, "01T35@0": 0.5790884718498661, "02T29@1": 0.0, "03T22@1": 0.23154362416107382, "04T35@2": 0.2111111111111111, "05T22@2": 0.3088235294117647, "06T35@3": 0.75177304964539, "07T23@3": 0.7878787878787878, "08T41@4": 0.0, "09T22@4": 0.0, "BUYER": 0.0, "SELLER": 0.0}