{"00T22@0": 0.12927191679049024, "01T22@0": 0.11764705882352935, "02T35@1": 0.5965665236051505, "03T35@1": 0.6244541484716157, "04T04@2": 0.12536443148688048, "05T29@2": 0.0, "06T22@3": 0.17882352941176466, "07T35@3": 0.8696296296296296, "BUYER": 0.0, "SELLER": 0.0}