{"00T23@0": 0.3333333333333336, "01T23@0": 0.3196721311475411, "02T34@1": 0.2949640287769783, "03T40@1": 0.017421602787456452, "04T23@2": 0.7289156626506023, "05T22@2": 0.525, "06T23@3": 0.6538461538461539, "07T35@3": 0.6423173803526453, "BUYER": 0.0, "SELLER": 0.0}