{"00T35@0": 0.47466216216216217, "01T22@0": 0.09621451104100946, "02T41@1": 0.07874015748031496, "03T35@1": 0.6290322580645161, "04T36@2": 0.0, "05T35@2": 0.8264840182648407, "BUYER": 0.0, "SELLER": 0.0}