{"00T35@0": 0.6852791878172588, "01T22@0": 0.03869653767820772, "02T03@1": 0.0, "03T35@1": 0.6363636363636364, "04T24@2": 1.0, "05T35@2": 0.6290322580645166, "BUYER": 0.0, "SELLER": 0.0}