{"00T07@0": 0.0, "01T23@0": 0.18441558441558448, "02T34@1": 0.7006369426751592, "03T34@1": 0.6878980891719741, "04T23@2": 0.5162601626016264, "05T35@2": 0.21951219512195122, "06T07@3": 0.0, "07T23@3": 0.7869822485207101, "08T34@4": 0.6142131979695433, "09T07@4": 0.04225352112676056, "BUYER": 0.0, "SELLER": 0.0}