{"00T20@0": 0.0, "01T35@0": 0.2995780590717296, "02T12@1": 0.0, "03T22@1": 0.6533333333333333, "04T22@2": 0.0705882352941176, "05T22@2": 0.21212121212121213, "06T29@3": 0.0, "07T37@3": 0.28651685393258414, "08T35@4": 0.9116883116883117, "09T23@4": 0.8051282051282054, "BUYER": 0.0, "SELLER": 0.0}