{"00T10@0": 0.2796934865900383, "01T22@0": 0.2761194029850748, "02T35@1": 0.06329113924050633, "03T35@1": 0.3106796116504854, "04T29@2": 0.0, "05T35@2": 1.0, "06T22@3": 0.20526315789473687, "07T22@3": 0.23316062176165803, "BUYER": 0.0, "SELLER": 0.0}