{"00T19@0": 0.0, "01T34@0": 0.0, "02T19@1": 0.0, "03T34@1": 0.9210526315789473, "04T19@2": 0.0, "05T23@2": 0.7050691244239629, "06T34@3": 0.5963636363636365, "07T22@3": 0.003496503496503493, "BUYER": 0.0, "SELLER": 0.0}