{"00T37@0": 0.0, "01T22@0": 0.09157509157509157, "02T40@1": 0.11458333333333336, "03T40@1": 0.18292682926829273, "04T37@2": 0.2604166666666667, "05T35@2": 0.8155339805825242, "06T37@3": 0.025380710659898477, "07T40@3": 0.0, "BUYER": 0.0, "SELLER": 0.0}