{"00T29@0": 0.0, "01T35@0": 0.3764367816091954, "02T29@1": 0.0, "03T12@1": 0.0, "04T29@2": 0.0, "05T22@2": 0.6153846153846154, "06T12@3": 0.029411764705882353, "07T12@3": 0.0, "BUYER": 0.0, "SELLER": 0.0}