{"00T23@0": 0.24475524475524496, "01T22@0": 0.3092105263157896, "02T35@1": 0.0, "03T22@1": 0.0, "04T20@2": 1.0, "05T29@2": 1.0, "BUYER": 0.0, "SELLER": 0.0}