{"00T10@0": 0.15737051792828685, "01T10@0": 0.14717741935483875, "02T35@1": 0.573221757322176, "03T23@1": 0.6940298507462684, "04T07@2": 0.0, "05T10@2": 0.05426356589147287, "06T35@3": 0.510204081632653, "07T23@3": 0.6953642384105958, "08T07@4": 0.21804511278195488, "09T07@4": 0.1504854368932039, "BUYER": 0.0, "SELLER": 0.0}