{"time_limit": 10800, "spot_discount": 0.9, "spot_market_global_loss": 0.2, "neg_quota_step": 315, "n_processes": 5, "n_products": 6, "n_steps": 63, "financial_reports_period": 5, "exogenous_horizon": 15, "max_productivity": 1.0, "catalog_prices": [10, 21, 28, 39, 53, 66], "cash_availability": [1.5, 2.5], "expected_productivity": 0.9206349206349206, "expected_mean_profit": 0.08497110656816886, "initial_balance": [22498, 22498, 27293, 27293, 36884, 36884, 54645, 54645, 67551, 67551]}