{"00T23@0": 0.2542168674698798, "01T22@0": 0.25608194622279146, "02T37@1": 0.06008583690987124, "03T35@1": 0.5876993166287019, "04T36@2": 0.0, "05T23@2": 0.7431034482758624, "06T12@3": 0.043478260869565216, "07T23@3": 0.6544850498338863, "BUYER": 0.0, "SELLER": 0.0}