{"time_limit": 10800, "spot_discount": 0.9, "spot_market_global_loss": 0.2, "neg_quota_step": 532, "n_processes": 4, "n_products": 5, "n_steps": 133, "financial_reports_period": 5, "exogenous_horizon": 61, "max_productivity": 1.0, "catalog_prices": [10, 23, 34, 40, 50], "cash_availability": [1.5, 2.5], "expected_productivity": 0.9699248120300752, "expected_mean_profit": 0.06031915848695236, "initial_balance": [59406, 59406, 94581, 94581, 113341, 113341, 133664, 133664]}