{"00T35@0": 0.18110236220472448, "01T35@0": 0.18105849582172695, "02T35@1": 0.7961165048543689, "03T22@1": 0.007751937984496124, "04T12@2": 0.0, "05T29@2": 1.0, "BUYER": 0.0, "SELLER": 0.0}