{"00T36@0": 0.0, "01T36@0": 0.0, "02T34@1": 0.30597014925373156, "03T34@1": 0.3082706766917294, "04T34@2": 1.0, "05T36@2": 0.03563474387527835, "BUYER": 0.0, "SELLER": 0.0}