{"00T37@0": 0.04347826086956523, "01T22@0": 0.13836477987421383, "02T36@1": 0.1925465838509317, "03T22@1": 0.36551724137931035, "04T35@2": 0.8191489361702126, "05T35@2": 0.8520710059171601, "BUYER": 0.0, "SELLER": 0.0}