{"00T35@0": 0.24169184290030216, "01T23@0": 0.3351063829787234, "02T22@1": 0.2758620689655172, "03T23@1": 1.0, "04T23@2": 0.25757575757575757, "05T35@2": 0.37104072398190047, "06T34@3": 0.1947368421052632, "07T23@3": 0.7482517482517481, "08T24@4": 0.9027777777777778, "09T35@4": 0.5963718820861675, "BUYER": 0.0, "SELLER": 0.0}