{"00T40@0": 0.04812834224598932, "01T35@0": 0.2590476190476199, "02T34@1": 0.3790322580645161, "03T22@1": 0.3344594594594594, "04T22@2": 0.031073446327683645, "05T22@2": 0.02997275204359676, "BUYER": 0.0, "SELLER": 0.0}