{"00T20@0": 0.0, "01T22@0": 0.4311512415349886, "02T41@1": 0.40350877192982465, "03T22@1": 0.31282051282051304, "04T23@2": 0.6624472573839663, "05T35@2": 0.6428571428571429, "06T22@3": 0.00975609756097561, "07T23@3": 0.5618556701030925, "BUYER": 0.0, "SELLER": 0.0}