{"time_limit": 10800, "spot_discount": 0.9, "spot_market_global_loss": 0.2, "neg_quota_step": 582, "n_processes": 5, "n_products": 6, "n_steps": 97, "financial_reports_period": 5, "exogenous_horizon": 47, "max_productivity": 1.0, "catalog_prices": [10, 23, 29, 36, 49, 64], "cash_availability": [1.5, 2.5], "expected_productivity": 0.7903780068728522, "expected_mean_profit": 0.10502359957557353, "initial_balance": [27363, 27363, 43781, 43781, 34446, 34446, 34446, 66476, 66476, 56014, 56014, 56014]}