{"00T38@0": 0.0, "01T24@0": 0.0030864197530864157, "02T35@1": 0.6408839779005523, "03T23@1": 0.6488222698072803, "04T24@2": 0.9230769230769231, "05T38@2": 0.0, "06T24@3": 0.49253731343283563, "07T23@3": 0.6160558464223387, "08T38@4": 0.0, "09T35@4": 0.7517084282460137, "BUYER": 0.0, "SELLER": 0.0}