{"00T36@0": 0.0, "01T40@0": 0.0, "02T37@1": 0.8, "03T40@1": 1.0, "04T37@2": 0.75, "05T36@2": 1.0, "06T36@2": 0.42857142857142855, "07T41@2": 0.6666666666666666, "08T41@2": 0.75, "09T37@3": 0.38095238095238093, "10T41@3": 0.45454545454545453, "11T40@3": 1.0, "BUYER": 0.0, "SELLER": 0.0}