{"00T38@0": 0.0, "01T22@0": 0.015025041736227046, "02T22@1": 0.5890804597701148, "03T35@1": 0.914572864321608, "04T41@2": 0.0, "05T35@2": 0.7638190954773864, "BUYER": 0.0, "SELLER": 0.0}