{"00T41@0": 0.0, "01T41@0": 0.0, "02T06@1": 0.0, "03T06@1": 0.0, "04T06@2": 0.0, "05T35@2": 0.9907834101382489, "06T41@3": 0.0, "07T35@3": 0.7850953206239166, "BUYER": 0.0, "SELLER": 0.0}