{"00T15@0": 0.280701754385965, "01T22@0": 0.2774869109947642, "02T35@1": 0.16993464052287582, "03T35@1": 0.1689189189189189, "04T29@2": 0.0, "05T35@2": 1.0, "06T22@3": 0.0, "07T22@3": 0.0, "BUYER": 0.0, "SELLER": 0.0}