{"00T23@0": 0.15080789946140036, "01T35@0": 0.15572232645403375, "02T20@1": 0.0, "03T35@1": 0.6605691056910573, "04T12@2": 0.0, "05T23@2": 0.7100977198697065, "BUYER": 0.0, "SELLER": 0.0}