{"00T20@0": 0.09869375907111756, "01T22@0": 0.06250000000000003, "02T22@1": 0.5538793103448273, "03T35@1": 0.8520179372197308, "04T07@2": 0.14797507788161995, "05T35@2": 0.6745762711864404, "BUYER": 0.0, "SELLER": 0.0}