{"00T19@0": 0.0, "01T22@0": 0.028735632183908035, "02T36@1": 0.4524886877828055, "03T19@1": 0.0, "04T36@2": 0.0821917808219178, "05T36@2": 0.15037593984962405, "06T19@3": 1.0, "07T22@3": 0.026455026455026447, "BUYER": 0.0, "SELLER": 0.0}