{"00T23@0": 0.21739130434782614, "01T23@0": 0.22401433691756267, "02T22@1": 0.035398230088495575, "03T23@1": 0.0, "04T23@2": 0.5472440944881888, "05T35@2": 0.5106382978723407, "06T29@3": 1.0, "07T40@3": 0.0, "BUYER": 0.0, "SELLER": 0.0}