{"00T35@0": 0.0, "01T23@0": 0.0, "02T35@1": 1.0, "03T35@1": 1.0, "04T29@2": 0.0, "05T23@2": 0.889908256880734, "06T20@3": 1.0, "07T23@3": 0.7406417112299459, "BUYER": 0.0, "SELLER": 0.0}