{"00T23@0": 0.6342182890855458, "01T22@0": 0.28048780487804886, "02T36@1": 0.007042253521126761, "03T36@1": 0.007352941176470588, "04T36@2": 0.009345794392523362, "05T34@2": 0.0, "06T34@3": 0.593939393939394, "07T34@3": 0.8896551724137931, "BUYER": 0.0, "SELLER": 0.0}