{"00T37@0": 0.021978021978021983, "01T22@0": 0.10909090909090907, "02T22@1": 0.25443786982248506, "03T22@1": 0.28160919540229873, "04T22@2": 0.2796610169491525, "05T35@2": 0.20454545454545456, "06T35@3": 0.5748031496062992, "07T23@3": 0.6357142857142856, "08T06@4": 0.0, "09T22@4": 0.0, "BUYER": 0.0, "SELLER": 0.0}