{"time_limit": 10800, "spot_discount": 0.9, "spot_market_global_loss": 0.2, "neg_quota_step": 365, "n_processes": 5, "n_products": 6, "n_steps": 73, "financial_reports_period": 5, "exogenous_horizon": 15, "max_productivity": 1.0, "catalog_prices": [10, 21, 31, 42, 58, 76], "cash_availability": [1.5, 2.5], "expected_productivity": 0.9315068493150684, "expected_mean_profit": 0.08861925341467143, "initial_balance": [25006, 25006, 34521, 34521, 49802, 49802, 68417, 68417, 90435, 90435]}