{"00T05@0": 0.0, "01T02@0": 0.0, "02T02@1": 1.0, "03T05@1": 0.0, "04T12@2": 0.16666666666666666, "05T23@2": 0.8256227758007118, "06T02@3": 0.39622641509433965, "07T12@3": 0.019512195121951195, "08T05@4": 1.0, "09T12@4": 0.0, "BUYER": 0.0, "SELLER": 0.0}