{"00T36@0": 0.031055900621118012, "01T35@0": 0.738359201773836, "02T40@1": 0.04210526315789476, "03T40@1": 0.07260726072607265, "04T36@2": 0.19831223628691988, "05T35@2": 0.7261146496815286, "06T36@3": 0.0, "07T40@3": 0.19999999999999996, "BUYER": 0.0, "SELLER": 0.0}