{"00T35@0": 0.12030075187969924, "01T22@0": 0.054054054054054036, "02T09@1": 0.0, "03T35@1": 0.6122448979591838, "04T13@2": 0.0, "05T35@2": 0.7511111111111107, "BUYER": 0.0, "SELLER": 0.0}