{"00T24@0": 0.010380622837370235, "01T22@0": 0.06683168316831682, "02T20@1": 0.0, "03T23@1": 0.5421052631578948, "04T23@2": 0.0, "05T22@2": 0.48639455782312896, "06T35@3": 0.7137546468401486, "07T23@3": 0.6644067796610168, "08T22@4": 0.0, "09T22@4": 0.0, "BUYER": 0.0, "SELLER": 0.0}