{"00T35@0": 0.14858096828046746, "01T35@0": 0.15318416523235806, "02T35@1": 0.0, "03T22@1": 0.38699186991869916, "04T35@2": 0.7500000000000002, "05T35@2": 0.7510729613733905, "06T08@3": 0.0, "07T15@3": 0.0, "BUYER": 0.0, "SELLER": 0.0}