{"00T24@0": 0.011952191235059754, "01T23@0": 0.0, "02T24@1": 1.0, "03T23@1": 0.9508196721311475, "04T41@2": 0.49056603773584917, "05T24@2": 0.6666666666666666, "06T41@3": 0.7909967845659163, "07T23@3": 0.8169934640522879, "08T41@4": 0.40419947506561693, "09T35@4": 0.6013071895424835, "BUYER": 0.0, "SELLER": 0.0}