{"time_limit": 10800, "spot_discount": 0.9, "spot_market_global_loss": 0.2, "neg_quota_step": 280, "n_processes": 5, "n_products": 6, "n_steps": 56, "financial_reports_period": 5, "exogenous_horizon": 20, "max_productivity": 1.0, "catalog_prices": [10, 18, 31, 43, 53, 67], "cash_availability": [1.5, 2.5], "expected_productivity": 0.9107142857142857, "expected_mean_profit": 0.07801427712261068, "initial_balance": [15695, 15695, 26681, 26681, 34791, 34791, 51374, 51374, 62674, 62674]}