{"00T35@0": 0.02142857142857143, "01T22@0": 0.32422586520947166, "02T35@1": 0.5073170731707317, "03T35@1": 0.5693779904306221, "04T22@2": 0.11945392491467577, "05T35@2": 0.7337883959044369, "06T36@3": 0.010389610389610376, "07T23@3": 0.6582278481012658, "08T40@4": 0.2246376811594203, "09T35@4": 0.6771378708551486, "BUYER": 0.0, "SELLER": 0.0}