{"00T10@0": 0.2945544554455449, "01T24@0": 0.0, "02T10@1": 0.4630350194552525, "03T35@1": 0.5952380952380952, "04T10@2": 0.07100591715976332, "05T35@2": 0.18867924528301888, "06T24@3": 0.91875, "07T24@3": 0.9506172839506173, "BUYER": 0.0, "SELLER": 0.0}