{"time_limit": 10800, "spot_discount": 0.9, "spot_market_global_loss": 0.2, "neg_quota_step": 308, "n_processes": 4, "n_products": 5, "n_steps": 77, "financial_reports_period": 5, "exogenous_horizon": 31, "max_productivity": 1.0, "catalog_prices": [10, 17, 25, 33, 39], "cash_availability": [1.5, 2.5], "expected_productivity": 0.948051948051948, "expected_mean_profit": 0.09827188504443184, "initial_balance": [20617, 20617, 27284, 27284, 36011, 36011, 48313, 48313]}