{"00T22@0": 0.12204724409448814, "01T22@0": 0.14653465346534655, "02T35@1": 0.5384615384615384, "03T35@1": 0.5208333333333334, "04T22@2": 0.5163043478260875, "05T35@2": 0.825531914893617, "06T35@3": 0.748148148148148, "07T22@3": 0.3373983739837398, "08T41@4": 0.4331983805668019, "09T37@4": 0.03712296983758705, "BUYER": 0.0, "SELLER": 0.0}