{"00T23@0": 0.1188118811881187, "01T35@0": 0.11917098445595857, "02T29@1": 0.0, "03T23@1": 0.742028985507246, "04T38@2": 0.036065573770491806, "05T23@2": 0.7672811059907837, "BUYER": 0.0, "SELLER": 0.0}