{"00T29@0": 0.0, "01T22@0": 0.3394255874673628, "02T35@1": 0.7209302325581394, "03T35@1": 0.6591928251121077, "04T22@2": 0.07027027027027027, "05T23@2": 0.8932038834951455, "06T22@3": 0.019662921348314613, "07T35@3": 0.8720000000000001, "08T40@4": 0.0, "09T22@4": 0.0, "BUYER": 0.0, "SELLER": 0.0}