{"00T14@0": 0.0, "01T14@0": 0.0, "02T37@1": 1.0, "03T22@1": 1.0, "04T14@2": 0.0, "05T37@2": 0.10077519379844958, "06T37@3": 0.2571428571428572, "07T22@3": 0.35036496350364976, "BUYER": 0.0, "SELLER": 0.0}