{"00T20@0": 0.12009803921568628, "01T35@0": 0.18599033816425123, "02T35@1": 0.7122807017543858, "03T35@1": 0.8405315614617942, "04T41@2": 0.0, "05T35@2": 0.5447019867549673, "BUYER": 0.0, "SELLER": 0.0}