{"00T35@0": 0.413589364844904, "01T35@0": 0.410404624277456, "02T22@1": 0.0, "03T35@1": 0.0, "04T20@2": 1.0, "05T29@2": 1.0, "BUYER": 0.0, "SELLER": 0.0}