{"00T10@0": 0.11555555555555555, "01T10@0": 0.16450216450216457, "02T10@1": 0.3464566929133858, "03T15@1": 0.2992125984251969, "04T15@2": 0.016666666666666656, "05T15@2": 0.01716738197424892, "BUYER": 0.0, "SELLER": 0.0}