{"00T24@0": 0.0, "01T35@0": 0.10638297872340426, "02T24@1": 1.0, "03T41@1": 0.7999999999999998, "04T41@2": 0.6430317848410758, "05T24@2": 0.05128205128205128, "06T41@3": 0.38783269961977185, "07T22@3": 0.019305019305019305, "BUYER": 0.0, "SELLER": 0.0}