{"00T35@0": 0.2873900293255132, "01T35@0": 0.31743772241992924, "02T35@1": 0.967391304347826, "03T22@1": 0.29357798165137605, "04T35@2": 0.3416320885200558, "05T35@2": 0.36752136752136755, "06T20@3": 0.6895306859205779, "07T15@3": 0.0, "BUYER": 0.0, "SELLER": 0.0}