{"00T06@0": 0.018181818181818174, "01T15@0": 0.13261648745519714, "02T15@1": 0.37172774869109965, "03T06@1": 0.0, "04T15@2": 0.03345724907063197, "05T06@2": 0.5714285714285714, "BUYER": 0.0, "SELLER": 0.0}