{"00T35@0": 0.17123287671232873, "01T22@0": 0.023333333333333345, "02T20@1": 0.0, "03T22@1": 0.20441988950276255, "04T35@2": 0.781021897810219, "05T23@2": 0.8548387096774194, "06T40@3": 0.0, "07T35@3": 0.7142857142857146, "BUYER": 0.0, "SELLER": 0.0}