{"00T35@0": 0.32128514056224905, "01T22@0": 0.3201581027667984, "02T36@1": 0.2291666666666666, "03T35@1": 0.009009009009009009, "04T23@2": 0.8380281690140845, "05T35@2": 0.4470588235294116, "06T24@3": 1.0, "07T22@3": 0.0, "BUYER": 0.0, "SELLER": 0.0}