{"00T41@0": 0.058823529411764705, "01T22@0": 0.31372549019607837, "02T35@1": 0.5142857142857142, "03T22@1": 0.3793103448275862, "04T07@2": 0.6111111111111112, "05T35@2": 0.2222222222222222, "06T35@3": 0.7878787878787878, "07T35@3": 0.8181818181818182, "BUYER": 0.0, "SELLER": 0.0}