{"00T41@0": 0.20422535211267606, "01T23@0": 0.27906976744186046, "02T22@1": 0.04727272727272727, "03T23@1": 0.5617977528089885, "04T22@2": 0.17968749999999997, "05T35@2": 0.9071428571428571, "06T36@3": 0.187793427230047, "07T22@3": 0.18473895582329314, "08T22@4": 0.02173913043478257, "09T23@4": 0.7853982300884953, "BUYER": 0.0, "SELLER": 0.0}