{"00T40@0": 0.0, "01T38@0": 0.018036072144288578, "02T38@1": 0.0, "03T38@1": 0.0, "04T40@2": 0.6742081447963801, "05T40@2": 0.6608695652173916, "BUYER": 0.0, "SELLER": 0.0}