{"00T35@0": 0.703791469194313, "01T22@0": 0.19999999999999982, "02T41@1": 0.1290322580645161, "03T35@1": 0.5854700854700853, "04T24@2": 1.0, "05T35@2": 0.6490250696378823, "BUYER": 0.0, "SELLER": 0.0}