{"00T29@0": 0.0, "01T29@0": 0.0, "02T40@1": 1.0, "03T40@1": 1.0, "04T40@2": 0.65625, "05T23@2": 0.4524590163934429, "06T29@3": 1.0, "07T23@3": 0.6461038961038956, "BUYER": 0.0, "SELLER": 0.0}