{"00T38@0": 0.0, "01T38@0": 0.0, "02T37@1": 0.725, "03T37@1": 0.7123287671232879, "04T37@2": 0.21890547263681592, "05T38@2": 0.15151515151515146, "06T35@3": 0.7500000000000001, "07T35@3": 0.7421602787456445, "BUYER": 0.0, "SELLER": 0.0}