{"time_limit": 10800, "spot_discount": 0.9, "spot_market_global_loss": 0.2, "neg_quota_step": 204, "n_processes": 4, "n_products": 5, "n_steps": 51, "financial_reports_period": 5, "exogenous_horizon": 22, "max_productivity": 1.0, "catalog_prices": [10, 21, 32, 40, 50], "cash_availability": [1.5, 2.5], "expected_productivity": 0.9215686274509803, "expected_mean_profit": 0.06241545140979241, "initial_balance": [21590, 21590, 30625, 30625, 39261, 39261, 49715, 49715]}