{"00T35@0": 0.4696132596685083, "01T35@0": 0.48663101604278075, "02T22@1": 0.41971830985915487, "03T22@1": 0.2657534246575344, "04T22@2": 0.0, "05T22@2": 0.0, "06T38@3": 0.0, "07T08@3": 1.0, "08T22@4": 0.5320512820512824, "09T22@4": 0.5466666666666666, "BUYER": 0.0, "SELLER": 0.0}