{"00T37@0": 0.0978260869565217, "01T35@0": 0.17073170731707318, "02T23@1": 0.20779220779220775, "03T22@1": 0.2720848056537102, "04T35@2": 0.3017241379310344, "05T23@2": 0.3288590604026845, "06T40@3": 1.0, "07T23@3": 0.6945606694560673, "08T23@4": 0.8111111111111109, "09T35@4": 0.8050458715596333, "BUYER": 0.0, "SELLER": 0.0}