{"00T36@0": 0.07916666666666669, "01T19@0": 0.0, "02T19@1": 0.0, "03T36@1": 0.3281250000000001, "04T19@2": 1.0, "05T36@2": 0.031249999999999972, "BUYER": 0.0, "SELLER": 0.0}