{"00T22@0": 0.30573248407643333, "01T35@0": 0.4560810810810811, "02T22@1": 0.11377245508982035, "03T35@1": 0.18181818181818182, "04T19@2": 0.0, "05T06@2": 0.0, "06T22@3": 0.8658536585365854, "07T22@3": 0.8933333333333333, "08T35@4": 0.6307692307692306, "09T23@4": 0.5967302452316081, "BUYER": 0.0, "SELLER": 0.0}