{"time_limit": 10800, "spot_discount": 0.9, "spot_market_global_loss": 0.2, "neg_quota_step": 295, "n_processes": 5, "n_products": 6, "n_steps": 59, "financial_reports_period": 5, "exogenous_horizon": 17, "max_productivity": 1.0, "catalog_prices": [10, 14, 20, 25, 33, 42], "cash_availability": [1.5, 2.5], "expected_productivity": 0.9152542372881356, "expected_mean_profit": 0.07628542338367554, "initial_balance": [11048, 11048, 16321, 16321, 23954, 23954, 28423, 28423, 38114, 38114]}