{"00T12@0": 0.0, "01T29@0": 0.0, "02T12@1": 0.0, "03T37@1": 0.7, "04T29@2": 0.0, "05T37@2": 0.3295454545454546, "06T12@3": 0.0, "07T23@3": 0.379746835443038, "08T29@4": 1.0, "09T37@4": 0.3612565445026176, "BUYER": 0.0, "SELLER": 0.0}