{"00T29@0": 0.0, "01T23@0": 0.31969309462915596, "02T22@1": 0.29940119760479045, "03T22@1": 0.2716049382716049, "04T36@2": 0.185022026431718, "05T35@2": 0.746153846153846, "06T35@3": 0.7654320987654322, "07T22@3": 0.4666666666666668, "08T35@4": 0.6831168831168835, "09T35@4": 0.6829268292682923, "BUYER": 0.0, "SELLER": 0.0}