{"00T36@0": 0.05555555555555555, "01T22@0": 0.05555555555555555, "02T35@1": 0.8888888888888888, "03T22@1": 0.14285714285714285, "04T40@2": 0.0, "05T35@2": 0.0, "06T35@3": 0.8055555555555556, "07T35@3": 0.7714285714285715, "BUYER": 0.0, "SELLER": 0.0}