{"00T08@0": 0.021197007481296763, "01T35@0": 0.08547008547008547, "02T35@1": 0.8181818181818185, "03T35@1": 0.7768595041322311, "04T40@2": 0.0, "05T35@2": 0.7914979757085027, "BUYER": 0.0, "SELLER": 0.0}