,balance,assets,bankrupt,agent_id,step
0,1503.0,190.0,False,00T40@0,0.0
1,1313.0,343.04392660550457,False,00T40@0,5.0
2,1523.0,152.0,False,01T21@0,0.0
3,1358.0,47.31640366972477,False,01T21@0,5.0
4,2234.0,0.0,False,02T40@1,0.0
5,2139.0,810.0,False,02T40@1,5.0
6,2234.0,0.0,False,03T21@1,0.0
7,2234.0,0.0,False,03T21@1,5.0
8,3423.0,0.0,False,04T40@2,0.0
9,3133.0,0.0,False,04T40@2,5.0
10,3423.0,0.0,False,05T21@2,0.0
11,3071.0,0.0,False,05T21@2,5.0
12,,,,,
13,,,,,
14,,,,,
15,,,,,
