,balance,assets,bankrupt,agent_id,step
0,1489.0,140.0,False,00T20@0,0.0
1,1266.0,440.0,False,00T20@0,5.0
2,1569.0,114.0,False,01T41@0,0.0
3,1361.0,623.9242573246988,False,01T41@0,5.0
4,2064.0,0.0,False,02T20@1,0.0
5,2062.0,0.0,False,02T20@1,5.0
6,2064.0,0.0,False,03T41@1,0.0
7,1784.0,322.11383507629,False,03T41@1,5.0
8,2968.0,0.0,False,04T20@2,0.0
9,2594.0,0.0,False,04T20@2,5.0
10,2968.0,0.0,False,05T41@2,0.0
11,2774.0,490.00000000000017,False,05T41@2,5.0
12,,,,,
13,,,,,
14,,,,,
15,,,,,
