{"00T37@0": 0.09854014598540146, "01T37@0": 0.08239700374531835, "02T24@1": 0.0, "03T35@1": 0.0676691729323308, "04T24@2": 1.0, "05T37@2": 0.9393939393939394, "06T24@3": 0.9083333333333333, "07T23@3": 0.6700336700336704, "BUYER": 0.0, "SELLER": 0.0}