{"00T06@0": 0.06666666666666667, "01T06@0": 0.05, "02T15@1": 0.5581395348837209, "03T06@1": 0.0, "04T15@2": 0.7775000000000003, "05T35@2": 0.8502673796791442, "06T15@3": 0.0, "07T35@3": 0.5741935483870971, "BUYER": 0.0, "SELLER": 0.0}