{"00T22@0": 0.14878892733564017, "01T23@0": 0.7489177489177492, "02T41@1": 0.0, "03T23@1": 0.7016129032258067, "04T09@2": 0.0, "05T35@2": 0.7070217917675546, "BUYER": 0.0, "SELLER": 0.0}