{"00T38@0": 0.0, "01T22@0": 0.1104199066874028, "02T22@1": 0.5841584158415843, "03T35@1": 0.6285714285714284, "04T26@2": 0.0037313432835820856, "05T35@2": 0.6623931623931623, "BUYER": 0.0, "SELLER": 0.0}