{"time_limit": 10800, "spot_discount": 0.9, "spot_market_global_loss": 0.2, "neg_quota_step": 212, "n_processes": 4, "n_products": 5, "n_steps": 53, "financial_reports_period": 5, "exogenous_horizon": 15, "max_productivity": 1.0, "catalog_prices": [10, 19, 26, 35, 44], "cash_availability": [1.5, 2.5], "expected_productivity": 0.9245283018867925, "expected_mean_profit": 0.049227899678991986, "initial_balance": [17933, 17933, 27069, 27069, 33234, 33234, 46683, 46683]}