{"00T23@0": 0.3795454545454544, "01T23@0": 0.38568129330254053, "02T37@1": 0.004975124378109452, "03T36@1": 0.0, "04T22@2": 0.2222222222222222, "05T23@2": 0.8347107438016529, "06T23@3": 0.7280701754385961, "07T35@3": 0.705882352941177, "08T23@4": 0.623188405797101, "09T35@4": 0.6327014218009481, "BUYER": 0.0, "SELLER": 0.0}