{"00T16@0": 0.0, "01T22@0": 0.07594936708860761, "02T16@1": 0.0, "03T22@1": 0.35602094240837695, "04T15@2": 0.07142857142857148, "05T22@2": 0.14444444444444443, "06T16@3": 0.0, "07T15@3": 0.4486486486486487, "08T15@4": 0.03861003861003861, "09T35@4": 0.7865853658536587, "BUYER": 0.0, "SELLER": 0.0}