{"00T22@0": 0.38345864661654133, "01T23@0": 0.39555555555555555, "02T10@1": 0.1, "03T23@1": 0.6564417177914113, "04T24@2": 0.586206896551724, "05T22@2": 0.180672268907563, "06T23@3": 0.8518518518518521, "07T22@3": 0.3421052631578948, "08T23@4": 0.524822695035461, "09T35@4": 0.5017667844522968, "BUYER": 0.0, "SELLER": 0.0}