{"00T35@0": 0.38072289156626504, "01T22@0": 0.4097363083164298, "02T10@1": 0.07861635220125784, "03T35@1": 0.17006802721088426, "04T19@2": 0.0, "05T35@2": 0.6236559139784944, "06T22@3": 0.538461538461539, "07T35@3": 0.8571428571428571, "08T23@4": 0.5090909090909093, "09T23@4": 0.5354330708661418, "BUYER": 0.0, "SELLER": 0.0}