{"00T23@0": 0.194103194103194, "01T23@0": 0.17480719794344474, "02T37@1": 0.0, "03T20@1": 0.0, "04T23@2": 0.8094059405940595, "05T22@2": 0.7920792079207921, "BUYER": 0.0, "SELLER": 0.0}