{"time_limit": 10800, "spot_discount": 0.9, "spot_market_global_loss": 0.2, "neg_quota_step": 370, "n_processes": 5, "n_products": 6, "n_steps": 74, "financial_reports_period": 5, "exogenous_horizon": 28, "max_productivity": 1.0, "catalog_prices": [10, 17, 28, 40, 50, 66], "cash_availability": [1.5, 2.5], "expected_productivity": 0.9324324324324325, "expected_mean_profit": 0.08653419870194708, "initial_balance": [20668, 20668, 33807, 33807, 48274, 48274, 63922, 63922, 83704, 83704]}