{"00T26@0": 0.0, "01T22@0": 0.004999999999999999, "02T29@1": 0.0, "03T22@1": 0.46875, "04T35@2": 0.7300884955752213, "05T35@2": 0.7112970711297071, "BUYER": 0.0, "SELLER": 0.0}