{"00T38@0": 0.0, "01T22@0": 0.0022026431718061646, "02T34@1": 0.8387096774193549, "03T22@1": 0.16239316239316237, "04T38@2": 0.0, "05T22@2": 0.0055248618784530384, "06T34@3": 0.48, "07T34@3": 0.47107438016528924, "08T38@4": 0.0, "09T35@4": 0.7266187050359711, "BUYER": 0.0, "SELLER": 0.0}