{"00T15@0": 0.08713692946058091, "01T10@0": 0.05364806866952791, "02T10@1": 0.3538461538461538, "03T15@1": 0.305439330543933, "04T15@2": 0.05567010309278352, "05T10@2": 0.04216867469879517, "BUYER": 0.0, "SELLER": 0.0}