{"00T26@0": 0.0, "01T22@0": 0.17843866171003725, "02T35@1": 0.637795275590551, "03T35@1": 0.7863247863247862, "04T41@2": 0.36231884057971003, "05T35@2": 0.8582089552238806, "06T22@3": 0.007380073800738001, "07T22@3": 0.0, "BUYER": 0.0, "SELLER": 0.0}