{"00T38@0": 0.005813953488372084, "01T22@0": 0.24481327800829897, "02T23@1": 0.44444444444444436, "03T35@1": 0.35888501742160267, "04T22@2": 0.0457516339869281, "05T35@2": 0.8392857142857143, "06T29@3": 1.0, "07T22@3": 0.0, "BUYER": 0.0, "SELLER": 0.0}