{"00T20@0": 0.07337526205450733, "01T35@0": 0.749077490774908, "02T35@1": 0.6479591836734693, "03T35@1": 0.7848837209302325, "04T24@2": 1.0, "05T35@2": 0.6344410876132927, "BUYER": 0.0, "SELLER": 0.0}