{"00T22@0": 0.1475826972010179, "01T22@0": 0.17955112219451375, "02T21@1": 0.0, "03T41@1": 0.22812500000000005, "04T22@2": 0.603092783505154, "05T35@2": 0.8583690987124463, "06T35@3": 0.5993265993265988, "07T35@3": 0.5925297113752123, "BUYER": 0.0, "SELLER": 0.0}