{"time_limit": 10800, "spot_discount": 0.9, "spot_market_global_loss": 0.2, "neg_quota_step": 368, "n_processes": 4, "n_products": 5, "n_steps": 92, "financial_reports_period": 5, "exogenous_horizon": 40, "max_productivity": 1.0, "catalog_prices": [10, 18, 25, 37, 49], "cash_availability": [1.5, 2.5], "expected_productivity": 0.9565217391304348, "expected_mean_profit": 0.06947289362283217, "initial_balance": [31811, 31811, 47185, 47185, 66483, 66483, 88857, 88857]}