{"time_limit": 10800, "spot_discount": 0.9, "spot_market_global_loss": 0.2, "neg_quota_step": 48, "n_processes": 4, "n_products": 5, "n_steps": 8, "financial_reports_period": 5, "exogenous_horizon": 3, "max_productivity": 1.0, "catalog_prices": [10, 16, 26, 35, 47], "cash_availability": [1.5, 2.5], "expected_productivity": 0.6666666666666666, "expected_mean_profit": 0.08922846033153695, "initial_balance": [885, 885, 885, 885, 3067, 3067, 2776, 2776, 2776, 3772, 3772, 3772]}