{"00T41@0": 0.061946902654867256, "01T10@0": 0.21842105263157918, "02T10@1": 0.4675925925925926, "03T10@1": 0.2633744855967077, "04T41@2": 0.0838926174496644, "05T41@2": 0.08108108108108111, "BUYER": 0.0, "SELLER": 0.0}