{"00T36@0": 0.2370936902485658, "01T23@0": 0.12954545454545477, "02T37@1": 0.062111801242236024, "03T35@1": 0.3269230769230769, "04T23@2": 0.8161764705882353, "05T23@2": 0.8416666666666667, "06T35@3": 0.7755555555555558, "07T35@3": 0.7963340122199588, "BUYER": 0.0, "SELLER": 0.0}