{"00T35@0": 0.31807602792862677, "01T35@0": 0.33777429467084613, "02T35@1": 0.0, "03T22@1": 0.27674129353233734, "04T35@2": 0.3098859315589357, "05T35@2": 0.3302411873840444, "06T09@3": 0.0, "07T26@3": 0.0, "BUYER": 0.0, "SELLER": 0.0}