{"00T12@0": 0.0, "01T35@0": 0.152, "02T41@1": 0.44, "03T35@1": 0.5314285714285719, "04T29@2": 0.0, "05T37@2": 0.02542372881355931, "06T23@3": 0.8088235294117645, "07T23@3": 0.8143939393939394, "BUYER": 0.0, "SELLER": 0.0}