{"00T22@0": 0.0, "01T35@0": 0.0, "02T24@1": 0.7857142857142857, "03T16@1": 0.0, "04T35@2": 0.9846153846153847, "05T35@2": 0.9869791666666666, "BUYER": 0.0, "SELLER": 0.0}