{"00T23@0": 0.03435114503816794, "01T23@0": 0.03862660944206007, "02T35@1": 0.8947368421052632, "03T23@1": 0.9338235294117648, "04T40@2": 0.0, "05T23@2": 0.7659574468085106, "06T37@3": 0.02399999999999999, "07T23@3": 0.5547945205479449, "BUYER": 0.0, "SELLER": 0.0}