{"00T10@0": 0.07014681892332796, "01T22@0": 0.12376237623762379, "02T10@1": 0.35039370078740156, "03T10@1": 0.39312977099236657, "04T41@2": 0.3749999999999999, "05T41@2": 0.3540983606557377, "06T41@3": 0.004555808656036441, "07T22@3": 0.01882845188284519, "BUYER": 0.0, "SELLER": 0.0}