{"00T26@0": 0.07125307125307126, "01T19@0": 0.0, "02T23@1": 0.8846153846153846, "03T22@1": 0.19000000000000014, "04T35@2": 0.717488789237668, "05T22@2": 0.3519736842105262, "06T23@3": 0.6886227544910176, "07T35@3": 0.675789473684211, "BUYER": 0.0, "SELLER": 0.0}