{"00T22@0": 0.2327868852459016, "01T35@0": 0.0, "02T35@1": 0.540983606557377, "03T23@1": 0.6666666666666667, "04T22@2": 0.0, "05T23@2": 0.9084507042253521, "06T22@3": 0.0078125, "07T22@3": 0.0, "08T40@4": 0.0, "09T19@4": 1.0, "BUYER": 0.0, "SELLER": 0.0}