{"00T23@0": 0.01092896174863386, "01T35@0": 0.010256410256410244, "02T19@1": 0.0, "03T23@1": 0.9529411764705882, "04T41@2": 0.0, "05T23@2": 0.7835990888382682, "BUYER": 0.0, "SELLER": 0.0}