{"00T40@0": 0.15555555555555556, "01T24@0": 0.018518518518518514, "02T40@1": 0.17647058823529413, "03T22@1": 0.0, "04T40@2": 0.7575757575757577, "05T24@2": 0.045454545454545456, "06T24@3": 0.8153846153846154, "07T22@3": 0.21774193548387094, "BUYER": 0.0, "SELLER": 0.0}