{"00T24@0": 0.00293255131964809, "01T35@0": 0.022471910112359512, "02T22@1": 0.8941176470588236, "03T23@1": 0.5, "04T29@2": 0.0, "05T23@2": 0.5058823529411767, "06T35@3": 0.8715596330275229, "07T22@3": 0.5613382899628253, "08T23@4": 0.6763565891472862, "09T22@4": 0.0, "BUYER": 0.0, "SELLER": 0.0}