{"00T26@0": 0.040845070422535254, "01T35@0": 0.12236286919831212, "02T35@1": 0.7023809523809527, "03T35@1": 0.72265625, "04T07@2": 0.029106029106029108, "05T35@2": 0.7476744186046514, "BUYER": 0.0, "SELLER": 0.0}