{"00T34@0": 0.03321678321678324, "01T22@0": 0.001669449081803004, "02T22@1": 0.5291139240506325, "03T35@1": 0.96875, "04T41@2": 0.0, "05T35@2": 0.7022332506203474, "BUYER": 0.0, "SELLER": 0.0}