{"00T35@0": 0.37534246575342484, "01T35@0": 0.39404553415061244, "02T35@1": 1.0, "03T22@1": 0.2790834312573438, "04T35@2": 0.594947025264874, "05T35@2": 0.6042553191489359, "06T38@3": 0.0, "07T36@3": 0.0, "BUYER": 0.0, "SELLER": 0.0}