{"00T35@0": 0.09523809523809526, "01T22@0": 0.0, "02T05@1": 0.0, "03T23@1": 0.7219251336898399, "04T12@2": 0.08745247148288973, "05T35@2": 0.773109243697479, "06T35@3": 0.43646408839779005, "07T22@3": 0.10071942446043165, "BUYER": 0.0, "SELLER": 0.0}