{"00T03@0": 0.0, "01T26@0": 0.2153110047846892, "02T26@1": 0.04210526315789473, "03T22@1": 0.06896551724137927, "04T03@2": 0.09090909090909091, "05T26@2": 0.04504504504504504, "06T03@3": 0.0, "07T22@3": 0.07432432432432434, "BUYER": 0.0, "SELLER": 0.0}