{"00T22@0": 0.3025000000000001, "01T35@0": 0.6728723404255318, "02T26@1": 0.34662576687116575, "03T10@1": 0.3893129770992365, "04T35@2": 0.6767895878524944, "05T35@2": 0.673469387755102, "BUYER": 0.0, "SELLER": 0.0}