{"00T15@0": 0.20488721804511278, "01T35@0": 0.5028248587570624, "02T37@1": 0.052083333333333336, "03T22@1": 0.2650602409638556, "04T22@2": 0.027989821882951682, "05T22@2": 0.028132992327365755, "BUYER": 0.0, "SELLER": 0.0}