{"00T06@0": 0.0, "01T22@0": 0.2708333333333333, "02T35@1": 0.42424242424242425, "03T22@1": 0.26666666666666666, "04T29@2": 0.0, "05T35@2": 0.0, "06T35@3": 1.0, "07T35@3": 1.0, "BUYER": 0.0, "SELLER": 0.0}