{"00T29@0": 0.0, "01T34@0": 0.10575139146567719, "02T34@1": 0.0, "03T23@1": 0.5423728813559322, "04T29@2": 0.0, "05T34@2": 0.6754385964912278, "06T23@3": 0.6161616161616164, "07T23@3": 0.585858585858586, "08T29@4": 1.0, "09T22@4": 0.0, "BUYER": 0.0, "SELLER": 0.0}