{"00T41@0": 0.2613168724279836, "01T41@0": 0.26272912423625255, "02T22@1": 0.5066312997347475, "03T35@1": 0.7198879551820732, "04T41@2": 0.10619469026548677, "05T23@2": 0.7542213883677299, "06T12@3": 0.034031413612565446, "07T12@3": 0.06367924528301888, "08T12@4": 0.0, "09T22@4": 0.8471615720524017, "BUYER": 0.0, "SELLER": 0.0}