{"00T18@0": 0.0, "01T41@0": 0.0, "02T18@1": 1.0, "03T18@1": 1.0, "04T41@2": 0.9107142857142857, "05T41@2": 0.864406779661017, "BUYER": 0.0, "SELLER": 0.0}