{"00T23@0": 0.3645161290322582, "01T22@0": 0.36137071651090336, "02T35@1": 0.0, "03T22@1": 0.0, "04T29@2": 1.0, "05T20@2": 1.0, "BUYER": 0.0, "SELLER": 0.0}