{"00T34@0": 0.0, "01T24@0": 0.0, "02T24@1": 1.0, "03T34@1": 1.0, "04T34@2": 0.9558823529411765, "05T23@2": 0.13793103448275862, "06T24@3": 0.15555555555555559, "07T23@3": 0.7976878612716763, "08T22@4": 0.0, "09T23@4": 0.81924882629108, "BUYER": 0.0, "SELLER": 0.0}