{"00T29@0": 0.0, "01T22@0": 0.1374722838137472, "02T22@1": 0.4280701754385965, "03T35@1": 0.8947368421052632, "04T37@2": 0.005089058524173021, "05T35@2": 0.7020109689213891, "BUYER": 0.0, "SELLER": 0.0}