{"00T02@0": 0.02127659574468085, "01T02@0": 0.01707317073170732, "02T29@1": 0.0, "03T12@1": 0.13559322033898305, "04T12@2": 0.08333333333333333, "05T02@2": 0.0, "06T29@3": 1.0, "07T29@3": 1.0, "08T12@3": 0.0, "BUYER": 0.0, "SELLER": 0.0}