{"00T34@0": 0.0521945432977462, "01T35@0": 0.41794569067296367, "02T35@1": 0.7394957983193277, "03T35@1": 0.7246963562753036, "04T08@2": 0.0, "05T35@2": 0.7603978300180826, "BUYER": 0.0, "SELLER": 0.0}