{"00T36@0": 0.2529880478087647, "01T35@0": 0.4545454545454545, "02T41@1": 0.4272997032640949, "03T22@1": 0.3688760806916426, "04T22@2": 0.015306122448979576, "05T22@2": 0.0, "BUYER": 0.0, "SELLER": 0.0}