{"00T09@0": 0.0, "01T35@0": 0.5900552486187846, "02T35@1": 0.8375558867362146, "03T35@1": 0.8142620232172467, "04T03@2": 0.0, "05T35@2": 0.674235807860262, "BUYER": 0.0, "SELLER": 0.0}