{"00T16@0": 0.0, "01T35@0": 0.3200795228628228, "02T36@1": 0.44966442953020125, "03T22@1": 0.484375, "04T22@2": 0.010706638115631687, "05T22@2": 0.01089324618736383, "BUYER": 0.0, "SELLER": 0.0}