,balance,assets,bankrupt,agent_id,step
0,1139.0,119.0,False,00T15@0,0.0
1,851.0,596.3776429919623,False,00T15@0,5.0
2,1079.0,200.0,False,01T41@0,0.0
3,874.0,800.8499777320636,False,01T41@0,5.0
4,2012.0,0.0,False,02T41@1,0.0
5,1985.0,84.375,False,02T41@1,5.0
6,2012.0,0.0,False,03T15@1,0.0
7,1678.0,393.75,False,03T15@1,5.0
8,2987.0,0.0,False,04T41@2,0.0
9,2923.0,0.0,False,04T41@2,5.0
10,2987.0,0.0,False,05T15@2,0.0
11,2889.0,0.0,False,05T15@2,5.0
12,,,,,
13,,,,,
14,,,,,
15,,,,,
