{"00T37@0": 0.045146726862302484, "01T41@0": 0.05555555555555552, "02T37@1": 0.16931216931216947, "03T22@1": 0.3749999999999999, "04T41@2": 0.285310734463277, "05T37@2": 0.17351598173515978, "06T41@3": 0.03267973856209149, "07T23@3": 0.722753346080306, "BUYER": 0.0, "SELLER": 0.0}