{"00T22@0": 0.2587859424920127, "01T23@0": 0.1843137254901962, "02T26@1": 0.17894736842105263, "03T35@1": 0.6517857142857143, "04T35@2": 0.7536231884057968, "05T35@2": 0.7692307692307692, "06T38@3": 0.1180811808118081, "07T35@3": 0.5859154929577466, "BUYER": 0.0, "SELLER": 0.0}