{"00T35@0": 0.14556040756914101, "01T22@0": 0.04601769911504421, "02T07@1": 0.055900621118012424, "03T35@1": 0.7685185185185184, "04T08@2": 0.005012531328320796, "05T35@2": 0.8046309696092616, "BUYER": 0.0, "SELLER": 0.0}