{"00T27@0": 0.0, "01T10@0": 0.17283950617283986, "02T23@1": 0.4642857142857143, "03T23@1": 0.5339805825242718, "04T35@2": 0.8642857142857142, "05T35@2": 0.8683274021352313, "06T23@3": 0.6454413892908825, "07T23@3": 0.6440177252584929, "BUYER": 0.0, "SELLER": 0.0}