{"time_limit": 10800, "spot_discount": 0.9, "spot_market_global_loss": 0.2, "neg_quota_step": 368, "n_processes": 4, "n_products": 5, "n_steps": 92, "financial_reports_period": 5, "exogenous_horizon": 45, "max_productivity": 1.0, "catalog_prices": [10, 17, 26, 34, 50], "cash_availability": [1.5, 2.5], "expected_productivity": 0.9565217391304348, "expected_mean_profit": 0.09833851431021545, "initial_balance": [26366, 26366, 42361, 42361, 51061, 51061, 66792, 66792]}