{"00T35@0": 0.0631067961165048, "01T22@0": 0.02650602409638557, "02T29@1": 0.0, "03T35@1": 0.6571428571428569, "04T07@2": 0.0, "05T35@2": 0.8236559139784944, "BUYER": 0.0, "SELLER": 0.0}