{"00T36@0": 0.01162790697674419, "01T23@0": 0.26546391752577325, "02T24@1": 0.0, "03T36@1": 0.0, "04T24@2": 0.3333333333333333, "05T24@2": 0.3333333333333333, "06T36@3": 0.8181818181818182, "07T35@3": 0.9605263157894737, "BUYER": 0.0, "SELLER": 0.0}