{"00T33@0": 0.0, "01T33@0": 0.0, "02T13@1": 0.0, "03T22@1": 0.04761904761904761, "04T33@2": 0.05714285714285714, "05T13@2": 0.0, "06T13@3": 0.0, "07T22@3": 0.40983606557377034, "BUYER": 0.0, "SELLER": 0.0}