{"time_limit": 10800, "spot_discount": 0.9, "spot_market_global_loss": 0.2, "neg_quota_step": 558, "n_processes": 4, "n_products": 5, "n_steps": 93, "financial_reports_period": 5, "exogenous_horizon": 43, "max_productivity": 1.0, "catalog_prices": [10, 22, 31, 42, 50], "cash_availability": [1.5, 2.5], "expected_productivity": 0.6379928315412187, "expected_mean_profit": 0.09534087251120059, "initial_balance": [27353, 27353, 38827, 38827, 35711, 35711, 35711, 27901, 27901, 27901, 27901, 27901]}