{"00T06@0": 0.07692307692307693, "01T22@0": 0.27586206896551724, "02T35@1": 0.3181818181818182, "03T22@1": 0.46153846153846156, "04T34@2": 0.5217391304347826, "05T35@2": 0.3333333333333333, "06T35@3": 0.7058823529411765, "07T35@3": 0.6551724137931034, "BUYER": 0.0, "SELLER": 0.0}