{"00T24@0": 0.0, "01T35@0": 0.2004773269689738, "02T24@1": 0.0, "03T41@1": 0.0, "04T41@2": 0.4362416107382551, "05T35@2": 0.9523809523809523, "06T41@3": 0.18691588785046728, "07T35@3": 0.5789473684210527, "08T24@4": 1.0, "09T22@4": 0.014150943396226424, "BUYER": 0.0, "SELLER": 0.0}