{"00T23@0": 0.5569395017793595, "01T35@0": 0.3140495867768595, "02T37@1": 0.00476190476190476, "03T22@1": 0.054421768707482936, "04T20@2": 0.38166311300639655, "05T35@2": 0.837037037037037, "06T35@3": 0.43569553805774264, "07T23@3": 0.6225680933852139, "BUYER": 0.0, "SELLER": 0.0}