{"00T35@0": 0.16846229187071504, "01T35@0": 0.1636536631779257, "02T35@1": 0.0, "03T22@1": 0.5639187574671439, "04T35@2": 0.5021097046413502, "05T35@2": 0.5097192224622029, "06T07@3": 0.09542483660130716, "07T26@3": 0.052845528455284556, "BUYER": 0.0, "SELLER": 0.0}