{"time_limit": 10800, "spot_discount": 0.9, "spot_market_global_loss": 0.2, "neg_quota_step": 535, "n_processes": 5, "n_products": 6, "n_steps": 107, "financial_reports_period": 5, "exogenous_horizon": 29, "max_productivity": 1.0, "catalog_prices": [10, 18, 27, 38, 47, 59], "cash_availability": [1.5, 2.5], "expected_productivity": 0.9532710280373832, "expected_mean_profit": 0.08027326833818206, "initial_balance": [33635, 33635, 50677, 50677, 71643, 71643, 87227, 87227, 117050, 117050]}