{"00T23@0": 0.19298245614035078, "01T35@0": 0.1582278481012659, "02T41@1": 0.0966183574879227, "03T23@1": 1.0, "04T20@2": 0.5714285714285714, "05T35@2": 0.6947368421052632, "06T22@3": 0.01255230125523012, "07T23@3": 0.6615776081424941, "BUYER": 0.0, "SELLER": 0.0}