{"00T20@0": 0.03478260869565214, "01T22@0": 0.03816793893129777, "02T22@1": 0.48823529411764716, "03T35@1": 0.8860103626943003, "04T37@2": 0.019999999999999993, "05T35@2": 0.709333333333333, "BUYER": 0.0, "SELLER": 0.0}