{"00T40@0": 0.0, "01T41@0": 0.5454545454545454, "02T36@1": 0.0, "03T36@1": 0.0, "04T12@2": 0.0, "05T40@2": 1.0, "06T12@2": 0.0, "07T40@2": 1.0, "08T12@2": 0.0, "09T41@3": 0.7142857142857143, "10T36@3": 0.5714285714285714, "11T41@3": 0.6666666666666666, "BUYER": 0.0, "SELLER": 0.0}