{"00T20@0": 0.22705314009661837, "01T40@0": 0.16417910447761194, "02T40@1": 0.03618421052631581, "03T20@1": 0.3285714285714285, "04T35@2": 0.4495412844036699, "05T35@2": 0.4439461883408072, "06T40@3": 0.0, "07T20@3": 1.0, "BUYER": 0.0, "SELLER": 0.0}