{"00T22@0": 0.3053892215568862, "01T23@0": 0.0, "02T35@1": 0.0, "03T35@1": 0.0, "04T35@2": 0.9166666666666666, "05T35@2": 0.94, "06T22@3": 0.3031088082901556, "07T23@3": 0.9183673469387755, "08T07@4": 0.10389610389610392, "09T37@4": 0.0, "BUYER": 0.0, "SELLER": 0.0}