{"00T06@0": 0.0, "01T29@0": 0.0, "02T06@1": 0.0, "03T22@1": 0.13793103448275862, "04T29@2": 0.0, "05T06@2": 0.0, "06T29@3": 1.0, "07T22@3": 0.5862068965517241, "BUYER": 0.0, "SELLER": 0.0}