{"00T35@0": 0.059479553903345764, "01T22@0": 0.017509727626459144, "02T14@1": 0.0, "03T35@1": 0.6863905325443783, "04T34@2": 0.6510791366906474, "05T35@2": 0.8774080560420318, "BUYER": 0.0, "SELLER": 0.0}