{"00T35@0": 0.21450151057401812, "01T23@0": 0.1729559748427673, "02T34@1": 0.3, "03T23@1": 1.0, "04T23@2": 0.8735632183908044, "05T22@2": 0.05069124423963139, "06T40@3": 0.6896551724137931, "07T22@3": 0.2857142857142858, "08T22@4": 0.02770780856423172, "09T22@4": 0.025445292620865128, "BUYER": 0.0, "SELLER": 0.0}