{"00T37@0": 0.0, "01T12@0": 0.03196347031963471, "02T37@1": 0.029126213592232983, "03T12@1": 0.05436893203883496, "04T12@2": 0.0, "05T37@2": 0.3288288288288289, "BUYER": 0.0, "SELLER": 0.0}