{"00T37@0": 0.11411992263056092, "01T35@0": 0.7663755458515281, "02T22@1": 0.07228915662650602, "03T22@1": 0.08333333333333333, "04T35@2": 0.7967032967032966, "05T22@2": 0.21538461538461534, "06T35@3": 0.726457399103139, "07T22@3": 0.3351800554016623, "08T36@4": 0.0, "09T23@4": 0.6867469879518077, "BUYER": 0.0, "SELLER": 0.0}