{"00T12@0": 0.0, "01T36@0": 0.13779527559055121, "02T22@1": 0.5215311004784687, "03T35@1": 0.8705882352941174, "04T35@2": 0.61344537815126, "05T23@2": 0.64756446991404, "BUYER": 0.0, "SELLER": 0.0}