{"time_limit": 10800, "spot_discount": 0.9, "spot_market_global_loss": 0.2, "neg_quota_step": 690, "n_processes": 5, "n_products": 6, "n_steps": 138, "financial_reports_period": 5, "exogenous_horizon": 37, "max_productivity": 1.0, "catalog_prices": [10, 22, 29, 34, 41, 59], "cash_availability": [1.5, 2.5], "expected_productivity": 0.9637681159420289, "expected_mean_profit": 0.11581606375726036, "initial_balance": [38820, 38820, 56288, 56288, 64808, 64808, 74944, 74944, 101039, 101039]}