{"00T40@0": 0.19273301737756726, "01T35@0": 0.0, "02T23@1": 0.5641025641025642, "03T23@1": 0.5759493670886077, "04T24@2": 0.9962121212121212, "05T22@2": 0.0, "BUYER": 0.0, "SELLER": 0.0}