{"00T37@0": 0.007662835249042137, "01T37@0": 0.015873015873015883, "02T40@1": 0.05820105820105826, "03T40@1": 0.08092485549132954, "04T40@2": 0.9064327485380117, "05T35@2": 0.7599999999999999, "06T37@3": 0.0, "07T35@3": 0.7351778656126484, "BUYER": 0.0, "SELLER": 0.0}