{"00T20@0": 0.18518518518518517, "01T22@0": 0.17307692307692307, "02T35@1": 0.6060606060606061, "03T22@1": 0.42857142857142855, "04T37@2": 0.2222222222222222, "05T35@2": 0.0, "06T35@3": 0.75, "07T35@3": 0.7777777777777778, "BUYER": 0.0, "SELLER": 0.0}