{"00T24@0": 0.0, "01T22@0": 0.11392405063291142, "02T37@1": 0.25000000000000006, "03T35@1": 0.8225806451612904, "04T22@2": 0.0, "05T35@2": 0.736842105263158, "BUYER": 0.0, "SELLER": 0.0}