{"time_limit": 10800, "spot_discount": 0.9, "spot_market_global_loss": 0.2, "neg_quota_step": 450, "n_processes": 5, "n_products": 6, "n_steps": 75, "financial_reports_period": 5, "exogenous_horizon": 16, "max_productivity": 1.0, "catalog_prices": [10, 16, 21, 32, 49, 60], "cash_availability": [1.5, 2.5], "expected_productivity": 0.7777777777777778, "expected_mean_profit": 0.09705429421680228, "initial_balance": [17780, 17780, 23241, 23241, 18034, 18034, 18034, 18034, 50291, 50291, 64832, 64832]}