{"00T35@0": 0.11677282377919318, "01T22@0": 0.16878402903811246, "02T22@1": 0.23754789272030652, "03T23@1": 0.5581395348837209, "04T40@2": 0.0, "05T24@2": 0.9393939393939394, "BUYER": 0.0, "SELLER": 0.0}