{"00T23@0": 0.35000000000000026, "01T22@0": 0.2617647058823528, "02T22@1": 0.19161676646706588, "03T22@1": 0.1761363636363636, "04T22@2": 0.5294117647058824, "05T35@2": 0.25301204819277107, "06T35@3": 0.7537313432835817, "07T35@3": 0.673611111111111, "08T36@4": 0.0, "09T41@4": 0.3702127659574468, "BUYER": 0.0, "SELLER": 0.0}