{"00T22@0": 0.02947368421052631, "01T22@0": 0.03411513859275049, "02T15@1": 0.11250000000000004, "03T20@1": 0.7266666666666669, "04T22@2": 0.3724696356275305, "05T35@2": 0.7087378640776699, "06T35@3": 0.7324478178368125, "07T35@3": 0.7558348294434474, "BUYER": 0.0, "SELLER": 0.0}