{"00T07@0": 0.04634581105169349, "01T35@0": 0.6936936936936937, "02T35@1": 0.7404371584699451, "03T35@1": 0.7499999999999993, "04T36@2": 0.0, "05T35@2": 0.6402048655569781, "BUYER": 0.0, "SELLER": 0.0}