{"00T34@0": 0.035031847133757954, "01T37@0": 0.0, "02T37@1": 0.02877697841726619, "03T34@1": 0.6122448979591838, "04T37@2": 0.08247422680412375, "05T34@2": 0.9045454545454545, "BUYER": 0.0, "SELLER": 0.0}