{"00T23@0": 0.0, "01T22@0": 0.07943925233644863, "02T19@1": 0.0, "03T35@1": 0.014925373134328354, "04T35@2": 0.9285714285714286, "05T35@2": 1.0, "06T24@3": 1.0, "07T35@3": 0.8617021276595744, "08T22@4": 0.0, "09T35@4": 0.7920560747663551, "BUYER": 0.0, "SELLER": 0.0}