{"00T29@0": 0.0, "01T23@0": 0.10267857142857147, "02T35@1": 0.6756756756756757, "03T23@1": 0.8502202643171806, "04T38@2": 0.007604562737642579, "05T23@2": 0.8783783783783784, "06T35@3": 0.7878787878787878, "07T22@3": 0.3609271523178808, "08T22@4": 0.0, "09T23@4": 0.6824877250409165, "BUYER": 0.0, "SELLER": 0.0}