{"00T22@0": 0.0060790273556230925, "01T35@0": 0.12130177514792898, "02T37@1": 0.07096774193548387, "03T29@1": 0.0, "04T22@2": 0.6500000000000002, "05T23@2": 0.9145299145299145, "06T35@3": 0.648837209302326, "07T22@3": 0.0, "BUYER": 0.0, "SELLER": 0.0}