{"00T35@0": 0.6547406082289807, "01T35@0": 0.6857670979667281, "02T22@1": 0.0026109660574412494, "03T22@1": 0.002604166666666663, "04T22@2": 0.21266968325791857, "05T22@2": 0.21266968325791863, "06T37@3": 0.2274881516587677, "07T38@3": 0.0, "08T22@4": 0.05147058823529414, "09T22@4": 0.1814516129032258, "BUYER": 0.0, "SELLER": 0.0}