{"00T36@0": 0.0625, "01T22@0": 0.15384615384615385, "02T35@1": 0.875, "03T22@1": 0.0, "04T10@2": 0.0, "05T35@2": 0.0, "06T35@3": 0.6785714285714286, "07T35@3": 0.7407407407407407, "BUYER": 0.0, "SELLER": 0.0}