{"00T26@0": 0.11864406779661017, "01T40@0": 0.16161616161616163, "02T40@1": 0.12562814070351766, "03T26@1": 0.24504950495049505, "04T26@2": 0.007326007326007318, "05T40@2": 0.009771986970684036, "BUYER": 0.0, "SELLER": 0.0}