{"00T15@0": 0.0, "01T15@0": 0.0, "02T15@1": 0.16197183098591553, "03T09@1": 0.0, "04T09@2": 0.0, "05T35@2": 0.6778523489932888, "06T09@3": 0.0, "07T35@3": 0.8215686274509805, "BUYER": 0.0, "SELLER": 0.0}