{"00T35@0": 0.03945111492281304, "01T22@0": 0.11428571428571437, "02T00@1": 0.0, "03T35@1": 0.676923076923077, "04T37@2": 0.07455012853470436, "05T35@2": 0.8234442836468884, "BUYER": 0.0, "SELLER": 0.0}