{"time_limit": 10800, "spot_discount": 0.9, "spot_market_global_loss": 0.2, "neg_quota_step": 244, "n_processes": 4, "n_products": 5, "n_steps": 61, "financial_reports_period": 5, "exogenous_horizon": 19, "max_productivity": 1.0, "catalog_prices": [10, 21, 32, 40, 54], "cash_availability": [1.5, 2.5], "expected_productivity": 0.9344262295081968, "expected_mean_profit": 0.08212877033512166, "initial_balance": [24119, 24119, 37385, 37385, 48735, 48735, 62922, 62922]}