{"00T06@0": 0.1111111111111111, "01T22@0": 0.0, "02T35@1": 0.07142857142857142, "03T22@1": 0.7272727272727273, "04T37@2": 0.9285714285714286, "05T35@2": 0.10526315789473684, "06T35@3": 0.8536585365853661, "07T35@3": 0.7878787878787878, "BUYER": 0.0, "SELLER": 0.0}