{"00T36@0": 0.27647058823529413, "01T35@0": 0.26153846153846155, "02T22@1": 0.38902743142144636, "03T23@1": 0.5137614678899084, "04T35@2": 0.4921259842519684, "05T35@2": 0.5079999999999999, "06T40@3": 1.0, "07T23@3": 0.4710327455919395, "BUYER": 0.0, "SELLER": 0.0}