{"00T22@0": 0.19381107491856678, "01T22@0": 0.17310924369747901, "02T23@1": 0.18987341772151897, "03T35@1": 0.1345029239766082, "04T23@2": 1.0, "05T23@2": 1.0, "06T20@3": 0.0, "07T37@3": 0.0, "08T23@4": 0.849264705882353, "09T23@4": 0.849609375, "BUYER": 0.0, "SELLER": 0.0}