{"00T35@0": 0.7275641025641024, "01T22@0": 0.15193370165745873, "02T36@1": 0.4216867469879519, "03T35@1": 0.8054298642533937, "04T04@2": 0.025139664804469275, "05T35@2": 0.5746606334841624, "BUYER": 0.0, "SELLER": 0.0}