{"00T23@0": 0.20920502092050203, "01T35@0": 0.16705882352941184, "02T40@1": 0.0037453183520599217, "03T23@1": 0.9310344827586207, "04T24@2": 0.09375, "05T23@2": 0.6680497925311201, "06T22@3": 0.0, "07T23@3": 0.7896995708154506, "BUYER": 0.0, "SELLER": 0.0}