{"00T40@0": 0.546875, "01T23@0": 0.6191860465116285, "02T41@1": 0.03181818181818184, "03T41@1": 0.0411522633744856, "04T40@2": 0.3945578231292518, "05T40@2": 0.23905723905723905, "06T41@3": 0.016587677725118488, "07T35@3": 0.6842105263157896, "BUYER": 0.0, "SELLER": 0.0}