{"00T12@0": 0.03463203463203464, "01T35@0": 0.5803814713896457, "02T12@1": 0.0, "03T12@1": 0.0, "04T29@2": 0.0, "05T23@2": 0.03106508875739645, "06T29@3": 1.0, "07T29@3": 1.0, "BUYER": 0.0, "SELLER": 0.0}