{"00T23@0": 0.493006993006993, "01T35@0": 0.2799999999999999, "02T20@1": 0.3435582822085888, "03T34@1": 0.389261744966443, "04T34@2": 0.2051282051282051, "05T20@2": 0.49572649572649574, "06T34@3": 0.52, "07T20@3": 0.660377358490566, "08T35@4": 0.48979591836734704, "09T23@4": 0.5755102040816327, "BUYER": 0.0, "SELLER": 0.0}