{"00T00@0": 0.0, "01T35@0": 0.22163588390501307, "02T35@1": 0.8214936247723132, "03T35@1": 0.8101761252446184, "04T38@2": 0.0367504835589942, "05T35@2": 0.6717112922002317, "BUYER": 0.0, "SELLER": 0.0}