{"00T35@0": 0.37053571428571436, "01T35@0": 0.3764172335600907, "02T22@1": 0.42776203966005666, "03T22@1": 0.428169014084507, "04T22@2": 0.09027777777777778, "05T22@2": 0.1520912547528517, "06T15@3": 0.1868131868131869, "07T00@3": 0.0, "08T22@4": 0.049107142857142905, "09T22@4": 0.027777777777777797, "BUYER": 0.0, "SELLER": 0.0}