{"00T24@0": 0.004672897196261679, "01T23@0": 0.568561872909699, "02T40@1": 0.3923076923076923, "03T35@1": 0.8506493506493507, "04T24@2": 0.1639344262295082, "05T40@2": 0.1483375959079284, "06T40@3": 0.11643835616438356, "07T23@3": 0.649484536082474, "08T24@4": 1.0, "09T22@4": 0.0, "BUYER": 0.0, "SELLER": 0.0}