{"00T22@0": 0.3369065849923435, "01T35@0": 0.17333333333333334, "02T22@1": 0.0, "03T35@1": 0.0, "04T29@2": 0.0, "05T24@2": 0.2962962962962963, "06T35@3": 0.9931506849315068, "07T23@3": 0.9886877828054299, "BUYER": 0.0, "SELLER": 0.0}