{"00T41@0": 0.09150326797385626, "01T17@0": 0.30735930735930733, "02T17@1": 0.18316831683168316, "03T22@1": 0.28089887640449446, "04T41@2": 0.08421052631578946, "05T17@2": 0.17105263157894737, "06T41@3": 0.024242424242424242, "07T22@3": 0.011627906976744186, "BUYER": 0.0, "SELLER": 0.0}