{"time_limit": 10800, "spot_discount": 0.9, "spot_market_global_loss": 0.2, "neg_quota_step": 48, "n_processes": 4, "n_products": 5, "n_steps": 8, "financial_reports_period": 5, "exogenous_horizon": 1, "max_productivity": 1.0, "catalog_prices": [10, 21, 29, 40, 49], "cash_availability": [1.5, 2.5], "expected_productivity": 0.3333333333333333, "expected_mean_profit": 0.08415920292543325, "initial_balance": [1267, 1267, 960, 960, 960, 960, 1872, 1872, 1872, 2293, 2293, 2293]}