{"00T38@0": 0.0, "01T22@0": 0.061224489795918394, "02T06@1": 0.0, "03T22@1": 0.06106870229007636, "04T06@2": 0.0, "05T22@2": 0.0, "06T38@3": 0.0, "07T06@3": 0.0, "08T38@4": 0.0, "09T35@4": 1.0, "BUYER": 0.0, "SELLER": 0.0}