{"00T35@0": 0.0, "01T22@0": 0.0, "02T24@1": 1.0, "03T29@1": 0.0, "04T22@2": 0.9830917874396136, "05T23@2": 0.9793103448275862, "06T35@3": 0.604584527220631, "07T22@3": 0.0, "BUYER": 0.0, "SELLER": 0.0}