{"00T23@0": 0.4961089494163424, "01T35@0": 0.3409090909090908, "02T37@1": 0.0, "03T37@1": 0.0, "04T12@2": 0.09210526315789473, "05T23@2": 0.6624040920716114, "06T12@3": 0.01355013550135501, "07T35@3": 0.7256637168141595, "08T37@4": 0.08333333333333333, "09T12@4": 0.0, "BUYER": 0.0, "SELLER": 0.0}