{"00T24@0": 0.0, "01T35@0": 0.24345549738219896, "02T40@1": 0.020512820512820506, "03T23@1": 0.9919354838709677, "04T22@2": 0.0, "05T22@2": 0.0, "BUYER": 0.0, "SELLER": 0.0}