{"00T38@0": 0.0, "01T23@0": 0.5871886120996447, "02T38@1": 0.0, "03T38@1": 0.0, "04T40@2": 0.5454545454545454, "05T23@2": 0.7341772151898731, "06T40@3": 0.0, "07T40@3": 0.0, "BUYER": 0.0, "SELLER": 0.0}