{"00T40@0": 0.18181818181818205, "01T35@0": 0.7327272727272731, "02T35@1": 0.6000000000000001, "03T35@1": 0.5326460481099656, "04T29@2": 1.0, "05T35@2": 0.631460674157302, "BUYER": 0.0, "SELLER": 0.0}