{"00T22@0": 0.27685950413223154, "01T23@0": 0.0, "02T35@1": 0.0, "03T23@1": 0.16304347826086954, "04T23@2": 1.0, "05T35@2": 1.0, "06T40@3": 1.0, "07T37@3": 0.00552486187845303, "BUYER": 0.0, "SELLER": 0.0}