{"00T29@0": 0.0, "01T22@0": 0.0, "02T12@1": 0.0, "03T02@1": 0.5693430656934306, "04T23@2": 0.8503937007874017, "05T35@2": 0.8885793871866295, "BUYER": 0.0, "SELLER": 0.0}