{"00T29@0": 0.0, "01T29@0": 0.0, "02T24@1": 1.0, "03T29@1": 0.0, "04T24@2": 1.0, "05T35@2": 0.9704142011834319, "06T24@3": 1.0, "07T35@3": 0.7281250000000004, "BUYER": 0.0, "SELLER": 0.0}