{"00T22@0": 0.07432432432432433, "01T23@0": 0.0641025641025641, "02T24@1": 0.5, "03T23@1": 0.7657657657657656, "04T40@2": 0.2844036697247706, "05T35@2": 0.7446808510638298, "BUYER": 0.0, "SELLER": 0.0}