,balance,assets,bankrupt,agent_id,step
0,1323.0,110.0,False,00T34@0,0.0
1,1165.0,350.0,False,00T34@0,5.0
2,1353.0,152.0,False,01T06@0,0.0
3,1345.0,132.46411483253593,False,01T06@0,5.0
4,1815.0,0.0,False,02T06@1,0.0
5,1538.0,338.0,False,02T06@1,5.0
6,1815.0,0.0,False,03T34@1,0.0
7,1770.0,94.61722488038279,False,03T34@1,5.0
8,2610.0,0.0,False,04T06@2,0.0
9,2610.0,0.0,False,04T06@2,5.0
10,2610.0,0.0,False,05T34@2,0.0
11,2413.0,0.0,False,05T34@2,5.0
12,,,,,
13,,,,,
14,,,,,
15,,,,,
