{"00T26@0": 0.13595166163141995, "01T22@0": 0.6314432989690721, "02T35@1": 0.37089201877934264, "03T35@1": 0.4038461538461537, "04T34@2": 0.3188405797101449, "05T35@2": 0.8288288288288288, "06T22@3": 0.020161290322580645, "07T22@3": 0.01694915254237287, "BUYER": 0.0, "SELLER": 0.0}