{"00T18@0": 0.0, "01T35@0": 0.18809523809523818, "02T16@1": 0.0, "03T22@1": 0.3389121338912135, "04T22@2": 0.25155279503105615, "05T22@2": 0.12, "BUYER": 0.0, "SELLER": 0.0}