{"00T15@0": 0.020231213872832377, "01T22@0": 0.03539823008849555, "02T22@1": 0.5484949832775913, "03T35@1": 0.9096774193548387, "04T41@2": 0.0, "05T35@2": 0.6274509803921567, "BUYER": 0.0, "SELLER": 0.0}