{"00T29@0": 0.0, "01T29@0": 0.0, "02T29@1": 0.0, "03T37@1": 1.0, "04T37@2": 0.572192513368984, "05T37@2": 0.5359477124183006, "06T22@3": 0.20905923344947744, "07T23@3": 0.6502636203866433, "BUYER": 0.0, "SELLER": 0.0}