{"00T24@0": 0.0, "01T22@0": 0.33249370277078083, "02T37@1": 0.1757575757575757, "03T22@1": 0.4693140794223827, "04T22@2": 0.012195121951219497, "05T22@2": 0.012345679012345663, "BUYER": 0.0, "SELLER": 0.0}