{"00T41@0": 0.22222222222222224, "01T41@0": 0.23893805309734517, "02T41@1": 0.0, "03T20@1": 0.0, "04T20@2": 1.0, "05T20@2": 1.0, "BUYER": 0.0, "SELLER": 0.0}