{"00T35@0": 0.1900552486187844, "01T35@0": 0.18514531754574817, "02T35@1": 0.0, "03T22@1": 0.6209677419354839, "04T35@2": 0.3405639913232104, "05T35@2": 0.35268817204301034, "06T41@3": 0.0, "07T09@3": 0.0, "BUYER": 0.0, "SELLER": 0.0}