{"00T06@0": 0.1111111111111111, "01T06@0": 0.06666666666666667, "02T06@1": 0.0, "03T10@1": 0.9431438127090301, "04T10@2": 0.029649595687331564, "05T10@2": 0.022727272727272728, "BUYER": 0.0, "SELLER": 0.0}