{"00T35@0": 0.4089887640449439, "01T35@0": 0.43750000000000017, "02T35@1": 0.893491124260355, "03T22@1": 0.2983870967741932, "04T35@2": 0.5476419634263713, "05T35@2": 0.53440150801131, "06T16@3": 1.0, "07T38@3": 0.0, "BUYER": 0.0, "SELLER": 0.0}