{"00T23@0": 0.42571428571428555, "01T22@0": 0.12962962962962962, "02T35@1": 0.8585858585858589, "03T22@1": 0.07246376811594202, "04T40@2": 0.0, "05T20@2": 1.0, "BUYER": 0.0, "SELLER": 0.0}