{"00T20@0": 0.0, "01T12@0": 0.030501089324618737, "02T29@0": 0.0, "03T12@1": 0.092485549132948, "04T20@1": 0.0, "05T29@1": 0.0, "06T29@1": 0.0, "07T02@2": 0.0, "08T12@2": 0.04273504273504274, "09T20@2": 0.0, "10T02@3": 0.5852713178294573, "11T02@3": 0.6204081632653061, "BUYER": 0.0, "SELLER": 0.0}