{"00T41@0": 0.15679442508710795, "01T35@0": 0.7514285714285711, "02T35@1": 0.6184210526315784, "03T35@1": 0.5787545787545788, "04T20@2": 0.8246753246753253, "05T35@2": 0.6084425036390102, "BUYER": 0.0, "SELLER": 0.0}