{"00T35@0": 0.2217997465145754, "01T35@0": 0.22151898734177214, "02T35@1": 0.0, "03T22@1": 0.0, "04T35@2": 0.4957264957264951, "05T35@2": 0.49572649572649574, "06T29@3": 1.0, "07T26@3": 0.0, "BUYER": 0.0, "SELLER": 0.0}