{"00T06@0": 0.125, "01T22@0": 0.15921288014311258, "02T22@1": 0.5511627906976752, "03T35@1": 0.7512953367875648, "04T26@2": 0.0, "05T35@2": 0.6082802547770702, "BUYER": 0.0, "SELLER": 0.0}