{"00T34@0": 0.11991434689507495, "01T35@0": 0.1710794297352342, "02T36@1": 0.4383561643835616, "03T22@1": 0.39525691699604737, "04T22@2": 0.021072796934865922, "05T22@2": 0.01685393258426966, "BUYER": 0.0, "SELLER": 0.0}