{"00T06@0": 0.0, "01T35@0": 0.06980273141122915, "02T35@1": 0.9145299145299142, "03T35@1": 0.9179331306990881, "04T36@2": 0.007496251874062966, "05T35@2": 0.6685330347144451, "BUYER": 0.0, "SELLER": 0.0}