{"00T41@0": 0.2396694214876033, "01T22@0": 0.23308270676691734, "02T23@1": 0.5868725868725865, "03T22@1": 0.30740740740740735, "04T37@2": 0.0, "05T36@2": 0.06986899563318774, "06T12@3": 0.0, "07T35@3": 0.7571801566579638, "BUYER": 0.0, "SELLER": 0.0}