{"00T35@0": 0.3155737704918033, "01T23@0": 0.3546099290780142, "02T22@1": 0.0, "03T23@1": 0.9021739130434783, "04T12@2": 0.17415730337078653, "05T22@2": 0.0, "06T20@3": 0.0, "07T23@3": 0.3386243386243386, "08T41@4": 0.47058823529411764, "09T24@4": 1.0, "BUYER": 0.0, "SELLER": 0.0}