{"00T37@0": 0.040772532188841235, "01T22@0": 0.19923371647509563, "02T22@1": 0.5940054495912801, "03T35@1": 0.615384615384615, "04T26@2": 0.0043196544276457825, "05T35@2": 0.5877976190476185, "BUYER": 0.0, "SELLER": 0.0}