{"00T08@0": 0.006012024048096186, "01T22@0": 0.03386454183266932, "02T22@1": 0.9554655870445343, "03T35@1": 0.8362573099415203, "04T41@2": 0.0, "05T35@2": 0.6002538071065993, "BUYER": 0.0, "SELLER": 0.0}