{"00T41@0": 0.2094972067039107, "01T36@0": 0.3215767634854774, "02T22@1": 0.1601941747572816, "03T22@1": 0.13043478260869565, "04T23@2": 0.7966804979253114, "05T23@2": 0.8311111111111111, "06T23@3": 0.674089068825911, "07T35@3": 0.6721649484536083, "BUYER": 0.0, "SELLER": 0.0}