{"time_limit": 10800, "spot_discount": 0.9, "spot_market_global_loss": 0.2, "neg_quota_step": 392, "n_processes": 4, "n_products": 5, "n_steps": 98, "financial_reports_period": 5, "exogenous_horizon": 44, "max_productivity": 1.0, "catalog_prices": [10, 16, 23, 32, 43], "cash_availability": [1.5, 2.5], "expected_productivity": 0.9591836734693877, "expected_mean_profit": 0.07059726169506911, "initial_balance": [25885, 25885, 41231, 41231, 50661, 50661, 67301, 67301]}