{"00T29@0": 0.0, "01T41@0": 0.6499032882011606, "02T23@1": 0.5616438356164386, "03T23@1": 0.5317460317460312, "04T12@2": 0.0, "05T20@2": 0.0, "06T22@3": 0.8636363636363636, "07T22@3": 0.8723404255319149, "08T23@4": 0.5477272727272731, "09T23@4": 0.5095238095238097, "BUYER": 0.0, "SELLER": 0.0}