{"00T15@0": 0.11542857142857123, "01T35@0": 0.6403846153846154, "02T35@1": 0.6259541984732826, "03T35@1": 0.6068702290076334, "04T08@2": 0.17463617463617462, "05T35@2": 0.7588357588357584, "BUYER": 0.0, "SELLER": 0.0}