{"00T07@0": 0.007547169811320748, "01T07@0": 0.015873015873015858, "02T37@1": 0.45454545454545453, "03T37@1": 0.27380952380952384, "04T07@2": 0.3541666666666667, "05T37@2": 0.07220216606498195, "BUYER": 0.0, "SELLER": 0.0}