{"00T35@0": 0.20833333333333337, "01T22@0": 0.290050590219224, "02T22@1": 0.19005847953216382, "03T23@1": 0.168, "04T23@2": 0.7592592592592591, "05T23@2": 0.7570850202429149, "06T41@3": 0.4958448753462603, "07T22@3": 0.0, "08T37@4": 0.43825665859564167, "09T35@4": 0.671353251318102, "BUYER": 0.0, "SELLER": 0.0}