{"time_limit": 10800, "spot_discount": 0.9, "spot_market_global_loss": 0.2, "neg_quota_step": 470, "n_processes": 5, "n_products": 6, "n_steps": 94, "financial_reports_period": 5, "exogenous_horizon": 27, "max_productivity": 1.0, "catalog_prices": [10, 24, 38, 57, 66, 74], "cash_availability": [1.5, 2.5], "expected_productivity": 0.9468085106382979, "expected_mean_profit": 0.06434673205360807, "initial_balance": [33457, 33457, 56701, 56701, 83731, 83731, 106182, 106182, 124495, 124495]}