{"00T35@0": 0.575956284153006, "01T22@0": 0.0, "02T12@1": 0.009656652360515022, "03T22@1": 0.012232415902140657, "04T35@2": 0.3178484107579463, "05T23@2": 0.2842105263157894, "06T20@3": 0.0, "07T22@3": 0.0, "08T23@4": 0.8242677824267782, "09T23@4": 0.802, "BUYER": 0.0, "SELLER": 0.0}