{"00T35@0": 0.06722689075630243, "01T22@0": 0.028953229398663672, "02T29@1": 0.0, "03T35@1": 0.6951871657754007, "04T20@2": 0.816742081447964, "05T35@2": 0.827519379844961, "BUYER": 0.0, "SELLER": 0.0}