{"00T34@0": 0.00313479623824451, "01T34@0": 0.006349206349206341, "02T24@1": 0.0, "03T34@1": 1.0, "04T24@2": 0.9715639810426541, "05T24@2": 1.0, "BUYER": 0.0, "SELLER": 0.0}