{"time_limit": 10800, "spot_discount": 0.9, "spot_market_global_loss": 0.2, "neg_quota_step": 238, "n_processes": 3, "n_products": 4, "n_steps": 53, "financial_reports_period": 5, "exogenous_horizon": 14, "max_productivity": 1.0, "catalog_prices": [10, 18, 23, 33], "cash_availability": [1.5, 2.5], "expected_productivity": 1.2578616352201257, "expected_mean_profit": 0.06646655231560893, "initial_balance": [14080, 14080, 14080, 14080, 24552, 24552, 24552, 51612, 51612]}