{"00T35@0": 0.6551020408163267, "01T35@0": 0.4019138755980864, "02T20@1": 0.3946731234866828, "03T22@1": 0.004504504504504502, "04T38@2": 0.013698630136986297, "05T35@2": 0.8235294117647058, "06T22@3": 0.0, "07T35@3": 0.5414847161572056, "BUYER": 0.0, "SELLER": 0.0}