{"00T40@0": 0.04359673024523162, "01T22@0": 0.041237113402061876, "02T29@1": 0.0, "03T23@1": 0.45930232558139533, "04T23@2": 0.0, "05T22@2": 0.4032258064516129, "06T35@3": 0.7216494845360828, "07T23@3": 0.761658031088083, "08T22@4": 0.0, "09T22@4": 0.0, "BUYER": 0.0, "SELLER": 0.0}