{"00T09@0": 0.0, "01T22@0": 0.18316831683168314, "02T22@1": 0.14450867052023125, "03T35@1": 0.8050541516245486, "04T38@2": 0.0718562874251497, "05T35@2": 0.6735537190082649, "BUYER": 0.0, "SELLER": 0.0}