{"00T35@0": 0.5542986425339368, "01T22@0": 0.1724137931034484, "02T41@1": 0.0, "03T35@1": 0.7479338842975206, "04T03@2": 0.3333333333333333, "05T35@2": 0.6659482758620693, "BUYER": 0.0, "SELLER": 0.0}