{"00T41@0": 0.0, "01T06@0": 0.03278688524590163, "02T06@1": 0.0, "03T06@1": 0.0, "04T41@2": 0.970873786407767, "05T41@2": 0.9439252336448598, "BUYER": 0.0, "SELLER": 0.0}