{"00T12@0": 0.0, "01T29@0": 0.0, "02T37@1": 0.7613636363636364, "03T29@1": 0.0, "04T37@2": 0.35964912280701744, "05T29@2": 1.0, "06T12@2": 0.0, "07T12@2": 0.0, "08T37@2": 0.6989247311827954, "BUYER": 0.0, "SELLER": 0.0}