{"time_limit": 10800, "spot_discount": 0.9, "spot_market_global_loss": 0.2, "neg_quota_step": 48, "n_processes": 4, "n_products": 5, "n_steps": 8, "financial_reports_period": 5, "exogenous_horizon": 3, "max_productivity": 1.0, "catalog_prices": [10, 17, 24, 35, 43], "cash_availability": [1.5, 2.5], "expected_productivity": 0.3333333333333333, "expected_mean_profit": 0.06705491754204539, "initial_balance": [1330, 1330, 902, 902, 902, 902, 1708, 1708, 1708, 2327, 2327, 2327]}