{"00T29@0": 0.0, "01T12@0": 0.0, "02T29@0": 0.0, "03T12@1": 0.06857142857142855, "04T37@1": 0.7777777777777778, "05T40@2": 0.0, "06T29@2": 0.0, "07T37@2": 0.1538461538461538, "08T12@2": 0.0, "09T40@3": 0.7305389221556883, "10T40@3": 0.808641975308642, "11T37@3": 0.719298245614035, "BUYER": 0.0, "SELLER": 0.0}