{"time_limit": 10800, "spot_discount": 0.9, "spot_market_global_loss": 0.2, "neg_quota_step": 450, "n_processes": 4, "n_products": 5, "n_steps": 75, "financial_reports_period": 5, "exogenous_horizon": 25, "max_productivity": 1.0, "catalog_prices": [10, 17, 26, 37, 50], "cash_availability": [1.5, 2.5], "expected_productivity": 0.9466666666666667, "expected_mean_profit": 0.07188475414835042, "initial_balance": [24696, 24696, 24696, 64829, 64829, 40707, 40707, 40707, 40707, 72384, 72384, 72384]}