{"time_limit": 10800, "spot_discount": 0.9, "spot_market_global_loss": 0.2, "neg_quota_step": 315, "n_processes": 5, "n_products": 6, "n_steps": 63, "financial_reports_period": 5, "exogenous_horizon": 24, "max_productivity": 1.0, "catalog_prices": [10, 14, 23, 37, 54, 67], "cash_availability": [1.5, 2.5], "expected_productivity": 0.9206349206349206, "expected_mean_profit": 0.09913492395702525, "initial_balance": [14848, 14848, 22501, 22501, 31695, 31695, 51739, 51739, 65559, 65559]}