{"00T35@0": 0.12311557788944728, "01T22@0": 0.04597701149425281, "02T09@1": 0.0, "03T35@1": 0.6844444444444442, "04T41@2": 0.37373737373737376, "05T35@2": 0.7687224669603524, "BUYER": 0.0, "SELLER": 0.0}