{"00T35@0": 0.11260053619302952, "01T22@0": 0.020618556701030927, "02T29@1": 0.0, "03T22@1": 0.18750000000000003, "04T29@2": 0.0, "05T26@2": 0.410958904109589, "06T26@3": 0.2710843373493976, "07T26@3": 0.2229299363057325, "08T29@4": 1.0, "09T35@4": 0.6618852459016397, "BUYER": 0.0, "SELLER": 0.0}