{"00T37@0": 0.0, "01T24@0": 0.18181818181818182, "02T12@1": 0.0, "03T41@1": 0.8571428571428571, "04T37@1": 0.5, "05T37@1": 0.0, "06T12@2": 0.375, "07T41@2": 0.0, "08T41@2": 0.4, "09T12@3": 0.07692307692307693, "10T24@3": 1.0, "11T24@3": 1.0, "BUYER": 0.0, "SELLER": 0.0}