,balance,assets,bankrupt,agent_id,step
0,1193.0,190.0,False,00T37@0,0.0
1,1173.0,369.5824895771292,False,00T37@0,5.0
2,1193.0,100.0,False,01T24@0,0.0
3,895.0,310.0,False,01T24@0,5.0
4,955.0,0.0,False,02T12@1,0.0
5,951.0,100.40955951265228,False,02T12@1,5.0
6,955.0,0.0,False,03T41@1,0.0
7,745.0,87.99583085169745,False,03T41@1,5.0
8,955.0,0.0,False,04T37@1,0.0
9,927.0,25.102389878163066,False,04T37@1,5.0
10,955.0,0.0,False,05T37@1,0.0
11,860.0,125.51194939081532,False,05T37@1,5.0
12,1819.0,0.0,False,06T12@2,0.0
13,1827.0,0.0,False,06T12@2,5.0
14,1819.0,0.0,False,07T41@2,0.0
15,1791.0,50.20477975632613,False,07T41@2,5.0
16,1819.0,0.0,False,08T41@2,0.0
17,1457.0,75.3071696344892,False,08T41@2,5.0
18,2492.0,0.0,False,09T12@3,0.0
19,2730.0,212.0,False,09T12@3,5.0
20,2492.0,0.0,False,10T24@3,0.0
21,2270.0,0.0,False,10T24@3,5.0
22,2492.0,0.0,False,11T24@3,0.0
23,2351.0,0.0,False,11T24@3,5.0
24,,,,,
25,,,,,
26,,,,,
27,,,,,
