{"00T35@0": 0.36666666666666664, "01T23@0": 0.6724137931034485, "02T38@1": 0.0, "03T22@1": 0.0, "04T40@2": 0.6811594202898551, "05T22@2": 0.7000000000000001, "BUYER": 0.0, "SELLER": 0.0}