{"00T41@0": 0.256637168141593, "01T35@0": 0.17529880478087662, "02T36@1": 0.16568047337278116, "03T23@1": 0.3307086614173229, "04T23@2": 0.7975460122699385, "05T23@2": 0.6954022988505744, "06T35@3": 0.6495468277945625, "07T35@3": 0.6278317152103559, "BUYER": 0.0, "SELLER": 0.0}