{"00T19@0": 0.0, "01T22@0": 0.05828220858895703, "02T29@1": 0.0, "03T35@1": 0.8831775700934578, "04T23@2": 0.7995444191343961, "05T23@2": 0.7908045977011494, "BUYER": 0.0, "SELLER": 0.0}