{"00T12@0": 0.022556390977443608, "01T40@0": 0.05084745762711865, "02T12@1": 0.039783001808318244, "03T40@1": 0.6857142857142858, "04T12@2": 0.0, "05T40@2": 0.9282051282051282, "BUYER": 0.0, "SELLER": 0.0}