{"00T24@0": 0.0, "01T19@0": 0.0, "02T24@1": 1.0, "03T22@1": 1.0, "04T22@2": 0.0, "05T23@2": 0.046875, "06T19@3": 0.0, "07T24@3": 0.25806451612903225, "08T19@4": 1.0, "09T23@4": 0.9764705882352941, "BUYER": 0.0, "SELLER": 0.0}