{"00T06@0": 0.0, "01T06@0": 0.0, "02T40@1": 0.2222222222222222, "03T22@1": 0.13333333333333333, "04T06@2": 0.0, "05T40@2": 0.7413793103448276, "06T40@3": 0.9291338582677166, "07T22@3": 0.11016949152542378, "BUYER": 0.0, "SELLER": 0.0}