{"00T20@0": 0.05496453900709218, "01T22@0": 0.11059190031152648, "02T22@1": 0.6510416666666671, "03T35@1": 0.654255319148936, "04T26@2": 0.0424778761061947, "05T35@2": 0.7637906647807637, "BUYER": 0.0, "SELLER": 0.0}