{"00T35@0": 0.09171075837742498, "01T22@0": 0.024948024948024963, "02T16@1": 0.0, "03T35@1": 0.6255707762557073, "04T24@2": 1.0, "05T35@2": 0.8103975535168192, "BUYER": 0.0, "SELLER": 0.0}