{"00T14@0": 0.0, "01T22@0": 0.27958833619210965, "02T22@1": 0.19213973799126652, "03T22@1": 0.16666666666666666, "04T36@2": 0.04020100502512562, "05T22@2": 0.09051724137931036, "06T22@3": 0.37913486005089053, "07T35@3": 0.848780487804878, "08T35@4": 0.6893939393939394, "09T22@4": 0.0, "BUYER": 0.0, "SELLER": 0.0}