{"time_limit": 10800, "spot_discount": 0.9, "spot_market_global_loss": 0.2, "neg_quota_step": 480, "n_processes": 5, "n_products": 6, "n_steps": 96, "financial_reports_period": 5, "exogenous_horizon": 43, "max_productivity": 1.0, "catalog_prices": [10, 22, 29, 33, 50, 61], "cash_availability": [1.5, 2.5], "expected_productivity": 0.9479166666666666, "expected_mean_profit": 0.06267956026427646, "initial_balance": [34601, 34601, 49115, 49115, 62474, 62474, 82273, 82273, 102554, 102554]}