{"time_limit": 10800, "spot_discount": 0.9, "spot_market_global_loss": 0.2, "neg_quota_step": 344, "n_processes": 4, "n_products": 5, "n_steps": 86, "financial_reports_period": 5, "exogenous_horizon": 42, "max_productivity": 1.0, "catalog_prices": [10, 20, 29, 40, 53], "cash_availability": [1.5, 2.5], "expected_productivity": 0.9534883720930233, "expected_mean_profit": 0.08841418817211912, "initial_balance": [32015, 32015, 44466, 44466, 55582, 55582, 79860, 79860]}