{"00T22@0": 0.1255172413793106, "01T22@0": 0.14529914529914537, "02T35@1": 0.5048543689320388, "03T35@1": 0.5642201834862384, "04T24@2": 1.0, "05T08@2": 0.2666666666666667, "06T22@3": 0.5233644859813084, "07T35@3": 0.7467532467532467, "BUYER": 0.0, "SELLER": 0.0}