{"00T02@0": 0.0, "01T12@0": 0.0, "02T20@1": 0.0, "03T02@1": 0.0, "04T02@2": 1.0, "05T20@2": 0.0, "06T20@3": 0.0, "07T22@3": 0.8714285714285713, "08T12@4": 0.024390243902439025, "09T12@4": 0.0, "BUYER": 0.0, "SELLER": 0.0}