{"time_limit": 10800, "spot_discount": 0.9, "spot_market_global_loss": 0.2, "neg_quota_step": 375, "n_processes": 5, "n_products": 6, "n_steps": 75, "financial_reports_period": 5, "exogenous_horizon": 19, "max_productivity": 1.0, "catalog_prices": [10, 22, 28, 43, 54, 67], "cash_availability": [1.5, 2.5], "expected_productivity": 0.9333333333333333, "expected_mean_profit": 0.07871245289041558, "initial_balance": [25611, 25611, 35779, 35779, 55288, 55288, 71407, 71407, 87602, 87602]}