{"00T35@0": 0.4673913043478261, "01T23@0": 0.5281690140845071, "02T22@1": 0.0, "03T22@1": 0.003676470588235291, "04T34@2": 0.9724770642201835, "05T26@2": 0.007905138339920941, "BUYER": 0.0, "SELLER": 0.0}