{"00T15@0": 0.1826215022091311, "01T35@0": 0.6886446886446884, "02T35@1": 0.6066481994459832, "03T35@1": 0.6005586592178768, "04T37@2": 0.5, "05T35@2": 0.6244444444444445, "BUYER": 0.0, "SELLER": 0.0}