{"time_limit": 10800, "spot_discount": 0.9, "spot_market_global_loss": 0.2, "neg_quota_step": 300, "n_processes": 4, "n_products": 5, "n_steps": 50, "financial_reports_period": 5, "exogenous_horizon": 18, "max_productivity": 1.0, "catalog_prices": [10, 21, 33, 44, 57], "cash_availability": [1.5, 2.5], "expected_productivity": 1.2266666666666666, "expected_mean_profit": 0.07938211975944569, "initial_balance": [16799, 16799, 16799, 16799, 35836, 35836, 35836, 75592, 75592, 57487, 57487, 57487]}