{"00T22@0": 0.20057306590257876, "01T23@0": 0.24107142857142858, "02T37@1": 0.012048192771084338, "03T23@1": 0.27692307692307694, "04T29@2": 0.0, "05T23@2": 0.6692913385826773, "06T23@3": 0.876, "07T22@3": 0.0, "08T12@4": 0.0, "09T23@4": 0.6303191489361702, "BUYER": 0.0, "SELLER": 0.0}