{"time_limit": 10800, "spot_discount": 0.9, "spot_market_global_loss": 0.2, "neg_quota_step": 285, "n_processes": 5, "n_products": 6, "n_steps": 57, "financial_reports_period": 5, "exogenous_horizon": 20, "max_productivity": 1.0, "catalog_prices": [10, 23, 32, 38, 45, 57], "cash_availability": [1.5, 2.5], "expected_productivity": 0.9122807017543859, "expected_mean_profit": 0.09679185371728895, "initial_balance": [14805, 14805, 23905, 23905, 30000, 30000, 33963, 33963, 43455, 43455]}