{"00T35@0": 0.09119496855345914, "01T22@0": 0.06389776357827473, "02T13@1": 0.0, "03T35@1": 0.6737967914438502, "04T36@2": 0.02824858757062147, "05T35@2": 0.7664835164835162, "BUYER": 0.0, "SELLER": 0.0}