{"00T19@0": 0.0, "01T26@0": 0.08415841584158418, "02T22@1": 0.6409266409266408, "03T23@1": 0.86046511627907, "04T22@2": 0.015748031496062978, "05T35@2": 0.6713286713286712, "BUYER": 0.0, "SELLER": 0.0}