{"00T35@0": 0.23705722070844687, "01T35@0": 0.23803009575923384, "02T35@1": 0.9776951672862454, "03T22@1": 0.6032504780114718, "04T35@2": 0.2810047095761382, "05T35@2": 0.2686335403726708, "06T24@3": 1.0, "07T34@3": 0.4147104851330205, "BUYER": 0.0, "SELLER": 0.0}