{"00T22@0": 0.0, "01T35@0": 0.006230529595015568, "02T16@1": 0.0, "03T06@1": 0.0, "04T35@2": 0.9883381924198251, "05T35@2": 0.9965986394557823, "BUYER": 0.0, "SELLER": 0.0}