{"00T20@0": 0.0, "01T41@0": 0.18274111675126903, "02T41@1": 0.13414634146341464, "03T12@1": 0.5, "04T12@2": 0.0, "05T22@2": 0.6176470588235294, "06T41@3": 0.762962962962963, "07T20@3": 0.0, "08T12@4": 0.0, "09T20@4": 1.0, "BUYER": 0.0, "SELLER": 0.0}