{"00T34@0": 0.0, "01T35@0": 0.19383259911894266, "02T34@1": 0.5089285714285713, "03T24@1": 0.0, "04T24@2": 0.0, "05T35@2": 0.47486033519553095, "06T24@3": 1.0, "07T34@3": 0.5186440677966103, "BUYER": 0.0, "SELLER": 0.0}