{"00T29@0": 0.0, "01T12@0": 0.0, "02T12@1": 0.013698630136986297, "03T02@1": 0.16931216931216936, "04T29@2": 0.0, "05T35@2": 0.5670588235294122, "06T12@3": 0.0, "07T29@3": 0.0, "08T02@4": 0.5777126099706739, "09T02@4": 0.5662983425414362, "BUYER": 0.0, "SELLER": 0.0}