{"00T38@0": 0.0, "01T29@0": 0.0, "02T29@1": 0.0, "03T38@1": 0.02611940298507464, "04T29@2": 0.0, "05T35@2": 0.8148820326678766, "06T38@3": 0.0, "07T35@3": 0.7477477477477478, "BUYER": 0.0, "SELLER": 0.0}