{"00T35@0": 0.6511156186612574, "01T35@0": 0.6808943089430898, "02T22@1": 0.0027932960893854697, "03T22@1": 0.0028011204481792665, "04T22@2": 0.0, "05T22@2": 0.0, "06T38@3": 0.0, "07T24@3": 0.25, "08T22@4": 1.0, "09T22@4": 0.9842105263157894, "BUYER": 0.0, "SELLER": 0.0}