{"00T00@0": 0.0, "01T37@0": 0.0, "02T37@1": 0.38095238095238093, "03T22@1": 0.4893617021276598, "04T00@2": 0.0, "05T00@2": 0.0, "06T37@3": 0.21666666666666648, "07T22@3": 0.21238938053097345, "BUYER": 0.0, "SELLER": 0.0}