{"00T36@0": 0.2402745995423341, "01T38@0": 0.0, "02T36@1": 0.02027027027027025, "03T23@1": 0.48926014319809075, "04T38@2": 0.05617977528089889, "05T35@2": 0.7159090909090907, "06T36@3": 0.008230452674897115, "07T38@3": 0.0, "BUYER": 0.0, "SELLER": 0.0}