{"00T36@0": 0.24795640326975454, "01T41@0": 0.16783216783216778, "02T41@1": 0.4425287356321838, "03T36@1": 0.24861878453038666, "04T41@2": 0.4749262536873156, "05T35@2": 0.8727272727272727, "06T36@3": 0.0, "07T23@3": 0.6102941176470583, "BUYER": 0.0, "SELLER": 0.0}