{"00T29@0": 0.0, "01T22@0": 0.32397408207343426, "02T41@1": 0.7024539877300616, "03T35@1": 0.0, "04T23@2": 0.5117187500000001, "05T35@2": 0.48148148148148134, "06T22@3": 0.0, "07T23@3": 0.9133858267716536, "08T22@4": 0.0, "09T22@4": 0.0, "BUYER": 0.0, "SELLER": 0.0}