{"time_limit": 10800, "spot_discount": 0.9, "spot_market_global_loss": 0.2, "neg_quota_step": 365, "n_processes": 5, "n_products": 6, "n_steps": 73, "financial_reports_period": 5, "exogenous_horizon": 35, "max_productivity": 1.0, "catalog_prices": [10, 21, 31, 49, 66, 83], "cash_availability": [1.5, 2.5], "expected_productivity": 0.9315068493150684, "expected_mean_profit": 0.10355356430478412, "initial_balance": [22314, 22314, 33470, 33470, 49028, 49028, 68180, 68180, 87704, 87704]}