{"00T22@0": 0.09036860879904875, "01T23@0": 0.2753792298716447, "02T22@1": 0.0, "03T23@1": 0.6569037656903771, "04T05@2": 1.0, "05T12@2": 0.0, "BUYER": 0.0, "SELLER": 0.0}