{"00T35@0": 0.09874608150470225, "01T22@0": 0.03290676416819011, "02T14@1": 0.0, "03T35@1": 0.6607773851590102, "04T33@2": 0.2805555555555555, "05T35@2": 0.8195804195804193, "BUYER": 0.0, "SELLER": 0.0}