{"00T10@0": 0.021739130434782608, "01T22@0": 0.023809523809523808, "02T35@1": 0.7812499999999999, "03T22@1": 0.06666666666666667, "04T37@2": 0.0, "05T35@2": 0.0, "06T35@3": 0.8571428571428573, "07T35@3": 0.8571428571428571, "BUYER": 0.0, "SELLER": 0.0}