{"00T35@0": 0.7357723577235772, "01T22@0": 0.03736263736263736, "02T34@1": 0.5627530364372465, "03T20@1": 0.42950819672131146, "04T22@2": 0.010526315789473668, "05T35@2": 0.7032967032967036, "BUYER": 0.0, "SELLER": 0.0}