{"00T41@0": 0.23076923076923078, "01T38@0": 0.0, "02T22@1": 0.06250000000000003, "03T22@1": 0.0432098765432099, "04T41@2": 0.005747126436781609, "05T38@2": 0.0, "06T41@3": 0.04022988505747129, "07T38@3": 0.0, "BUYER": 0.0, "SELLER": 0.0}