{"00T37@0": 0.06145251396648048, "01T12@0": 0.0, "02T23@1": 0.5021834061135373, "03T22@1": 0.18478260869565216, "04T29@2": 1.0, "05T22@2": 0.0, "BUYER": 0.0, "SELLER": 0.0}