{"00T20@0": 0.0, "01T12@0": 0.0205761316872428, "02T12@1": 0.014799154334038053, "03T20@1": 0.0, "04T35@2": 0.49470899470899427, "05T22@2": 0.5874999999999999, "06T12@3": 0.0, "07T20@3": 1.0, "BUYER": 0.0, "SELLER": 0.0}