{"00T12@0": 0.027463651050080768, "01T29@0": 0.0, "02T12@1": 0.10172143974960872, "03T29@1": 0.0, "04T12@2": 0.02004454342984409, "05T22@2": 0.8536585365853658, "06T22@3": 0.411764705882353, "07T23@3": 0.44776119402985065, "08T29@4": 1.0, "09T35@4": 0.6706408345752612, "BUYER": 0.0, "SELLER": 0.0}