{"00T35@0": 0.24129930394431554, "01T23@0": 0.4038461538461538, "02T37@1": 0.0, "03T37@1": 0.0, "04T29@2": 0.0, "05T29@2": 0.0, "06T37@3": 1.0, "07T29@3": 1.0, "BUYER": 0.0, "SELLER": 0.0}