{"time_limit": 10800, "spot_discount": 0.9, "spot_market_global_loss": 0.2, "neg_quota_step": 212, "n_processes": 4, "n_products": 5, "n_steps": 53, "financial_reports_period": 5, "exogenous_horizon": 23, "max_productivity": 1.0, "catalog_prices": [10, 18, 27, 39, 49], "cash_availability": [1.5, 2.5], "expected_productivity": 0.9245283018867925, "expected_mean_profit": 0.09996273434364668, "initial_balance": [14060, 14060, 23152, 23152, 28730, 28730, 38712, 38712]}