{"00T35@0": 0.5218855218855221, "01T35@0": 0.4166666666666666, "02T35@1": 0.7228915662650602, "03T22@1": 0.0, "04T29@2": 0.0, "05T37@2": 0.02702702702702703, "06T35@3": 0.8920454545454546, "07T35@3": 0.8806818181818182, "08T22@4": 0.0, "09T22@4": 0.0, "BUYER": 0.0, "SELLER": 0.0}