{"00T03@0": 0.0625, "01T35@0": 0.25, "02T35@1": 0.7037037037037037, "03T35@1": 0.6774193548387096, "04T41@2": 0.0, "05T35@2": 0.34210526315789475, "BUYER": 0.0, "SELLER": 0.0}