{"00T35@0": 0.6118326118326117, "01T22@0": 0.12274959083469732, "02T26@1": 0.08630952380952384, "03T35@1": 0.6625, "04T40@2": 0.0, "05T35@2": 0.7179144385026744, "BUYER": 0.0, "SELLER": 0.0}