{"00T33@0": 0.0046082949308755726, "01T33@0": 0.0, "02T34@1": 0.375, "03T22@1": 0.18478260869565216, "04T33@2": 0.13793103448275865, "05T34@2": 0.64, "06T34@3": 0.9173553719008265, "07T22@3": 0.037037037037037014, "BUYER": 0.0, "SELLER": 0.0}