{"00T22@0": 0.19578313253012036, "01T22@0": 0.2054380664652569, "02T35@1": 0.6580310880829016, "03T35@1": 0.6000000000000001, "04T22@2": 0.029154518950437316, "05T35@2": 0.9398496240601504, "06T35@3": 0.7216981132075474, "07T22@3": 0.00412371134020618, "08T24@4": 0.9875776397515528, "09T37@4": 0.0, "BUYER": 0.0, "SELLER": 0.0}