{"00T37@0": 0.05787781350482313, "01T22@0": 0.05825242718446602, "02T23@1": 0.7318840579710145, "03T22@1": 0.4088669950738916, "04T22@2": 0.031007751937984496, "05T22@2": 0.04861111111111113, "06T19@3": 0.0, "07T35@3": 0.7034482758620689, "08T22@4": 0.5714285714285714, "09T23@4": 0.8279220779220781, "BUYER": 0.0, "SELLER": 0.0}