{"00T41@0": 0.3261802575107297, "01T37@0": 0.03941908713692942, "02T36@1": 0.37012987012987003, "03T37@1": 0.13402061855670103, "04T41@2": 0.3491379310344829, "05T41@2": 0.43514644351464427, "06T37@2": 0.21739130434782616, "07T36@3": 0.017777777777777757, "08T36@3": 0.024943310657596397, "BUYER": 0.0, "SELLER": 0.0}