{"00T34@0": 0.18875502008032127, "01T35@0": 0.1336206896551724, "02T24@1": 0.8888888888888888, "03T22@1": 0.16379310344827586, "04T22@2": 0.04020100502512562, "05T22@2": 0.019323671497584537, "BUYER": 0.0, "SELLER": 0.0}