{"00T41@0": 0.165680473372781, "01T22@0": 0.05047318611987375, "02T24@1": 0.18181818181818182, "03T23@1": 0.6774193548387096, "04T23@2": 0.8066037735849055, "05T23@2": 0.7844036697247702, "06T23@3": 0.6446280991735538, "07T35@3": 0.6585858585858588, "BUYER": 0.0, "SELLER": 0.0}