{"00T23@0": 0.0, "01T22@0": 0.296296296296296, "02T35@1": 0.583333333333333, "03T23@1": 0.6263157894736844, "04T36@2": 0.0, "05T29@2": 1.0, "BUYER": 0.0, "SELLER": 0.0}