{"00T10@0": 0.10393258426966294, "01T36@0": 0.07121661721068243, "02T35@1": 0.7947368421052632, "03T35@1": 0.8192090395480226, "04T23@2": 0.7230046948356808, "05T23@2": 0.6972704714640195, "BUYER": 0.0, "SELLER": 0.0}