{"00T20@0": 0.0, "01T35@0": 0.16129032258064505, "02T20@1": 0.0, "03T36@1": 0.3446808510638297, "04T23@2": 0.0, "05T22@2": 0.06382978723404258, "06T20@3": 0.0, "07T35@3": 0.7182320441988947, "08T36@4": 0.0, "09T36@4": 0.0, "BUYER": 0.0, "SELLER": 0.0}