{"00T20@0": 0.14611005692599618, "01T22@0": 0.3198653198653198, "02T35@1": 0.34657039711191334, "03T35@1": 0.453125, "04T15@2": 0.6438923395445141, "05T35@2": 0.959731543624161, "06T22@3": 0.0, "07T22@3": 0.0, "BUYER": 0.0, "SELLER": 0.0}