{"00T22@0": 0.18096234309623452, "01T22@0": 0.16983122362869196, "02T35@1": 0.3712121212121214, "03T35@1": 0.35156250000000017, "04T06@2": 0.0, "05T26@2": 0.6631393298059961, "06T22@3": 0.02313624678663239, "07T35@3": 0.7692307692307686, "BUYER": 0.0, "SELLER": 0.0}