,balance,assets,bankrupt,agent_id,step
0,1589.0,200.0,False,00T41@0,0.0
1,1276.0,700.9322033898304,False,00T41@0,5.0
2,1649.0,119.0,False,01T41@0,0.0
3,1316.0,638.6271186440678,False,01T41@0,5.0
4,2861.0,0.0,False,02T06@1,0.0
5,3117.0,124.72727272727272,False,02T06@1,5.0
6,2861.0,0.0,False,03T06@1,0.0
7,2861.0,0.0,False,03T06@1,5.0
8,4248.0,0.0,False,04T06@2,0.0
9,4248.0,0.0,False,04T06@2,5.0
10,4248.0,0.0,False,05T41@2,0.0
11,3950.0,234.0,False,05T41@2,5.0
12,,,,,
13,,,,,
14,,,,,
15,,,,,
