{"00T20@0": 0.0, "01T22@0": 0.0, "02T24@1": 1.0, "03T35@1": 0.8778625954198473, "04T22@2": 0.10964912280701754, "05T35@2": 0.8132387706855794, "BUYER": 0.0, "SELLER": 0.0}