{"00T40@0": 0.06262626262626272, "01T35@0": 0.3912363067292645, "02T38@1": 0.0, "03T22@1": 0.09045226130653267, "04T22@2": 0.3809523809523809, "05T23@2": 0.6933333333333331, "06T22@3": 0.0, "07T22@3": 0.0, "BUYER": 0.0, "SELLER": 0.0}