{"00T08@0": 0.06290672451193052, "01T35@0": 0.5507559395248379, "02T15@1": 0.30268199233716475, "03T22@1": 0.2947368421052635, "04T22@2": 0.024390243902439004, "05T22@2": 0.019342359767891677, "BUYER": 0.0, "SELLER": 0.0}