{"00T23@0": 0.015384615384615368, "01T23@0": 0.016260162601626008, "02T32@1": 1.0, "03T35@1": 0.9378238341968912, "04T36@2": 0.0, "05T23@2": 0.6684397163120563, "BUYER": 0.0, "SELLER": 0.0}