{"00T18@0": 0.0, "01T35@0": 0.38461538461538464, "02T15@1": 0.05511811023622047, "03T15@1": 0.06299212598425197, "04T18@2": 0.0, "05T35@2": 0.0, "06T18@3": 0.0, "07T35@3": 1.0, "08T15@4": 0.0, "09T22@4": 0.0043859649122807, "BUYER": 0.0, "SELLER": 0.0}