{"00T35@0": 0.14315352697095454, "01T22@0": 0.15094339622641503, "02T17@1": 0.15469613259668513, "03T35@1": 0.5974842767295594, "04T14@2": 1.0, "05T35@2": 0.7478991596638659, "BUYER": 0.0, "SELLER": 0.0}