{"00T22@0": 0.035422343324250684, "01T35@0": 0.6269230769230768, "02T40@1": 0.08502024291497977, "03T29@1": 0.0, "04T35@2": 0.9158878504672897, "05T23@2": 0.8767123287671232, "06T23@3": 0.6778761061946902, "07T23@3": 0.6732495511669658, "BUYER": 0.0, "SELLER": 0.0}