{"time_limit": 10800, "spot_discount": 0.9, "spot_market_global_loss": 0.2, "neg_quota_step": 304, "n_processes": 4, "n_products": 5, "n_steps": 76, "financial_reports_period": 5, "exogenous_horizon": 37, "max_productivity": 1.0, "catalog_prices": [10, 18, 26, 33, 44], "cash_availability": [1.5, 2.5], "expected_productivity": 0.9473684210526315, "expected_mean_profit": 0.13314825594411858, "initial_balance": [15579, 15579, 24536, 24536, 29822, 29822, 41728, 41728]}