{"00T22@0": 0.2225806451612902, "01T35@0": 0.6155988857938715, "02T36@1": 0.39929328621908106, "03T07@1": 0.21568627450980393, "04T35@2": 0.5927051671732521, "05T35@2": 0.6319218241042345, "BUYER": 0.0, "SELLER": 0.0}