{"00T23@0": 0.5653950953678472, "01T22@0": 0.2324159021406727, "02T36@1": 0.0037313432835820864, "03T22@1": 0.0036101083032490937, "04T29@2": 0.0, "05T22@2": 0.4396284829721364, "06T35@3": 0.8279773156899807, "07T22@3": 0.025171624713958833, "BUYER": 0.0, "SELLER": 0.0}