{"00T20@0": 0.254742547425474, "01T22@0": 0.15915119363395236, "02T22@1": 0.21794871794871795, "03T35@1": 0.7280000000000003, "04T15@2": 0.0, "05T35@2": 0.6042553191489359, "BUYER": 0.0, "SELLER": 0.0}