{"00T24@0": 0.0060790273556231, "01T24@0": 0.009063444108761321, "02T23@1": 0.9074074074074074, "03T35@1": 1.0, "04T36@2": 0.4077669902912621, "05T36@2": 0.48148148148148145, "06T24@3": 0.11428571428571428, "07T36@3": 0.4809688581314882, "08T22@4": 0.0, "09T35@4": 0.8215859030837004, "BUYER": 0.0, "SELLER": 0.0}