{"00T20@0": 0.062076749435665955, "01T35@0": 0.09506618531889288, "02T35@1": 0.7049180327868853, "03T35@1": 0.7962382445141066, "04T36@2": 0.0, "05T35@2": 0.7088122605363986, "BUYER": 0.0, "SELLER": 0.0}