{"00T24@0": 0.0, "01T22@0": 0.09185441941074517, "02T22@1": 0.8403361344537815, "03T35@1": 0.828009828009828, "04T18@2": 0.20215053763440857, "05T35@2": 0.6940509915014158, "BUYER": 0.0, "SELLER": 0.0}