{"00T35@0": 0.06557377049180324, "01T22@0": 0.10139860139860139, "02T29@1": 0.0, "03T35@1": 0.6308724832214765, "04T16@2": 1.0, "05T35@2": 0.7468750000000007, "BUYER": 0.0, "SELLER": 0.0}