{"00T35@0": 0.7877461706783376, "01T22@0": 0.22028526148969899, "02T04@1": 0.1187739463601532, "03T35@1": 0.5249999999999999, "04T29@2": 1.0, "05T35@2": 0.7377717391304351, "BUYER": 0.0, "SELLER": 0.0}