{"00T15@0": 0.07754010695187169, "01T35@0": 0.6952054794520547, "02T38@1": 0.0, "03T22@1": 0.19398907103825128, "04T22@2": 0.075, "05T22@2": 0.031948881789137365, "BUYER": 0.0, "SELLER": 0.0}