{"00T34@0": 0.15949367088607583, "01T34@0": 0.15926892950391638, "02T26@1": 0.05952380952380952, "03T26@1": 0.07792207792207782, "04T26@2": 0.28956228956228947, "05T34@2": 0.4567901234567901, "BUYER": 0.0, "SELLER": 0.0}