{"00T08@0": 0.02620087336244543, "01T22@0": 0.07085020242914981, "02T22@1": 0.1554404145077721, "03T35@1": 0.8016877637130797, "04T38@2": 0.12500000000000006, "05T35@2": 0.7369337979094077, "BUYER": 0.0, "SELLER": 0.0}