{"00T09@0": 0.0, "01T07@0": 0.018518518518518517, "02T07@1": 0.0, "03T22@1": 0.05555555555555555, "04T07@2": 0.0, "05T09@2": 0.0, "06T09@3": 0.0, "07T22@3": 0.7096774193548387, "BUYER": 0.0, "SELLER": 0.0}