{"00T35@0": 0.22356495468277943, "01T35@0": 0.2316715542521994, "02T36@1": 0.3806646525679757, "03T19@1": 0.0, "04T23@2": 0.7904191616766468, "05T22@2": 0.223938223938224, "06T22@3": 0.3014084507042252, "07T35@3": 0.6982248520710057, "08T35@4": 0.6739659367396602, "09T23@4": 0.6338797814207645, "BUYER": 0.0, "SELLER": 0.0}