{"time_limit": 10800, "spot_discount": 0.9, "spot_market_global_loss": 0.2, "neg_quota_step": 375, "n_processes": 5, "n_products": 6, "n_steps": 75, "financial_reports_period": 5, "exogenous_horizon": 18, "max_productivity": 1.0, "catalog_prices": [10, 21, 30, 39, 49, 57], "cash_availability": [1.5, 2.5], "expected_productivity": 0.9333333333333333, "expected_mean_profit": 0.07526185219947035, "initial_balance": [23805, 23805, 34121, 34121, 45031, 45031, 55148, 55148, 68836, 68836]}