{"00T35@0": 0.2881944444444447, "01T35@0": 0.29233511586452743, "02T22@1": 0.003115264797507784, "03T22@1": 0.006211180124223594, "04T22@2": 0.19718309859154934, "05T22@2": 0.1900452488687783, "06T34@3": 0.935064935064935, "07T37@3": 0.26548672566371706, "08T22@4": 0.05962059620596212, "09T22@4": 0.0179948586118252, "BUYER": 0.0, "SELLER": 0.0}