{"00T29@0": 0.0, "01T12@0": 0.0, "02T02@1": 0.2647058823529412, "03T29@1": 0.0, "04T02@2": 1.0, "05T12@2": 0.0, "06T29@3": 0.0, "07T22@3": 0.34782608695652173, "08T02@4": 0.7052023121387285, "09T12@4": 0.2857142857142857, "BUYER": 0.0, "SELLER": 0.0}