{"00T22@0": 0.23680823680823682, "01T23@0": 0.4478260869565218, "02T37@1": 0.07960199004975128, "03T22@1": 0.36363636363636354, "04T23@2": 0.5409090909090909, "05T23@2": 0.48767123287671216, "06T40@3": 1.0, "07T12@3": 0.018465909090909092, "BUYER": 0.0, "SELLER": 0.0}