{"time_limit": 10800, "spot_discount": 0.9, "spot_market_global_loss": 0.2, "neg_quota_step": 544, "n_processes": 4, "n_products": 5, "n_steps": 136, "financial_reports_period": 5, "exogenous_horizon": 35, "max_productivity": 1.0, "catalog_prices": [10, 17, 23, 34, 45], "cash_availability": [1.5, 2.5], "expected_productivity": 0.9705882352941176, "expected_mean_profit": 0.06627038316330629, "initial_balance": [39033, 39033, 53605, 53605, 79886, 79886, 101354, 101354]}