{"time_limit": 10800, "spot_discount": 0.9, "spot_market_global_loss": 0.2, "neg_quota_step": 456, "n_processes": 4, "n_products": 5, "n_steps": 76, "financial_reports_period": 5, "exogenous_horizon": 29, "max_productivity": 1.0, "catalog_prices": [10, 14, 24, 37, 45], "cash_availability": [1.5, 2.5], "expected_productivity": 0.631578947368421, "expected_mean_profit": 0.09969569627590204, "initial_balance": [15709, 15709, 15306, 15306, 15306, 17581, 17581, 17581, 17581, 33592, 33592, 33592]}