{"00T22@0": 0.0, "01T35@0": 0.38972809667673697, "02T18@1": 0.041322314049586785, "03T34@1": 0.3954248366013072, "04T35@2": 0.761078998073218, "05T35@2": 0.7796610169491525, "BUYER": 0.0, "SELLER": 0.0}