{"00T20@0": 0.0, "01T41@0": 0.6372315035799528, "02T35@1": 0.35609756097560963, "03T35@1": 0.2752808988764047, "04T20@2": 0.0, "05T41@2": 0.3378378378378378, "06T41@3": 0.7112970711297076, "07T20@3": 0.0, "08T22@4": 0.03883495145631067, "09T22@4": 0.004672897196261679, "BUYER": 0.0, "SELLER": 0.0}