{"00T34@0": 0.030201342281879158, "01T22@0": 0.04266211604095567, "02T22@1": 0.5272206303724922, "03T35@1": 0.8633879781420765, "04T15@2": 0.0, "05T35@2": 0.7304964539007093, "BUYER": 0.0, "SELLER": 0.0}