{"00T15@0": 0.0, "01T40@0": 0.025999999999999978, "02T40@1": 0.42307692307692313, "03T15@1": 0.14659685863874353, "04T40@2": 0.8475836431226764, "05T15@2": 0.025104602510460226, "BUYER": 0.0, "SELLER": 0.0}