{"00T35@0": 0.5033333333333333, "01T23@0": 0.6319018404907973, "02T22@1": 0.26952141057934514, "03T22@1": 0.3170103092783505, "04T26@2": 0.12064965197215781, "05T37@2": 0.04225352112676062, "BUYER": 0.0, "SELLER": 0.0}