{"00T40@0": 0.0, "01T40@0": 0.0, "02T18@1": 0.14285714285714285, "03T18@1": 0.15625, "04T18@2": 0.0, "05T35@2": 0.8947368421052632, "06T40@3": 0.3423913043478262, "07T35@3": 0.7259887005649726, "BUYER": 0.0, "SELLER": 0.0}