{"00T40@0": 0.302395209580838, "01T24@0": 0.0, "02T35@1": 0.552325581395349, "03T23@1": 0.7031249999999999, "04T22@2": 0.03125, "05T23@2": 0.8095238095238095, "06T23@3": 0.7068062827225133, "07T35@3": 0.722543352601156, "08T22@4": 0.0, "09T35@4": 0.5681159420289856, "BUYER": 0.0, "SELLER": 0.0}