{"00T35@0": 0.1814058956916101, "01T35@0": 0.19212962962962957, "02T29@1": 0.0, "03T34@1": 0.35779816513761475, "04T22@2": 0.3883495145631068, "05T35@2": 0.7137254901960782, "06T23@3": 0.8783783783783784, "07T22@3": 0.2556701030927837, "08T22@4": 0.0, "09T22@4": 0.0, "BUYER": 0.0, "SELLER": 0.0}