,balance,assets,bankrupt,agent_id,step
0,1649.0,102.0,False,00T09@0,0.0
1,1259.0,642.2727272727273,False,00T09@0,5.0
2,1579.0,200.0,False,01T21@0,0.0
3,1279.0,499.54545454545456,False,01T21@0,5.0
4,2734.0,0.0,False,02T21@1,0.0
5,2734.0,0.0,False,02T21@1,5.0
6,2734.0,0.0,False,03T09@1,0.0
7,2714.0,260.0,False,03T09@1,5.0
8,3539.0,0.0,False,04T21@2,0.0
9,3314.0,0.0,False,04T21@2,5.0
10,3539.0,0.0,False,05T09@2,0.0
11,3539.0,0.0,False,05T09@2,5.0
12,,,,,
13,,,,,
14,,,,,
15,,,,,
