{"00T19@0": 0.0, "01T26@0": 0.008064516129032253, "02T19@1": 0.0, "03T22@1": 0.015625, "04T26@2": 0.5137614678899082, "05T19@2": 0.0, "06T26@3": 0.037267080745341595, "07T23@3": 0.7565445026178006, "BUYER": 0.0, "SELLER": 0.0}