{"00T22@0": 0.1522198731501057, "01T35@0": 0.6685552407932012, "02T36@1": 0.3929961089494163, "03T10@1": 0.46527777777777796, "04T35@2": 0.7012522361359571, "05T35@2": 0.6896551724137936, "BUYER": 0.0, "SELLER": 0.0}