{"time_limit": 10800, "spot_discount": 0.9, "spot_market_global_loss": 0.2, "neg_quota_step": 445, "n_processes": 5, "n_products": 6, "n_steps": 89, "financial_reports_period": 5, "exogenous_horizon": 18, "max_productivity": 1.0, "catalog_prices": [10, 18, 26, 41, 50, 61], "cash_availability": [1.5, 2.5], "expected_productivity": 0.9438202247191011, "expected_mean_profit": 0.09394447751501704, "initial_balance": [23519, 23519, 37042, 37042, 51741, 51741, 76016, 76016, 88867, 88867]}