{"00T29@0": 0.0, "01T35@0": 0.18424753867791835, "02T35@1": 0.8633540372670807, "03T22@1": 0.014423076923076917, "04T37@2": 0.0, "05T23@2": 0.8315098468271337, "06T12@3": 0.07818930041152264, "07T22@3": 0.0032573289902280093, "08T20@4": 1.0, "09T23@4": 0.6510359869138496, "BUYER": 0.0, "SELLER": 0.0}