{"time_limit": 10800, "spot_discount": 0.9, "spot_market_global_loss": 0.2, "neg_quota_step": 590, "n_processes": 5, "n_products": 6, "n_steps": 118, "financial_reports_period": 5, "exogenous_horizon": 38, "max_productivity": 1.0, "catalog_prices": [10, 20, 32, 45, 58, 68], "cash_availability": [1.5, 2.5], "expected_productivity": 0.9576271186440678, "expected_mean_profit": 0.11482678983833718, "initial_balance": [36354, 36354, 47260, 47260, 67829, 67829, 92129, 92129, 113653, 113653]}