{"00T29@0": 0.0, "01T34@0": 0.1488372093023254, "02T22@1": 0.6153846153846155, "03T23@1": 0.9411764705882353, "04T22@2": 0.0, "05T35@2": 0.56, "BUYER": 0.0, "SELLER": 0.0}