{"00T22@0": 0.0, "01T35@0": 0.16166281755196302, "02T12@1": 0.016260162601626018, "03T40@1": 1.0, "04T22@2": 0.9539473684210527, "05T23@2": 0.7784431137724551, "06T35@3": 0.7174348697394787, "07T22@3": 0.0, "BUYER": 0.0, "SELLER": 0.0}