{"00T35@0": 0.0976491862567812, "01T22@0": 0.02207505518763796, "02T13@1": 0.0, "03T35@1": 0.6637168141592922, "04T33@2": 0.14, "05T35@2": 0.8206349206349206, "BUYER": 0.0, "SELLER": 0.0}