{"time_limit": 10800, "spot_discount": 0.9, "spot_market_global_loss": 0.2, "neg_quota_step": 220, "n_processes": 4, "n_products": 5, "n_steps": 55, "financial_reports_period": 5, "exogenous_horizon": 18, "max_productivity": 1.0, "catalog_prices": [10, 17, 22, 38, 50], "cash_availability": [1.5, 2.5], "expected_productivity": 0.9272727272727272, "expected_mean_profit": 0.11714619512484901, "initial_balance": [14596, 14596, 17417, 17417, 29727, 29727, 39262, 39262]}