{"00T12@0": 0.025641025641025654, "01T12@0": 0.022641509433962276, "02T02@0": 0.05058365758754864, "03T20@1": 0.0, "04T12@1": 0.0, "05T02@1": 0.0, "06T20@2": 0.0, "07T02@2": 0.0, "08T05@3": 1.0, "09T20@3": 1.0, "10T05@3": 1.0, "11T05@3": 1.0, "BUYER": 0.0, "SELLER": 0.0}