{"time_limit": 10800, "spot_discount": 0.9, "spot_market_global_loss": 0.2, "neg_quota_step": 315, "n_processes": 3, "n_products": 4, "n_steps": 70, "financial_reports_period": 5, "exogenous_horizon": 15, "max_productivity": 1.0, "catalog_prices": [10, 20, 32, 47], "cash_availability": [1.5, 2.5], "expected_productivity": 0.9571428571428572, "expected_mean_profit": 0.11286309896344178, "initial_balance": [21155, 21155, 21155, 25188, 25188, 25188, 25188, 78471, 78471]}