{"00T02@0": 0.2125, "01T02@0": 0.1975806451612903, "02T23@1": 0.14285714285714285, "03T23@1": 0.07999999999999999, "04T02@2": 0.6, "05T29@2": 0.0, "06T29@3": 0.0, "07T23@3": 0.816, "08T29@4": 1.0, "09T35@4": 0.6807817589576548, "BUYER": 0.0, "SELLER": 0.0}