{"00T40@0": 0.0, "01T24@0": 0.0, "02T24@1": 1.0, "03T24@1": 1.0, "04T40@2": 0.04411764705882353, "05T35@2": 0.9822222222222222, "06T40@3": 0.0, "07T35@3": 0.646481178396072, "BUYER": 0.0, "SELLER": 0.0}