{"00T34@0": 0.009009009009009004, "01T22@0": 0.059602649006622516, "02T06@1": 0.0, "03T22@1": 0.04225352112676056, "04T34@2": 0.0, "05T22@2": 0.0, "06T06@3": 0.0, "07T34@3": 1.0, "08T06@4": 0.0, "09T35@4": 0.7508196721311475, "BUYER": 0.0, "SELLER": 0.0}