{"00T24@0": 0.0, "01T41@0": 0.24542124542124533, "02T24@1": 0.16666666666666666, "03T41@1": 0.5099999999999999, "04T41@2": 0.5595854922279797, "05T24@2": 0.9765625, "BUYER": 0.0, "SELLER": 0.0}