{"00T22@0": 0.0, "01T23@0": 0.37476459510357824, "02T40@1": 0.8333333333333334, "03T12@1": 0.028423772609819136, "04T35@2": 0.8103448275862071, "05T23@2": 0.748868778280543, "BUYER": 0.0, "SELLER": 0.0}