{"00T36@0": 0.20704845814977973, "01T22@0": 0.18706697459584298, "02T23@1": 0.6406779661016953, "03T35@1": 0.6467661691542289, "04T12@2": 0.10397553516819567, "05T23@2": 0.7162629757785466, "06T35@3": 0.5258467023172907, "07T23@3": 0.5132275132275133, "BUYER": 0.0, "SELLER": 0.0}