{"00T02@0": 0.0, "01T12@0": 0.0, "02T20@1": 0.0, "03T20@1": 0.0, "04T20@2": 0.0, "05T12@2": 0.0, "06T12@3": 0.0, "07T35@3": 1.0, "08T02@4": 0.6993006993006993, "09T02@4": 0.8311688311688312, "BUYER": 0.0, "SELLER": 0.0}