{"time_limit": 10800, "spot_discount": 0.9, "spot_market_global_loss": 0.2, "neg_quota_step": 255, "n_processes": 5, "n_products": 6, "n_steps": 51, "financial_reports_period": 5, "exogenous_horizon": 22, "max_productivity": 1.0, "catalog_prices": [10, 19, 28, 43, 54, 66], "cash_availability": [1.5, 2.5], "expected_productivity": 0.9019607843137255, "expected_mean_profit": 0.09600906420978875, "initial_balance": [11057, 11057, 17986, 17986, 26831, 26831, 35270, 35270, 43010, 43010]}