{"00T08@0": 0.028011204481792708, "01T22@0": 0.06301369863013702, "02T22@1": 0.8676844783715013, "03T35@1": 0.7833333333333333, "04T36@2": 0.0, "05T35@2": 0.5453074433656959, "BUYER": 0.0, "SELLER": 0.0}