{"00T40@0": 0.07656612529002317, "01T22@0": 0.09069767441860468, "02T23@1": 0.6790123456790121, "03T22@1": 0.23837209302325582, "04T22@2": 0.18421052631578963, "05T22@2": 0.22885572139303503, "06T41@3": 0.35782747603833864, "07T35@3": 0.7701863354037267, "08T22@4": 0.0, "09T23@4": 0.7336065573770492, "BUYER": 0.0, "SELLER": 0.0}