{"time_limit": 10800, "spot_discount": 0.9, "spot_market_global_loss": 0.2, "neg_quota_step": 360, "n_processes": 5, "n_products": 6, "n_steps": 72, "financial_reports_period": 5, "exogenous_horizon": 22, "max_productivity": 1.0, "catalog_prices": [10, 18, 22, 32, 41, 57], "cash_availability": [1.5, 2.5], "expected_productivity": 0.9305555555555556, "expected_mean_profit": 0.07879256420200148, "initial_balance": [20309, 20309, 28297, 28297, 37437, 37437, 47793, 47793, 64717, 64717]}