{"00T12@0": 0.012170385395537525, "01T37@0": 0.0024813895781637687, "02T12@1": 0.08791208791208792, "03T37@1": 0.01680672268907563, "04T37@2": 0.33168316831683153, "05T12@2": 0.01943462897526504, "06T23@3": 0.4677914110429453, "07T22@3": 0.48034934497816556, "BUYER": 0.0, "SELLER": 0.0}