{"time_limit": 10800, "spot_discount": 0.9, "spot_market_global_loss": 0.2, "neg_quota_step": 392, "n_processes": 4, "n_products": 5, "n_steps": 98, "financial_reports_period": 5, "exogenous_horizon": 35, "max_productivity": 1.0, "catalog_prices": [10, 16, 25, 38, 48], "cash_availability": [1.5, 2.5], "expected_productivity": 0.9591836734693877, "expected_mean_profit": 0.06361904761904762, "initial_balance": [29082, 29082, 47874, 47874, 75054, 75054, 94740, 94740]}