{"00T41@0": 0.05676855895196502, "01T35@0": 0.35748031496063, "02T40@1": 0.014925373134328351, "03T22@1": 0.2398843930635839, "04T22@2": 0.03800475059382419, "05T22@2": 0.0525, "BUYER": 0.0, "SELLER": 0.0}