{"00T35@0": 0.22208121827411167, "01T35@0": 0.22407170294494239, "02T35@1": 0.0, "03T22@1": 0.48717948717948717, "04T35@2": 0.06382978723404256, "05T35@2": 0.10659898477157362, "06T24@3": 1.0, "07T06@3": 0.6604215456674473, "BUYER": 0.0, "SELLER": 0.0}