{"00T35@0": 0.1559714795008912, "01T35@0": 0.15822784810126583, "02T35@1": 1.0, "03T22@1": 0.0014204545454545453, "04T35@2": 0.524590163934426, "05T35@2": 0.4957264957264958, "06T26@3": 0.0, "07T20@3": 0.6669856459330148, "BUYER": 0.0, "SELLER": 0.0}