{"00T22@0": 0.02459016393442624, "01T23@0": 0.18, "02T34@1": 0.5208333333333333, "03T23@1": 0.7264150943396226, "04T09@2": 0.0, "05T35@2": 0.6472392638036807, "BUYER": 0.0, "SELLER": 0.0}