{"00T26@0": 0.10814814814814815, "01T15@0": 0.24441132637853938, "02T26@1": 0.21823204419889505, "03T15@1": 0.40792540792540793, "04T26@2": 0.01903367496339674, "05T15@2": 0.0, "BUYER": 0.0, "SELLER": 0.0}