{"00T02@0": 0.09079445145018908, "01T22@0": 0.002358490566037735, "02T12@1": 0.0, "03T35@1": 0.0, "04T29@2": 0.0, "05T05@2": 0.0, "06T22@3": 1.0, "07T35@3": 1.0, "BUYER": 0.0, "SELLER": 0.0}