{"time_limit": 10800, "spot_discount": 0.9, "spot_market_global_loss": 0.2, "neg_quota_step": 592, "n_processes": 4, "n_products": 5, "n_steps": 148, "financial_reports_period": 5, "exogenous_horizon": 37, "max_productivity": 1.0, "catalog_prices": [10, 20, 28, 35, 50], "cash_availability": [1.5, 2.5], "expected_productivity": 0.972972972972973, "expected_mean_profit": 0.09811353930323698, "initial_balance": [47172, 47172, 66564, 66564, 73771, 73771, 108232, 108232]}