{"00T12@0": 0.0, "01T37@0": 0.0, "02T29@1": 0.0, "03T37@1": 0.06923076923076923, "04T37@2": 0.00684931506849315, "05T29@2": 0.0, "06T29@3": 1.0, "07T12@3": 0.0, "08T12@3": 0.3333333333333333, "BUYER": 0.0, "SELLER": 0.0}