{"time_limit": 10800, "spot_discount": 0.9, "spot_market_global_loss": 0.2, "neg_quota_step": 405, "n_processes": 4, "n_products": 5, "n_steps": 90, "financial_reports_period": 5, "exogenous_horizon": 18, "max_productivity": 1.0, "catalog_prices": [10, 20, 29, 36, 42], "cash_availability": [1.5, 2.5], "expected_productivity": 0.8493827160493828, "expected_mean_profit": 0.11082092380630801, "initial_balance": [21439, 21439, 33767, 33767, 38992, 38992, 33946, 33946, 33946]}