{"00T22@0": 0.016393442622950814, "01T22@0": 0.0, "02T29@1": 0.0, "03T40@1": 0.398843930635838, "04T22@2": 0.05232558139534884, "05T23@2": 0.7939914163090128, "BUYER": 0.0, "SELLER": 0.0}