{"00T35@0": 0.032178217821782144, "01T22@0": 0.04783599088838269, "02T09@1": 0.0, "03T35@1": 0.7345971563981043, "04T33@2": 0.15328467153284672, "05T35@2": 0.814968814968815, "BUYER": 0.0, "SELLER": 0.0}