{"00T19@0": 0.0, "01T38@0": 0.03571428571428571, "02T19@1": 0.0, "03T38@1": 0.05603448275862069, "04T19@2": 0.0, "05T38@2": 0.0, "06T22@3": 0.7823529411764706, "07T22@3": 0.7573964497041419, "BUYER": 0.0, "SELLER": 0.0}