{"00T40@0": 0.0, "01T40@0": 0.0, "02T40@1": 1.0, "03T20@1": 0.0, "04T20@1": 0.0, "05T24@1": 1.0, "06T20@1": 0.0, "07T41@2": 0.5, "08T24@2": 1.0, "09T41@2": 0.5714285714285714, "10T41@3": 0.3333333333333333, "11T24@3": 1.0, "BUYER": 0.0, "SELLER": 0.0}