{"00T27@0": 0.0, "01T23@0": 0.20553359683794448, "02T22@1": 0.039999999999999994, "03T22@1": 0.04123711340206185, "04T40@2": 0.5943396226415094, "05T35@2": 0.5178571428571429, "06T35@3": 0.7368421052631577, "07T22@3": 0.36577181208053694, "08T35@4": 0.6357615894039736, "09T35@4": 0.628289473684211, "BUYER": 0.0, "SELLER": 0.0}