{"00T29@0": 0.0, "01T40@0": 0.3753665689149561, "02T23@1": 0.2982456140350877, "03T22@1": 0.13513513513513511, "04T23@2": 0.8314606741573031, "05T35@2": 0.7613636363636367, "06T22@3": 0.7163461538461539, "07T35@3": 0.6395939086294414, "08T35@4": 0.6043360433604341, "09T35@4": 0.5983146067415729, "BUYER": 0.0, "SELLER": 0.0}