{"00T36@0": 0.0175438596491228, "01T29@0": 0.0, "02T29@1": 0.0, "03T36@1": 0.29411764705882354, "04T29@2": 1.0, "05T36@2": 0.03636363636363637, "BUYER": 0.0, "SELLER": 0.0}