{"00T22@0": 0.0, "01T35@0": 0.2863849765258218, "02T24@1": 0.4666666666666667, "03T38@1": 0.019417475728155335, "04T35@2": 0.9502262443438914, "05T23@2": 0.7867132867132867, "06T23@3": 0.5984405458089673, "07T23@3": 0.5866141732283464, "BUYER": 0.0, "SELLER": 0.0}