{"00T22@0": 0.2076612903225808, "01T23@0": 0.7695961995249413, "02T36@1": 0.23555555555555566, "03T35@1": 0.4782608695652174, "04T29@2": 1.0, "05T35@2": 0.6956521739130436, "BUYER": 0.0, "SELLER": 0.0}