{"00T09@0": 0.0, "01T15@0": 0.001912045889101337, "02T09@1": 0.0, "03T15@1": 0.1705882352941177, "04T15@2": 0.0260663507109005, "05T09@2": 0.0, "BUYER": 0.0, "SELLER": 0.0}