{"00T35@0": 0.3932291666666666, "01T35@0": 0.39178082191780816, "02T35@1": 0.7692307692307693, "03T22@1": 0.2701421800947869, "04T35@2": 0.532440782698249, "05T35@2": 0.5245046923879051, "06T36@3": 0.0, "07T38@3": 0.0, "BUYER": 0.0, "SELLER": 0.0}