{"00T35@0": 0.38473520249221227, "01T22@0": 0.008576329331046304, "02T03@1": 0.0, "03T35@1": 0.8342541436464088, "04T04@2": 0.04228855721393036, "05T35@2": 0.8176100628930814, "BUYER": 0.0, "SELLER": 0.0}