{"00T37@0": 0.019011406844106463, "01T36@0": 0.13602941176470595, "02T37@1": 0.0476190476190476, "03T36@1": 0.24271844660194192, "04T37@2": 0.18181818181818185, "05T36@2": 0.34868421052631576, "06T35@3": 0.8198198198198191, "07T23@3": 0.7564102564102566, "BUYER": 0.0, "SELLER": 0.0}