{"00T24@0": 0.00464037122969837, "01T22@0": 0.12410071942446056, "02T35@1": 0.8805309734513275, "03T22@1": 0.3614457831325301, "04T37@2": 0.018518518518518507, "05T22@2": 0.007042253521126756, "06T37@3": 0.0777777777777778, "07T24@3": 0.0, "08T24@4": 0.9887640449438202, "09T37@4": 0.08685968819599107, "BUYER": 0.0, "SELLER": 0.0}