{"00T24@0": 0.0, "01T22@0": 0.5011235955056181, "02T35@1": 0.40487804878048766, "03T35@1": 0.30985915492957744, "04T37@2": 0.013201320132013188, "05T35@2": 0.9851851851851852, "06T22@3": 0.0, "07T22@3": 0.0, "BUYER": 0.0, "SELLER": 0.0}