{"00T40@0": 0.0, "01T40@0": 0.0, "02T38@1": 0.14814814814814814, "03T38@1": 0.125, "04T40@2": 0.9754601226993865, "05T38@2": 0.03, "BUYER": 0.0, "SELLER": 0.0}