{"00T19@0": 0.0, "01T40@0": 0.10032362459546931, "02T22@1": 0.5022421524663676, "03T23@1": 0.8823529411764706, "04T22@2": 0.0, "05T35@2": 0.7113636363636363, "BUYER": 0.0, "SELLER": 0.0}