{"00T35@0": 0.3130434782608696, "01T23@0": 0.4472361809045225, "02T23@1": 0.8362831858407077, "03T22@1": 0.002832861189801695, "04T22@2": 0.09073359073359079, "05T35@2": 0.9378531073446328, "06T41@3": 0.373134328358209, "07T36@3": 0.3448275862068966, "08T35@4": 0.4988913525498893, "09T23@4": 0.4872340425531917, "BUYER": 0.0, "SELLER": 0.0}