{"00T23@0": 0.5619834710743802, "01T35@0": 0.4675925925925926, "02T22@1": 0.14522821576763476, "03T22@1": 0.10909090909090906, "04T37@2": 0.10897435897435898, "05T22@2": 0.23267326732673269, "06T41@3": 0.3060109289617487, "07T22@3": 0.4, "08T23@4": 0.6513761467889906, "09T22@4": 0.03703703703703705, "BUYER": 0.0, "SELLER": 0.0}