{"00T09@0": 0.0, "01T35@0": 0.0907821229050279, "02T35@1": 0.8804878048780487, "03T35@1": 0.8839506172839503, "04T26@2": 0.0, "05T35@2": 0.6517857142857134, "BUYER": 0.0, "SELLER": 0.0}