{"00T24@0": 0.0, "01T22@0": 0.17857142857142858, "02T35@1": 0.5384615384615384, "03T22@1": 0.5652173913043478, "04T07@2": 0.5555555555555556, "05T35@2": 0.0, "06T35@3": 0.8181818181818182, "07T35@3": 0.8461538461538461, "BUYER": 0.0, "SELLER": 0.0}