{"00T26@0": 0.0, "01T23@0": 0.5726415094339619, "02T38@1": 0.0393184796854522, "03T38@1": 0.028571428571428588, "04T38@2": 0.09110396570203644, "05T26@2": 0.32207207207207184, "06T26@3": 0.02040816326530609, "07T23@3": 0.5570776255707756, "BUYER": 0.0, "SELLER": 0.0}