{"00T29@0": 0.0, "01T35@0": 0.16473988439306364, "02T37@1": 0.07017543859649127, "03T23@1": 0.9767441860465116, "04T22@2": 0.0, "05T22@2": 0.003584229390681, "BUYER": 0.0, "SELLER": 0.0}