{"00T22@0": 0.0022883295194507983, "01T22@0": 0.0, "02T36@1": 0.18994413407821234, "03T29@1": 0.0, "04T23@2": 0.7738095238095238, "05T23@2": 0.896969696969697, "06T35@3": 0.6974789915966388, "07T22@3": 0.0, "BUYER": 0.0, "SELLER": 0.0}