{"00T23@0": 0.4263322884012542, "01T23@0": 0.41628959276018085, "02T38@1": 0.0, "03T35@1": 0.7670454545454544, "04T40@2": 0.0, "05T23@2": 0.49584487534626037, "BUYER": 0.0, "SELLER": 0.0}