{"00T22@0": 0.0, "01T22@0": 0.0, "02T15@1": 0.2359999999999999, "03T29@1": 0.0, "04T22@2": 0.5384615384615382, "05T35@2": 0.869198312236287, "06T35@3": 0.6918335901386753, "07T35@3": 0.6645962732919249, "BUYER": 0.0, "SELLER": 0.0}