{"00T22@0": 0.008042895442359256, "01T22@0": 0.0, "02T29@1": 0.0, "03T22@1": 0.33333333333333326, "04T24@2": 0.4117647058823529, "05T35@2": 0.7425149700598802, "06T23@3": 0.8315565031982942, "07T22@3": 0.45491803278688536, "BUYER": 0.0, "SELLER": 0.0}