{"00T10@0": 0.22608695652173894, "01T22@0": 0.23010380622837381, "02T35@1": 0.14285714285714285, "03T35@1": 0.12849162011173185, "04T09@2": 0.0, "05T35@2": 1.0, "06T22@3": 0.0, "07T22@3": 0.0, "BUYER": 0.0, "SELLER": 0.0}