,balance,assets,bankrupt,agent_id,step
0,1802.0,60.0,False,00T24@0,0.0
1,1492.0,369.99999999999983,False,00T24@0,5.0
2,1722.0,140.0,False,01T16@0,0.0
3,1272.0,589.9999999999998,False,01T16@0,5.0
4,2594.0,0.0,False,02T24@1,0.0
5,2594.0,0.0,False,02T24@1,5.0
6,2594.0,0.0,False,03T16@1,0.0
7,2594.0,0.0,False,03T16@1,5.0
8,3974.0,0.0,False,04T24@2,0.0
9,3778.0,0.0,False,04T24@2,5.0
10,3974.0,0.0,False,05T16@2,0.0
11,3350.0,0.0,False,05T16@2,5.0
12,,,,,
13,,,,,
14,,,,,
15,,,,,
