{"00T02@0": 0.03380281690140844, "01T12@0": 0.024827586206896547, "02T02@1": 0.0, "03T12@1": 0.002257336343115124, "04T05@1": 0.0, "05T02@2": 0.2736156351791531, "06T29@2": 0.0, "07T05@3": 0.0, "08T05@3": 0.0, "09T12@3": 0.0, "10T29@4": 1.0, "11T29@4": 1.0, "BUYER": 0.0, "SELLER": 0.0}