{"00T35@0": 0.07385229540918162, "01T22@0": 0.024336283185840732, "02T13@1": 0.0, "03T35@1": 0.6779661016949149, "04T37@2": 0.7838827838827839, "05T35@2": 0.8239564428312156, "BUYER": 0.0, "SELLER": 0.0}