{"00T40@0": 0.0, "01T12@0": 0.0, "02T36@1": 0.9121621621621622, "03T41@1": 0.9205298013245033, "04T35@2": 0.8055555555555556, "05T22@2": 0.5765124555160138, "06T23@3": 0.6592765460910145, "07T35@3": 0.6794554455445542, "BUYER": 0.0, "SELLER": 0.0}