{"time_limit": 10800, "spot_discount": 0.9, "spot_market_global_loss": 0.2, "neg_quota_step": 472, "n_processes": 4, "n_products": 5, "n_steps": 118, "financial_reports_period": 5, "exogenous_horizon": 39, "max_productivity": 1.0, "catalog_prices": [10, 16, 20, 29, 41], "cash_availability": [1.5, 2.5], "expected_productivity": 0.9661016949152542, "expected_mean_profit": 0.09179697646630994, "initial_balance": [30946, 30946, 43086, 43086, 58796, 58796, 78911, 78911]}