{"00T22@0": 0.03428571428571428, "01T35@0": 0.4545454545454544, "02T07@1": 0.1686274509803922, "03T18@1": 0.02564102564102564, "04T35@2": 0.8260869565217392, "05T35@2": 0.8134615384615387, "BUYER": 0.0, "SELLER": 0.0}