{"00T38@0": 0.0, "01T35@0": 0.606918238993711, "02T35@1": 0.6788732394366194, "03T35@1": 0.708894878706199, "04T26@2": 0.29433497536945785, "05T35@2": 0.7201923076923072, "BUYER": 0.0, "SELLER": 0.0}