{"00T22@0": 0.044496487119437975, "01T23@0": 0.062034739454094344, "02T32@1": 1.0, "03T23@1": 0.6649214659685858, "04T37@2": 0.6501901140684413, "05T35@2": 0.7422480620155041, "BUYER": 0.0, "SELLER": 0.0}