{"00T23@0": 0.2500000000000001, "01T22@0": 0.011904761904761904, "02T37@1": 0.008771929824561403, "03T34@1": 0.2765957446808511, "04T37@2": 0.0987654320987654, "05T34@2": 0.42857142857142855, "06T34@3": 0.9307692307692308, "07T37@3": 0.04265402843601896, "BUYER": 0.0, "SELLER": 0.0}