{"time_limit": 10800, "spot_discount": 0.9, "spot_market_global_loss": 0.2, "neg_quota_step": 592, "n_processes": 4, "n_products": 5, "n_steps": 148, "financial_reports_period": 5, "exogenous_horizon": 41, "max_productivity": 1.0, "catalog_prices": [10, 16, 24, 39, 47], "cash_availability": [1.5, 2.5], "expected_productivity": 0.972972972972973, "expected_mean_profit": 0.06697076788712743, "initial_balance": [44190, 44190, 69514, 69514, 110304, 110304, 145825, 145825]}