{"00T36@0": 0.16824644549763026, "01T32@0": 0.28693790149892934, "02T32@1": 0.6052631578947367, "03T36@1": 0.1067415730337079, "04T36@2": 0.25714285714285723, "05T35@2": 0.8582677165354331, "06T32@3": 0.1232558139534884, "07T22@3": 0.020771513353115733, "BUYER": 0.0, "SELLER": 0.0}