{"00T23@0": 0.6252220248667849, "01T35@0": 0.35325131810193344, "02T36@1": 0.051282051282051225, "03T22@1": 0.11420612813370472, "04T37@2": 0.14678899082568797, "05T35@2": 0.72, "06T35@3": 0.7384937238493724, "07T23@3": 0.7182320441988952, "BUYER": 0.0, "SELLER": 0.0}