{"00T40@0": 0.049107142857142905, "01T35@0": 0.158316633266533, "02T40@1": 0.6993006993006994, "03T23@1": 0.7967479674796749, "04T41@2": 0.19387755102040816, "05T22@2": 0.20388349514563103, "06T41@3": 0.12295081967213117, "07T22@3": 0.19161676646706588, "08T40@4": 0.7230769230769233, "09T41@4": 0.0027472527472527427, "BUYER": 0.0, "SELLER": 0.0}