{"00T23@0": 0.2639138240574507, "01T35@0": 0.17261904761904762, "02T19@1": 0.0, "03T22@1": 0.002881844380403454, "04T22@2": 0.6416666666666665, "05T35@2": 0.8862275449101796, "06T26@3": 0.006191950464396285, "07T22@3": 0.0, "BUYER": 0.0, "SELLER": 0.0}