{"time_limit": 10800, "spot_discount": 0.9, "spot_market_global_loss": 0.2, "neg_quota_step": 356, "n_processes": 4, "n_products": 5, "n_steps": 89, "financial_reports_period": 5, "exogenous_horizon": 36, "max_productivity": 1.0, "catalog_prices": [10, 18, 24, 33, 43], "cash_availability": [1.5, 2.5], "expected_productivity": 0.9550561797752809, "expected_mean_profit": 0.06520291113185811, "initial_balance": [26430, 26430, 39557, 39557, 47486, 47486, 69686, 69686]}