{"00T35@0": 0.3028764805414554, "01T35@0": 0.3047945205479451, "02T35@1": 0.9458128078817734, "03T22@1": 0.512280701754386, "04T35@2": 0.4212328767123288, "05T35@2": 0.43649373881932013, "06T34@3": 0.4402654867256638, "07T26@3": 0.14513274336283177, "BUYER": 0.0, "SELLER": 0.0}