{"00T35@0": 0.32860040567951326, "01T22@0": 0.25635593220338976, "02T22@1": 0.01838235294117647, "03T35@1": 0.37903225806451624, "04T29@2": 0.0, "05T23@2": 0.7960526315789475, "06T12@3": 0.0873015873015873, "07T22@3": 0.35542168674698826, "08T37@4": 0.7188755020080321, "09T23@4": 0.5540983606557369, "BUYER": 0.0, "SELLER": 0.0}