{"00T35@0": 0.0, "01T22@0": 0.27303754266211616, "02T24@1": 0.0, "03T35@1": 0.2857142857142857, "04T35@2": 0.9448275862068966, "05T35@2": 0.9454545454545454, "06T36@3": 0.0, "07T35@3": 0.4654255319148936, "BUYER": 0.0, "SELLER": 0.0}