{"00T24@0": 0.004524886877828055, "01T22@0": 0.29310344827586204, "02T35@1": 0.0, "03T23@1": 0.15384615384615383, "04T23@2": 1.0, "05T35@2": 1.0, "06T22@3": 0.20689655172413793, "07T22@3": 0.20941176470588235, "08T37@4": 0.027777777777777794, "09T22@4": 0.0, "BUYER": 0.0, "SELLER": 0.0}