{"00T40@0": 0.04219409282700423, "01T10@0": 0.06857142857142856, "02T10@1": 0.01886792452830188, "03T10@1": 0.028301886792452817, "04T40@2": 0.022222222222222185, "05T40@2": 0.028409090909090898, "BUYER": 0.0, "SELLER": 0.0}