{"00T26@0": 0.0, "01T26@0": 0.0, "02T16@1": 0.0, "03T22@1": 0.036036036036036036, "04T16@2": 0.0, "05T26@2": 0.15662650602409633, "06T16@3": 1.0, "07T22@3": 0.0, "BUYER": 0.0, "SELLER": 0.0}