{"00T22@0": 0.09344262295081968, "01T23@0": 0.31487341772151894, "02T35@1": 0.5726872246696036, "03T22@1": 0.008823529411764699, "04T22@2": 0.009803921568627449, "05T35@2": 0.6303501945525296, "06T29@3": 0.0, "07T22@3": 0.0, "08T12@4": 0.047619047619047616, "09T23@4": 0.8499999999999999, "BUYER": 0.0, "SELLER": 0.0}