{"00T07@0": 0.0725, "01T22@0": 0.20792079207920813, "02T35@1": 0.24324324324324326, "03T35@1": 0.24324324324324326, "04T06@2": 0.0, "05T35@2": 1.0, "06T22@3": 0.14606741573033707, "07T22@3": 0.031578947368421054, "BUYER": 0.0, "SELLER": 0.0}