{"00T29@0": 0.0, "01T22@0": 0.033402922755741075, "02T37@1": 0.16477272727272718, "03T29@1": 0.0, "04T37@2": 0.10526315789473682, "05T37@2": 0.08928571428571429, "06T29@3": 1.0, "07T23@3": 0.8089285714285714, "BUYER": 0.0, "SELLER": 0.0}