{"00T08@0": 0.07380073800738007, "01T26@0": 0.021201413427561846, "02T26@1": 0.13513513513513511, "03T22@1": 0.11290322580645164, "04T08@2": 0.9090909090909092, "05T26@2": 0.022727272727272707, "06T08@3": 0.9615384615384616, "07T22@3": 0.0032051282051282015, "BUYER": 0.0, "SELLER": 0.0}