{"00T41@0": 0.14747474747474754, "01T19@0": 0.0, "02T35@1": 0.7846889952153109, "03T22@1": 0.5696969696969695, "04T35@2": 0.6446153846153849, "05T22@2": 0.011600928074245936, "BUYER": 0.0, "SELLER": 0.0}