{"time_limit": 10800, "spot_discount": 0.9, "spot_market_global_loss": 0.2, "neg_quota_step": 220, "n_processes": 4, "n_products": 5, "n_steps": 55, "financial_reports_period": 5, "exogenous_horizon": 20, "max_productivity": 1.0, "catalog_prices": [10, 16, 26, 36, 47], "cash_availability": [1.5, 2.5], "expected_productivity": 0.9272727272727272, "expected_mean_profit": 0.056639930316118026, "initial_balance": [17582, 17582, 29638, 29638, 40563, 40563, 49982, 49982]}