{"00T24@0": 0.0, "01T24@0": 0.0, "02T35@1": 1.0, "03T35@1": 1.0, "04T38@2": 0.0014044943820224714, "05T23@2": 0.7530864197530859, "06T38@3": 0.06892067620286091, "07T24@3": 0.5060975609756097, "08T38@4": 0.0, "09T35@4": 0.7658610271903324, "BUYER": 0.0, "SELLER": 0.0}