{"00T34@0": 0.08695652173913043, "01T22@0": 0.06561679790026256, "02T22@1": 0.3993710691823899, "03T35@1": 0.8907103825136611, "04T37@2": 0.030726256983240205, "05T35@2": 0.6259842519685037, "BUYER": 0.0, "SELLER": 0.0}