{"00T35@0": 0.27777777777777785, "01T35@0": 0.28180354267310764, "02T35@1": 1.0, "03T22@1": 0.4786931818181818, "04T35@2": 0.310077519379845, "05T35@2": 0.30859375, "06T09@3": 0.0, "07T18@3": 0.2750000000000001, "BUYER": 0.0, "SELLER": 0.0}