{"00T23@0": 0.5469924812030075, "01T22@0": 0.21134020618556687, "02T41@1": 0.24493927125506076, "03T23@1": 0.7990430622009569, "04T40@2": 0.0, "05T35@2": 0.6460905349794235, "BUYER": 0.0, "SELLER": 0.0}