{"00T22@0": 0.13663366336633653, "01T35@0": 0.36177474402730375, "02T40@1": 0.5233415233415231, "03T26@1": 0.2660818713450295, "04T35@2": 0.6887905604719773, "05T35@2": 0.6747503566333807, "BUYER": 0.0, "SELLER": 0.0}