{"00T22@0": 0.07528957528957535, "01T35@0": 0.7164179104477609, "02T41@1": 0.31378299120234593, "03T16@1": 0.0, "04T35@2": 0.8113948919449901, "05T35@2": 0.8206521739130438, "BUYER": 0.0, "SELLER": 0.0}