{"00T07@0": 0.036585365853658534, "01T37@0": 0.10638297872340426, "02T37@1": 0.0493827160493827, "03T22@1": 0.04494382022471909, "04T07@2": 0.03225806451612903, "05T07@2": 0.05357142857142856, "06T37@3": 0.7064220183486236, "07T22@3": 0.3606557377049182, "BUYER": 0.0, "SELLER": 0.0}