{"00T23@0": 0.0, "01T35@0": 0.0, "02T35@1": 1.0, "03T35@1": 1.0, "04T19@2": 0.0, "05T22@2": 0.2913907284768211, "06T29@3": 1.0, "07T22@3": 0.22826086956521738, "BUYER": 0.0, "SELLER": 0.0}