{"00T22@0": 0.004807692307692306, "01T23@0": 0.09649122807017547, "02T09@1": 0.0, "03T23@1": 0.7746478873239436, "04T15@2": 0.26056338028169, "05T35@2": 0.7462686567164177, "BUYER": 0.0, "SELLER": 0.0}