{"00T37@0": 0.017915309446254083, "01T22@0": 0.08272859216255447, "02T22@1": 0.22857142857142868, "03T35@1": 0.7374517374517373, "04T40@2": 0.026595744680851054, "05T35@2": 0.7474489795918373, "BUYER": 0.0, "SELLER": 0.0}