{"00T36@0": 0.08439897698209721, "01T20@0": 0.0, "02T36@1": 0.2752293577981651, "03T20@1": 0.0, "04T22@2": 0.15527950310559002, "05T23@2": 0.7386363636363638, "06T20@3": 1.0, "07T36@3": 0.0, "BUYER": 0.0, "SELLER": 0.0}