{"00T23@0": 0.003745318352059921, "01T22@0": 0.17062937062937056, "02T23@1": 0.6406926406926406, "03T23@1": 0.6289592760180992, "04T36@2": 0.21286031042128617, "05T23@2": 0.8296703296703297, "06T41@3": 0.5285961871750435, "07T35@3": 0.610062893081761, "08T23@4": 0.6445264452644535, "09T35@4": 0.7042253521126752, "BUYER": 0.0, "SELLER": 0.0}