{"00T35@0": 0.21739130434782608, "01T22@0": 0.13551401869158877, "02T22@1": 0.3348017621145374, "03T35@1": 0.916083916083916, "04T41@2": 0.2599999999999999, "05T37@2": 0.0, "06T35@3": 0.7314285714285715, "07T23@3": 0.7361111111111109, "08T23@4": 0.5109717868338557, "09T22@4": 0.0, "BUYER": 0.0, "SELLER": 0.0}