{"00T36@0": 0.2952380952380949, "01T19@0": 0.0, "02T22@1": 0.4225352112676058, "03T22@1": 0.3162393162393163, "04T35@2": 0.679144385026738, "05T22@2": 0.02631578947368421, "BUYER": 0.0, "SELLER": 0.0}