{"00T40@0": 0.10382513661202193, "01T41@0": 0.02272727272727269, "02T22@1": 0.2721518987341772, "03T23@1": 0.7437499999999997, "04T41@2": 0.0, "05T40@2": 0.011627906976744182, "06T40@3": 0.860655737704918, "07T41@3": 0.24352331606217614, "08T35@4": 0.6815068493150684, "09T22@4": 0.002881844380403454, "BUYER": 0.0, "SELLER": 0.0}