{"time_limit": 10800, "spot_discount": 0.9, "spot_market_global_loss": 0.2, "neg_quota_step": 355, "n_processes": 5, "n_products": 6, "n_steps": 71, "financial_reports_period": 5, "exogenous_horizon": 31, "max_productivity": 1.0, "catalog_prices": [10, 17, 29, 35, 48, 64], "cash_availability": [1.5, 2.5], "expected_productivity": 0.9295774647887324, "expected_mean_profit": 0.07158745969440584, "initial_balance": [23028, 23028, 37612, 37612, 46133, 46133, 65015, 65015, 82209, 82209]}