{"00T19@0": 0.0, "01T23@0": 0.44014084507042267, "02T40@1": 0.5035211267605632, "03T35@1": 0.8371040723981901, "04T23@2": 0.6977099236641221, "05T22@2": 0.0, "BUYER": 0.0, "SELLER": 0.0}