{"00T20@0": 0.1354723707664885, "01T22@0": 0.07651245551601427, "02T22@1": 0.0, "03T35@1": 0.7068062827225128, "04T16@2": 1.0, "05T35@2": 0.6944837340876945, "BUYER": 0.0, "SELLER": 0.0}