{"time_limit": 10800, "spot_discount": 0.9, "spot_market_global_loss": 0.2, "neg_quota_step": 415, "n_processes": 5, "n_products": 6, "n_steps": 83, "financial_reports_period": 5, "exogenous_horizon": 34, "max_productivity": 1.0, "catalog_prices": [10, 16, 24, 33, 46, 63], "cash_availability": [1.5, 2.5], "expected_productivity": 0.9397590361445783, "expected_mean_profit": 0.0833232982818697, "initial_balance": [23327, 23327, 35907, 35907, 49987, 49987, 64649, 64649, 83561, 83561]}