{"00T35@0": 0.09628378378378391, "01T22@0": 0.14137931034482748, "02T00@1": 0.0, "03T35@1": 0.5582329317269074, "04T20@2": 0.943248532289628, "05T35@2": 0.7984375, "BUYER": 0.0, "SELLER": 0.0}