{"00T41@0": 0.6195190947666201, "01T35@0": 0.7204968944099381, "02T36@1": 0.21290322580645166, "03T41@1": 0.2311015118790497, "04T36@2": 0.26119402985074625, "05T22@2": 0.23616236162361604, "06T23@3": 0.5906976744186045, "07T35@3": 0.5703125000000001, "08T41@4": 0.42524916943521573, "09T36@4": 0.08058608058608059, "BUYER": 0.0, "SELLER": 0.0}