{"00T12@0": 0.0, "01T20@0": 0.0, "02T22@1": 0.7425742574257426, "03T23@1": 0.14814814814814814, "04T23@2": 0.746031746031746, "05T35@2": 0.7252747252747255, "06T22@3": 0.0, "07T23@3": 0.6529284164859002, "BUYER": 0.0, "SELLER": 0.0}