{"00T22@0": 0.0, "01T35@0": 0.004555808656036441, "02T29@1": 0.0, "03T06@1": 0.0, "04T35@2": 0.9956521739130435, "05T35@2": 0.9955947136563876, "BUYER": 0.0, "SELLER": 0.0}