{"time_limit": 10800, "spot_discount": 0.9, "spot_market_global_loss": 0.2, "neg_quota_step": 252, "n_processes": 4, "n_products": 5, "n_steps": 63, "financial_reports_period": 5, "exogenous_horizon": 24, "max_productivity": 1.0, "catalog_prices": [10, 18, 22, 34, 43], "cash_availability": [1.5, 2.5], "expected_productivity": 0.9365079365079365, "expected_mean_profit": 0.09789997118862911, "initial_balance": [13856, 13856, 19260, 19260, 26650, 26650, 33947, 33947]}