{"00T37@0": 0.051190476190476196, "01T22@0": 0.04200700116686116, "02T35@1": 0.4562500000000004, "03T23@1": 0.5781249999999994, "04T12@2": 0.0, "05T22@2": 0.0, "06T20@3": 1.0, "07T29@3": 1.0, "BUYER": 0.0, "SELLER": 0.0}