{"time_limit": 10800, "spot_discount": 0.9, "spot_market_global_loss": 0.2, "neg_quota_step": 588, "n_processes": 4, "n_products": 5, "n_steps": 147, "financial_reports_period": 5, "exogenous_horizon": 53, "max_productivity": 1.0, "catalog_prices": [10, 22, 35, 49, 68], "cash_availability": [1.5, 2.5], "expected_productivity": 0.9727891156462585, "expected_mean_profit": 0.09994332520909949, "initial_balance": [48345, 48345, 82321, 82321, 107836, 107836, 154971, 154971]}