{"00T15@0": 0.12753036437246962, "01T22@0": 0.12499999999999993, "02T22@1": 0.32258064516129, "03T35@1": 0.5260416666666667, "04T20@2": 0.6017130620985011, "05T35@2": 0.5288461538461535, "BUYER": 0.0, "SELLER": 0.0}