{"00T36@0": 0.0, "01T15@0": 0.0, "02T36@1": 0.14285714285714285, "03T36@1": 0.1111111111111111, "04T15@2": 0.6153846153846154, "05T15@2": 0.875, "BUYER": 0.0, "SELLER": 0.0}