{"00T23@0": 0.45886654478976235, "01T35@0": 0.31643002028397543, "02T22@1": 0.1867007672634272, "03T22@1": 0.1480519480519481, "04T22@2": 0.009345794392523359, "05T35@2": 0.2571428571428572, "06T29@3": 0.0, "07T37@3": 0.08212560386473433, "08T23@4": 0.7971698113207547, "09T22@4": 0.3729508196721312, "BUYER": 0.0, "SELLER": 0.0}