{"00T03@0": 0.15, "01T35@0": 0.15151515151515152, "02T35@1": 0.6666666666666666, "03T35@1": 0.6451612903225806, "04T04@2": 0.5238095238095238, "05T35@2": 0.2978723404255319, "BUYER": 0.0, "SELLER": 0.0}