{"00T40@0": 0.013927576601671304, "01T22@0": 0.025714285714285714, "02T19@1": 0.0, "03T35@1": 0.8092105263157894, "04T23@2": 0.8553921568627453, "05T23@2": 0.8492462311557784, "BUYER": 0.0, "SELLER": 0.0}