{"00T10@0": 0.257403189066059, "01T41@0": 0.13467048710601723, "02T22@1": 0.1741293532338309, "03T22@1": 0.17733990147783252, "04T35@2": 0.6976744186046508, "05T22@2": 0.4539473684210524, "06T23@3": 0.6400911161731206, "07T35@3": 0.6729857819905212, "BUYER": 0.0, "SELLER": 0.0}