{"00T24@0": 0.0, "01T35@0": 0.623693379790941, "02T41@1": 0.3105263157894736, "03T35@1": 0.897196261682243, "04T35@2": 0.6891495601173017, "05T22@2": 0.0, "BUYER": 0.0, "SELLER": 0.0}