{"00T20@0": 0.0, "01T22@0": 0.09341825902335459, "02T24@1": 1.0, "03T22@1": 0.3092783505154639, "04T23@2": 0.746113989637306, "05T35@2": 0.8117647058823529, "06T22@3": 0.0, "07T23@3": 0.7009174311926609, "BUYER": 0.0, "SELLER": 0.0}