,balance,assets,bankrupt,agent_id,step
0,1203.0,210.0,False,00T07@0,0.0
1,933.0,677.7835951134381,False,00T07@0,5.0
2,1283.0,102.0,False,01T37@0,0.0
3,1447.0,202.05061082024434,False,01T37@0,5.0
4,2235.0,0.0,False,02T07@1,0.0
5,1841.0,482.8162329712693,False,02T07@1,5.0
6,2235.0,0.0,False,03T37@1,0.0
7,2194.0,0.0,False,03T37@1,5.0
8,3319.0,0.0,False,04T07@2,0.0
9,3162.0,0.0,False,04T07@2,5.0
10,3319.0,0.0,False,05T37@2,0.0
11,2901.0,0.0,False,05T37@2,5.0
12,,,,,
13,,,,,
14,,,,,
15,,,,,
