{"00T41@0": 0.17839195979899505, "01T22@0": 0.013888888888888885, "02T24@1": 0.08695652173913043, "03T23@1": 0.7092198581560283, "04T23@2": 0.7755102040816326, "05T35@2": 0.75, "06T35@3": 0.7184684684684687, "07T35@3": 0.7237687366167018, "BUYER": 0.0, "SELLER": 0.0}