{"00T22@0": 0.0, "01T35@0": 0.6756756756756758, "02T24@1": 0.6, "03T18@1": 0.011999999999999997, "04T35@2": 0.7786561264822134, "05T35@2": 0.8173913043478264, "BUYER": 0.0, "SELLER": 0.0}