{"time_limit": 10800, "spot_discount": 0.9, "spot_market_global_loss": 0.2, "neg_quota_step": 355, "n_processes": 4, "n_products": 5, "n_steps": 79, "financial_reports_period": 5, "exogenous_horizon": 31, "max_productivity": 1.0, "catalog_prices": [10, 17, 24, 37, 43], "cash_availability": [1.5, 2.5], "expected_productivity": 0.8438818565400844, "expected_mean_profit": 0.07803864771124748, "initial_balance": [18330, 18330, 17964, 17964, 17964, 36356, 36356, 49553, 49553]}