{"00T36@0": 0.009225092250922504, "01T22@0": 0.010101010101010097, "02T24@1": 1.0, "03T35@1": 0.8520710059171598, "04T35@2": 0.8892857142857142, "05T22@2": 0.2804878048780489, "BUYER": 0.0, "SELLER": 0.0}