{"00T41@0": 0.018518518518518517, "01T41@0": 0.01221995926680245, "02T40@1": 0.09777777777777787, "03T40@1": 0.06763285024154593, "04T40@2": 0.7426160337552743, "05T41@2": 0.005235602094240829, "BUYER": 0.0, "SELLER": 0.0}