{"00T35@0": 0.2976939203354298, "01T35@0": 0.31715893108298204, "02T35@1": 0.8518518518518519, "03T22@1": 0.26975638740344693, "04T35@2": 0.4375757575757574, "05T35@2": 0.43146603098927255, "06T38@3": 0.0, "07T29@3": 1.0, "BUYER": 0.0, "SELLER": 0.0}