{"00T24@0": 0.0, "01T35@0": 0.2039045553145337, "02T26@1": 0.30555555555555547, "03T22@1": 0.8780487804878049, "04T22@2": 0.0285714285714286, "05T22@2": 0.010723860589812315, "BUYER": 0.0, "SELLER": 0.0}