{"00T40@0": 0.1309904153354632, "01T35@0": 0.5218045112781953, "02T35@1": 0.7835365853658529, "03T35@1": 0.8043478260869563, "04T04@2": 0.03557312252964427, "05T35@2": 0.7120291616038881, "BUYER": 0.0, "SELLER": 0.0}