{"00T35@0": 0.6360544217687074, "01T35@0": 0.6435643564356435, "02T22@1": 0.0027548209366391138, "03T22@1": 0.002762430939226515, "04T22@2": 0.30603448275862055, "05T22@2": 0.317596566523605, "06T34@3": 0.975, "07T04@3": 0.18773946360153257, "08T22@4": 0.06534090909090912, "09T22@4": 0.03380281690140845, "BUYER": 0.0, "SELLER": 0.0}