{"time_limit": 10800, "spot_discount": 0.9, "spot_market_global_loss": 0.2, "neg_quota_step": 430, "n_processes": 5, "n_products": 6, "n_steps": 86, "financial_reports_period": 5, "exogenous_horizon": 31, "max_productivity": 1.0, "catalog_prices": [10, 16, 24, 33, 43, 56], "cash_availability": [1.5, 2.5], "expected_productivity": 0.9418604651162791, "expected_mean_profit": 0.07484615835433393, "initial_balance": [22429, 22429, 34420, 34420, 52275, 52275, 66337, 66337, 80484, 80484]}