{"00T22@0": 0.05747126436781609, "01T35@0": 0.4694323144104802, "02T34@1": 0.4880952380952381, "03T07@1": 0.13095238095238096, "04T35@2": 0.6979695431472078, "05T35@2": 0.6776470588235299, "BUYER": 0.0, "SELLER": 0.0}