{"00T19@0": 0.0, "01T22@0": 0.023255813953488372, "02T20@1": 0.0, "03T35@1": 0.8980891719745223, "04T23@2": 0.8477751756440278, "05T23@2": 0.8459715639810423, "BUYER": 0.0, "SELLER": 0.0}