{"00T19@0": 0.0, "01T37@0": 0.0, "02T19@1": 0.0, "03T37@1": 0.23837209302325582, "04T37@2": 0.07272727272727272, "05T23@2": 0.6348314606741572, "06T19@3": 1.0, "07T23@3": 0.5303430079155669, "BUYER": 0.0, "SELLER": 0.0}