{"00T22@0": 0.11776859504132242, "01T22@0": 0.12357414448669207, "02T37@1": 0.06802721088435375, "03T41@1": 0.1775147928994082, "04T22@2": 0.4765100671140939, "05T35@2": 0.841726618705036, "06T35@3": 0.7214532871972323, "07T35@3": 0.7228682170542641, "BUYER": 0.0, "SELLER": 0.0}