{"00T16@0": 0.0, "01T16@0": 0.0, "02T41@1": 0.7878787878787878, "03T41@1": 0.7941176470588235, "04T16@2": 0.0, "05T35@2": 0.7526315789473679, "06T41@3": 0.010309278350515464, "07T35@3": 0.6938775510204087, "BUYER": 0.0, "SELLER": 0.0}