{"00T24@0": 0.0, "01T36@0": 0.22503516174402258, "02T22@1": 0.24431818181818185, "03T22@1": 0.2625698324022346, "04T23@2": 0.7660550458715594, "05T23@2": 0.7279999999999999, "06T23@3": 0.7800891530460625, "07T35@3": 0.7760968229954616, "BUYER": 0.0, "SELLER": 0.0}