{"00T35@0": 0.5627177700348432, "01T35@0": 0.5840867992766728, "02T22@1": 0.0, "03T22@1": 0.005763688760806908, "04T24@2": 0.1, "05T22@2": 0.36249999999999993, "06T10@3": 0.05947136563876654, "07T35@3": 0.8267148014440439, "BUYER": 0.0, "SELLER": 0.0}