{"time_limit": 10800, "spot_discount": 0.9, "spot_market_global_loss": 0.2, "neg_quota_step": 328, "n_processes": 4, "n_products": 5, "n_steps": 82, "financial_reports_period": 5, "exogenous_horizon": 17, "max_productivity": 1.0, "catalog_prices": [10, 16, 27, 39, 52], "cash_availability": [1.5, 2.5], "expected_productivity": 0.9512195121951219, "expected_mean_profit": 0.07383574266249754, "initial_balance": [24136, 24136, 38790, 38790, 59822, 59822, 75855, 75855]}