{"00T22@0": 0.13333333333333333, "01T23@0": 0.33227848101265817, "02T15@1": 0.14572864321608045, "03T23@1": 0.7333333333333333, "04T06@2": 0.0, "05T35@2": 0.6626139817629177, "BUYER": 0.0, "SELLER": 0.0}