{"00T35@0": 0.4075500770416026, "01T35@0": 0.421256788207913, "02T35@1": 1.0, "03T22@1": 0.2697636511817441, "04T35@2": 0.38221153846153855, "05T35@2": 0.3864734299516908, "06T37@3": 0.00121654501216545, "07T06@3": 0.7043090638930157, "BUYER": 0.0, "SELLER": 0.0}