{"00T02@0": 0.03278688524590164, "01T02@0": 0.04149377593360996, "02T02@1": 0.0, "03T12@1": 0.0, "04T29@1": 0.0, "05T20@2": 0.0, "06T29@2": 0.0, "07T29@3": 1.0, "08T12@3": 0.0, "09T12@3": 0.0, "10T20@3": 1.0, "11T20@3": 1.0, "BUYER": 0.0, "SELLER": 0.0}