{"time_limit": 10800, "spot_discount": 0.9, "spot_market_global_loss": 0.2, "neg_quota_step": 558, "n_processes": 4, "n_products": 5, "n_steps": 93, "financial_reports_period": 5, "exogenous_horizon": 25, "max_productivity": 1.0, "catalog_prices": [10, 17, 28, 36, 45], "cash_availability": [1.5, 2.5], "expected_productivity": 0.6379928315412187, "expected_mean_profit": 0.07810844032035803, "initial_balance": [26838, 26838, 27017, 27017, 27017, 54481, 54481, 29200, 29200, 29200, 29200, 29200]}