{"00T22@0": 0.0, "01T35@0": 0.0053908355795148155, "02T24@1": 0.4117647058823529, "03T06@1": 0.0, "04T35@2": 0.9896103896103896, "05T35@2": 0.9873417721518988, "BUYER": 0.0, "SELLER": 0.0}