{"00T37@0": 0.13953488372093023, "01T35@0": 0.04232804232804232, "02T35@1": 0.31372549019607837, "03T23@1": 0.21212121212121215, "04T29@2": 0.0, "05T23@2": 0.7999999999999996, "06T23@3": 0.7879999999999998, "07T35@3": 0.7763713080168774, "BUYER": 0.0, "SELLER": 0.0}