{"00T35@0": 0.09230769230769231, "01T23@0": 0.09693877551020408, "02T35@1": 0.8851674641148327, "03T35@1": 0.8564356435643563, "04T40@2": 0.036016949152542374, "05T23@2": 0.7604790419161676, "06T37@3": 0.013452914798206272, "07T23@3": 0.5088235294117647, "BUYER": 0.0, "SELLER": 0.0}