{"00T41@0": 0.22657952069716783, "01T22@0": 0.18934911242603553, "02T22@1": 0.12000000000000008, "03T23@1": 0.19186046511627908, "04T24@2": 0.15789473684210525, "05T23@2": 0.717948717948718, "06T23@3": 0.8325688073394497, "07T22@3": 0.02978723404255321, "BUYER": 0.0, "SELLER": 0.0}