{"00T29@0": 0.0, "01T22@0": 0.19954128440366958, "02T22@1": 0.17415730337078647, "03T35@1": 0.6978021978021979, "04T09@2": 0.0, "05T35@2": 0.6295546558704456, "BUYER": 0.0, "SELLER": 0.0}