{"time_limit": 10800, "spot_discount": 0.9, "spot_market_global_loss": 0.2, "neg_quota_step": 402, "n_processes": 5, "n_products": 6, "n_steps": 67, "financial_reports_period": 5, "exogenous_horizon": 20, "max_productivity": 1.0, "catalog_prices": [10, 15, 27, 38, 55, 66], "cash_availability": [1.5, 2.5], "expected_productivity": 1.1567164179104477, "expected_mean_profit": 0.08912669457991669, "initial_balance": [16912, 16912, 16912, 41173, 41173, 41717, 41717, 41717, 87810, 87810, 113502, 113502]}