{"00T41@0": 0.14079422382671483, "01T35@0": 0.4422310756972112, "02T35@1": 0.5749999999999996, "03T35@1": 0.5888501742160279, "04T00@2": 0.0, "05T35@2": 0.5586510263929615, "BUYER": 0.0, "SELLER": 0.0}