{"00T07@0": 0.0, "01T36@0": 0.0, "02T07@1": 0.6666666666666666, "03T07@1": 0.3333333333333333, "04T36@2": 0.7647058823529411, "05T36@2": 0.7142857142857143, "BUYER": 0.0, "SELLER": 0.0}