{"00T26@0": 0.0, "01T19@0": 0.0, "02T19@1": 0.0, "03T35@1": 0.5040650406504064, "04T19@2": 0.0, "05T26@2": 0.5807860262008734, "06T26@3": 0.053956834532374175, "07T35@3": 0.7028571428571428, "BUYER": 0.0, "SELLER": 0.0}