{"00T41@0": 0.13953488372093026, "01T22@0": 0.10574018126888224, "02T40@1": 0.47844827586206906, "03T23@1": 0.7374999999999997, "04T35@2": 0.6577181208053693, "05T22@2": 0.0, "BUYER": 0.0, "SELLER": 0.0}