{"00T35@0": 0.27777777777777773, "01T35@0": 0.2808988764044944, "02T35@1": 1.0, "03T22@1": 0.4772727272727272, "04T35@2": 0.2614107883817426, "05T35@2": 0.25523012552301266, "06T29@3": 1.0, "07T18@3": 0.32458233890214805, "BUYER": 0.0, "SELLER": 0.0}