{"00T07@0": 0.041666666666666685, "01T35@0": 0.7938775510204084, "02T35@1": 0.6933333333333335, "03T35@1": 0.5936254980079688, "04T34@2": 0.5799457994579946, "05T35@2": 0.6662404092071605, "BUYER": 0.0, "SELLER": 0.0}