{"00T36@0": 0.07042253521126769, "01T23@0": 0.6484560570071262, "02T12@1": 0.0629139072847682, "03T36@1": 0.04093567251461987, "04T12@2": 0.058823529411764705, "05T35@2": 0.4378698224852071, "06T36@3": 0.0, "07T23@3": 0.7520661157024793, "08T12@4": 0.09195402298850575, "09T35@4": 0.6265432098765433, "BUYER": 0.0, "SELLER": 0.0}