{"00T12@0": 0.0, "01T20@0": 0.0, "02T20@0": 0.0, "03T29@0": 0.0, "04T37@1": 0.618421052631579, "05T20@1": 0.0, "06T37@2": 0.4430379746835443, "07T29@2": 0.0, "08T29@2": 0.0, "09T37@3": 0.3813559322033896, "10T12@3": 0.0, "11T12@3": 0.0, "BUYER": 0.0, "SELLER": 0.0}