{"00T12@0": 0.0, "01T22@0": 0.3073852295409181, "02T35@1": 0.5404530744336572, "03T22@1": 0.1347826086956521, "04T20@2": 0.0, "05T22@2": 0.16018306636155602, "06T22@3": 0.27878787878787886, "07T35@3": 0.803347280334728, "08T37@4": 0.06707317073170738, "09T23@4": 0.5440140845070425, "BUYER": 0.0, "SELLER": 0.0}