{"time_limit": 10800, "spot_discount": 0.9, "spot_market_global_loss": 0.2, "neg_quota_step": 655, "n_processes": 5, "n_products": 6, "n_steps": 131, "financial_reports_period": 5, "exogenous_horizon": 49, "max_productivity": 1.0, "catalog_prices": [10, 14, 25, 29, 36, 47], "cash_availability": [1.5, 2.5], "expected_productivity": 0.9618320610687023, "expected_mean_profit": 0.05873351263328662, "initial_balance": [28815, 28815, 54267, 54267, 61591, 61591, 84642, 84642, 96768, 96768]}