{"00T35@0": 0.024604569420035142, "01T22@0": 0.11160714285714282, "02T24@1": 1.0, "03T35@1": 0.49444444444444446, "04T16@2": 1.0, "05T35@2": 0.8936507936507937, "BUYER": 0.0, "SELLER": 0.0}