{"00T29@0": 0.0, "01T23@0": 0.11020408163265306, "02T35@1": 0.7866666666666666, "03T23@1": 0.8675958188153309, "04T38@2": 0.0, "05T23@2": 0.8466257668711656, "06T22@3": 0.09615384615384619, "07T35@3": 0.605187319884726, "BUYER": 0.0, "SELLER": 0.0}