{"00T06@0": 0.0, "01T24@0": 0.0, "02T24@1": 0.75, "03T22@1": 0.6382978723404257, "04T06@2": 0.0, "05T06@2": 0.0, "06T24@3": 1.0, "07T22@3": 0.282442748091603, "BUYER": 0.0, "SELLER": 0.0}