{"00T24@0": 0.0, "01T35@0": 0.6813008130081305, "02T35@1": 0.7722772277227724, "03T35@1": 0.780327868852459, "04T07@2": 0.17966101694915249, "05T35@2": 0.6888412017167379, "BUYER": 0.0, "SELLER": 0.0}