{"00T35@0": 0.17105263157894737, "01T35@0": 0.1888111888111888, "02T35@1": 0.9809523809523809, "03T22@1": 0.05035971223021582, "04T20@2": 0.0, "05T37@2": 0.020202020202020197, "06T35@3": 0.8596491228070176, "07T35@3": 0.8235294117647058, "08T22@4": 0.0, "09T22@4": 0.0, "BUYER": 0.0, "SELLER": 0.0}