{"00T34@0": 0.09375, "01T34@0": 0.04, "02T37@1": 0.3333333333333333, "03T37@1": 0.25, "04T34@2": 0.7333333333333333, "05T37@2": 0.7727272727272727, "BUYER": 0.0, "SELLER": 0.0}