,balance,assets,bankrupt,agent_id,step
0,1369.0,120.0,False,00T34@0,0.0
1,1295.0,440.0,False,00T34@0,5.0
2,1409.0,80.0,False,01T34@0,0.0
3,1053.0,480.0,False,01T34@0,5.0
4,1887.0,0.0,False,02T37@1,0.0
5,1261.0,468.00773694390716,False,02T37@1,5.0
6,1887.0,0.0,False,03T37@1,0.0
7,1272.0,421.2069632495164,False,03T37@1,5.0
8,2714.0,0.0,False,04T34@2,0.0
9,2561.0,93.60154738878143,False,04T34@2,5.0
10,2714.0,0.0,False,05T37@2,0.0
11,2573.0,0.0,False,05T37@2,5.0
12,,,,,
13,,,,,
14,,,,,
15,,,,,
