{"00T34@0": 0.17142857142857143, "01T41@0": 0.0, "02T41@1": 0.0043859649122807, "03T34@1": 0.0, "04T34@2": 1.0, "05T41@2": 0.023255813953488382, "BUYER": 0.0, "SELLER": 0.0}