{"00T12@0": 0.0, "01T37@0": 0.06232294617563745, "02T22@1": 0.3466666666666667, "03T23@1": 0.6521739130434782, "04T12@2": 0.07981220657276995, "05T37@2": 0.0, "06T12@3": 0.0, "07T37@3": 0.3140794223826715, "BUYER": 0.0, "SELLER": 0.0}