{"00T34@0": 0.045951859956236324, "01T22@0": 0.0986159169550174, "02T22@1": 0.16574585635359132, "03T35@1": 0.6350364963503647, "04T29@2": 1.0, "05T35@2": 0.7341977309562396, "BUYER": 0.0, "SELLER": 0.0}