{"00T40@0": 0.045454545454545456, "01T22@0": 0.06122448979591836, "02T35@1": 0.8518518518518519, "03T22@1": 0.125, "04T09@2": 0.0, "05T35@2": 0.0, "06T35@3": 0.9047619047619048, "07T35@3": 0.9090909090909091, "BUYER": 0.0, "SELLER": 0.0}