{"00T29@0": 0.0, "01T29@0": 0.0, "02T40@1": 1.0, "03T23@1": 1.0, "04T29@2": 0.0, "05T40@2": 0.0638297872340425, "06T40@3": 0.8636363636363636, "07T35@3": 0.8059701492537313, "08T22@4": 0.0, "09T22@4": 0.0, "BUYER": 0.0, "SELLER": 0.0}