{"00T36@0": 0.1166253101736973, "01T23@0": 0.17647058823529413, "02T22@1": 0.25862068965517226, "03T23@1": 0.7880794701986756, "04T22@2": 0.09210526315789477, "05T35@2": 0.6193548387096774, "06T40@3": 0.2916666666666667, "07T22@3": 0.3103448275862068, "08T22@4": 0.03957783641160955, "09T23@4": 0.7036247334754797, "BUYER": 0.0, "SELLER": 0.0}