{"00T37@0": 0.08613445378151262, "01T35@0": 0.5956989247311828, "02T36@1": 0.17695473251028807, "03T36@1": 0.10629921259842524, "04T37@2": 0.14213197969543154, "05T36@2": 0.22807017543859634, "06T37@3": 0.037444933920704845, "07T23@3": 0.7744360902255645, "BUYER": 0.0, "SELLER": 0.0}