{"00T41@0": 0.0, "01T22@0": 0.04518072289156628, "02T16@1": 0.0, "03T22@1": 0.1524390243902439, "04T16@2": 0.0, "05T22@2": 0.2265625, "06T41@3": 0.3673469387755102, "07T16@3": 0.0, "08T41@4": 0.0765027322404372, "09T35@4": 0.8238636363636364, "BUYER": 0.0, "SELLER": 0.0}