{"00T24@0": 0.0, "01T37@0": 0.03640256959314771, "02T22@1": 0.5375, "03T35@1": 0.9085714285714286, "04T35@2": 0.7136431784107952, "05T35@2": 0.6794019933554812, "BUYER": 0.0, "SELLER": 0.0}