{"00T15@0": 0.08130081300813014, "01T18@0": 0.0, "02T15@1": 0.23076923076923078, "03T18@1": 1.0, "04T18@2": 0.8000000000000002, "05T15@2": 0.024752475247524754, "BUYER": 0.0, "SELLER": 0.0}