{"00T26@0": 0.027027027027027032, "01T22@0": 0.09062003179650237, "02T22@1": 0.1331058020477816, "03T35@1": 0.7677902621722845, "04T38@2": 0.12690355329949238, "05T35@2": 0.7590361445783133, "BUYER": 0.0, "SELLER": 0.0}