{"00T22@0": 0.033898305084745776, "01T22@0": 0.03832752613240422, "02T29@1": 0.0, "03T35@1": 0.5439999999999999, "04T22@2": 0.3363636363636363, "05T35@2": 0.9423076923076923, "06T37@3": 0.007936507936507929, "07T35@3": 0.7162162162162162, "08T23@4": 0.6923076923076932, "09T23@4": 0.6947368421052632, "BUYER": 0.0, "SELLER": 0.0}