{"00T18@0": 0.0, "01T10@0": 0.06220095693779906, "02T10@1": 0.22891566265060237, "03T18@1": 0.0, "04T10@2": 0.05641025641025647, "05T18@2": 0.7027027027027027, "BUYER": 0.0, "SELLER": 0.0}