{"00T37@0": 0.0, "01T35@0": 0.0, "02T24@1": 0.0, "03T24@1": 0.0, "04T37@2": 1.0, "05T35@2": 0.0, "06T24@3": 0.0, "07T35@3": 0.16129032258064516, "08T37@4": 0.9596774193548387, "09T22@4": 0.8309178743961353, "BUYER": 0.0, "SELLER": 0.0}