{"00T22@0": 0.07142857142857147, "01T23@0": 0.3155080213903743, "02T07@1": 0.11851851851851852, "03T23@1": 0.8804347826086957, "04T36@2": 0.0, "05T35@2": 0.6649746192893397, "BUYER": 0.0, "SELLER": 0.0}