{"00T35@0": 0.11881188118811888, "01T35@0": 0.12834224598930488, "02T23@1": 0.7832512315270934, "03T35@1": 0.8181818181818182, "04T12@2": 0.0, "05T23@2": 0.9090909090909091, "06T02@3": 0.35897435897435914, "07T22@3": 0.0, "BUYER": 0.0, "SELLER": 0.0}