{"time_limit": 10800, "spot_discount": 0.9, "spot_market_global_loss": 0.2, "neg_quota_step": 342, "n_processes": 4, "n_products": 5, "n_steps": 57, "financial_reports_period": 5, "exogenous_horizon": 24, "max_productivity": 1.0, "catalog_prices": [10, 15, 25, 35, 45], "cash_availability": [1.5, 2.5], "expected_productivity": 0.6198830409356725, "expected_mean_profit": 0.08727071952780682, "initial_balance": [11905, 11905, 9722, 9722, 9722, 9722, 31300, 31300, 19841, 19841, 19841, 19841]}