{"00T36@0": 0.1111111111111111, "01T22@0": 0.05405405405405406, "02T35@1": 0.75, "03T22@1": 0.7692307692307693, "04T37@2": 0.045454545454545456, "05T35@2": 0.0, "06T35@3": 0.8275862068965517, "07T35@3": 0.7837837837837838, "BUYER": 0.0, "SELLER": 0.0}