{"00T35@0": 0.36116910229645083, "01T35@0": 0.34285714285714286, "02T41@1": 0.3855855855855855, "03T35@1": 0.0, "04T23@2": 0.6271777003484322, "05T23@2": 0.6258741258741257, "06T37@3": 0.0, "07T22@3": 0.1558441558441558, "08T35@4": 0.7835820895522385, "09T23@4": 0.6233009708737859, "BUYER": 0.0, "SELLER": 0.0}