{"00T38@0": 0.03296703296703294, "01T26@0": 0.0, "02T38@1": 0.06563039723661486, "03T23@1": 0.6147959183673473, "04T26@2": 0.0423728813559322, "05T38@2": 0.0017452006980802777, "06T26@3": 0.0073710073710073635, "07T22@3": 0.16858237547892715, "BUYER": 0.0, "SELLER": 0.0}