{"00T22@0": 0.2635467980295565, "01T35@0": 0.713097713097713, "02T22@1": 0.023696682464454975, "03T22@1": 0.01826484018264839, "04T34@2": 0.5666666666666664, "05T35@2": 0.7621621621621621, "06T26@3": 0.5416666666666666, "07T35@3": 0.6790890269151141, "BUYER": 0.0, "SELLER": 0.0}