{"time_limit": 10800, "spot_discount": 0.9, "spot_market_global_loss": 0.2, "neg_quota_step": 276, "n_processes": 4, "n_products": 5, "n_steps": 69, "financial_reports_period": 5, "exogenous_horizon": 33, "max_productivity": 1.0, "catalog_prices": [10, 14, 20, 27, 38], "cash_availability": [1.5, 2.5], "expected_productivity": 0.9420289855072463, "expected_mean_profit": 0.07378037725735637, "initial_balance": [19494, 19494, 25118, 25118, 36139, 36139, 46112, 46112]}