{"00T05@0": 0.0, "01T12@0": 0.0, "02T02@1": 0.12386706948640482, "03T35@1": 0.6380090497737556, "04T29@2": 1.0, "05T22@2": 0.02065404475043026, "BUYER": 0.0, "SELLER": 0.0}