{"00T22@0": 0.3020833333333333, "01T35@0": 0.38951310861423233, "02T07@1": 0.15202702702702708, "03T26@1": 0.351063829787234, "04T35@2": 0.7205882352941179, "05T35@2": 0.6978557504873294, "BUYER": 0.0, "SELLER": 0.0}