{"00T15@0": 0.15282392026578065, "01T37@0": 0.004405286343612333, "02T37@1": 0.29629629629629634, "03T37@1": 0.2522522522522524, "04T15@2": 0.025210084033613436, "05T15@2": 0.038910505836575876, "BUYER": 0.0, "SELLER": 0.0}