{"00T37@0": 0.012820512820512808, "01T36@0": 0.16306483300589403, "02T37@1": 0.1366120218579235, "03T36@1": 0.2962962962962961, "04T36@2": 0.03649635036496354, "05T37@2": 0.058004640371229745, "BUYER": 0.0, "SELLER": 0.0}