{"00T20@0": 0.041343669250646, "01T35@0": 0.11253196930946302, "02T35@1": 0.7499999999999999, "03T35@1": 0.803921568627451, "04T26@2": 0.40608465608465594, "05T35@2": 0.7526427061310788, "BUYER": 0.0, "SELLER": 0.0}