{"00T41@0": 0.07836990595611283, "01T35@0": 0.6777777777777778, "02T40@1": 0.04444444444444444, "03T40@1": 0.020689655172413775, "04T40@2": 0.6818181818181818, "05T35@2": 0.8181818181818182, "06T41@3": 0.36949152542372876, "07T35@3": 0.8108108108108111, "08T41@4": 0.02013422818791947, "09T22@4": 0.0, "BUYER": 0.0, "SELLER": 0.0}