{"00T35@0": 0.7396226415094339, "01T22@0": 0.2408963585434174, "02T33@1": 0.10389610389610393, "03T35@1": 0.6157407407407407, "04T34@2": 0.7610062893081763, "05T35@2": 0.6167512690355332, "BUYER": 0.0, "SELLER": 0.0}