{"00T38@0": 0.0, "01T22@0": 0.04460966542750931, "02T18@1": 0.0, "03T22@1": 0.10084033613445381, "04T18@2": 0.0, "05T22@2": 0.0, "06T38@3": 0.06578947368421052, "07T38@3": 0.07446808510638295, "08T18@4": 0.0, "09T35@4": 0.7571428571428568, "BUYER": 0.0, "SELLER": 0.0}