{"00T17@0": 0.05194805194805197, "01T33@0": 0.08085106382978727, "02T33@1": 0.1, "03T22@1": 0.1616161616161616, "04T17@2": 0.3406593406593406, "05T17@2": 0.3333333333333335, "06T33@3": 0.04090909090909091, "07T22@3": 0.033195020746887946, "BUYER": 0.0, "SELLER": 0.0}