{"00T08@0": 0.031175059952038342, "01T35@0": 0.13740458015267176, "02T09@1": 0.0, "03T22@1": 0.2840466926070039, "04T22@2": 0.030690537084398947, "05T22@2": 0.05898876404494382, "BUYER": 0.0, "SELLER": 0.0}