{"00T07@0": 0.09090909090909093, "01T35@0": 0.3567073170731707, "02T35@1": 0.6289308176100624, "03T35@1": 0.6363636363636371, "04T00@2": 0.0, "05T35@2": 0.5974842767295596, "BUYER": 0.0, "SELLER": 0.0}