{"00T16@0": 0.0, "01T22@0": 0.05279034690799397, "02T22@1": 0.6023622047244097, "03T35@1": 0.8875, "04T15@2": 0.0037174721189591037, "05T35@2": 0.7131147540983604, "BUYER": 0.0, "SELLER": 0.0}