{"00T22@0": 0.13310580204778155, "01T22@0": 0.08999999999999998, "02T37@1": 0.26271186440677985, "03T36@1": 0.33950617283950624, "04T22@2": 0.026143790849673172, "05T23@2": 0.7686832740213521, "BUYER": 0.0, "SELLER": 0.0}