{"00T04@0": 0.0, "01T03@0": 0.03265306122448981, "02T04@1": 0.21030042918454944, "03T22@1": 0.14843750000000003, "04T03@2": 0.0, "05T03@2": 0.1056338028169014, "06T04@3": 0.05844155844155844, "07T22@3": 1.0, "BUYER": 0.0, "SELLER": 0.0}