{"00T41@0": 0.22772277227722773, "01T24@0": 0.0, "02T41@1": 0.748344370860927, "03T24@1": 0.05263157894736842, "04T41@2": 0.3665943600867679, "05T24@2": 0.9872611464968153, "BUYER": 0.0, "SELLER": 0.0}