{"00T35@0": 0.6120689655172413, "01T35@0": 0.6181818181818179, "02T22@1": 0.002680965147453079, "03T22@1": 0.002673796791443846, "04T22@2": 0.47770700636942676, "05T22@2": 0.4820846905537459, "06T04@3": 0.33108108108108114, "07T41@3": 0.43427230046948356, "08T22@4": 0.0, "09T22@4": 0.0, "BUYER": 0.0, "SELLER": 0.0}