{"00T35@0": 0.0, "01T23@0": 0.0, "02T23@1": 0.0, "03T23@1": 0.0, "04T23@2": 1.0, "05T35@2": 1.0, "06T07@3": 0.009677419354838705, "07T22@3": 0.0029239766081871304, "08T41@4": 0.375, "09T35@4": 0.7057877813504828, "BUYER": 0.0, "SELLER": 0.0}