{"00T41@0": 0.11550151975683882, "01T37@0": 0.11838006230529592, "02T37@1": 0.11486486486486489, "03T41@1": 0.12053571428571423, "04T41@2": 0.3427672955974843, "05T35@2": 0.7658227848101267, "06T37@3": 0.02302631578947369, "07T35@3": 0.5906862745098039, "BUYER": 0.0, "SELLER": 0.0}