{"00T35@0": 0.3314393939393939, "01T35@0": 0.3424124513618676, "02T22@1": 0.3514986376021797, "03T22@1": 0.3672922252010727, "04T22@2": 0.18055555555555555, "05T22@2": 0.17343173431734316, "06T41@3": 0.15432098765432098, "07T00@3": 0.0, "08T22@4": 0.014285714285714271, "09T22@4": 0.2047244094488189, "BUYER": 0.0, "SELLER": 0.0}