{"time_limit": 10800, "spot_discount": 0.9, "spot_market_global_loss": 0.2, "neg_quota_step": 396, "n_processes": 4, "n_products": 5, "n_steps": 99, "financial_reports_period": 5, "exogenous_horizon": 32, "max_productivity": 1.0, "catalog_prices": [10, 15, 22, 33, 46], "cash_availability": [1.5, 2.5], "expected_productivity": 0.9595959595959596, "expected_mean_profit": 0.07372596361127878, "initial_balance": [22063, 22063, 32670, 32670, 50150, 50150, 69072, 69072]}