{"00T35@0": 0.0948012232415903, "01T22@0": 0.22093023255813946, "02T24@1": 0.125, "03T35@1": 0.5849802371541506, "04T00@2": 0.0, "05T35@2": 0.7438692098092636, "BUYER": 0.0, "SELLER": 0.0}