{"00T37@0": 0.03131991051454138, "01T23@0": 0.01470588235294116, "02T23@1": 0.8074534161490683, "03T23@1": 0.84472049689441, "04T36@2": 0.0, "05T35@2": 0.7476459510357821, "BUYER": 0.0, "SELLER": 0.0}