{"00T22@0": 0.11254019292604511, "01T23@0": 0.23432343234323427, "02T15@1": 0.3602941176470588, "03T23@1": 0.8725490196078431, "04T36@2": 0.0, "05T35@2": 0.6801152737752165, "BUYER": 0.0, "SELLER": 0.0}