{"00T15@0": 0.0, "01T34@0": 0.0, "02T34@1": 0.5485232067510548, "03T34@1": 0.5606694560669455, "04T15@2": 0.025974025974025948, "05T15@2": 0.03191489361702128, "BUYER": 0.0, "SELLER": 0.0}