{"00T15@0": 0.31766917293233077, "01T22@0": 0.324372759856631, "02T35@1": 0.2788104089219331, "03T35@1": 0.25842696629213485, "04T34@2": 0.6025641025641025, "05T35@2": 1.0, "06T22@3": 0.0, "07T22@3": 0.0, "BUYER": 0.0, "SELLER": 0.0}