{"00T22@0": 0.06341463414634149, "01T22@0": 0.13333333333333341, "02T41@1": 0.7011952191235057, "03T24@1": 0.75, "04T35@2": 0.654618473895582, "05T22@2": 0.14210526315789476, "BUYER": 0.0, "SELLER": 0.0}