{"00T06@0": 0.2222222222222222, "01T41@0": 0.19844357976653684, "02T41@1": 0.3155080213903743, "03T06@1": 0.0, "04T06@2": 0.0, "05T41@2": 0.05472636815920396, "BUYER": 0.0, "SELLER": 0.0}