{"time_limit": 10800, "spot_discount": 0.9, "spot_market_global_loss": 0.2, "neg_quota_step": 420, "n_processes": 4, "n_products": 5, "n_steps": 105, "financial_reports_period": 5, "exogenous_horizon": 39, "max_productivity": 1.0, "catalog_prices": [10, 15, 26, 34, 46], "cash_availability": [1.5, 2.5], "expected_productivity": 0.9619047619047619, "expected_mean_profit": 0.09965317227770137, "initial_balance": [25040, 25040, 39438, 39438, 49543, 49543, 69932, 69932]}