{"00T15@0": 0.2692307692307692, "01T22@0": 0.037037037037037035, "02T35@1": 0.3333333333333333, "03T22@1": 0.5, "04T36@2": 0.07407407407407407, "05T35@2": 0.0, "06T35@3": 0.6538461538461539, "07T35@3": 0.6666666666666666, "BUYER": 0.0, "SELLER": 0.0}