{"00T22@0": 0.015873015873015858, "01T23@0": 0.1459227467811159, "02T34@1": 0.6619718309859155, "03T23@1": 0.7802197802197802, "04T36@2": 0.41847826086956524, "05T35@2": 0.6710963455149498, "BUYER": 0.0, "SELLER": 0.0}