{"00T22@0": 0.05732484076433125, "01T23@0": 0.23300970873786409, "02T37@1": 0.11464968152866244, "03T23@1": 0.8061224489795918, "04T07@2": 0.11224489795918367, "05T35@2": 0.7800000000000001, "BUYER": 0.0, "SELLER": 0.0}