{"00T12@0": 0.0, "01T35@0": 0.093841642228739, "02T23@1": 0.0, "03T22@1": 0.07438016528925631, "04T23@2": 0.6921052631578949, "05T35@2": 0.6651376146788985, "06T41@3": 0.3726591760299627, "07T22@3": 0.08606557377049184, "08T22@4": 0.02155887230514093, "09T23@4": 0.7144522144522146, "BUYER": 0.0, "SELLER": 0.0}