{"time_limit": 10800, "spot_discount": 0.9, "spot_market_global_loss": 0.2, "neg_quota_step": 620, "n_processes": 5, "n_products": 6, "n_steps": 124, "financial_reports_period": 5, "exogenous_horizon": 33, "max_productivity": 1.0, "catalog_prices": [10, 15, 20, 28, 34, 44], "cash_availability": [1.5, 2.5], "expected_productivity": 0.9596774193548387, "expected_mean_profit": 0.1191310707103138, "initial_balance": [26483, 26483, 32064, 32064, 41237, 41237, 54195, 54195, 70274, 70274]}