{"00T23@0": 0.3071428571428572, "01T35@0": 0.23873873873873874, "02T24@1": 0.0, "03T37@1": 0.0, "04T24@2": 0.0, "05T37@2": 0.45977011494252873, "06T37@3": 0.3357664233576642, "07T24@3": 0.375, "08T35@4": 0.8484848484848485, "09T23@4": 0.7452471482889732, "BUYER": 0.0, "SELLER": 0.0}