{"00T34@0": 0.0, "01T34@0": 0.0, "02T24@1": 0.0, "03T34@1": 1.0, "04T24@2": 0.04081632653061224, "05T35@2": 0.5658536585365853, "06T24@3": 1.0, "07T35@3": 0.7842778793418648, "BUYER": 0.0, "SELLER": 0.0}