{"00T15@0": 0.09650924024640657, "01T35@0": 0.1306209850107067, "02T35@1": 0.7205240174672491, "03T35@1": 0.7688679245283021, "04T41@2": 0.0, "05T35@2": 0.7096219931271478, "BUYER": 0.0, "SELLER": 0.0}