{"00T10@0": 0.09892086330935237, "01T10@0": 0.09874326750448836, "02T10@1": 0.33448275862068966, "03T37@1": 0.18686868686868693, "04T37@2": 0.021032504780114744, "05T37@2": 0.06250000000000003, "BUYER": 0.0, "SELLER": 0.0}