{"00T23@0": 0.25696594427244607, "01T23@0": 0.3552238805970149, "02T23@1": 0.905982905982906, "03T22@1": 0.0, "04T06@2": 0.0, "05T07@2": 0.01162790697674418, "BUYER": 0.0, "SELLER": 0.0}