{"00T36@0": 0.28677839851024217, "01T35@0": 0.2627986348122867, "02T26@1": 0.16776315789473673, "03T22@1": 0.2656249999999998, "04T22@2": 0.0, "05T22@2": 0.0233100233100233, "BUYER": 0.0, "SELLER": 0.0}