{"00T35@0": 0.5241809672386897, "01T22@0": 0.10617760617760622, "02T26@1": 0.33557046979865796, "03T35@1": 0.8736263736263736, "04T08@2": 0.0, "05T35@2": 0.6844827586206893, "BUYER": 0.0, "SELLER": 0.0}