{"00T22@0": 0.0, "01T35@0": 0.5578034682080922, "02T08@1": 0.38483965014577237, "03T16@1": 0.0, "04T35@2": 0.7126696832579188, "05T35@2": 0.6928406466512702, "BUYER": 0.0, "SELLER": 0.0}