{"00T38@0": 0.0, "01T38@0": 0.0, "02T38@1": 0.0, "03T37@1": 0.7352941176470589, "04T37@2": 0.45685279187817257, "05T37@2": 0.38805970149253727, "BUYER": 0.0, "SELLER": 0.0}