{"00T35@0": 0.21538461538461545, "01T23@0": 0.2656903765690376, "02T23@1": 0.8434782608695652, "03T22@1": 0.30785123966942163, "04T40@2": 0.18723404255319168, "05T35@2": 0.3310104529616725, "06T22@3": 0.02575107296137338, "07T23@3": 0.5609756097560977, "08T20@4": 1.0, "09T23@4": 0.7035647279549717, "BUYER": 0.0, "SELLER": 0.0}