{"time_limit": 10800, "spot_discount": 0.9, "spot_market_global_loss": 0.2, "neg_quota_step": 410, "n_processes": 5, "n_products": 6, "n_steps": 82, "financial_reports_period": 5, "exogenous_horizon": 30, "max_productivity": 1.0, "catalog_prices": [10, 20, 26, 40, 55, 68], "cash_availability": [1.5, 2.5], "expected_productivity": 0.9390243902439024, "expected_mean_profit": 0.0940742542153048, "initial_balance": [24832, 24832, 33450, 33450, 50394, 50394, 66170, 66170, 84210, 84210]}