{"time_limit": 10800, "spot_discount": 0.9, "spot_market_global_loss": 0.2, "neg_quota_step": 330, "n_processes": 5, "n_products": 6, "n_steps": 66, "financial_reports_period": 5, "exogenous_horizon": 22, "max_productivity": 1.0, "catalog_prices": [10, 19, 29, 40, 52, 74], "cash_availability": [1.5, 2.5], "expected_productivity": 0.9242424242424242, "expected_mean_profit": 0.10944976076555024, "initial_balance": [15902, 15902, 25867, 25867, 34560, 34560, 50037, 50037, 64242, 64242]}