{"00T15@0": 0.09931506849315078, "01T22@0": 0.11419249592169657, "02T22@1": 0.19617224880382775, "03T35@1": 0.6956521739130433, "04T18@2": 0.5298913043478265, "05T35@2": 0.7465940054495915, "BUYER": 0.0, "SELLER": 0.0}