{"00T41@0": 0.03846153846153847, "01T20@0": 0.09090909090909087, "02T23@1": 0.8556149732620323, "03T22@1": 0.5691699604743085, "04T35@2": 0.6784968684759914, "05T23@2": 0.6875000000000001, "BUYER": 0.0, "SELLER": 0.0}