{"00T20@0": 0.0, "01T22@0": 0.16334661354581678, "02T37@1": 0.10891089108910892, "03T23@1": 0.7407407407407407, "04T35@2": 0.7954545454545454, "05T22@2": 0.145, "06T22@3": 0.26586102719033233, "07T23@3": 0.7513812154696131, "08T23@4": 0.6017191977077367, "09T23@4": 0.6071428571428571, "BUYER": 0.0, "SELLER": 0.0}