{"time_limit": 10800, "spot_discount": 0.9, "spot_market_global_loss": 0.2, "neg_quota_step": 468, "n_processes": 4, "n_products": 5, "n_steps": 117, "financial_reports_period": 5, "exogenous_horizon": 55, "max_productivity": 1.0, "catalog_prices": [10, 19, 24, 32, 40], "cash_availability": [1.5, 2.5], "expected_productivity": 0.9658119658119658, "expected_mean_profit": 0.08150095375475691, "initial_balance": [33787, 33787, 43818, 43818, 61238, 61238, 71903, 71903]}