{"00T22@0": 0.030162412993039418, "01T35@0": 0.7803837953091681, "02T18@1": 0.034261241970021415, "03T10@1": 0.38435374149659857, "04T35@2": 0.6017441860465117, "05T35@2": 0.6656249999999997, "BUYER": 0.0, "SELLER": 0.0}