{"00T22@0": 0.011152416356877323, "01T35@0": 0.4960317460317461, "02T20@1": 0.0, "03T22@1": 0.2159090909090909, "04T23@2": 0.8333333333333334, "05T22@2": 0.30344827586206896, "06T22@3": 0.0, "07T23@3": 0.7647058823529411, "08T12@4": 0.12626262626262627, "09T23@4": 0.7539936102236421, "BUYER": 0.0, "SELLER": 0.0}