{"00T19@0": 0.0, "01T34@0": 0.10526315789473684, "02T34@1": 0.0, "03T22@1": 0.06097560975609756, "04T34@2": 0.43382352941176466, "05T19@2": 0.0, "06T23@3": 0.8269230769230769, "07T22@3": 0.21551724137931041, "08T19@4": 1.0, "09T22@4": 0.0, "BUYER": 0.0, "SELLER": 0.0}