{"00T40@0": 0.0, "01T09@0": 0.0, "02T40@1": 0.08888888888888889, "03T09@1": 0.0, "04T40@2": 0.6395348837209304, "05T09@2": 0.0, "BUYER": 0.0, "SELLER": 0.0}