{"00T22@0": 0.1950464396284828, "01T23@0": 0.46831955922865004, "02T15@1": 0.37037037037037035, "03T23@1": 0.673469387755102, "04T26@2": 0.0, "05T35@2": 0.6295454545454545, "BUYER": 0.0, "SELLER": 0.0}