{"00T22@0": 0.016447368421052627, "01T35@0": 0.6654929577464793, "02T37@1": 0.20103092783505158, "03T18@1": 0.015904572564612324, "04T35@2": 0.6314102564102566, "05T35@2": 0.6818181818181818, "BUYER": 0.0, "SELLER": 0.0}