{"00T38@0": 0.0, "01T22@0": 0.19868995633187794, "02T15@1": 0.007352941176470588, "03T22@1": 0.008130081300813009, "04T38@2": 0.07913669064748204, "05T22@2": 0.052173913043478216, "06T15@3": 0.5606694560669457, "07T38@3": 0.07086614173228346, "08T15@4": 0.026058631921824074, "09T35@4": 0.7089947089947085, "BUYER": 0.0, "SELLER": 0.0}