{"00T36@0": 0.0, "01T35@0": 0.4388609715242881, "02T38@1": 0.0, "03T38@1": 0.0, "04T36@2": 0.6885245901639344, "05T35@2": 0.4696969696969697, "06T38@3": 0.0, "07T35@3": 0.6355140186915887, "08T36@4": 0.0, "09T22@4": 0.0, "BUYER": 0.0, "SELLER": 0.0}