{"00T37@0": 0.09523809523809527, "01T22@0": 0.15306122448979592, "02T26@1": 0.18446601941747576, "03T35@1": 0.8586387434554974, "04T35@2": 0.728171334431631, "05T22@2": 0.0, "BUYER": 0.0, "SELLER": 0.0}