{"00T00@0": 0.0, "01T35@0": 0.0930888575458392, "02T35@1": 0.7824074074074074, "03T35@1": 0.753488372093023, "04T09@2": 0.0, "05T35@2": 0.6610526315789483, "BUYER": 0.0, "SELLER": 0.0}