{"00T12@0": 0.0, "01T22@0": 0.1639751552795031, "02T37@1": 0.10424710424710425, "03T23@1": 0.383495145631068, "04T40@2": 1.0, "05T23@2": 0.6838565022421526, "BUYER": 0.0, "SELLER": 0.0}