{"00T35@0": 0.26717557251908386, "01T23@0": 0.38648180242634306, "02T22@1": 0.0, "03T22@1": 0.0032258064516128998, "04T41@2": 0.22083333333333333, "05T36@2": 0.48247978436657685, "BUYER": 0.0, "SELLER": 0.0}