{"00T34@0": 0.04632587859424925, "01T35@0": 0.12721893491124261, "02T35@1": 0.7900763358778626, "03T35@1": 0.7900763358778629, "04T36@2": 0.0, "05T35@2": 0.7285180572851803, "BUYER": 0.0, "SELLER": 0.0}