{"00T08@0": 0.05990783410138251, "01T14@0": 0.0, "02T08@1": 0.0, "03T22@1": 0.06060606060606061, "04T14@2": 0.0, "05T08@2": 0.9545454545454546, "06T14@3": 1.0, "07T22@3": 0.026785714285714274, "BUYER": 0.0, "SELLER": 0.0}