{"00T36@0": 0.0, "01T36@0": 0.0, "02T34@1": 0.3347107438016529, "03T34@1": 0.3389121338912134, "04T34@2": 1.0, "05T36@2": 0.0, "BUYER": 0.0, "SELLER": 0.0}