{"00T23@0": 0.33529411764705863, "01T35@0": 0.32938856015779083, "02T34@1": 0.14473684210526316, "03T22@1": 0.0, "04T38@2": 0.07831325301204817, "05T35@2": 0.8195876288659794, "06T35@3": 0.7574468085106381, "07T23@3": 0.7427937915742796, "BUYER": 0.0, "SELLER": 0.0}