{"time_limit": 10800, "spot_discount": 0.9, "spot_market_global_loss": 0.2, "neg_quota_step": 352, "n_processes": 4, "n_products": 5, "n_steps": 88, "financial_reports_period": 5, "exogenous_horizon": 31, "max_productivity": 1.0, "catalog_prices": [10, 16, 18, 29, 35], "cash_availability": [1.5, 2.5], "expected_productivity": 0.9545454545454546, "expected_mean_profit": 0.08108298226554013, "initial_balance": [20913, 20913, 24797, 24797, 36822, 36822, 45411, 45411]}