{"00T36@0": 0.013297872340425527, "01T35@0": 0.20574162679425823, "02T36@1": 0.022857142857142857, "03T29@1": 0.0, "04T36@2": 0.1293103448275861, "05T29@2": 0.0, "06T29@3": 1.0, "07T23@3": 0.8609625668449199, "BUYER": 0.0, "SELLER": 0.0}