{"00T07@0": 0.024390243902439025, "01T07@0": 0.024390243902439015, "02T07@1": 0.0, "03T22@1": 0.42528735632183917, "04T41@2": 0.6478873239436618, "05T41@2": 0.5774647887323945, "06T41@3": 0.035087719298245626, "07T22@3": 0.023255813953488382, "BUYER": 0.0, "SELLER": 0.0}