{"00T37@0": 0.09298245614035083, "01T35@0": 0.333855799373041, "02T37@1": 0.028735632183908046, "03T22@1": 0.2120418848167539, "04T36@2": 0.19183673469387758, "05T37@2": 0.10416666666666667, "06T36@3": 0.3418181818181818, "07T36@3": 0.41697416974169743, "08T35@4": 0.7549668874172191, "09T35@4": 0.7363636363636361, "BUYER": 0.0, "SELLER": 0.0}