{"00T22@0": 0.031249999999999972, "01T23@0": 0.016260162601626008, "02T09@1": 0.0, "03T23@1": 0.8321167883211679, "04T07@2": 0.22282608695652178, "05T35@2": 0.828282828282828, "BUYER": 0.0, "SELLER": 0.0}