{"00T05@0": 0.0, "01T12@0": 0.049122807017543846, "02T05@0": 0.0, "03T29@0": 0.0, "04T12@0": 0.02277039848197341, "05T02@1": 0.0, "06T12@1": 0.0, "07T02@1": 0.0, "08T02@1": 0.0, "09T05@2": 1.0, "10T29@2": 1.0, "11T29@2": 1.0, "BUYER": 0.0, "SELLER": 0.0}