{"00T35@0": 0.5150602409638549, "01T23@0": 0.5483870967741938, "02T22@1": 0.0, "03T22@1": 0.0038759689922480585, "04T20@2": 0.4383116883116883, "05T19@2": 1.0, "BUYER": 0.0, "SELLER": 0.0}