{"00T29@0": 0.0, "01T29@0": 0.0, "02T41@1": 1.0, "03T23@1": 1.0, "04T29@2": 0.0, "05T41@2": 0.2216867469879518, "06T41@3": 0.46781115879828317, "07T35@3": 0.7666666666666667, "BUYER": 0.0, "SELLER": 0.0}