{"time_limit": 10800, "spot_discount": 0.9, "spot_market_global_loss": 0.2, "neg_quota_step": 284, "n_processes": 4, "n_products": 5, "n_steps": 71, "financial_reports_period": 5, "exogenous_horizon": 31, "max_productivity": 1.0, "catalog_prices": [10, 19, 25, 33, 43], "cash_availability": [1.5, 2.5], "expected_productivity": 0.9436619718309859, "expected_mean_profit": 0.05757186718834909, "initial_balance": [21942, 21942, 33119, 33119, 39358, 39358, 52797, 52797]}