{"00T35@0": 0.3247612049963264, "01T35@0": 0.3244070390206578, "02T35@1": 0.9111111111111111, "03T22@1": 0.26874625074984954, "04T35@2": 0.3992094861660076, "05T35@2": 0.40976933514246994, "06T38@3": 0.0, "07T16@3": 1.0, "BUYER": 0.0, "SELLER": 0.0}