{"00T35@0": 0.0, "01T35@0": 0.0, "02T23@1": 1.0, "03T23@1": 1.0, "04T35@2": 0.7966101694915254, "05T22@2": 0.16501650165016496, "06T24@3": 0.9261744966442953, "07T36@3": 0.018766756032171587, "BUYER": 0.0, "SELLER": 0.0}