{"00T05@0": 0.0, "01T02@0": 0.027722772277227723, "02T05@1": 0.0, "03T12@1": 0.14285714285714285, "04T02@2": 0.9166666666666666, "05T12@2": 0.0, "06T05@3": 0.0, "07T35@3": 0.4534883720930232, "08T12@4": 0.02, "09T02@4": 0.7507788161993768, "BUYER": 0.0, "SELLER": 0.0}