{"00T16@0": 0.0, "01T22@0": 0.7130177514792908, "02T35@1": 0.406896551724138, "03T35@1": 0.511764705882353, "04T34@2": 0.25660377358490577, "05T35@2": 0.870967741935484, "06T22@3": 0.0211864406779661, "07T22@3": 0.004132231404958675, "BUYER": 0.0, "SELLER": 0.0}