{"00T22@0": 0.1066176470588235, "01T23@0": 0.26460481099656386, "02T37@1": 0.09036144578313252, "03T23@1": 0.71875, "04T20@2": 0.8454935622317596, "05T35@2": 0.6788079470198679, "BUYER": 0.0, "SELLER": 0.0}