{"00T12@0": 0.03488372093023257, "01T12@0": 0.0, "02T12@1": 0.03313253012048191, "03T02@1": 0.056768558951965066, "04T02@2": 0.0, "05T23@2": 0.0, "06T05@3": 0.0, "07T05@3": 0.0, "08T05@4": 1.0, "09T02@4": 1.0, "BUYER": 0.0, "SELLER": 0.0}