{"time_limit": 10800, "spot_discount": 0.9, "spot_market_global_loss": 0.2, "neg_quota_step": 330, "n_processes": 5, "n_products": 6, "n_steps": 66, "financial_reports_period": 5, "exogenous_horizon": 24, "max_productivity": 1.0, "catalog_prices": [10, 18, 30, 40, 51, 58], "cash_availability": [1.5, 2.5], "expected_productivity": 0.9242424242424242, "expected_mean_profit": 0.07757248576538733, "initial_balance": [15784, 15784, 26886, 26886, 37513, 37513, 47299, 47299, 55347, 55347]}