{"00T35@0": 0.0449050086355786, "01T22@0": 0.047770700636942665, "02T09@1": 0.0, "03T35@1": 0.627450980392157, "04T16@2": 1.0, "05T35@2": 0.828148148148148, "BUYER": 0.0, "SELLER": 0.0}