{"00T12@0": 0.0, "01T12@0": 0.0, "02T29@1": 0.0, "03T29@1": 0.0, "04T12@2": 0.0, "05T37@2": 1.0, "06T37@3": 0.7971014492753623, "07T37@3": 0.6437499999999998, "08T29@3": 1.0, "BUYER": 0.0, "SELLER": 0.0}