{"time_limit": 10800, "spot_discount": 0.9, "spot_market_global_loss": 0.2, "neg_quota_step": 234, "n_processes": 4, "n_products": 5, "n_steps": 52, "financial_reports_period": 5, "exogenous_horizon": 24, "max_productivity": 1.0, "catalog_prices": [10, 20, 29, 36, 42], "cash_availability": [1.5, 2.5], "expected_productivity": 0.8205128205128205, "expected_mean_profit": 0.08877504092098171, "initial_balance": [14938, 14938, 23527, 23527, 27168, 27168, 23651, 23651, 23651]}