{"00T15@0": 0.2544103992571959, "01T35@0": 0.1015348288075561, "02T35@1": 0.4931880108991828, "03T35@1": 0.48641304347826086, "04T29@2": 1.0, "05T35@2": 0.7021857923497268, "BUYER": 0.0, "SELLER": 0.0}