{"00T34@0": 0.0, "01T20@0": 0.0, "02T34@1": 1.0, "03T34@1": 1.0, "04T20@2": 0.6066666666666665, "05T20@2": 0.6490384615384617, "BUYER": 0.0, "SELLER": 0.0}