{"00T37@0": 0.009090909090909085, "01T36@0": 0.05957446808510642, "02T37@1": 0.15555555555555559, "03T23@1": 0.7962962962962963, "04T36@2": 0.18823529411764706, "05T37@2": 0.04716981132075472, "06T36@3": 0.057268722466960374, "07T23@3": 0.7142857142857142, "BUYER": 0.0, "SELLER": 0.0}