{"00T35@0": 0.19931662870159442, "01T35@0": 0.196408529741863, "02T35@1": 0.0, "03T22@1": 0.6942508710801384, "04T35@2": 0.325, "05T35@2": 0.32038834951456296, "06T07@3": 0.029411764705882356, "07T24@3": 1.0, "BUYER": 0.0, "SELLER": 0.0}