{"00T22@0": 0.09324758842443746, "01T35@0": 0.26430517711171625, "02T12@1": 0.0, "03T35@1": 0.20895522388059706, "04T37@2": 0.028776978417266157, "05T29@2": 0.0, "06T22@3": 0.7153652392947103, "07T23@3": 0.7880055788005579, "BUYER": 0.0, "SELLER": 0.0}