{"time_limit": 10800, "spot_discount": 0.9, "spot_market_global_loss": 0.2, "neg_quota_step": 420, "n_processes": 4, "n_products": 5, "n_steps": 105, "financial_reports_period": 5, "exogenous_horizon": 40, "max_productivity": 1.0, "catalog_prices": [10, 18, 31, 41, 53], "cash_availability": [1.5, 2.5], "expected_productivity": 0.9619047619047619, "expected_mean_profit": 0.07750597693694238, "initial_balance": [34594, 34594, 54379, 54379, 75242, 75242, 100971, 100971]}