{"00T34@0": 0.02253521126760564, "01T36@0": 0.052980132450331126, "02T34@1": 0.5416666666666666, "03T36@1": 0.3015873015873014, "04T36@2": 0.02625298329355611, "05T34@2": 0.981651376146789, "BUYER": 0.0, "SELLER": 0.0}