{"00T26@0": 0.12889812889812874, "01T40@0": 0.11441647597254007, "02T40@1": 0.060810810810810814, "03T26@1": 0.2676056338028168, "04T40@2": 0.035842293906810034, "05T26@2": 0.0, "BUYER": 0.0, "SELLER": 0.0}