{"00T35@0": 0.21327683615819218, "01T22@0": 0.04724409448818896, "02T40@1": 0.10218978102189781, "03T35@1": 0.7499999999999999, "04T03@2": 0.0, "05T35@2": 0.7469879518072287, "BUYER": 0.0, "SELLER": 0.0}