{"00T40@0": 0.13559322033898305, "01T37@0": 0.009216589861751145, "02T37@1": 0.08988764044943819, "03T37@1": 0.062499999999999944, "04T40@2": 0.04516129032258067, "05T40@2": 0.17391304347826086, "BUYER": 0.0, "SELLER": 0.0}