{"00T37@0": 0.0866807610993658, "01T07@0": 0.11522633744855967, "02T35@1": 0.33576642335766416, "03T35@1": 0.22764227642276438, "04T23@2": 0.7663551401869158, "05T35@2": 0.6880733944954128, "06T35@3": 0.7352941176470589, "07T35@3": 0.7017543859649124, "08T23@4": 0.6, "09T22@4": 0.0, "BUYER": 0.0, "SELLER": 0.0}