{"time_limit": 10800, "spot_discount": 0.9, "spot_market_global_loss": 0.2, "neg_quota_step": 370, "n_processes": 5, "n_products": 6, "n_steps": 74, "financial_reports_period": 5, "exogenous_horizon": 34, "max_productivity": 1.0, "catalog_prices": [10, 20, 28, 39, 51, 65], "cash_availability": [1.5, 2.5], "expected_productivity": 0.9324324324324325, "expected_mean_profit": 0.08608028886139116, "initial_balance": [21465, 21465, 35917, 35917, 49298, 49298, 60530, 60530, 79275, 79275]}