{"time_limit": 10800, "spot_discount": 0.9, "spot_market_global_loss": 0.2, "neg_quota_step": 292, "n_processes": 4, "n_products": 5, "n_steps": 65, "financial_reports_period": 5, "exogenous_horizon": 19, "max_productivity": 1.0, "catalog_prices": [10, 17, 26, 33, 44], "cash_availability": [1.5, 2.5], "expected_productivity": 0.8341880341880342, "expected_mean_profit": 0.09442852681178115, "initial_balance": [17176, 17176, 14851, 14851, 14851, 31883, 31883, 39129, 39129]}