{"00T12@0": 0.0, "01T37@0": 0.07142857142857145, "02T22@1": 0.06666666666666667, "03T23@1": 0.4000000000000001, "04T29@2": 0.0, "05T22@2": 0.22408963585434166, "06T23@3": 0.7124463519313303, "07T23@3": 0.7372881355932205, "08T22@4": 0.0, "09T23@4": 0.6225680933852139, "BUYER": 0.0, "SELLER": 0.0}