{"time_limit": 10800, "spot_discount": 0.9, "spot_market_global_loss": 0.2, "neg_quota_step": 505, "n_processes": 5, "n_products": 6, "n_steps": 101, "financial_reports_period": 5, "exogenous_horizon": 28, "max_productivity": 1.0, "catalog_prices": [10, 23, 31, 42, 60, 80], "cash_availability": [1.5, 2.5], "expected_productivity": 0.9504950495049505, "expected_mean_profit": 0.08402121301947989, "initial_balance": [42542, 42542, 69249, 69249, 81302, 81302, 117699, 117699, 151377, 151377]}