{"00T29@0": 0.0, "01T29@0": 0.0, "02T20@0": 0.0, "03T12@0": 0.0, "04T37@0": 0.0, "05T29@1": 0.0, "06T37@1": 0.11347517730496454, "07T20@2": 1.0, "08T20@2": 1.0, "09T37@2": 0.07924528301886793, "10T12@2": 0.0, "11T12@2": 0.0, "BUYER": 0.0, "SELLER": 0.0}