{"00T41@0": 0.10508474576271186, "01T37@0": 0.06463878326996206, "02T37@1": 0.2340425531914894, "03T41@1": 0.29861111111111116, "04T37@2": 0.06463878326996197, "05T41@2": 0.02542372881355931, "BUYER": 0.0, "SELLER": 0.0}