{"00T37@0": 0.05614035087719306, "01T19@0": 0.0, "02T37@1": 0.03846153846153844, "03T22@1": 0.09722222222222227, "04T37@2": 0.016666666666666666, "05T19@2": 0.0, "06T19@3": 1.0, "07T23@3": 0.8185483870967742, "BUYER": 0.0, "SELLER": 0.0}