{"00T29@0": 0.0, "01T22@0": 0.0, "02T35@1": 0.4117647058823529, "03T22@1": 0.8, "04T15@2": 0.07692307692307693, "05T35@2": 0.0, "06T35@3": 0.64, "07T35@3": 0.625, "BUYER": 0.0, "SELLER": 0.0}