{"00T22@0": 0.07471264367816094, "01T23@0": 0.4823008849557521, "02T40@1": 0.3475177304964538, "03T23@1": 0.75, "04T15@2": 0.0, "05T35@2": 0.6062992125984252, "BUYER": 0.0, "SELLER": 0.0}