{"00T41@0": 0.07055961070559612, "01T22@0": 0.18340611353711797, "02T41@1": 0.013422818791946308, "03T22@1": 0.07142857142857142, "04T06@2": 0.0, "05T22@2": 0.18817204301075277, "06T41@3": 0.0918918918918919, "07T06@3": 0.0, "08T06@4": 0.0, "09T35@4": 0.7996031746031746, "BUYER": 0.0, "SELLER": 0.0}