{"00T35@0": 0.2973760932944608, "01T23@0": 0.5701179554390557, "02T36@1": 0.0, "03T22@1": 0.003236245954692553, "04T29@2": 1.0, "05T35@2": 0.7336244541484725, "BUYER": 0.0, "SELLER": 0.0}