{"00T40@0": 0.025936599423631135, "01T20@0": 0.0, "02T40@1": 0.1891891891891892, "03T20@1": 0.0, "04T20@2": 1.0, "05T40@2": 0.026755852842809336, "BUYER": 0.0, "SELLER": 0.0}