{"00T23@0": 0.17344753747323347, "01T23@0": 0.18350515463917522, "02T37@1": 0.007751937984496117, "03T35@1": 0.8648648648648646, "04T06@2": 0.0, "05T23@2": 0.6700000000000003, "BUYER": 0.0, "SELLER": 0.0}