{"00T38@0": 0.0, "01T38@0": 0.0, "02T37@1": 0.5625, "03T37@1": 0.6043956043956044, "04T38@2": 0.0, "05T37@2": 0.13653136531365315, "BUYER": 0.0, "SELLER": 0.0}