{"00T37@0": 0.09826589595375719, "01T37@0": 0.11740890688259115, "02T26@1": 0.16393442622950827, "03T26@1": 0.17560975609756121, "04T35@2": 0.5221238938053098, "05T23@2": 0.663461538461539, "06T37@3": 0.14516129032258066, "07T22@3": 0.5726795096322241, "08T26@4": 0.0, "09T22@4": 0.009803921568627447, "BUYER": 0.0, "SELLER": 0.0}