{"00T37@0": 0.0, "01T35@0": 0.0, "02T29@1": 0.0, "03T29@1": 0.0, "04T29@2": 0.0, "05T35@2": 0.9701492537313433, "06T37@3": 0.0078125, "07T35@3": 1.0, "08T37@4": 0.03225806451612902, "09T22@4": 0.0, "BUYER": 0.0, "SELLER": 0.0}