{"00T35@0": 0.4904632152588556, "01T35@0": 0.4722222222222222, "02T35@1": 1.0, "03T22@1": 0.0, "04T35@2": 0.35416666666666663, "05T35@2": 0.0, "06T09@3": 0.0, "07T20@3": 0.6517241379310342, "BUYER": 0.0, "SELLER": 0.0}