{"00T24@0": 0.02, "01T35@0": 0.01282051282051282, "02T23@1": 0.9230769230769231, "03T23@1": 0.9795918367346939, "04T23@2": 0.8222222222222222, "05T35@2": 0.7012987012987011, "06T12@3": 0.0, "07T23@3": 0.4696969696969698, "BUYER": 0.0, "SELLER": 0.0}