{"00T35@0": 0.22639068564036222, "01T35@0": 0.22068095838587634, "02T35@1": 1.0, "03T22@1": 0.5360696517412941, "04T35@2": 0.7283464566929136, "05T35@2": 0.7289448209099705, "06T18@3": 0.14514692787177202, "07T38@3": 0.0, "BUYER": 0.0, "SELLER": 0.0}