{"00T23@0": 0.40597014925373154, "01T22@0": 0.2787356321839082, "02T22@1": 0.34729064039408897, "03T35@1": 0.7578125000000002, "04T35@2": 0.0, "05T22@2": 0.18438177874186543, "06T23@3": 0.5303867403314916, "07T35@3": 0.4184397163120567, "08T24@4": 0.9907407407407407, "09T37@4": 0.0, "BUYER": 0.0, "SELLER": 0.0}