{"00T22@0": 0.2560606060606058, "01T23@0": 0.0, "02T35@1": 0.48333333333333334, "03T35@1": 0.4973262032085561, "04T36@2": 0.4791086350974928, "05T23@2": 0.0, "06T35@3": 0.6036866359447005, "07T35@3": 0.6320754716981136, "08T40@4": 0.0, "09T22@4": 0.0, "BUYER": 0.0, "SELLER": 0.0}