{"00T20@0": 0.0, "01T22@0": 0.029929577464788738, "02T24@1": 0.7142857142857143, "03T23@1": 0.8041958041958042, "04T23@2": 0.8063241106719368, "05T35@2": 0.8233333333333333, "06T35@3": 0.6904109589041096, "07T35@3": 0.7001338688085676, "BUYER": 0.0, "SELLER": 0.0}