{"time_limit": 10800, "spot_discount": 0.9, "spot_market_global_loss": 0.2, "neg_quota_step": 390, "n_processes": 5, "n_products": 6, "n_steps": 78, "financial_reports_period": 5, "exogenous_horizon": 35, "max_productivity": 1.0, "catalog_prices": [10, 19, 27, 36, 48, 61], "cash_availability": [1.5, 2.5], "expected_productivity": 0.9358974358974359, "expected_mean_profit": 0.08641929636343458, "initial_balance": [19079, 19079, 26543, 26543, 36586, 36586, 47192, 47192, 59817, 59817]}