{"00T22@0": 0.20630372492836702, "01T23@0": 0.19935691318327975, "02T26@1": 0.14893617021276595, "03T23@1": 0.6333333333333333, "04T21@2": 0.06593406593406594, "05T35@2": 0.6515151515151509, "BUYER": 0.0, "SELLER": 0.0}