{"time_limit": 10800, "spot_discount": 0.9, "spot_market_global_loss": 0.2, "neg_quota_step": 396, "n_processes": 4, "n_products": 5, "n_steps": 88, "financial_reports_period": 5, "exogenous_horizon": 21, "max_productivity": 1.0, "catalog_prices": [10, 19, 20, 28, 40], "cash_availability": [1.5, 2.5], "expected_productivity": 0.8484848484848485, "expected_mean_profit": 0.07350376299127942, "initial_balance": [29006, 29006, 34536, 34536, 30094, 30094, 30094, 58737, 58737]}