{"00T24@0": 0.0025773195876288625, "01T35@0": 0.6428571428571429, "02T22@1": 0.1436464088397791, "03T22@1": 0.13725490196078435, "04T35@2": 0.7783251231527091, "05T22@2": 0.2119205298013246, "06T35@3": 0.7142857142857142, "07T22@3": 0.29910714285714274, "08T41@4": 0.43478260869565216, "09T23@4": 0.630672926447574, "BUYER": 0.0, "SELLER": 0.0}