{"00T41@0": 0.06162464985994401, "01T22@0": 0.22511848341232235, "02T41@1": 0.0740740740740741, "03T22@1": 0.2925531914893617, "04T41@2": 0.09316770186335403, "05T22@2": 0.006134969325153374, "06T38@3": 0.047970479704797064, "07T38@3": 0.30434782608695654, "08T38@4": 0.0, "09T35@4": 0.8525798525798528, "BUYER": 0.0, "SELLER": 0.0}