{"00T38@0": 0.005309734513274336, "01T18@0": 0.0, "02T18@1": 0.0, "03T38@1": 0.10749185667752444, "04T38@2": 0.01818181818181819, "05T35@2": 0.7542168674698793, "06T18@3": 0.2839195979899497, "07T35@3": 0.5531609195402294, "BUYER": 0.0, "SELLER": 0.0}