{"00T06@0": 0.06666666666666667, "01T22@0": 0.19047619047619074, "02T22@1": 0.11009174311926608, "03T35@1": 0.8004987531172071, "04T18@2": 0.27088607594936703, "05T35@2": 0.6861826697892269, "BUYER": 0.0, "SELLER": 0.0}