{"00T29@0": 0.0, "01T20@0": 0.11111111111111101, "02T22@1": 0.5283018867924529, "03T23@1": 1.0, "04T23@2": 0.6209150326797386, "05T35@2": 0.6501182033096929, "BUYER": 0.0, "SELLER": 0.0}