{"00T26@0": 0.0, "01T24@0": 0.0, "02T26@1": 0.3333333333333333, "03T24@1": 0.0, "04T26@2": 0.7857142857142857, "05T24@2": 1.0, "BUYER": 0.0, "SELLER": 0.0}