,balance,assets,bankrupt,agent_id,step
0,1641.0,230.0,False,00T26@0,0.0
1,1541.0,414.96,False,00T26@0,5.0
2,1721.0,60.0,False,01T24@0,0.0
3,1491.0,289.99999999999994,False,01T24@0,5.0
4,2482.0,0.0,False,02T26@1,0.0
5,2202.0,246.3636363636364,False,02T26@1,5.0
6,2482.0,0.0,False,03T24@1,0.0
7,2482.0,0.0,False,03T24@1,5.0
8,3802.0,0.0,False,04T26@2,0.0
9,3856.0,0.0,False,04T26@2,5.0
10,3802.0,0.0,False,05T24@2,0.0
11,3484.0,0.0,False,05T24@2,5.0
12,,,,,
13,,,,,
14,,,,,
15,,,,,
