{"time_limit": 10800, "spot_discount": 0.9, "spot_market_global_loss": 0.2, "neg_quota_step": 435, "n_processes": 5, "n_products": 6, "n_steps": 87, "financial_reports_period": 5, "exogenous_horizon": 31, "max_productivity": 1.0, "catalog_prices": [10, 16, 27, 40, 46, 60], "cash_availability": [1.5, 2.5], "expected_productivity": 0.9425287356321839, "expected_mean_profit": 0.07595416785185509, "initial_balance": [23466, 23466, 38468, 38468, 57492, 57492, 71739, 71739, 83053, 83053]}