{"00T35@0": 0.3584615384615383, "01T35@0": 0.3548872180451126, "02T12@1": 0.0, "03T05@1": 0.0, "04T35@2": 0.67680608365019, "05T22@2": 0.8188405797101448, "06T22@3": 0.053164556962025315, "07T23@3": 0.6070381231671559, "BUYER": 0.0, "SELLER": 0.0}