{"00T37@0": 0.0, "01T37@0": 0.004273504273504268, "02T24@1": 0.0, "03T37@1": 0.09782608695652174, "04T24@2": 0.979253112033195, "05T24@2": 0.9835390946502057, "BUYER": 0.0, "SELLER": 0.0}