{"00T22@0": 0.005899705014749255, "01T35@0": 0.5776772247360477, "02T18@1": 0.006048387096774191, "03T37@1": 0.14225941422594143, "04T35@2": 0.7167070217917676, "05T35@2": 0.6619718309859157, "BUYER": 0.0, "SELLER": 0.0}