{"00T22@0": 0.0, "01T22@0": 0.0, "02T34@1": 0.33663366336633654, "03T09@1": 0.0, "04T22@2": 0.7110481586402264, "05T35@2": 0.9178082191780822, "06T35@3": 0.6599713055954085, "07T35@3": 0.6605783866057838, "BUYER": 0.0, "SELLER": 0.0}