{"00T40@0": 0.03579418344519014, "01T29@0": 0.0, "02T40@1": 0.226890756302521, "03T29@1": 0.0, "04T29@2": 1.0, "05T40@2": 0.0359897172236504, "BUYER": 0.0, "SELLER": 0.0}