{"00T10@0": 0.26631393298059997, "01T20@0": 0.12108559498956159, "02T35@1": 0.27205882352941163, "03T35@1": 0.3076923076923078, "04T23@2": 0.691358024691358, "05T35@2": 0.7027027027027027, "06T35@3": 0.7983193277310925, "07T35@3": 0.7619047619047619, "08T23@4": 0.6370839936608556, "09T22@4": 0.0, "BUYER": 0.0, "SELLER": 0.0}