{"00T26@0": 0.010020040080160317, "01T26@0": 0.02564102564102562, "02T24@1": 1.0, "03T26@1": 0.07526881720430108, "04T24@2": 1.0, "05T35@2": 0.6872037914691946, "06T24@3": 1.0, "07T35@3": 0.761168384879725, "BUYER": 0.0, "SELLER": 0.0}