{"00T36@0": 0.19831223628691982, "01T41@0": 0.0, "02T41@1": 0.033707865168539304, "03T22@1": 0.24770642201834855, "04T36@2": 0.4056603773584906, "05T41@2": 0.026086956521739108, "06T36@3": 0.02358490566037736, "07T22@3": 0.05357142857142855, "BUYER": 0.0, "SELLER": 0.0}