{"00T38@0": 0.0, "01T35@0": 0.11501597444089452, "02T22@1": 0.17293233082706772, "03T35@1": 0.9074074074074074, "04T22@2": 0.00641025641025641, "05T22@2": 0.006097560975609756, "06T29@3": 1.0, "07T35@3": 0.7603305785123968, "BUYER": 0.0, "SELLER": 0.0}