{"00T37@0": 0.0, "01T37@0": 0.0, "02T37@1": 0.12499999999999999, "03T38@1": 0.1323529411764706, "04T35@2": 0.8333333333333335, "05T23@2": 0.8257575757575758, "06T38@3": 0.09606481481481485, "07T22@3": 0.004329004329004327, "08T38@4": 0.0, "09T22@4": 0.593582887700535, "BUYER": 0.0, "SELLER": 0.0}