{"00T37@0": 0.0, "01T35@0": 0.0, "02T29@1": 0.0, "03T23@1": 0.73125, "04T22@2": 0.08088235294117647, "05T22@2": 0.09774436090225563, "BUYER": 0.0, "SELLER": 0.0}