,balance,assets,bankrupt,agent_id,step
0,1189.0,140.0,False,00T21@0,0.0
1,879.0,253.19148936170208,False,00T21@0,5.0
2,1189.0,140.0,False,01T40@0,0.0
3,909.0,384.8510638297872,False,01T40@0,5.0
4,2133.0,0.0,False,02T21@1,0.0
5,2133.0,0.0,False,02T21@1,5.0
6,2133.0,0.0,False,03T40@1,0.0
7,2198.0,315.0,False,03T40@1,5.0
8,2642.0,0.0,False,04T21@2,0.0
9,2537.0,30.0,False,04T21@2,5.0
10,2642.0,0.0,False,05T40@2,0.0
11,2493.0,0.0,False,05T40@2,5.0
12,,,,,
13,,,,,
14,,,,,
15,,,,,
