{"00T36@0": 0.044624746450304245, "01T40@0": 0.025751072961373404, "02T40@1": 0.07142857142857138, "03T36@1": 0.1972477064220183, "04T36@2": 0.03131991051454138, "05T40@2": 0.3359073359073358, "BUYER": 0.0, "SELLER": 0.0}