{"00T34@0": 0.023952095808383235, "01T22@0": 0.06068601583113457, "02T34@1": 0.36, "03T22@1": 0.12056737588652487, "04T34@2": 0.42105263157894735, "05T22@2": 0.0106951871657754, "06T40@3": 0.16428571428571428, "07T40@3": 0.17123287671232876, "08T40@4": 0.330188679245283, "09T35@4": 0.7025316455696202, "BUYER": 0.0, "SELLER": 0.0}