{"00T02@0": 0.027397260273972594, "01T12@0": 0.023154848046309694, "02T12@1": 0.049180327868852486, "03T02@1": 0.375, "04T02@2": 0.7316176470588234, "05T12@2": 0.0, "BUYER": 0.0, "SELLER": 0.0}