{"00T41@0": 0.22590361445783144, "01T12@0": 0.0, "02T22@1": 0.4782608695652177, "03T23@1": 0.32272727272727286, "04T23@2": 0.7202072538860103, "05T35@2": 0.6652719665271966, "06T22@3": 0.0, "07T23@3": 0.6116504854368932, "BUYER": 0.0, "SELLER": 0.0}