{"00T35@0": 0.8680851063829788, "01T22@0": 0.10909090909090907, "02T33@1": 0.41011235955056163, "03T35@1": 0.8640776699029125, "04T04@2": 0.0030395136778115462, "05T35@2": 0.5754310344827596, "BUYER": 0.0, "SELLER": 0.0}