{"00T24@0": 0.0, "01T35@0": 0.6679536679536681, "02T35@1": 0.8397435897435894, "03T35@1": 0.8063492063492058, "04T26@2": 0.2050984936268829, "05T35@2": 0.720659553831231, "BUYER": 0.0, "SELLER": 0.0}