{"00T19@0": 0.0, "01T24@0": 0.0022988505747126436, "02T35@1": 1.0, "03T23@1": 1.0, "04T35@2": 0.6329479768786129, "05T22@2": 0.0, "BUYER": 0.0, "SELLER": 0.0}