{"00T02@0": 0.0, "01T22@0": 0.0, "02T02@1": 0.10256410256410256, "03T20@1": 0.0, "04T20@2": 0.0, "05T12@2": 0.625, "06T02@3": 0.0, "07T12@3": 0.3333333333333333, "08T20@4": 1.0, "09T12@4": 0.0, "BUYER": 0.0, "SELLER": 0.0}