{"time_limit": 10800, "spot_discount": 0.9, "spot_market_global_loss": 0.2, "neg_quota_step": 268, "n_processes": 4, "n_products": 5, "n_steps": 67, "financial_reports_period": 5, "exogenous_horizon": 28, "max_productivity": 1.0, "catalog_prices": [10, 22, 28, 32, 41], "cash_availability": [1.5, 2.5], "expected_productivity": 0.9402985074626866, "expected_mean_profit": 0.10003138674002549, "initial_balance": [17406, 17406, 25956, 25956, 28873, 28873, 36091, 36091]}