{"00T12@0": 0.0, "01T35@0": 0.0, "02T29@1": 0.0, "03T23@1": 0.21804511278195488, "04T37@2": 0.015037593984962405, "05T35@2": 0.9580838323353293, "06T35@3": 0.7808219178082192, "07T22@3": 0.0, "08T22@4": 0.0, "09T23@4": 0.698630136986302, "BUYER": 0.0, "SELLER": 0.0}