{"time_limit": 10800, "spot_discount": 0.9, "spot_market_global_loss": 0.2, "neg_quota_step": 330, "n_processes": 5, "n_products": 6, "n_steps": 66, "financial_reports_period": 5, "exogenous_horizon": 21, "max_productivity": 1.0, "catalog_prices": [10, 23, 30, 43, 55, 69], "cash_availability": [1.5, 2.5], "expected_productivity": 0.9242424242424242, "expected_mean_profit": 0.07728633955309837, "initial_balance": [24413, 24413, 32507, 32507, 47540, 47540, 60003, 60003, 78633, 78633]}