{"00T38@0": 0.0, "01T35@0": 0.10325047801147223, "02T09@1": 0.0, "03T22@1": 0.3757961783439492, "04T22@2": 0.014184397163120553, "05T22@2": 0.025641025641025616, "BUYER": 0.0, "SELLER": 0.0}