{"00T38@0": 0.0, "01T22@0": 0.0, "02T38@1": 0.0, "03T22@1": 0.045454545454545456, "04T09@2": 0.0, "05T22@2": 0.06930693069306935, "06T09@3": 0.0, "07T38@3": 0.052083333333333336, "08T09@4": 0.0, "09T35@4": 0.9009216589861749, "BUYER": 0.0, "SELLER": 0.0}