{"00T35@0": 0.0, "01T35@0": 0.0, "02T23@1": 0.0, "03T23@1": 0.0, "04T23@2": 1.0, "05T23@2": 1.0, "06T35@3": 0.5303030303030304, "07T23@3": 0.38571428571428573, "08T34@4": 0.43692307692307686, "09T19@4": 1.0, "BUYER": 0.0, "SELLER": 0.0}