{"00T37@0": 0.0027397260273972555, "01T19@0": 0.0, "02T37@1": 0.01652892561983471, "03T19@1": 0.0, "04T37@2": 0.3662790697674417, "05T19@2": 0.0, "06T35@3": 0.8419618528610353, "07T35@3": 0.8489010989010989, "BUYER": 0.0, "SELLER": 0.0}