{"00T35@0": 0.1754874651810585, "01T35@0": 0.1875, "02T22@1": 0.5555555555555556, "03T23@1": 0.8461538461538464, "04T37@2": 0.10469314079422387, "05T24@2": 0.15, "06T23@3": 0.809659090909091, "07T22@3": 0.06341463414634149, "BUYER": 0.0, "SELLER": 0.0}