{"00T23@0": 0.27669902912621347, "01T22@0": 0.0, "02T37@1": 0.04680851063829792, "03T24@1": 1.0, "04T35@2": 0.877659574468085, "05T35@2": 0.8628571428571429, "06T23@3": 0.7198275862068966, "07T22@3": 0.0, "BUYER": 0.0, "SELLER": 0.0}