{"00T35@0": 0.34107142857142875, "01T22@0": 0.11439842209072985, "02T37@1": 0.1460317460317459, "03T35@1": 0.7483443708609272, "04T08@2": 0.0, "05T35@2": 0.7401960784313723, "BUYER": 0.0, "SELLER": 0.0}