{"00T35@0": 0.19912152269399702, "01T22@0": 0.04150943396226417, "02T40@1": 0.03448275862068964, "03T35@1": 0.7242990654205608, "04T37@2": 0.12581344902386118, "05T35@2": 0.727642276422764, "BUYER": 0.0, "SELLER": 0.0}