{"00T16@0": 0.0, "01T35@0": 0.7777777777777773, "02T35@1": 0.788235294117647, "03T35@1": 0.7905604719764006, "04T36@2": 0.0, "05T35@2": 0.618357487922706, "BUYER": 0.0, "SELLER": 0.0}