{"00T37@0": 0.04301075268817203, "01T41@0": 0.12266666666666669, "02T41@1": 0.13533834586466165, "03T37@1": 0.15447154471544716, "04T41@2": 0.037037037037037014, "05T37@2": 0.08904109589041095, "BUYER": 0.0, "SELLER": 0.0}