{"00T37@0": 0.004566210045662088, "01T35@0": 0.5631840796019896, "02T12@1": 0.021582733812949634, "03T22@1": 0.19207920792079222, "04T22@2": 0.085427135678392, "05T35@2": 0.2425531914893617, "06T29@3": 0.0, "07T35@3": 0.5810055865921789, "08T40@4": 1.0, "09T23@4": 0.7390146471371498, "BUYER": 0.0, "SELLER": 0.0}