{"time_limit": 10800, "spot_discount": 0.9, "spot_market_global_loss": 0.2, "neg_quota_step": 610, "n_processes": 5, "n_products": 6, "n_steps": 122, "financial_reports_period": 5, "exogenous_horizon": 45, "max_productivity": 1.0, "catalog_prices": [10, 22, 29, 39, 55, 69], "cash_availability": [1.5, 2.5], "expected_productivity": 0.9590163934426229, "expected_mean_profit": 0.08839743452240503, "initial_balance": [43729, 43729, 58345, 58345, 78828, 78828, 105065, 105065, 133604, 133604]}