{"time_limit": 10800, "spot_discount": 0.9, "spot_market_global_loss": 0.2, "neg_quota_step": 345, "n_processes": 5, "n_products": 6, "n_steps": 69, "financial_reports_period": 5, "exogenous_horizon": 27, "max_productivity": 1.0, "catalog_prices": [10, 21, 29, 41, 54, 70], "cash_availability": [1.5, 2.5], "expected_productivity": 0.927536231884058, "expected_mean_profit": 0.1067445824202581, "initial_balance": [20450, 20450, 25960, 25960, 39025, 39025, 51863, 51863, 68052, 68052]}