{"00T22@0": 0.32222222222222235, "01T23@0": 0.2969924812030074, "02T22@1": 0.19672131147540994, "03T35@1": 0.22727272727272727, "04T35@2": 0.5803571428571426, "05T35@2": 0.5508474576271184, "06T36@3": 0.4878048780487806, "07T35@3": 0.855072463768116, "08T26@4": 0.0, "09T22@4": 0.05860805860805859, "BUYER": 0.0, "SELLER": 0.0}