{"00T41@0": 0.3483146067415729, "01T20@0": 0.0, "02T35@1": 0.5974025974025975, "03T35@1": 0.6219512195121949, "04T23@2": 0.898989898989899, "05T22@2": 0.0, "06T20@3": 0.0, "07T41@3": 0.25641025641025655, "08T20@4": 1.0, "09T41@4": 0.4885057471264368, "BUYER": 0.0, "SELLER": 0.0}