{"00T23@0": 0.10000000000000002, "01T22@0": 0.24735729386892183, "02T23@1": 0.7306590257879649, "03T35@1": 0.5826086956521742, "04T36@2": 0.004255319148936168, "05T12@2": 0.0, "06T22@3": 0.7004830917874395, "07T23@3": 0.698979591836735, "08T22@4": 0.0, "09T22@4": 0.0, "BUYER": 0.0, "SELLER": 0.0}