{"00T34@0": 0.0, "01T34@0": 0.0, "02T24@1": 0.0, "03T34@1": 1.0, "04T24@2": 0.9713261648745519, "05T24@2": 0.9822064056939501, "BUYER": 0.0, "SELLER": 0.0}