{"00T37@0": 0.043936731107205654, "01T22@0": 0.16666666666666652, "02T22@1": 0.6101083032490973, "03T35@1": 0.5443037974683546, "04T20@2": 0.7080291970802918, "05T35@2": 0.602601156069364, "BUYER": 0.0, "SELLER": 0.0}