{"time_limit": 10800, "spot_discount": 0.9, "spot_market_global_loss": 0.2, "neg_quota_step": 456, "n_processes": 4, "n_products": 5, "n_steps": 76, "financial_reports_period": 5, "exogenous_horizon": 15, "max_productivity": 1.0, "catalog_prices": [10, 19, 27, 35, 45], "cash_availability": [1.5, 2.5], "expected_productivity": 0.631578947368421, "expected_mean_profit": 0.06651537765842346, "initial_balance": [28019, 28019, 38732, 38732, 25382, 25382, 25382, 25382, 31357, 31357, 31357, 31357]}