{"00T35@0": 0.7052810902896081, "01T35@0": 0.60472972972973, "02T22@1": 0.0026595744680851024, "03T22@1": 0.0, "04T22@2": 0.20814479638009054, "05T22@2": 0.22807017543859656, "06T15@3": 0.5083798882681563, "07T09@3": 0.0, "08T22@4": 0.04076086956521745, "09T22@4": 0.05630026809651475, "BUYER": 0.0, "SELLER": 0.0}