{"00T22@0": 0.34668989547038326, "01T23@0": 0.0, "02T35@1": 0.0, "03T23@1": 0.0, "04T23@2": 1.0, "05T35@2": 0.0, "06T24@3": 0.9696969696969697, "07T29@3": 1.0, "BUYER": 0.0, "SELLER": 0.0}