{"time_limit": 10800, "spot_discount": 0.9, "spot_market_global_loss": 0.2, "neg_quota_step": 228, "n_processes": 4, "n_products": 5, "n_steps": 57, "financial_reports_period": 5, "exogenous_horizon": 11, "max_productivity": 1.0, "catalog_prices": [10, 16, 22, 31, 43], "cash_availability": [1.5, 2.5], "expected_productivity": 0.9298245614035088, "expected_mean_profit": 0.07060161622956479, "initial_balance": [15149, 15149, 22783, 22783, 30182, 30182, 44865, 44865]}