{"00T16@0": 0.0, "01T35@0": 0.13850996852046188, "02T35@1": 0.8346253229974158, "03T35@1": 0.7799352750809059, "04T20@2": 0.7077294685990341, "05T35@2": 0.6242236024844714, "BUYER": 0.0, "SELLER": 0.0}