{"00T35@0": 0.1608910891089111, "01T23@0": 0.18377088305489267, "02T24@1": 0.0, "03T22@1": 0.004999999999999999, "04T29@2": 1.0, "05T22@2": 0.3441176470588235, "BUYER": 0.0, "SELLER": 0.0}