{"00T29@0": 0.0, "01T38@0": 0.0, "02T38@1": 0.05194805194805197, "03T29@1": 0.0, "04T29@2": 0.0, "05T38@2": 0.0, "06T22@3": 0.7463414634146346, "07T22@3": 0.7352941176470587, "BUYER": 0.0, "SELLER": 0.0}