{"00T38@0": 0.0, "01T22@0": 0.05426356589147287, "02T22@1": 0.3417085427135678, "03T35@1": 0.6432160804020098, "04T08@2": 0.30606860158311333, "05T35@2": 0.6900000000000003, "BUYER": 0.0, "SELLER": 0.0}