{"00T29@0": 0.0, "01T22@0": 0.28272251308900515, "02T22@1": 0.2055555555555556, "03T35@1": 0.7365591397849464, "04T09@2": 0.0, "05T35@2": 0.559139784946237, "BUYER": 0.0, "SELLER": 0.0}