{"00T10@0": 0.2154150197628459, "01T22@0": 0.20204081632653026, "02T35@1": 0.2152777777777778, "03T35@1": 0.2014388489208633, "04T06@2": 0.0, "05T35@2": 1.0, "06T22@3": 0.054421768707482936, "07T22@3": 0.05479452054794525, "BUYER": 0.0, "SELLER": 0.0}