{"00T06@0": 0.0, "01T06@0": 0.0, "02T06@1": 0.0, "03T22@1": 0.8511904761904762, "04T36@2": 0.323699421965318, "05T36@2": 0.26923076923076944, "06T36@3": 0.0065146579804560185, "07T22@3": 0.06489675516224189, "BUYER": 0.0, "SELLER": 0.0}