{"00T06@0": 0.058823529411764705, "01T34@0": 0.0, "02T34@1": 1.0, "03T06@1": 0.0, "04T34@2": 1.0, "05T22@2": 0.5464480874316937, "06T06@3": 0.0, "07T22@3": 0.04295942720763723, "BUYER": 0.0, "SELLER": 0.0}