{"00T24@0": 0.009090909090909084, "01T23@0": 0.0, "02T23@1": 0.9921259842519685, "03T35@1": 1.0, "04T22@2": 0.13910761154855633, "05T22@2": 0.14108910891089113, "06T20@3": 0.537678207739308, "07T35@3": 0.6879699248120305, "BUYER": 0.0, "SELLER": 0.0}