{"00T15@0": 0.0, "01T22@0": 0.08888888888888889, "02T35@1": 0.6153846153846154, "03T22@1": 0.125, "04T34@2": 0.5833333333333333, "05T35@2": 0.0, "06T35@3": 0.813953488372093, "07T35@3": 0.8260869565217391, "BUYER": 0.0, "SELLER": 0.0}