{"00T38@0": 0.039586919104991396, "01T22@0": 0.0798004987531172, "02T38@1": 0.0888324873096447, "03T26@1": 0.1978260869565218, "04T38@2": 0.01149425287356321, "05T26@2": 0.11827956989247312, "06T26@3": 0.017857142857142887, "07T22@3": 0.0031948881789137344, "BUYER": 0.0, "SELLER": 0.0}