{"00T37@0": 0.02255639097744362, "01T22@0": 0.08474576271186447, "02T22@1": 0.29343629343629346, "03T35@1": 0.6702127659574467, "04T06@2": 0.0, "05T35@2": 0.6561014263074486, "BUYER": 0.0, "SELLER": 0.0}