{"00T41@0": 0.032846715328467155, "01T40@0": 0.09491525423728818, "02T23@1": 0.7769784172661871, "03T22@1": 0.25352112676056343, "04T35@2": 0.7526315789473679, "05T22@2": 0.4838709677419355, "06T35@3": 0.5847665847665849, "07T35@3": 0.6420581655480985, "BUYER": 0.0, "SELLER": 0.0}