{"00T35@0": 0.17738589211618272, "01T35@0": 0.17574511819116123, "02T35@1": 0.0, "03T22@1": 0.44680851063829796, "04T35@2": 0.5974999999999998, "05T35@2": 0.6102941176470594, "06T26@3": 0.43350383631713557, "07T40@3": 0.0, "BUYER": 0.0, "SELLER": 0.0}