{"00T35@0": 0.19038461538461532, "01T23@0": 0.36166365280289337, "02T41@1": 0.09742120343839543, "03T32@1": 0.0, "04T32@2": 0.39459459459459484, "05T23@2": 0.6622516556291389, "06T41@3": 0.20857142857142852, "07T35@3": 0.8796992481203008, "08T41@4": 0.0, "09T32@4": 0.045714285714285666, "BUYER": 0.0, "SELLER": 0.0}