{"00T37@0": 0.05703422053231938, "01T23@0": 0.4223602484472047, "02T22@1": 0.02061855670103092, "03T35@1": 0.8681318681318683, "04T34@2": 0.5947712418300654, "05T35@2": 0.6979166666666665, "BUYER": 0.0, "SELLER": 0.0}