{"00T35@0": 0.08777429467084638, "01T22@0": 0.0, "02T29@1": 0.0, "03T23@1": 0.7530864197530863, "04T12@2": 0.06690140845070422, "05T35@2": 0.7902097902097901, "06T35@3": 0.5626242544731613, "07T22@3": 0.0517241379310345, "BUYER": 0.0, "SELLER": 0.0}