{"00T38@0": 0.0, "01T35@0": 0.6503937007874019, "02T35@1": 0.6176470588235298, "03T35@1": 0.6136363636363638, "04T08@2": 0.068359375, "05T35@2": 0.7332106715731369, "BUYER": 0.0, "SELLER": 0.0}