{"00T36@0": 0.34, "01T06@0": 0.0, "02T35@1": 0.20000000000000007, "03T35@1": 0.21875, "04T23@2": 1.0, "05T35@2": 1.0, "06T35@3": 0.9371428571428572, "07T35@3": 0.9425287356321839, "08T23@4": 0.6579439252336444, "09T22@4": 0.0, "BUYER": 0.0, "SELLER": 0.0}