{"00T38@0": 0.0, "01T26@0": 0.03097345132743365, "02T22@1": 0.5776892430278884, "03T23@1": 0.7638888888888888, "04T22@2": 0.0, "05T35@2": 0.6329113924050633, "BUYER": 0.0, "SELLER": 0.0}