{"00T36@0": 0.1814516129032258, "01T36@0": 0.15094339622641514, "02T37@1": 0.11504424778761072, "03T36@1": 0.2586206896551725, "04T37@2": 0.07569721115537849, "05T37@2": 0.08750000000000006, "BUYER": 0.0, "SELLER": 0.0}