{"00T09@0": 0.0, "01T17@0": 0.038043478260869575, "02T09@1": 0.0, "03T22@1": 0.4077669902912621, "04T17@2": 0.10344827586206895, "05T17@2": 0.042253521126760556, "06T09@3": 0.0, "07T22@3": 0.02857142857142856, "BUYER": 0.0, "SELLER": 0.0}