{"00T23@0": 0.687943262411347, "01T22@0": 0.35714285714285715, "02T41@1": 0.1872659176029963, "03T22@1": 0.005780346820809248, "04T20@2": 0.0, "05T23@2": 0.7074468085106383, "06T22@3": 0.5000000000000001, "07T35@3": 0.7450980392156861, "BUYER": 0.0, "SELLER": 0.0}