{"00T35@0": 0.3524416135881104, "01T35@0": 0.36086956521739144, "02T22@1": 0.0, "03T22@1": 0.003105590062111797, "04T22@2": 0.2747747747747746, "05T22@2": 0.29257641921397365, "06T40@3": 0.7333333333333333, "07T15@3": 0.3853820598006645, "08T22@4": 0.016949152542372878, "09T22@4": 0.02654867256637168, "BUYER": 0.0, "SELLER": 0.0}