{"00T10@0": 0.02631578947368421, "01T22@0": 0.0, "02T35@1": 0.7419354838709677, "03T22@1": 0.4, "04T08@2": 0.38095238095238093, "05T35@2": 0.0, "06T35@3": 0.6363636363636364, "07T35@3": 0.688888888888889, "BUYER": 0.0, "SELLER": 0.0}