{"00T22@0": 0.15573770491803274, "01T35@0": 0.05194805194805189, "02T24@1": 1.0, "03T35@1": 0.5595854922279793, "04T41@2": 0.8268156424581006, "05T35@2": 0.7918918918918922, "BUYER": 0.0, "SELLER": 0.0}