{"00T16@0": 0.0, "01T22@0": 0.21568627450980393, "02T35@1": 0.7, "03T22@1": 0.4782608695652174, "04T37@2": 0.1, "05T35@2": 0.0, "06T35@3": 0.7692307692307693, "07T35@3": 0.8333333333333335, "BUYER": 0.0, "SELLER": 0.0}