{"00T36@0": 0.0, "01T35@0": 0.0, "02T16@1": 0.0, "03T16@1": 0.0, "04T36@2": 0.9634146341463414, "05T35@2": 1.0, "06T36@3": 0.10612244897959186, "07T35@3": 0.7619047619047619, "08T16@4": 1.0, "09T22@4": 0.01146131805157593, "BUYER": 0.0, "SELLER": 0.0}