{"00T23@0": 0.18999999999999995, "01T35@0": 0.2056277056277057, "02T26@1": 0.11428571428571435, "03T23@1": 0.7777777777777778, "04T23@2": 0.7016574585635357, "05T23@2": 0.6666666666666667, "06T07@3": 0.2517482517482518, "07T35@3": 0.7084805653710242, "BUYER": 0.0, "SELLER": 0.0}