{"00T22@0": 0.2472826086956521, "01T35@0": 0.7064439140811455, "02T22@1": 0.0821256038647343, "03T22@1": 0.11666666666666668, "04T37@2": 0.23333333333333328, "05T35@2": 0.7354838709677423, "06T26@3": 0.04126984126984127, "07T35@3": 0.7037861915367478, "BUYER": 0.0, "SELLER": 0.0}