{"00T03@0": 0.0, "01T03@0": 0.0, "02T40@1": 0.8225806451612904, "03T22@1": 0.8431372549019608, "04T40@2": 0.0, "05T40@2": 0.012499999999999995, "06T03@3": 0.5454545454545454, "07T22@3": 0.3778625954198474, "BUYER": 0.0, "SELLER": 0.0}