{"00T12@0": 0.0, "01T22@0": 0.09356725146198833, "02T29@1": 0.0, "03T35@1": 0.6827586206896553, "04T12@2": 0.0054347826086956425, "05T35@2": 1.0, "06T29@3": 0.0, "07T23@3": 0.5253456221198158, "08T29@4": 1.0, "09T12@4": 0.0, "BUYER": 0.0, "SELLER": 0.0}