{"00T35@0": 0.46012269938650324, "01T35@0": 0.7051282051282054, "02T22@1": 0.0, "03T22@1": 0.0025380710659898445, "04T22@2": 0.1728971962616822, "05T22@2": 0.2331838565022422, "06T29@3": 0.0, "07T41@3": 0.6394230769230766, "08T22@4": 0.01609195402298851, "09T22@4": 0.03023255813953486, "BUYER": 0.0, "SELLER": 0.0}