{"00T35@0": 0.445761166818596, "01T35@0": 0.4371482176360225, "02T35@1": 0.0, "03T22@1": 0.29268292682926816, "04T35@2": 0.2666666666666668, "05T35@2": 0.2820037105751391, "06T29@3": 1.0, "07T37@3": 0.06919945725915876, "BUYER": 0.0, "SELLER": 0.0}