{"00T36@0": 0.1344537815126051, "01T22@0": 0.15934065934065939, "02T36@1": 0.27570093457943917, "03T22@1": 0.22222222222222227, "04T41@2": 0.4183381088825215, "05T22@2": 0.2987012987012987, "06T41@3": 0.23529411764705882, "07T41@3": 0.2625482625482625, "08T36@4": 0.005291005291005283, "09T35@4": 0.6862244897959182, "BUYER": 0.0, "SELLER": 0.0}