{"00T12@0": 0.0, "01T41@0": 0.2514792899408285, "02T24@1": 0.47191011235955055, "03T41@1": 0.20952380952380953, "04T24@2": 0.6440677966101694, "05T12@2": 0.0476190476190476, "06T12@3": 0.0, "07T24@3": 0.4, "08T41@4": 0.7425149700598802, "09T22@4": 0.7068965517241379, "BUYER": 0.0, "SELLER": 0.0}