{"time_limit": 10800, "spot_discount": 0.9, "spot_market_global_loss": 0.2, "neg_quota_step": 325, "n_processes": 5, "n_products": 6, "n_steps": 65, "financial_reports_period": 5, "exogenous_horizon": 19, "max_productivity": 1.0, "catalog_prices": [10, 26, 38, 54, 70, 88], "cash_availability": [1.5, 2.5], "expected_productivity": 0.9230769230769231, "expected_mean_profit": 0.0667711813979036, "initial_balance": [29486, 29486, 52116, 52116, 65679, 65679, 87130, 87130, 115141, 115141]}