{"00T23@0": 0.2918088737201364, "01T35@0": 0.2821869488536154, "02T34@1": 0.40625, "03T22@1": 0.039156626506024104, "04T26@2": 0.29776674937965286, "05T35@2": 0.8333333333333334, "06T35@3": 0.7035775127768318, "07T23@3": 0.7180385288966733, "BUYER": 0.0, "SELLER": 0.0}