{"00T24@0": 0.0, "01T22@0": 0.07334963325183382, "02T22@1": 0.6503267973856205, "03T35@1": 0.8488372093023255, "04T07@2": 0.1658653846153846, "05T35@2": 0.6206261510128912, "BUYER": 0.0, "SELLER": 0.0}