{"00T22@0": 0.13562753036437253, "01T22@0": 0.14071294559099434, "02T35@1": 0.6454545454545457, "03T35@1": 0.6712328767123288, "04T22@2": 0.5452054794520547, "05T22@2": 0.46036585365853677, "06T36@3": 0.0033726812816188842, "07T41@3": 0.28233151183970834, "BUYER": 0.0, "SELLER": 0.0}