{"00T29@0": 0.0, "01T23@0": 0.20461095100864554, "02T22@1": 0.5708154506437767, "03T23@1": 0.9139072847682119, "04T22@2": 0.0037037037037037004, "05T35@2": 0.6373056994818659, "06T19@3": 0.0, "07T22@3": 0.27331189710610937, "08T22@4": 0.06976744186046512, "09T23@4": 0.7232876712328767, "BUYER": 0.0, "SELLER": 0.0}