{"00T40@0": 0.0359897172236504, "01T15@0": 0.0, "02T40@1": 0.10659898477157362, "03T40@1": 0.1322751322751323, "04T15@2": 0.35937499999999994, "05T35@2": 0.736842105263158, "06T15@3": 0.011876484560570067, "07T35@3": 0.6857142857142852, "BUYER": 0.0, "SELLER": 0.0}