{"00T26@0": 0.04027777777777783, "01T22@0": 0.11386861313868628, "02T22@1": 0.09655172413793109, "03T35@1": 0.5743589743589743, "04T09@2": 0.0, "05T35@2": 0.7686453576864539, "BUYER": 0.0, "SELLER": 0.0}