{"00T37@0": 0.017699115044247773, "01T22@0": 0.05585106382978723, "02T35@1": 0.8189655172413796, "03T22@1": 0.3303167420814479, "04T22@2": 0.005494505494505495, "05T22@2": 0.0055248618784530384, "06T12@3": 0.059701492537313404, "07T22@3": 0.6359832635983261, "08T35@4": 0.7187499999999998, "09T35@4": 0.6729957805907173, "BUYER": 0.0, "SELLER": 0.0}