{"00T40@0": 0.0, "01T12@0": 0.0, "02T22@1": 0.9425981873111783, "03T23@1": 0.5924528301886793, "04T37@2": 0.011741682974559674, "05T22@2": 0.0019417475728155317, "BUYER": 0.0, "SELLER": 0.0}