{"00T21@0": 0.0, "01T22@0": 0.378787878787879, "02T35@1": 0.098159509202454, "03T35@1": 0.2023121387283237, "04T37@2": 0.5030303030303029, "05T35@2": 0.956140350877193, "06T22@3": 0.0, "07T22@3": 0.0, "BUYER": 0.0, "SELLER": 0.0}