{"00T35@0": 0.09386281588447644, "01T22@0": 0.183514774494557, "02T00@1": 0.0, "03T35@1": 0.5019011406844108, "04T09@2": 0.0, "05T35@2": 0.7881481481481482, "BUYER": 0.0, "SELLER": 0.0}