{"00T36@0": 0.05054151624548736, "01T36@0": 0.06145251396648047, "02T35@1": 0.8121546961325967, "03T22@1": 0.37201365187713303, "04T40@2": 0.15181518151815182, "05T22@2": 0.10447761194029853, "06T40@3": 0.25252525252525293, "07T22@3": 0.19600000000000006, "08T36@4": 0.011928429423459232, "09T40@4": 0.013888888888888885, "BUYER": 0.0, "SELLER": 0.0}