{"time_limit": 10800, "spot_discount": 0.9, "spot_market_global_loss": 0.2, "neg_quota_step": 490, "n_processes": 5, "n_products": 6, "n_steps": 98, "financial_reports_period": 5, "exogenous_horizon": 43, "max_productivity": 1.0, "catalog_prices": [10, 17, 29, 41, 52, 62], "cash_availability": [1.5, 2.5], "expected_productivity": 0.9489795918367347, "expected_mean_profit": 0.0942911749395943, "initial_balance": [22078, 22078, 35324, 35324, 48498, 48498, 66454, 66454, 85072, 85072]}