{"00T24@0": 0.0, "01T22@0": 0.5799999999999997, "02T35@1": 0.43349753694581267, "03T35@1": 0.5056818181818182, "04T34@2": 0.2294520547945205, "05T35@2": 0.8217821782178217, "06T22@3": 0.0, "07T22@3": 0.008955223880597009, "BUYER": 0.0, "SELLER": 0.0}