{"00T22@0": 0.08928571428571432, "01T35@0": 0.23931623931623952, "02T40@1": 0.43092105263157904, "03T35@1": 0.7333333333333333, "04T26@2": 0.0, "05T23@2": 0.6029723991507431, "BUYER": 0.0, "SELLER": 0.0}