{"00T22@0": 0.21042830540037255, "01T35@0": 0.7549668874172186, "02T10@1": 0.4879999999999999, "03T41@1": 0.30434782608695643, "04T35@2": 0.7405303030303034, "05T35@2": 0.7423971377459756, "BUYER": 0.0, "SELLER": 0.0}