{"00T22@0": 0.0, "01T23@0": 0.19209039548022602, "02T24@1": 0.9166666666666666, "03T37@1": 0.11557788944723618, "04T35@2": 0.9006024096385542, "05T23@2": 0.7925072046109517, "BUYER": 0.0, "SELLER": 0.0}