{"00T29@0": 0.0, "01T36@0": 0.0, "02T12@0": 0.0, "03T29@0": 0.0, "04T40@1": 1.0, "05T40@1": 0.8333333333333334, "06T36@2": 0.0, "07T12@2": 0.0, "08T29@2": 0.0, "09T36@3": 0.7142857142857143, "10T12@3": 0.0, "11T40@3": 1.0, "BUYER": 0.0, "SELLER": 0.0}