{"time_limit": 10800, "spot_discount": 0.9, "spot_market_global_loss": 0.2, "neg_quota_step": 48, "n_processes": 4, "n_products": 5, "n_steps": 8, "financial_reports_period": 5, "exogenous_horizon": 2, "max_productivity": 1.0, "catalog_prices": [10, 22, 32, 43, 58], "cash_availability": [1.5, 2.5], "expected_productivity": 0.6666666666666666, "expected_mean_profit": 0.09907649602306091, "initial_balance": [1208, 1208, 1208, 1208, 4125, 4125, 3468, 3468, 3468, 4660, 4660, 4660]}