{"00T32@0": 0.0, "01T22@0": 0.25, "02T23@1": 0.7454545454545451, "03T35@1": 0.6549295774647889, "04T22@2": 0.0, "05T35@2": 0.8764044943820225, "06T19@3": 1.0, "07T22@3": 0.0, "BUYER": 0.0, "SELLER": 0.0}