{"00T10@0": 0.21893491124260356, "01T10@0": 0.24807692307692308, "02T26@1": 0.26086956521739135, "03T26@1": 0.30578512396694224, "04T26@2": 0.3506493506493505, "05T10@2": 0.0, "BUYER": 0.0, "SELLER": 0.0}