{"00T35@0": 0.30565371024734983, "01T35@0": 0.31977818853974105, "02T22@1": 0.4126984126984127, "03T22@1": 0.47696476964769646, "04T22@2": 0.003676470588235291, "05T22@2": 0.011111111111111108, "06T00@3": 0.0, "07T34@3": 0.4444444444444442, "08T22@4": 0.1536050156739813, "09T22@4": 0.24827586206896546, "BUYER": 0.0, "SELLER": 0.0}