{"00T22@0": 0.22014051522248243, "01T23@0": 0.2432432432432432, "02T23@1": 0.23333333333333334, "03T22@1": 0.1135371179039303, "04T24@2": 0.25, "05T23@2": 0.5859374999999998, "06T20@3": 1.0, "07T35@3": 0.8324324324324325, "BUYER": 0.0, "SELLER": 0.0}