{"00T22@0": 0.07509881422924901, "01T22@0": 0.15648854961832062, "02T41@1": 0.34939759036144574, "03T06@1": 0.0, "04T41@2": 0.0, "05T41@2": 0.0, "06T06@3": 0.0, "07T06@3": 0.0, "BUYER": 0.0, "SELLER": 0.0}