{"00T41@0": 0.02616279069767442, "01T22@0": 0.1342857142857144, "02T35@1": 0.26373626373626374, "03T22@1": 0.0, "04T29@2": 0.0, "05T29@2": 0.0, "06T41@3": 0.8372093023255814, "07T41@3": 0.8333333333333334, "08T29@4": 1.0, "09T35@4": 0.797507788161994, "BUYER": 0.0, "SELLER": 0.0}