{"00T29@0": 0.0, "01T35@0": 0.2896174863387979, "02T36@1": 0.21600000000000008, "03T23@1": 0.9117647058823529, "04T35@2": 0.7857142857142856, "05T35@2": 0.7622377622377625, "06T22@3": 0.0, "07T23@3": 0.536480686695279, "BUYER": 0.0, "SELLER": 0.0}