{"00T29@0": 0.0, "01T29@0": 0.0, "02T20@1": 0.0, "03T12@1": 0.0, "04T12@2": 0.0, "05T20@2": 0.0, "06T36@2": 1.0, "07T29@2": 0.0, "08T12@3": 0.0, "09T36@3": 0.3333333333333333, "10T36@4": 0.8333333333333334, "11T20@4": 1.0, "BUYER": 0.0, "SELLER": 0.0}