{"00T37@0": 0.10536779324055666, "01T29@0": 0.0, "02T22@1": 0.4959349593495935, "03T22@1": 0.46976744186046504, "04T23@2": 0.7344537815126058, "05T22@2": 0.01797752808988762, "BUYER": 0.0, "SELLER": 0.0}