{"00T12@0": 0.0, "01T23@0": 0.21333333333333337, "02T29@1": 0.0, "03T35@1": 0.6237288135593221, "04T12@2": 0.01775147928994083, "05T29@2": 0.0, "06T12@3": 0.0, "07T29@3": 0.0, "08T22@4": 0.7265625000000002, "09T22@4": 0.7338709677419357, "BUYER": 0.0, "SELLER": 0.0}