{"00T24@0": 0.010989010989010993, "01T23@0": 0.0, "02T23@1": 0.9886363636363636, "03T23@1": 0.979381443298969, "04T22@2": 0.045774647887323945, "05T35@2": 0.9772727272727273, "06T07@3": 0.00471698113207547, "07T22@3": 0.0, "BUYER": 0.0, "SELLER": 0.0}