{"time_limit": 10800, "spot_discount": 0.9, "spot_market_global_loss": 0.2, "neg_quota_step": 232, "n_processes": 4, "n_products": 5, "n_steps": 58, "financial_reports_period": 5, "exogenous_horizon": 15, "max_productivity": 1.0, "catalog_prices": [10, 14, 19, 27, 42], "cash_availability": [1.5, 2.5], "expected_productivity": 0.9310344827586207, "expected_mean_profit": 0.08585187305741862, "initial_balance": [13577, 13577, 19007, 19007, 27719, 27719, 37505, 37505]}