{"00T34@0": 0.19393939393939394, "01T34@0": 0.18543046357615894, "02T10@1": 0.0, "03T10@1": 0.01351351351351351, "04T34@2": 0.926829268292683, "05T10@2": 0.047872340425531915, "BUYER": 0.0, "SELLER": 0.0}