{"00T10@0": 0.24107142857142833, "01T22@0": 0.24511545293072814, "02T35@1": 0.11627906976744186, "03T35@1": 0.15384615384615383, "04T16@2": 0.0, "05T35@2": 1.0, "06T22@3": 0.0, "07T22@3": 0.0, "BUYER": 0.0, "SELLER": 0.0}