{"00T36@0": 0.19410319410319407, "01T36@0": 0.1907090464547678, "02T41@1": 0.6948529411764705, "03T41@1": 0.7037037037037037, "04T36@2": 0.005830903790087455, "05T41@2": 0.4048780487804882, "BUYER": 0.0, "SELLER": 0.0}