{"00T15@0": 0.19774011299435018, "01T10@0": 0.17647058823529407, "02T35@1": 0.1893939393939394, "03T35@1": 0.19548872180451127, "04T23@2": 1.0, "05T35@2": 1.0, "06T35@3": 0.9222222222222223, "07T35@3": 0.8677248677248677, "08T23@4": 0.6752577319587627, "09T22@4": 0.0, "BUYER": 0.0, "SELLER": 0.0}