{"00T35@0": 0.39719626168224287, "01T35@0": 0.40454545454545454, "02T22@1": 0.4051948051948052, "03T22@1": 0.45478036175710607, "04T22@2": 0.0, "05T22@2": 0.003496503496503493, "06T38@3": 0.0, "07T15@3": 0.42328042328042326, "08T22@4": 0.04316546762589927, "09T22@4": 0.042857142857142844, "BUYER": 0.0, "SELLER": 0.0}