{"00T22@0": 0.2141592920353982, "01T35@0": 0.22562141491395793, "02T26@1": 0.24715909090909094, "03T15@1": 0.5326797385620916, "04T35@2": 0.6886792452830192, "05T35@2": 0.6798418972332013, "BUYER": 0.0, "SELLER": 0.0}