{"00T37@0": 0.016438356164383553, "01T37@0": 0.01939058171745153, "02T40@1": 0.297872340425532, "03T23@1": 0.6443298969072166, "04T40@2": 0.5618374558303885, "05T40@2": 0.7098976109215013, "06T37@3": 0.012295081967213102, "07T22@3": 0.008163265306122438, "BUYER": 0.0, "SELLER": 0.0}