{"time_limit": 10800, "spot_discount": 0.9, "spot_market_global_loss": 0.2, "neg_quota_step": 265, "n_processes": 5, "n_products": 6, "n_steps": 53, "financial_reports_period": 5, "exogenous_horizon": 19, "max_productivity": 1.0, "catalog_prices": [10, 16, 20, 26, 39, 53], "cash_availability": [1.5, 2.5], "expected_productivity": 0.9056603773584906, "expected_mean_profit": 0.10310454774290989, "initial_balance": [12067, 12067, 15919, 15919, 20838, 20838, 30073, 30073, 40283, 40283]}