{"00T41@0": 0.11598746081504704, "01T15@0": 0.17607973421926915, "02T41@1": 0.10828025477707007, "03T15@1": 0.3464566929133858, "04T41@2": 0.03333333333333333, "05T15@2": 0.062499999999999944, "BUYER": 0.0, "SELLER": 0.0}