{"00T22@0": 0.1289134438305709, "01T22@0": 0.1140000000000001, "02T22@1": 0.3102310231023102, "03T23@1": 0.5663265306122449, "04T22@2": 0.031249999999999993, "05T35@2": 0.6276595744680848, "06T40@3": 0.31106471816283937, "07T20@3": 0.0, "08T35@4": 0.8041733547351532, "09T23@4": 0.7734487734487744, "BUYER": 0.0, "SELLER": 0.0}