{"time_limit": 10800, "spot_discount": 0.9, "spot_market_global_loss": 0.2, "neg_quota_step": 490, "n_processes": 5, "n_products": 6, "n_steps": 98, "financial_reports_period": 5, "exogenous_horizon": 48, "max_productivity": 1.0, "catalog_prices": [10, 19, 25, 34, 41, 54], "cash_availability": [1.5, 2.5], "expected_productivity": 0.9489795918367347, "expected_mean_profit": 0.07116679873217116, "initial_balance": [31497, 31497, 45042, 45042, 59110, 59110, 78428, 78428, 98899, 98899]}