{"00T41@0": 0.09075342465753423, "01T22@0": 0.22895622895622866, "02T35@1": 0.14838709677419357, "03T35@1": 0.1418918918918919, "04T09@2": 0.0, "05T35@2": 1.0, "06T22@3": 0.0, "07T22@3": 0.0, "BUYER": 0.0, "SELLER": 0.0}