{"00T35@0": 0.2646310432569982, "01T35@0": 0.2758620689655176, "02T22@1": 0.0, "03T22@1": 0.003236245954692553, "04T12@2": 0.0, "05T22@2": 0.05439330543933055, "06T29@3": 1.0, "07T22@3": 0.5144356955380578, "BUYER": 0.0, "SELLER": 0.0}