{"time_limit": 10800, "spot_discount": 0.9, "spot_market_global_loss": 0.2, "neg_quota_step": 428, "n_processes": 4, "n_products": 5, "n_steps": 107, "financial_reports_period": 5, "exogenous_horizon": 26, "max_productivity": 1.0, "catalog_prices": [10, 15, 24, 30, 42], "cash_availability": [1.5, 2.5], "expected_productivity": 0.9626168224299065, "expected_mean_profit": 0.06494616803471814, "initial_balance": [29878, 29878, 48151, 48151, 61365, 61365, 83429, 83429]}