{"00T20@0": 0.10135135135135137, "01T22@0": 0.16025641025641033, "02T23@1": 0.7157360406091375, "03T22@1": 0.45026178010471213, "04T22@2": 0.004405286343612333, "05T22@2": 0.012987012987012981, "06T38@3": 0.024137931034482772, "07T35@3": 0.7368421052631576, "08T22@4": 0.0, "09T23@4": 0.5577342047930285, "BUYER": 0.0, "SELLER": 0.0}