{"time_limit": 10800, "spot_discount": 0.9, "spot_market_global_loss": 0.2, "neg_quota_step": 360, "n_processes": 5, "n_products": 6, "n_steps": 72, "financial_reports_period": 5, "exogenous_horizon": 29, "max_productivity": 1.0, "catalog_prices": [10, 19, 28, 40, 53, 64], "cash_availability": [1.5, 2.5], "expected_productivity": 0.9305555555555556, "expected_mean_profit": 0.06702793898795291, "initial_balance": [23516, 23516, 36008, 36008, 50927, 50927, 67313, 67313, 83627, 83627]}