{"00T40@0": 0.23134328358208958, "01T41@0": 0.0492753623188406, "02T41@1": 0.052287581699346414, "03T41@1": 0.06474820143884892, "04T40@2": 0.35643564356435636, "05T22@2": 0.20270270270270271, "06T40@3": 0.5755813953488372, "07T35@3": 0.7518072289156627, "BUYER": 0.0, "SELLER": 0.0}