{"00T35@0": 0.2891566265060239, "01T23@0": 0.41845493562231745, "02T22@1": 0.0024154589371980653, "03T35@1": 1.0, "04T29@2": 1.0, "05T41@2": 0.0, "BUYER": 0.0, "SELLER": 0.0}