{"00T29@0": 0.0, "01T38@0": 0.0, "02T38@1": 0.09009009009009018, "03T29@1": 0.0, "04T38@2": 0.039408866995073885, "05T35@2": 0.6802325581395351, "06T29@3": 1.0, "07T35@3": 0.5107398568019091, "BUYER": 0.0, "SELLER": 0.0}