{"00T24@0": 0.0, "01T15@0": 0.0873786407766991, "02T15@1": 0.3529411764705883, "03T24@1": 1.0, "04T15@2": 0.03108808290155439, "05T24@2": 0.9578947368421052, "BUYER": 0.0, "SELLER": 0.0}