{"00T09@0": 0.0, "01T41@0": 0.0, "02T41@1": 0.20740740740740726, "03T09@1": 0.0, "04T41@2": 0.024390243902439015, "05T35@2": 0.683937823834197, "06T09@3": 0.0, "07T35@3": 0.6540983606557372, "BUYER": 0.0, "SELLER": 0.0}