{"00T03@0": 0.0, "01T20@0": 0.17961165048543695, "02T03@1": 0.0, "03T22@1": 0.0350877192982456, "04T20@2": 0.9827586206896551, "05T20@2": 0.8133333333333334, "06T03@3": 0.0, "07T22@3": 0.34615384615384615, "BUYER": 0.0, "SELLER": 0.0}