{"00T35@0": 0.38399999999999995, "01T35@0": 0.45436893203883494, "02T35@1": 0.0, "03T22@1": 0.3003875968992251, "04T35@2": 0.29469548133595264, "05T35@2": 0.30417495029821107, "06T29@3": 1.0, "07T15@3": 0.0, "BUYER": 0.0, "SELLER": 0.0}