{"00T20@0": 0.2193877551020408, "01T22@0": 0.12222222222222234, "02T41@1": 0.3313953488372091, "03T22@1": 0.5176470588235291, "04T35@2": 0.6481481481481481, "05T35@2": 0.6203389830508478, "BUYER": 0.0, "SELLER": 0.0}