{"00T35@0": 0.05799648506151151, "01T22@0": 0.04152823920265778, "02T16@1": 0.0, "03T35@1": 0.6666666666666664, "04T20@2": 0.7247863247863252, "05T35@2": 0.8138138138138135, "BUYER": 0.0, "SELLER": 0.0}