,balance,assets,bankrupt,agent_id,step
0,1869.0,200.0,False,00T21@0,0.0
1,1779.0,0.0,False,00T21@0,5.0
2,1919.0,114.0,False,01T21@0,0.0
3,1714.0,37.14184307263278,False,01T21@0,5.0
4,2507.0,0.0,False,02T10@1,0.0
5,2437.0,732.175652906487,False,02T10@1,5.0
6,2507.0,0.0,False,03T10@1,0.0
7,2583.0,390.4936815501263,False,03T10@1,5.0
8,3606.0,0.0,False,04T10@2,0.0
9,3581.0,140.0,False,04T10@2,5.0
10,3606.0,0.0,False,05T21@2,0.0
11,3606.0,0.0,False,05T21@2,5.0
12,,,,,
13,,,,,
14,,,,,
15,,,,,
