{"00T40@0": 0.043227665706051896, "01T36@0": 0.08244680851063833, "02T40@1": 0.12857142857142856, "03T22@1": 0.12711864406779666, "04T40@2": 0.4265402843601896, "05T35@2": 0.7767857142857144, "06T36@3": 0.0, "07T36@3": 0.012269938650306733, "BUYER": 0.0, "SELLER": 0.0}