{"00T16@0": 0.0, "01T35@0": 0.45108695652173897, "02T36@1": 0.008064516129032258, "03T36@1": 0.0, "04T16@2": 0.0, "05T35@2": 0.0, "06T16@3": 0.0, "07T35@3": 1.0, "08T36@4": 0.646341463414634, "09T22@4": 0.0, "BUYER": 0.0, "SELLER": 0.0}