{"00T08@0": 0.07727975270479134, "01T35@0": 0.14044943820224723, "02T35@1": 0.7468749999999998, "03T35@1": 0.773809523809524, "04T15@2": 0.0, "05T35@2": 0.6555183946488293, "BUYER": 0.0, "SELLER": 0.0}