{"00T41@0": 0.07911392405063292, "01T37@0": 0.041297935103244844, "02T37@1": 0.17424242424242425, "03T37@1": 0.15333333333333332, "04T41@2": 0.3952569169960474, "05T22@2": 0.46666666666666695, "06T41@3": 0.10374639769452446, "07T22@3": 0.040247678018575865, "BUYER": 0.0, "SELLER": 0.0}