{"00T36@0": 0.00313479623824451, "01T22@0": 0.0, "02T20@1": 0.0, "03T23@1": 0.8800000000000001, "04T35@2": 0.8241206030150755, "05T35@2": 0.82010582010582, "BUYER": 0.0, "SELLER": 0.0}