{"00T24@0": 0.0, "01T35@0": 0.1442953020134227, "02T24@1": 0.0, "03T34@1": 0.40555555555555556, "04T34@2": 1.0, "05T35@2": 0.48633879781420764, "06T34@3": 0.5932642487046635, "07T24@3": 0.9728813559322034, "BUYER": 0.0, "SELLER": 0.0}