{"00T16@0": 0.0, "01T41@0": 0.003773584905660374, "02T16@1": 0.0, "03T41@1": 0.03488372093023254, "04T16@2": 1.0, "05T41@2": 0.03658536585365851, "BUYER": 0.0, "SELLER": 0.0}