{"00T23@0": 0.612021857923497, "01T22@0": 0.23888888888888893, "02T36@1": 0.03686635944700458, "03T22@1": 0.04932735426008973, "04T37@2": 0.17326732673267325, "05T23@2": 0.8424657534246576, "06T22@3": 0.0, "07T35@3": 0.7619047619047618, "BUYER": 0.0, "SELLER": 0.0}