{"00T40@0": 0.0, "01T22@0": 0.08439897698209718, "02T35@1": 0.8688524590163936, "03T22@1": 0.37404580152671757, "04T22@2": 0.17597765363128498, "05T23@2": 0.7579617834394904, "06T37@3": 0.0, "07T23@3": 0.7080867850098621, "BUYER": 0.0, "SELLER": 0.0}