{"00T35@0": 0.649432534678436, "01T22@0": 0.013035381750465548, "02T38@1": 0.04225352112676057, "03T40@1": 0.1781170483460561, "04T35@2": 0.6439169139465877, "05T23@2": 0.584958217270195, "BUYER": 0.0, "SELLER": 0.0}