{"time_limit": 10800, "spot_discount": 0.9, "spot_market_global_loss": 0.2, "neg_quota_step": 306, "n_processes": 4, "n_products": 5, "n_steps": 68, "financial_reports_period": 5, "exogenous_horizon": 14, "max_productivity": 1.0, "catalog_prices": [10, 17, 31, 42, 46], "cash_availability": [1.5, 2.5], "expected_productivity": 0.8366013071895425, "expected_mean_profit": 0.0750499756024618, "initial_balance": [14689, 14689, 27070, 27070, 39241, 39241, 30708, 30708, 30708]}