{"00T41@0": 0.29668049792531115, "01T20@0": 0.0, "02T22@1": 0.1787709497206704, "03T22@1": 0.14525139664804476, "04T23@2": 0.8143459915611809, "05T23@2": 0.8348623853211009, "06T23@3": 0.6455142231947488, "07T35@3": 0.6609808102345416, "BUYER": 0.0, "SELLER": 0.0}