{"time_limit": 10800, "spot_discount": 0.9, "spot_market_global_loss": 0.2, "neg_quota_step": 444, "n_processes": 3, "n_products": 4, "n_steps": 74, "financial_reports_period": 5, "exogenous_horizon": 27, "max_productivity": 1.0, "catalog_prices": [10, 18, 27, 36], "cash_availability": [1.5, 2.5], "expected_productivity": 1.1993243243243243, "expected_mean_profit": 0.0633019547821952, "initial_balance": [17508, 17508, 17508, 17508, 17508, 25365, 25365, 25365, 25365, 25365, 94707, 94707]}