{"00T22@0": 0.1388888888888888, "01T22@0": 0.20261437908496727, "02T24@1": 1.0, "03T35@1": 0.5271739130434783, "04T22@2": 0.18796992481203004, "05T35@2": 0.8695652173913043, "06T06@3": 0.0, "07T35@3": 0.68, "08T23@4": 0.7915309446254069, "09T23@4": 0.7847682119205295, "BUYER": 0.0, "SELLER": 0.0}