{"00T35@0": 0.3061079545454541, "01T35@0": 0.29574468085106437, "02T35@1": 0.0, "03T22@1": 0.3019517795637201, "04T35@2": 0.05286343612334802, "05T35@2": 0.08704883227176219, "06T09@3": 0.0, "07T06@3": 0.6620689655172416, "BUYER": 0.0, "SELLER": 0.0}