{"time_limit": 10800, "spot_discount": 0.9, "spot_market_global_loss": 0.2, "neg_quota_step": 420, "n_processes": 4, "n_products": 5, "n_steps": 70, "financial_reports_period": 5, "exogenous_horizon": 16, "max_productivity": 1.0, "catalog_prices": [10, 20, 32, 41, 57], "cash_availability": [1.5, 2.5], "expected_productivity": 1.5714285714285714, "expected_mean_profit": 0.11151181550726014, "initial_balance": [17593, 17593, 17593, 17593, 17593, 74327, 74327, 68719, 68719, 68719, 126333, 126333]}