{"00T40@0": 0.09953161592505855, "01T35@0": 0.1423728813559324, "02T35@1": 0.6985074626865674, "03T35@1": 0.6895604395604397, "04T07@2": 0.17628705148205928, "05T35@2": 0.7198156682027652, "BUYER": 0.0, "SELLER": 0.0}