{"00T12@0": 0.026392961876832845, "01T29@0": 0.0, "02T29@1": 0.0, "03T12@1": 0.024432809773123895, "04T02@1": 0.310344827586207, "05T02@2": 0.5560538116591925, "06T29@2": 1.0, "07T12@2": 0.0, "08T02@2": 0.5315315315315319, "BUYER": 0.0, "SELLER": 0.0}