{"time_limit": 10800, "spot_discount": 0.9, "spot_market_global_loss": 0.2, "neg_quota_step": 387, "n_processes": 3, "n_products": 4, "n_steps": 86, "financial_reports_period": 5, "exogenous_horizon": 20, "max_productivity": 1.0, "catalog_prices": [10, 17, 21, 31], "cash_availability": [1.5, 2.5], "expected_productivity": 0.6434108527131783, "expected_mean_profit": 0.07847504189012444, "initial_balance": [22210, 22210, 20201, 20201, 20201, 21339, 21339, 21339, 21339]}