{"00T22@0": 0.5534883720930234, "01T35@0": 0.7925925925925928, "02T41@1": 0.3594771241830064, "03T26@1": 0.283720930232558, "04T35@2": 0.7187499999999994, "05T35@2": 0.71689497716895, "BUYER": 0.0, "SELLER": 0.0}