{"00T36@0": 0.033391915641476255, "01T22@0": 0.07908611599297008, "02T22@1": 0.13924050632911392, "03T35@1": 0.7586206896551728, "04T18@2": 0.4056603773584905, "05T35@2": 0.7414104882459313, "BUYER": 0.0, "SELLER": 0.0}