{"00T41@0": 0.2688172043010757, "01T35@0": 0.7896253602305479, "02T37@1": 0.00625, "03T37@1": 0.0, "04T41@2": 0.7018181818181816, "05T35@2": 0.8025477707006369, "06T41@3": 0.30172413793103425, "07T37@3": 0.05660377358490566, "08T23@4": 0.7092050209205019, "09T22@4": 0.0, "BUYER": 0.0, "SELLER": 0.0}