{"00T38@0": 0.03377110694183865, "01T38@0": 0.02867383512544803, "02T24@1": 0.10204081632653061, "03T38@1": 0.052268244575936915, "04T35@2": 0.0, "05T23@2": 0.01976284584980237, "06T24@3": 0.9807692307692307, "07T24@3": 0.9617224880382775, "BUYER": 0.0, "SELLER": 0.0}