{"00T23@0": 0.3425655976676385, "01T35@0": 0.17507418397626115, "02T22@1": 0.002832861189801695, "03T35@1": 0.828125, "04T19@2": 0.0, "05T36@2": 0.1316455696202531, "06T23@3": 0.8471615720524017, "07T22@3": 0.46728971962616866, "08T23@4": 0.6972477064220172, "09T22@4": 0.0, "BUYER": 0.0, "SELLER": 0.0}