{"00T20@0": 0.0, "01T20@0": 0.0, "02T41@1": 1.0, "03T36@1": 1.0, "04T40@2": 1.0, "05T41@2": 0.1111111111111111, "06T20@3": 0.0, "07T40@3": 1.0, "08T41@3": 0.3333333333333333, "09T40@4": 1.0, "10T36@4": 0.8181818181818182, "11T36@4": 0.6363636363636364, "BUYER": 0.0, "SELLER": 0.0}