{"00T22@0": 0.0023752969121140118, "01T22@0": 0.041474654377880185, "02T24@1": 0.55, "03T10@1": 0.26794258373205754, "04T22@2": 0.510791366906475, "05T35@2": 0.8571428571428569, "06T35@3": 0.6745762711864403, "07T35@3": 0.6921768707482994, "BUYER": 0.0, "SELLER": 0.0}