{"00T36@0": 0.18060836501901142, "01T35@0": 0.7180232558139542, "02T35@1": 0.676829268292683, "03T35@1": 0.6688524590163935, "04T40@2": 0.13931888544891638, "05T35@2": 0.5784023668639054, "BUYER": 0.0, "SELLER": 0.0}