{"00T41@0": 0.15899581589958153, "01T40@0": 0.0, "02T22@1": 0.7632653061224492, "03T35@1": 0.7988505747126436, "04T35@2": 0.7075664621676891, "05T23@2": 0.705776173285199, "BUYER": 0.0, "SELLER": 0.0}