{"00T06@0": 0.25, "01T22@0": 0.296296296296296, "02T22@1": 0.22772277227722773, "03T35@1": 0.6407766990291266, "04T29@2": 1.0, "05T35@2": 0.5530145530145535, "BUYER": 0.0, "SELLER": 0.0}