{"00T18@0": 0.0, "01T22@0": 0.17795484727755645, "02T22@1": 0.17647058823529418, "03T35@1": 0.6614785992217899, "04T09@2": 0.0, "05T35@2": 0.707692307692308, "BUYER": 0.0, "SELLER": 0.0}