{"00T24@0": 0.0, "01T17@0": 0.09407665505226477, "02T24@1": 0.75, "03T22@1": 0.08536585365853659, "04T24@2": 0.08333333333333333, "05T17@2": 0.3524590163934428, "06T17@3": 0.1263157894736843, "07T22@3": 0.031531531531531556, "BUYER": 0.0, "SELLER": 0.0}