{"00T34@0": 0.11656441717791415, "01T35@0": 0.09129511677282377, "02T09@1": 0.0, "03T22@1": 0.0, "04T22@2": 0.4359756097560974, "05T22@2": 0.5190615835777125, "BUYER": 0.0, "SELLER": 0.0}