{"00T41@0": 0.0, "01T22@0": 0.22346368715083798, "02T37@1": 0.12738853503184713, "03T22@1": 0.36199095022624433, "04T41@2": 0.12499999999999997, "05T22@2": 0.2542372881355936, "06T37@3": 0.1897435897435898, "07T37@3": 0.20879120879120883, "08T41@4": 0.015873015873015858, "09T35@4": 0.7694805194805191, "BUYER": 0.0, "SELLER": 0.0}