{"00T35@0": 0.2004662004662004, "01T35@0": 0.1974741676234213, "02T35@1": 0.0, "03T22@1": 0.4819624819624822, "04T35@2": 0.6096385542168674, "05T35@2": 0.6, "06T07@3": 0.061594202898550714, "07T36@3": 0.0, "BUYER": 0.0, "SELLER": 0.0}