{"00T26@0": 0.0753623188405798, "01T41@0": 0.38613861386138615, "02T41@1": 0.35412026726057905, "03T41@1": 0.35402298850574726, "04T26@2": 0.0064794816414686755, "05T26@2": 0.0726872246696035, "BUYER": 0.0, "SELLER": 0.0}