{"00T40@0": 0.023474178403755867, "01T16@0": 0.0, "02T16@1": 0.0, "03T22@1": 0.0099009900990099, "04T40@2": 0.21428571428571427, "05T40@2": 0.14814814814814806, "06T16@3": 1.0, "07T22@3": 0.08749999999999997, "BUYER": 0.0, "SELLER": 0.0}