{"00T23@0": 0.20261437908496732, "01T23@0": 0.20902612826603326, "02T24@1": 0.7142857142857143, "03T40@1": 0.007462686567164173, "04T23@2": 0.8636363636363638, "05T22@2": 0.5617529880478087, "06T23@3": 0.6973180076628351, "07T35@3": 0.7083333333333338, "BUYER": 0.0, "SELLER": 0.0}