{"time_limit": 10800, "spot_discount": 0.9, "spot_market_global_loss": 0.2, "neg_quota_step": 712, "n_processes": 4, "n_products": 5, "n_steps": 178, "financial_reports_period": 5, "exogenous_horizon": 61, "max_productivity": 1.0, "catalog_prices": [10, 19, 28, 39, 50], "cash_availability": [1.5, 2.5], "expected_productivity": 0.9775280898876404, "expected_mean_profit": 0.10233140802509276, "initial_balance": [45370, 45370, 63250, 63250, 89671, 89671, 115425, 115425]}