{"00T20@0": 0.21484375000000003, "01T35@0": 0.2092130518234165, "02T40@1": 0.41644562334217494, "03T35@1": 0.7266435986159171, "04T23@2": 0.6530612244897964, "05T23@2": 0.6507177033492828, "BUYER": 0.0, "SELLER": 0.0}