{"00T34@0": 0.021459227467811166, "01T36@0": 0.1727574750830564, "02T36@1": 0.3188405797101449, "03T36@1": 0.4220183486238534, "04T35@2": 0.574468085106383, "05T23@2": 0.38164251207729466, "06T34@3": 0.5833333333333339, "07T34@3": 0.5649122807017545, "BUYER": 0.0, "SELLER": 0.0}