{"00T16@0": 0.0, "01T16@0": 0.0, "02T08@1": 1.0, "03T22@1": 1.0, "04T16@2": 0.0, "05T08@2": 0.8870967741935484, "06T08@3": 1.0, "07T22@3": 0.012345679012345675, "BUYER": 0.0, "SELLER": 0.0}