{"00T37@0": 0.003378378378378375, "01T10@0": 0.08708708708708711, "02T10@1": 0.3384615384615386, "03T37@1": 0.21487603305785125, "04T37@2": 0.037037037037037014, "05T10@2": 0.03257328990228012, "BUYER": 0.0, "SELLER": 0.0}