{"00T40@0": 0.256493506493507, "01T23@0": 0.12068965517241398, "02T22@1": 0.05306122448979594, "03T35@1": 0.5052631578947369, "04T32@2": 0.6915887850467293, "05T40@2": 0.12935323383084588, "06T40@3": 0.3577235772357722, "07T32@3": 0.6697247706422016, "08T32@4": 0.05270863836017572, "09T23@4": 0.7773584905660379, "BUYER": 0.0, "SELLER": 0.0}