{"00T12@0": 0.021775544388609736, "01T23@0": 0.17090909090909087, "02T02@1": 0.3017241379310345, "03T23@1": 0.5000000000000003, "04T12@2": 0.016025641025641014, "05T02@2": 0.6386554621848738, "06T02@3": 0.5491071428571432, "07T12@3": 0.0, "BUYER": 0.0, "SELLER": 0.0}