{"00T29@0": 0.0, "01T22@0": 0.1376146788990825, "02T35@1": 0.8073394495412844, "03T35@1": 0.8, "04T35@2": 0.7368421052631579, "05T35@2": 0.6581632653061225, "06T40@3": 0.0, "07T23@3": 0.641078838174274, "BUYER": 0.0, "SELLER": 0.0}