{"00T22@0": 0.0, "01T22@0": 0.0, "02T20@1": 0.0, "03T36@1": 0.11333333333333333, "04T23@2": 0.9090909090909091, "05T23@2": 0.852112676056338, "06T35@3": 0.5384615384615384, "07T22@3": 0.10052910052910052, "BUYER": 0.0, "SELLER": 0.0}