{"00T41@0": 0.22435897435897437, "01T35@0": 0.1481481481481481, "02T26@1": 0.21505376344086022, "03T23@1": 0.23255813953488363, "04T35@2": 0.8, "05T35@2": 0.736318407960199, "06T22@3": 0.0, "07T23@3": 0.5775075987841946, "BUYER": 0.0, "SELLER": 0.0}