{"time_limit": 10800, "spot_discount": 0.9, "spot_market_global_loss": 0.2, "neg_quota_step": 220, "n_processes": 4, "n_products": 5, "n_steps": 55, "financial_reports_period": 5, "exogenous_horizon": 18, "max_productivity": 1.0, "catalog_prices": [10, 19, 29, 43, 57], "cash_availability": [1.5, 2.5], "expected_productivity": 0.9272727272727272, "expected_mean_profit": 0.06023218413910946, "initial_balance": [20945, 20945, 29816, 29816, 47127, 47127, 61296, 61296]}