{"00T41@0": 0.2489451476793248, "01T29@0": 0.0, "02T22@1": 0.5564202334630352, "03T35@1": 0.8560606060606061, "04T35@2": 0.5310344827586206, "05T23@2": 0.4952978056426332, "BUYER": 0.0, "SELLER": 0.0}