{"00T20@0": 0.1543909348441928, "01T22@0": 0.0797720797720798, "02T22@1": 0.045627376425855536, "03T35@1": 0.5990338164251209, "04T06@2": 0.0, "05T35@2": 0.6960093896713613, "BUYER": 0.0, "SELLER": 0.0}