{"time_limit": 10800, "spot_discount": 0.9, "spot_market_global_loss": 0.2, "neg_quota_step": 305, "n_processes": 5, "n_products": 6, "n_steps": 61, "financial_reports_period": 5, "exogenous_horizon": 26, "max_productivity": 1.0, "catalog_prices": [10, 18, 26, 41, 50, 61], "cash_availability": [1.5, 2.5], "expected_productivity": 0.9180327868852459, "expected_mean_profit": 0.07788560327693805, "initial_balance": [18912, 18912, 29787, 29787, 41606, 41606, 61126, 61126, 71460, 71460]}