{"00T21@0": 0.0, "01T22@0": 0.20689655172413793, "02T35@1": 0.16666666666666666, "03T22@1": 0.36666666666666664, "04T06@2": 0.0, "05T35@2": 0.52, "06T35@3": 0.86046511627907, "07T35@3": 0.9, "BUYER": 0.0, "SELLER": 0.0}