{"00T22@0": 0.091324200913242, "01T35@0": 0.2521739130434787, "02T22@1": 0.08024691358024694, "03T35@1": 0.9021739130434783, "04T40@2": 0.3225806451612903, "05T41@2": 0.20809248554913298, "06T22@3": 0.35849056603773594, "07T22@3": 0.3112244897959186, "08T35@4": 0.6204379562043791, "09T23@4": 0.6453900709219857, "BUYER": 0.0, "SELLER": 0.0}