{"00T22@0": 0.26523297491039427, "01T23@0": 0.1707317073170732, "02T26@1": 0.16770186335403728, "03T23@1": 0.6209677419354839, "04T24@2": 1.0, "05T35@2": 0.5917159763313611, "BUYER": 0.0, "SELLER": 0.0}