{"00T23@0": 0.5740318906605923, "01T35@0": 0.3465160075329566, "02T22@1": 0.0, "03T35@1": 0.7331786542923434, "04T37@2": 0.004166666666666664, "05T38@2": 0.017421602787456452, "06T23@3": 0.7784090909090909, "07T22@3": 0.5999999999999998, "08T23@4": 0.665987780040733, "09T22@4": 0.0, "BUYER": 0.0, "SELLER": 0.0}