,balance,assets,bankrupt,agent_id,step
0,821.0,112.0,False,00T37@0,0.0
1,556.0,467.95,False,00T37@0,5.0
2,781.0,160.0,False,01T37@0,0.0
3,451.0,601.65,False,01T37@0,5.0
4,1491.0,0.0,False,02T15@1,0.0
5,1507.0,117.37774300245405,False,02T15@1,5.0
6,1491.0,0.0,False,03T15@1,0.0
7,1523.0,0.0,False,03T15@1,5.0
8,1847.0,0.0,False,04T37@2,0.0
9,1673.0,30.0,False,04T37@2,5.0
10,1847.0,0.0,False,05T15@2,0.0
11,1510.0,269.99999999999994,False,05T15@2,5.0
12,,,,,
13,,,,,
14,,,,,
15,,,,,
