{"00T35@0": 0.37694704049844246, "01T22@0": 0.1568627450980393, "02T24@1": 0.0, "03T22@1": 0.04945054945054945, "04T19@2": 0.0, "05T19@2": 0.0, "06T19@3": 0.0, "07T24@3": 1.0, "08T24@4": 1.0, "09T35@4": 0.9904306220095693, "BUYER": 0.0, "SELLER": 0.0}