{"00T37@0": 0.03828828828828824, "01T23@0": 0.5711462450592888, "02T36@1": 0.3703703703703703, "03T23@1": 0.7420634920634919, "04T35@2": 0.668402777777778, "05T23@2": 0.68006993006993, "BUYER": 0.0, "SELLER": 0.0}