{"00T32@0": 0.06192660550458717, "01T06@0": 0.0, "02T35@1": 0.3333333333333333, "03T22@1": 0.11065573770491799, "04T32@2": 0.0078125, "05T06@2": 0.0, "06T06@3": 0.0, "07T32@3": 0.9709302325581395, "BUYER": 0.0, "SELLER": 0.0}