{"00T22@0": 0.06310679611650484, "01T23@0": 0.2517482517482517, "02T40@1": 0.23298969072164943, "03T23@1": 0.6010638297872337, "04T32@2": 0.5677966101694916, "05T35@2": 0.6386861313868604, "BUYER": 0.0, "SELLER": 0.0}