{"00T24@0": 0.0023584905660377336, "01T41@0": 0.42819843342036545, "02T24@0": 0.0, "03T41@0": 0.4283854166666667, "04T37@1": 0.12684365781710916, "05T41@1": 0.22286821705426357, "06T24@1": 0.0, "07T37@2": 0.06004140786749486, "08T37@2": 0.1659574468085107, "BUYER": 0.0, "SELLER": 0.0}