{"00T35@0": 0.22040302267002515, "01T35@0": 0.21551724137931033, "02T35@1": 0.0, "03T22@1": 0.6935064935064934, "04T35@2": 0.3327922077922077, "05T35@2": 0.3411371237458194, "06T07@3": 0.008097165991902834, "07T09@3": 0.0, "BUYER": 0.0, "SELLER": 0.0}