{"00T35@0": 0.05380333951762527, "01T22@0": 0.015929203539823012, "02T13@1": 0.0, "03T35@1": 0.7303370786516854, "04T17@2": 0.0, "05T35@2": 0.8500823723228998, "BUYER": 0.0, "SELLER": 0.0}