{"00T35@0": 0.4584717607973419, "01T22@0": 0.21908602150537662, "02T26@1": 0.0, "03T35@1": 0.5874439461883408, "04T14@2": 1.0, "05T35@2": 0.7146562905317769, "BUYER": 0.0, "SELLER": 0.0}