{"time_limit": 10800, "spot_discount": 0.9, "spot_market_global_loss": 0.2, "neg_quota_step": 420, "n_processes": 5, "n_products": 6, "n_steps": 84, "financial_reports_period": 5, "exogenous_horizon": 35, "max_productivity": 1.0, "catalog_prices": [10, 20, 31, 45, 58, 74], "cash_availability": [1.5, 2.5], "expected_productivity": 0.9404761904761905, "expected_mean_profit": 0.08240985713205835, "initial_balance": [29056, 29056, 41961, 41961, 62470, 62470, 84006, 84006, 113232, 113232]}