{"00T37@0": 0.2, "01T20@0": 0.038461538461538464, "02T20@1": 0.5, "03T20@1": 0.47058823529411764, "04T37@2": 0.0, "05T37@2": 0.047619047619047616, "BUYER": 0.0, "SELLER": 0.0}