{"00T22@0": 0.19222462203023732, "01T22@0": 0.17987152034261245, "02T15@1": 0.17073170731707313, "03T26@1": 0.16363636363636372, "04T22@2": 0.3659147869674184, "05T35@2": 0.7249999999999994, "06T35@3": 0.6479999999999998, "07T35@3": 0.6803118908382073, "BUYER": 0.0, "SELLER": 0.0}