{"00T40@0": 0.11210762331838564, "01T22@0": 0.1623931623931625, "02T22@1": 0.15702479338842973, "03T23@1": 0.5982142857142857, "04T29@2": 1.0, "05T22@2": 0.0, "BUYER": 0.0, "SELLER": 0.0}