{"00T07@0": 0.0842911877394636, "01T22@0": 0.34250764525993893, "02T35@1": 0.48333333333333334, "03T35@1": 0.44571428571428545, "04T41@2": 0.011627906976744186, "05T35@2": 0.9029850746268657, "06T22@3": 0.004854368932038834, "07T22@3": 0.0, "BUYER": 0.0, "SELLER": 0.0}