{"00T35@0": 0.29721362229102183, "01T35@0": 0.30126182965299747, "02T41@1": 0.31672597864768676, "03T41@1": 0.3202846975088968, "04T29@2": 0.0, "05T41@2": 0.0, "06T29@3": 0.0, "07T29@3": 0.0, "08T22@4": 1.0, "09T23@4": 1.0, "BUYER": 0.0, "SELLER": 0.0}