{"00T35@0": 0.4872979214780599, "01T22@0": 0.13793103448275856, "02T07@1": 0.06015037593984962, "03T35@1": 0.5336322869955156, "04T13@2": 0.0, "05T35@2": 0.683035714285715, "BUYER": 0.0, "SELLER": 0.0}