{"00T22@0": 0.12500000000000006, "01T23@0": 0.19230769230769232, "02T22@1": 0.1072961373390558, "03T23@1": 0.7894736842105263, "04T29@2": 0.0, "05T41@2": 0.413978494623656, "06T22@3": 0.04830917874396134, "07T35@3": 0.7817531305903397, "BUYER": 0.0, "SELLER": 0.0}