{"00T38@0": 0.004784688995215309, "01T23@0": 0.2654690618762475, "02T26@1": 0.0144927536231884, "03T23@1": 0.6602870813397127, "04T35@2": 0.7392996108949418, "05T23@2": 0.7485265225933199, "BUYER": 0.0, "SELLER": 0.0}