{"00T15@0": 0.08695652173913043, "01T22@0": 0.1111111111111111, "02T35@1": 0.38461538461538464, "03T22@1": 0.5882352941176471, "04T06@2": 0.0, "05T35@2": 0.6111111111111112, "06T35@3": 0.8846153846153846, "07T35@3": 0.8461538461538461, "BUYER": 0.0, "SELLER": 0.0}