{"00T40@0": 0.0, "01T37@0": 0.0, "02T41@0": 0.058823529411764705, "03T20@1": 0.0, "04T20@1": 0.0, "05T37@1": 0.75, "06T20@2": 0.0, "07T40@2": 1.0, "08T41@2": 0.3333333333333333, "09T37@2": 0.6666666666666666, "10T40@3": 1.0, "11T41@3": 0.6666666666666666, "BUYER": 0.0, "SELLER": 0.0}