{"00T36@0": 0.019841269841269833, "01T22@0": 0.020366598778004067, "02T22@1": 0.39887640449438194, "03T35@1": 0.8613138686131386, "04T07@2": 0.14705882352941177, "05T35@2": 0.7296849087893867, "BUYER": 0.0, "SELLER": 0.0}