{"time_limit": 10800, "spot_discount": 0.9, "spot_market_global_loss": 0.2, "neg_quota_step": 405, "n_processes": 4, "n_products": 5, "n_steps": 90, "financial_reports_period": 5, "exogenous_horizon": 34, "max_productivity": 1.0, "catalog_prices": [10, 20, 29, 42, 61], "cash_availability": [1.5, 2.5], "expected_productivity": 0.8493827160493828, "expected_mean_profit": 0.12111501539910699, "initial_balance": [28520, 28520, 42423, 42423, 40700, 40700, 40700, 84578, 84578]}