{"00T35@0": 0.24475524475524507, "01T35@0": 0.2528901734104046, "02T35@1": 0.9640287769784173, "03T22@1": 0.5949008498583569, "04T35@2": 0.270606531881804, "05T35@2": 0.27258566978193155, "06T16@3": 1.0, "07T34@3": 0.4226289517470883, "BUYER": 0.0, "SELLER": 0.0}