{"00T35@0": 0.5948827292110872, "01T35@0": 0.5995575221238936, "02T36@1": 0.012499999999999983, "03T26@1": 0.1404958677685951, "04T23@2": 0.7647058823529411, "05T22@2": 0.09821428571428571, "06T22@3": 0.29615384615384616, "07T35@3": 0.7254901960784311, "08T35@4": 0.7081545064377681, "09T23@4": 0.7242152466367718, "BUYER": 0.0, "SELLER": 0.0}