{"00T22@0": 0.4, "01T35@0": 0.4885245901639346, "02T20@1": 0.07582938388625593, "03T22@1": 0.11940298507462686, "04T24@2": 0.0, "05T23@2": 0.5606936416184967, "06T35@3": 0.9814814814814815, "07T23@3": 0.9407894736842105, "08T35@4": 0.5106382978723404, "09T22@4": 0.0, "BUYER": 0.0, "SELLER": 0.0}