{"time_limit": 10800, "spot_discount": 0.9, "spot_market_global_loss": 0.2, "neg_quota_step": 315, "n_processes": 5, "n_products": 6, "n_steps": 63, "financial_reports_period": 5, "exogenous_horizon": 20, "max_productivity": 1.0, "catalog_prices": [10, 22, 35, 45, 67, 88], "cash_availability": [1.5, 2.5], "expected_productivity": 0.9206349206349206, "expected_mean_profit": 0.0767347761118853, "initial_balance": [24635, 24635, 41742, 41742, 55154, 55154, 73493, 73493, 102781, 102781]}