{"00T37@0": 0.05842696629213495, "01T22@0": 0.21961620469083162, "02T35@1": 0.45161290322580655, "03T35@1": 0.4378698224852071, "04T41@2": 0.062111801242236024, "05T35@2": 0.936, "06T22@3": 0.006711409395973147, "07T22@3": 0.006535947712418293, "BUYER": 0.0, "SELLER": 0.0}