{"00T29@0": 0.0, "01T35@0": 0.4349775784753362, "02T15@1": 0.17391304347826095, "03T22@1": 0.26794258373205737, "04T22@2": 0.014577259475218653, "05T22@2": 0.021671826625387, "BUYER": 0.0, "SELLER": 0.0}