{"00T40@0": 0.03691275167785238, "01T15@0": 0.0, "02T40@1": 0.07865168539325848, "03T15@1": 0.16766467065868268, "04T15@2": 0.05245901639344257, "05T40@2": 0.5078534031413611, "BUYER": 0.0, "SELLER": 0.0}