{"00T35@0": 0.4992199687987522, "01T22@0": 0.10362694300518129, "02T26@1": 0.29032258064516103, "03T35@1": 0.6808510638297872, "04T37@2": 0.018255578093306288, "05T35@2": 0.711043872919819, "BUYER": 0.0, "SELLER": 0.0}