{"time_limit": 10800, "spot_discount": 0.9, "spot_market_global_loss": 0.2, "neg_quota_step": 264, "n_processes": 4, "n_products": 5, "n_steps": 66, "financial_reports_period": 5, "exogenous_horizon": 19, "max_productivity": 1.0, "catalog_prices": [10, 15, 26, 39, 48], "cash_availability": [1.5, 2.5], "expected_productivity": 0.9393939393939394, "expected_mean_profit": 0.06803922036405277, "initial_balance": [19888, 19888, 32585, 32585, 47730, 47730, 67465, 67465]}