{"00T24@0": 0.0, "01T40@0": 0.10360360360360366, "02T40@1": 0.0, "03T40@1": 0.0, "04T24@2": 0.9035087719298246, "05T24@2": 0.9724770642201835, "BUYER": 0.0, "SELLER": 0.0}