{"00T24@0": 0.0, "01T22@0": 0.15282392026578073, "02T35@1": 0.812206572769953, "03T22@1": 0.030120481927710843, "04T24@2": 0.6875, "05T22@2": 0.0029498525073746273, "06T40@3": 0.0396039603960396, "07T40@3": 0.021978021978021973, "08T24@4": 0.8726591760299626, "09T40@4": 0.777408637873754, "BUYER": 0.0, "SELLER": 0.0}