{"00T22@0": 0.0, "01T22@0": 0.0, "02T34@1": 0.9333333333333333, "03T24@1": 1.0, "04T22@2": 0.6793103448275861, "05T35@2": 0.9090909090909091, "06T35@3": 0.6743295019157091, "07T35@3": 0.6781609195402295, "BUYER": 0.0, "SELLER": 0.0}