{"00T35@0": 0.23300970873786409, "01T22@0": 0.08024691358024694, "02T22@1": 0.21224489795918375, "03T35@1": 0.8, "04T37@2": 0.06956521739130435, "05T41@2": 0.45959595959595967, "06T35@3": 0.6902173913043473, "07T23@3": 0.7124999999999998, "08T23@4": 0.6756756756756755, "09T22@4": 0.0, "BUYER": 0.0, "SELLER": 0.0}