{"00T16@0": 0.0, "01T35@0": 0.3056768558951965, "02T35@1": 0.8825503355704698, "03T35@1": 0.8793103448275863, "04T37@2": 0.13682092555331993, "05T35@2": 0.6337890624999998, "BUYER": 0.0, "SELLER": 0.0}