{"00T24@0": 0.017301038062283735, "01T41@0": 0.09810126582278482, "02T24@1": 0.48333333333333334, "03T12@1": 0.5714285714285714, "04T41@2": 0.9761904761904762, "05T12@2": 0.02985074626865671, "06T41@3": 0.320855614973262, "07T24@3": 0.5172413793103449, "08T12@4": 0.013888888888888888, "09T22@4": 0.3143939393939396, "BUYER": 0.0, "SELLER": 0.0}