{"00T08@0": 0.017105263157894703, "01T35@0": 0.1090458488228006, "02T35@1": 0.7800829875518672, "03T35@1": 0.7857142857142858, "04T41@2": 0.0, "05T35@2": 0.7698237885462549, "BUYER": 0.0, "SELLER": 0.0}