{"00T35@0": 0.529535864978903, "01T35@0": 0.5750988142292492, "02T35@1": 0.7973568281938326, "03T22@1": 0.0, "04T38@2": 0.0, "05T26@2": 0.0, "BUYER": 0.0, "SELLER": 0.0}