{"00T16@0": 0.0, "01T35@0": 0.8294573643410853, "02T35@1": 0.8611111111111112, "03T35@1": 0.8131868131868132, "04T04@2": 0.037433155080213915, "05T35@2": 0.7094017094017093, "BUYER": 0.0, "SELLER": 0.0}