{"time_limit": 10800, "spot_discount": 0.9, "spot_market_global_loss": 0.2, "neg_quota_step": 436, "n_processes": 4, "n_products": 5, "n_steps": 97, "financial_reports_period": 5, "exogenous_horizon": 42, "max_productivity": 1.0, "catalog_prices": [10, 22, 24, 33, 44], "cash_availability": [1.5, 2.5], "expected_productivity": 0.852233676975945, "expected_mean_profit": 0.07328180585651876, "initial_balance": [36636, 36636, 48440, 48440, 57192, 57192, 48983, 48983, 48983]}