{"00T35@0": 0.46052631578947356, "01T22@0": 0.13368983957219252, "02T37@1": 0.0, "03T22@1": 0.03205128205128205, "04T19@2": 0.0, "05T37@2": 0.032, "06T37@3": 0.0776699029126214, "07T19@3": 0.0, "08T19@4": 1.0, "09T35@4": 0.8147058823529415, "BUYER": 0.0, "SELLER": 0.0}