{"time_limit": 10800, "spot_discount": 0.9, "spot_market_global_loss": 0.2, "neg_quota_step": 350, "n_processes": 5, "n_products": 6, "n_steps": 70, "financial_reports_period": 5, "exogenous_horizon": 23, "max_productivity": 1.0, "catalog_prices": [10, 19, 26, 36, 56, 73], "cash_availability": [1.5, 2.5], "expected_productivity": 0.9285714285714286, "expected_mean_profit": 0.1261605784910695, "initial_balance": [15642, 15642, 22995, 22995, 30816, 30816, 47188, 47188, 65488, 65488]}