{"00T34@0": 0.05263157894736842, "01T15@0": 0.0, "02T15@1": 0.3333333333333333, "03T34@1": 0.0, "04T15@2": 0.6, "05T34@2": 1.0, "BUYER": 0.0, "SELLER": 0.0}