,balance,assets,bankrupt,agent_id,step
0,1267.0,120.0,False,00T34@0,0.0
1,1196.0,259.99999999999994,False,00T34@0,5.0
2,1307.0,136.0,False,01T15@0,0.0
3,1114.0,476.1000894543286,False,01T15@0,5.0
4,2219.0,0.0,False,02T15@1,0.0
5,1953.0,168.20374220374217,False,02T15@1,5.0
6,2219.0,0.0,False,03T34@1,0.0
7,2219.0,0.0,False,03T34@1,5.0
8,2873.0,0.0,False,04T15@2,0.0
9,2910.0,0.0,False,04T15@2,5.0
10,2873.0,0.0,False,05T34@2,0.0
11,2620.0,0.0,False,05T34@2,5.0
12,,,,,
13,,,,,
14,,,,,
15,,,,,
