{"00T35@0": 0.2763157894736843, "01T23@0": 0.40482573726541554, "02T37@1": 0.0, "03T19@1": 0.0, "04T19@2": 0.0, "05T23@2": 0.5232558139534881, "06T37@3": 0.02127659574468085, "07T35@3": 0.9571428571428572, "08T19@4": 1.0, "09T37@4": 0.0, "BUYER": 0.0, "SELLER": 0.0}