{"00T24@0": 0.007633587786259539, "01T34@0": 0.147239263803681, "02T24@1": 1.0, "03T23@1": 0.6538461538461541, "04T34@2": 0.12962962962962962, "05T35@2": 0.708333333333333, "06T34@3": 0.5022222222222222, "07T24@3": 0.89171974522293, "BUYER": 0.0, "SELLER": 0.0}