{"00T10@0": 0.09090909090909073, "01T22@0": 0.0885714285714286, "02T22@1": 0.20370370370370378, "03T35@1": 0.671232876712329, "04T18@2": 0.5036496350364964, "05T35@2": 0.7602739726027383, "BUYER": 0.0, "SELLER": 0.0}