{"00T24@0": 0.0, "01T41@0": 0.041666666666666664, "02T23@1": 0.891891891891892, "03T23@1": 0.8666666666666667, "04T35@2": 0.7054794520547949, "05T35@2": 0.6989619377162628, "06T23@3": 0.6339285714285718, "07T23@3": 0.6329113924050637, "BUYER": 0.0, "SELLER": 0.0}