{"00T37@0": 0.0, "01T23@0": 0.43551236749116595, "02T20@1": 0.0, "03T12@1": 0.0, "04T22@2": 0.6304347826086957, "05T35@2": 0.12605042016806742, "06T29@3": 0.0, "07T23@3": 0.7184466019417473, "08T22@4": 0.5193621867881547, "09T35@4": 0.8226415094339619, "BUYER": 0.0, "SELLER": 0.0}