{"00T29@0": 0.0, "01T22@0": 0.15714285714285722, "02T35@1": 0.8372093023255814, "03T22@1": 0.26111111111111107, "04T37@2": 0.08301886792452838, "05T23@2": 0.6709183673469389, "BUYER": 0.0, "SELLER": 0.0}