{"00T41@0": 0.0976027397260275, "01T41@0": 0.10620915032679734, "02T35@1": 0.4212962962962965, "03T23@1": 0.5578512396694217, "04T37@2": 0.054545454545454564, "05T37@2": 0.024242424242424242, "06T41@3": 0.30526315789473674, "07T23@3": 0.7556818181818182, "08T37@4": 0.014962593516209485, "09T22@4": 0.0, "BUYER": 0.0, "SELLER": 0.0}