{"time_limit": 10800, "spot_discount": 0.9, "spot_market_global_loss": 0.2, "neg_quota_step": 440, "n_processes": 5, "n_products": 6, "n_steps": 88, "financial_reports_period": 5, "exogenous_horizon": 32, "max_productivity": 1.0, "catalog_prices": [10, 18, 29, 40, 52, 59], "cash_availability": [1.5, 2.5], "expected_productivity": 0.9431818181818182, "expected_mean_profit": 0.07107371544859194, "initial_balance": [24967, 24967, 39531, 39531, 58588, 58588, 71987, 71987, 93374, 93374]}