{"00T26@0": 0.2129032258064516, "01T35@0": 0.3062645011600933, "02T26@1": 0.03734439834024896, "03T26@1": 0.08712121212121213, "04T15@2": 0.015503875968992234, "05T35@2": 0.8796296296296297, "06T15@3": 0.1607629427792916, "07T35@3": 0.956140350877193, "08T15@4": 0.0, "09T22@4": 0.0, "BUYER": 0.0, "SELLER": 0.0}