{"00T15@0": 0.0, "01T15@0": 0.0, "02T34@1": 0.29113924050632917, "03T15@1": 0.10588235294117647, "04T34@2": 0.6769230769230768, "05T35@2": 0.7135678391959797, "06T34@3": 0.6118721461187214, "07T35@3": 0.6553784860557768, "BUYER": 0.0, "SELLER": 0.0}