{"00T15@0": 0.2004405286343612, "01T22@0": 0.18036529680365304, "02T26@1": 0.27238805970149255, "03T22@1": 0.37668161434977576, "04T26@2": 0.24452554744525548, "05T22@2": 0.3703703703703703, "06T15@3": 0.3510324483775812, "07T26@3": 0.14329268292682928, "08T15@4": 0.012315270935960587, "09T35@4": 0.6893203883495146, "BUYER": 0.0, "SELLER": 0.0}