{"00T22@0": 0.3080684596577017, "01T35@0": 0.2876712328767124, "02T22@1": 0.06914893617021275, "03T22@1": 0.09230769230769233, "04T20@2": 0.0, "05T23@2": 0.24812030075187974, "06T23@3": 0.9538461538461539, "07T23@3": 0.9452054794520548, "08T36@4": 0.1818181818181818, "09T35@4": 0.5562770562770558, "BUYER": 0.0, "SELLER": 0.0}