{"00T34@0": 0.007547169811320748, "01T22@0": 0.12140575079872203, "02T24@1": 1.0, "03T22@1": 0.11409395973154363, "04T34@2": 0.6774193548387096, "05T22@2": 0.04, "06T24@3": 0.0357142857142857, "07T24@3": 0.0, "08T34@4": 1.0, "09T35@4": 0.991869918699187, "BUYER": 0.0, "SELLER": 0.0}