{"00T16@0": 0.0, "01T22@0": 0.4, "02T35@1": 0.3333333333333333, "03T22@1": 0.3333333333333333, "04T06@2": 0.0, "05T35@2": 0.3076923076923077, "06T35@3": 0.9117647058823529, "07T35@3": 0.9, "BUYER": 0.0, "SELLER": 0.0}