{"00T22@0": 0.024305555555555566, "01T35@0": 0.7597402597402597, "02T15@1": 0.39748953974895396, "03T34@1": 0.49572649572649574, "04T35@2": 0.6304347826086957, "05T35@2": 0.6492753623188399, "BUYER": 0.0, "SELLER": 0.0}