{"00T24@0": 0.0, "01T24@0": 0.0, "02T24@1": 1.0, "03T10@1": 1.0, "04T10@2": 0.029795158286778367, "05T10@2": 0.032015065913371, "BUYER": 0.0, "SELLER": 0.0}