{"00T22@0": 0.20089285714285712, "01T23@0": 0.19506172839506172, "02T37@1": 0.08762886597938144, "03T23@1": 0.21176470588235294, "04T35@2": 0.7784090909090909, "05T35@2": 0.8023952095808383, "06T41@3": 0.4206896551724137, "07T22@3": 0.0, "BUYER": 0.0, "SELLER": 0.0}