{"00T09@0": 0.0, "01T35@0": 0.36673773987206826, "02T36@1": 0.26470588235294096, "03T22@1": 0.1116751269035533, "04T22@2": 0.0183727034120735, "05T22@2": 0.013850415512465368, "BUYER": 0.0, "SELLER": 0.0}