{"00T35@0": 0.312227074235808, "01T22@0": 0.07758620689655174, "02T34@1": 0.4361233480176211, "03T35@1": 0.6068376068376071, "04T29@2": 1.0, "05T35@2": 0.5751391465677176, "BUYER": 0.0, "SELLER": 0.0}