{"00T20@0": 0.13052631578947393, "01T22@0": 0.11312217194570146, "02T22@1": 0.2666666666666667, "03T35@1": 0.6390243902439021, "04T38@2": 0.0, "05T35@2": 0.686619718309859, "BUYER": 0.0, "SELLER": 0.0}