{"time_limit": 10800, "spot_discount": 0.9, "spot_market_global_loss": 0.2, "neg_quota_step": 345, "n_processes": 5, "n_products": 6, "n_steps": 69, "financial_reports_period": 5, "exogenous_horizon": 15, "max_productivity": 1.0, "catalog_prices": [10, 18, 22, 31, 33, 44], "cash_availability": [1.5, 2.5], "expected_productivity": 0.927536231884058, "expected_mean_profit": 0.07555239655119132, "initial_balance": [18828, 18828, 23221, 23221, 31882, 31882, 40292, 40292, 47572, 47572]}