{"time_limit": 10800, "spot_discount": 0.9, "spot_market_global_loss": 0.2, "neg_quota_step": 290, "n_processes": 5, "n_products": 6, "n_steps": 58, "financial_reports_period": 5, "exogenous_horizon": 26, "max_productivity": 1.0, "catalog_prices": [10, 15, 26, 32, 44, 55], "cash_availability": [1.5, 2.5], "expected_productivity": 0.9137931034482759, "expected_mean_profit": 0.06345227009935842, "initial_balance": [17099, 17099, 29989, 29989, 35908, 35908, 49192, 49192, 63266, 63266]}