{"00T35@0": 0.0, "01T35@0": 0.0, "02T23@1": 1.0, "03T35@1": 1.0, "04T35@2": 1.0, "05T35@2": 0.9696969696969697, "06T34@3": 0.3285024154589372, "07T26@3": 0.1639344262295083, "08T22@4": 0.0, "09T23@4": 0.6735751295336786, "BUYER": 0.0, "SELLER": 0.0}