{"00T38@0": 0.016949152542372885, "01T34@0": 0.0, "02T34@1": 0.0, "03T38@1": 0.028481012658227837, "04T38@2": 0.0, "05T34@2": 1.0, "BUYER": 0.0, "SELLER": 0.0}