{"00T15@0": 0.0, "01T24@0": 0.0, "02T24@1": 1.0, "03T15@1": 0.16666666666666666, "04T24@2": 1.0, "05T15@2": 0.37037037037037035, "BUYER": 0.0, "SELLER": 0.0}