,balance,assets,bankrupt,agent_id,step
0,1286.0,112.0,False,00T15@0,0.0
1,1361.0,143.61344537815125,False,00T15@0,5.0
2,1246.0,120.0,False,01T24@0,0.0
3,1096.0,270.0,False,01T24@0,5.0
4,2260.0,0.0,False,02T24@1,0.0
5,2140.0,0.0,False,02T24@1,5.0
6,2260.0,0.0,False,03T15@1,0.0
7,2205.0,204.3636363636364,False,03T15@1,5.0
8,2799.0,0.0,False,04T24@2,0.0
9,2598.0,0.0,False,04T24@2,5.0
10,2799.0,0.0,False,05T15@2,0.0
11,2770.0,180.0,False,05T15@2,5.0
12,,,,,
13,,,,,
14,,,,,
15,,,,,
