{"00T29@0": 0.0, "01T35@0": 0.39999999999999986, "02T38@1": 0.0, "03T22@1": 0.7050847457627116, "04T22@2": 0.05729166666666672, "05T22@2": 0.025862068965517213, "BUYER": 0.0, "SELLER": 0.0}