{"00T29@0": 0.0, "01T22@0": 0.3902439024390244, "02T35@1": 0.5357142857142857, "03T22@1": 0.23076923076923078, "04T16@2": 0.0, "05T35@2": 0.25, "06T35@3": 0.8823529411764706, "07T35@3": 0.9333333333333333, "BUYER": 0.0, "SELLER": 0.0}