{"00T34@0": 0.1644562334217506, "01T26@0": 0.024719101123595516, "02T26@1": 0.11551155115511547, "03T34@1": 0.49999999999999983, "04T34@2": 0.5543071161048687, "05T26@2": 0.002518891687657427, "BUYER": 0.0, "SELLER": 0.0}