{"00T22@0": 0.23076923076923073, "01T35@0": 0.0, "02T35@1": 0.7463768115942028, "03T35@1": 0.7563636363636362, "04T41@2": 0.32398753894080995, "05T22@2": 0.04037267080745345, "06T23@3": 0.493877551020408, "07T35@3": 0.5885167464114832, "08T29@4": 1.0, "09T35@4": 0.6614853195164078, "BUYER": 0.0, "SELLER": 0.0}