{"00T40@0": 0.03264094955489611, "01T12@0": 0.026272577996715927, "02T12@1": 0.10730948678071545, "03T22@1": 0.9642857142857143, "04T12@2": 0.0, "05T23@2": 0.0, "06T40@3": 0.9090909090909091, "07T40@3": 0.8823529411764705, "BUYER": 0.0, "SELLER": 0.0}