{"00T26@0": 0.0622489959839358, "01T22@0": 0.17988394584139264, "02T37@1": 0.06761565836298937, "03T23@1": 0.13533834586466165, "04T23@2": 0.7457627118644066, "05T23@2": 0.7443181818181817, "06T26@3": 0.19117647058823528, "07T37@3": 0.07731958762886595, "08T37@4": 0.026455026455026447, "09T26@4": 0.0, "BUYER": 0.0, "SELLER": 0.0}