{"time_limit": 10800, "spot_discount": 0.9, "spot_market_global_loss": 0.2, "neg_quota_step": 450, "n_processes": 5, "n_products": 6, "n_steps": 90, "financial_reports_period": 5, "exogenous_horizon": 36, "max_productivity": 1.0, "catalog_prices": [10, 19, 29, 42, 55, 78], "cash_availability": [1.5, 2.5], "expected_productivity": 0.9444444444444444, "expected_mean_profit": 0.10956160327087702, "initial_balance": [25384, 25384, 33704, 33704, 47947, 47947, 70369, 70369, 88702, 88702]}