{"00T35@0": 0.05188679245283024, "01T22@0": 0.028103044496487137, "02T13@1": 0.0, "03T35@1": 0.6491228070175439, "04T14@2": 1.0, "05T35@2": 0.8032454361054773, "BUYER": 0.0, "SELLER": 0.0}