{"00T02@0": 0.035320088300220764, "01T20@0": 0.0, "02T12@0": 0.015700483091787426, "03T12@0": 0.02027027027027027, "04T20@1": 0.0, "05T02@1": 0.0, "06T12@1": 0.0, "07T02@2": 0.0, "08T29@2": 0.0, "09T29@2": 0.0, "10T29@3": 1.0, "11T20@3": 1.0, "BUYER": 0.0, "SELLER": 0.0}