{"time_limit": 10800, "spot_discount": 0.9, "spot_market_global_loss": 0.2, "neg_quota_step": 570, "n_processes": 4, "n_products": 5, "n_steps": 95, "financial_reports_period": 5, "exogenous_horizon": 46, "max_productivity": 1.0, "catalog_prices": [10, 18, 22, 30, 41], "cash_availability": [1.5, 2.5], "expected_productivity": 1.2771929824561403, "expected_mean_profit": 0.09113647261263896, "initial_balance": [22908, 22908, 22908, 22908, 40828, 40828, 40828, 51160, 51160, 51160, 110261, 110261]}