{"00T29@0": 0.0, "01T00@0": 0.0, "02T00@1": 0.0, "03T22@1": 0.2916666666666667, "04T00@2": 0.0, "05T29@2": 0.0, "06T29@3": 1.0, "07T22@3": 0.3442622950819673, "BUYER": 0.0, "SELLER": 0.0}