{"00T22@0": 0.26993865030674835, "01T35@0": 0.0, "02T35@1": 0.7455621301775148, "03T35@1": 0.7472527472527474, "04T20@2": 0.0, "05T22@2": 0.036619718309859176, "06T23@3": 0.6265822784810127, "07T35@3": 0.7089552238805971, "08T24@4": 0.9917355371900827, "09T35@4": 0.5561357702349867, "BUYER": 0.0, "SELLER": 0.0}