{"00T10@0": 0.3022113022113023, "01T26@0": 0.12990196078431374, "02T26@1": 0.22477064220183493, "03T26@1": 0.2616822429906543, "04T10@2": 0.03436426116838489, "05T10@2": 0.0, "BUYER": 0.0, "SELLER": 0.0}