{"00T22@0": 0.04964539007092201, "01T35@0": 0.5294117647058827, "02T29@1": 0.0, "03T22@1": 0.006211180124223602, "04T40@2": 1.0, "05T12@2": 0.5, "BUYER": 0.0, "SELLER": 0.0}