{"00T20@0": 0.0, "01T22@0": 0.05940594059405938, "02T41@1": 0.48936170212765956, "03T20@1": 0.0, "04T20@2": 0.0, "05T41@2": 0.4835164835164835, "06T12@3": 0.0, "07T41@3": 0.4444444444444444, "08T12@4": 0.0, "09T12@4": 0.1, "BUYER": 0.0, "SELLER": 0.0}