{"time_limit": 10800, "spot_discount": 0.9, "spot_market_global_loss": 0.2, "neg_quota_step": 305, "n_processes": 5, "n_products": 6, "n_steps": 61, "financial_reports_period": 5, "exogenous_horizon": 16, "max_productivity": 1.0, "catalog_prices": [10, 17, 24, 40, 52, 65], "cash_availability": [1.5, 2.5], "expected_productivity": 0.9180327868852459, "expected_mean_profit": 0.09776897890809412, "initial_balance": [16624, 16624, 21002, 21002, 36130, 36130, 48819, 48819, 61287, 61287]}