{"00T15@0": 0.28048780487804914, "01T23@0": 0.6621160409556315, "02T22@1": 0.13089005235602097, "03T22@1": 0.14814814814814817, "04T24@2": 0.19230769230769232, "05T35@2": 0.5761589403973507, "06T35@3": 0.9166666666666669, "07T22@3": 0.7336065573770487, "08T35@4": 0.5833333333333334, "09T35@4": 0.5942857142857143, "BUYER": 0.0, "SELLER": 0.0}