{"00T09@0": 0.0, "01T09@0": 0.0, "02T37@1": 0.10869565217391304, "03T37@1": 0.17857142857142858, "04T09@2": 0.0, "05T37@2": 0.04633204633204636, "BUYER": 0.0, "SELLER": 0.0}