{"00T35@0": 0.5563380281690136, "01T22@0": 0.2629107981220658, "02T40@1": 0.09019607843137258, "03T35@1": 0.5384615384615381, "04T24@2": 1.0, "05T23@2": 0.6780383795309168, "BUYER": 0.0, "SELLER": 0.0}