{"time_limit": 10800, "spot_discount": 0.9, "spot_market_global_loss": 0.2, "neg_quota_step": 360, "n_processes": 5, "n_products": 6, "n_steps": 72, "financial_reports_period": 5, "exogenous_horizon": 28, "max_productivity": 1.0, "catalog_prices": [10, 19, 29, 39, 53, 64], "cash_availability": [1.5, 2.5], "expected_productivity": 0.9305555555555556, "expected_mean_profit": 0.0933793053237021, "initial_balance": [16278, 16278, 27780, 27780, 36625, 36625, 48887, 48887, 62721, 62721]}