{"time_limit": 10800, "spot_discount": 0.9, "spot_market_global_loss": 0.2, "neg_quota_step": 474, "n_processes": 5, "n_products": 6, "n_steps": 79, "financial_reports_period": 5, "exogenous_horizon": 26, "max_productivity": 1.0, "catalog_prices": [10, 19, 25, 37, 47, 63], "cash_availability": [1.5, 2.5], "expected_productivity": 0.7805907172995781, "expected_mean_profit": 0.09933713523922381, "initial_balance": [22670, 22670, 29071, 29071, 39739, 39739, 26804, 26804, 26804, 26804, 70944, 70944]}