{"00T22@0": 0.17374517374517376, "01T23@0": 0.30201342281879207, "02T10@1": 0.047058823529411764, "03T23@1": 0.6893203883495143, "04T16@2": 1.0, "05T35@2": 0.6752411575562706, "BUYER": 0.0, "SELLER": 0.0}