{"00T41@0": 0.23106060606060605, "01T35@0": 0.17355371900826447, "02T20@1": 0.0, "03T35@1": 0.6750788643533123, "04T40@2": 1.0, "05T12@2": 0.026086956521739146, "06T23@3": 0.6109422492401216, "07T23@3": 0.6314199395770388, "BUYER": 0.0, "SELLER": 0.0}