{"time_limit": 10800, "spot_discount": 0.9, "spot_market_global_loss": 0.2, "neg_quota_step": 248, "n_processes": 4, "n_products": 5, "n_steps": 62, "financial_reports_period": 5, "exogenous_horizon": 22, "max_productivity": 1.0, "catalog_prices": [10, 20, 31, 38, 52], "cash_availability": [1.5, 2.5], "expected_productivity": 0.9354838709677419, "expected_mean_profit": 0.11093713858690817, "initial_balance": [15050, 15050, 24363, 24363, 32217, 32217, 40776, 40776]}