{"00T22@0": 0.09667673716012078, "01T23@0": 0.20821114369501476, "02T37@1": 0.05405405405405408, "03T23@1": 0.822429906542056, "04T40@2": 0.0, "05T35@2": 0.7872340425531912, "BUYER": 0.0, "SELLER": 0.0}