{"00T23@0": 0.20722891566265061, "01T23@0": 0.20902612826603326, "02T23@1": 0.9775280898876404, "03T22@1": 0.24000000000000007, "04T07@2": 0.2524084778420039, "05T24@2": 0.9617486338797814, "BUYER": 0.0, "SELLER": 0.0}