{"00T23@0": 0.6244444444444447, "01T35@0": 0.35333333333333333, "02T22@1": 0.03832752613240418, "03T22@1": 0.0778210116731518, "04T40@2": 0.30364372469635637, "05T22@2": 0.31225296442687733, "06T41@3": 0.42686567164179096, "07T23@3": 0.6938325991189427, "BUYER": 0.0, "SELLER": 0.0}