{"00T26@0": 0.08255159474671664, "01T37@0": 0.09979633401221996, "02T26@1": 0.1825726141078838, "03T37@1": 0.06542056074766353, "04T26@2": 0.01165501165501165, "05T37@2": 0.041994750656168, "BUYER": 0.0, "SELLER": 0.0}