{"00T20@0": 0.0, "01T12@0": 0.0, "02T12@0": 0.0, "03T20@0": 0.0, "04T29@1": 0.0, "05T20@1": 0.0, "06T29@2": 0.0, "07T37@2": 1.0, "08T29@3": 1.0, "09T12@3": 0.375, "10T37@3": 0.4884792626728111, "11T37@3": 0.5263157894736843, "BUYER": 0.0, "SELLER": 0.0}