{"00T23@0": 0.23483365949119367, "01T23@0": 0.2333965844402277, "02T22@1": 0.004576659038901597, "03T23@1": 1.0, "04T23@2": 0.0, "05T35@2": 0.0, "06T19@3": 1.0, "07T24@3": 1.0, "BUYER": 0.0, "SELLER": 0.0}