{"00T35@0": 0.0, "01T22@0": 0.7004048582995953, "02T35@1": 0.6549707602339181, "03T35@1": 0.6342857142857139, "04T22@2": 0.21016949152542364, "05T35@2": 0.7313432835820896, "06T37@3": 0.0055248618784530384, "07T23@3": 0.5326086956521744, "08T34@4": 0.6347305389221555, "09T35@4": 0.6434540389972151, "BUYER": 0.0, "SELLER": 0.0}