{"00T29@0": 0.0, "01T22@0": 0.0, "02T12@1": 0.26666666666666666, "03T35@1": 0.5447761194029854, "04T35@2": 0.6737588652482269, "05T22@2": 0.0, "06T35@3": 0.6741071428571426, "07T23@3": 0.7272727272727275, "08T35@4": 0.6731343283582094, "09T22@4": 0.2034883720930232, "BUYER": 0.0, "SELLER": 0.0}