{"00T35@0": 0.0, "01T23@0": 0.0, "02T23@1": 1.0, "03T35@1": 1.0, "04T36@2": 0.9173333333333333, "05T22@2": 0.31811023622047213, "06T26@3": 0.01917404129793507, "07T22@3": 0.004434589800443454, "BUYER": 0.0, "SELLER": 0.0}