{"00T35@0": 0.4670487106017192, "01T23@0": 0.6375321336760919, "02T22@1": 0.00558659217877095, "03T22@1": 0.005555555555555556, "04T19@2": 1.0, "05T06@2": 0.0, "BUYER": 0.0, "SELLER": 0.0}