{"00T37@0": 0.02617801047120419, "01T00@0": 0.0, "02T00@1": 0.0, "03T22@1": 0.21518987341772156, "04T37@2": 0.1348314606741573, "05T37@2": 0.17567567567567569, "06T00@3": 0.0, "07T22@3": 0.055000000000000056, "BUYER": 0.0, "SELLER": 0.0}