{"00T35@0": 0.35627530364372456, "01T23@0": 0.6093023255813952, "02T12@1": 0.0, "03T22@1": 0.0, "04T37@2": 0.6988416988416989, "05T29@2": 1.0, "BUYER": 0.0, "SELLER": 0.0}