{"00T34@0": 0.08376963350785344, "01T26@0": 0.026086956521739146, "02T35@1": 0.8586387434554974, "03T22@1": 0.38968481375358166, "04T23@2": 0.6403326403326401, "05T23@2": 0.6448412698412694, "BUYER": 0.0, "SELLER": 0.0}