{"00T24@0": 0.0, "01T36@0": 0.11981566820276487, "02T24@1": 1.0, "03T36@1": 0.36666666666666675, "04T24@2": 1.0, "05T36@2": 0.007042253521126753, "BUYER": 0.0, "SELLER": 0.0}