{"00T16@0": 0.0, "01T22@0": 0.07738095238095241, "02T22@1": 0.5227963525835866, "03T35@1": 0.8653846153846154, "04T41@2": 0.0, "05T35@2": 0.7208413001912046, "BUYER": 0.0, "SELLER": 0.0}