{"00T15@0": 0.23366834170854286, "01T15@0": 0.22474747474747447, "02T41@1": 0.39350180505415167, "03T41@1": 0.3955223880597014, "04T41@2": 0.009118541033434643, "05T15@2": 0.030716723549488054, "BUYER": 0.0, "SELLER": 0.0}