{"00T20@0": 0.0, "01T12@0": 0.0, "02T20@1": 0.0, "03T12@1": 0.05343511450381682, "04T12@2": 0.00980392156862745, "05T20@2": 1.0, "BUYER": 0.0, "SELLER": 0.0}