{"00T23@0": 0.6207674943566593, "01T22@0": 0.15349544072948332, "02T37@1": 0.12437810945273631, "03T41@1": 0.5902964959568737, "04T35@2": 0.5684931506849313, "05T35@2": 0.5841584158415838, "06T23@3": 0.7393225331369663, "07T22@3": 0.0, "BUYER": 0.0, "SELLER": 0.0}