{"00T29@0": 0.0, "01T24@0": 0.0, "02T29@1": 0.0, "03T29@1": 0.0, "04T24@2": 0.6666666666666666, "05T23@2": 0.9333333333333333, "06T24@3": 0.25, "07T23@3": 0.8287671232876712, "08T35@4": 0.7521367521367524, "09T35@4": 0.7601626016260162, "BUYER": 0.0, "SELLER": 0.0}