{"00T10@0": 0.0, "01T40@0": 0.07547169811320752, "02T10@1": 0.08910891089108909, "03T40@1": 0.30357142857142866, "04T10@2": 0.04524886877828054, "05T40@2": 0.8253968253968254, "BUYER": 0.0, "SELLER": 0.0}