{"00T10@0": 0.0, "01T10@0": 0.0, "02T34@1": 0.3409090909090909, "03T34@1": 0.3308270676691729, "04T10@2": 0.05164319248826296, "05T34@2": 1.0, "BUYER": 0.0, "SELLER": 0.0}