{"time_limit": 10800, "spot_discount": 0.9, "spot_market_global_loss": 0.2, "neg_quota_step": 240, "n_processes": 4, "n_products": 5, "n_steps": 60, "financial_reports_period": 5, "exogenous_horizon": 25, "max_productivity": 1.0, "catalog_prices": [10, 18, 26, 32, 41], "cash_availability": [1.5, 2.5], "expected_productivity": 0.9333333333333333, "expected_mean_profit": 0.053287550311383935, "initial_balance": [17598, 17598, 25752, 25752, 34317, 34317, 45814, 45814]}