{"00T37@0": 0.038095238095238085, "01T35@0": 0.0, "02T35@1": 0.8051282051282049, "03T23@1": 0.8297872340425533, "04T36@2": 0.0, "05T22@2": 0.0, "BUYER": 0.0, "SELLER": 0.0}