{"00T35@0": 0.18042813455657483, "01T22@0": 0.03516819571865445, "02T34@1": 0.4304347826086956, "03T35@1": 0.6257309941520466, "04T14@2": 1.0, "05T35@2": 0.7500000000000001, "BUYER": 0.0, "SELLER": 0.0}