{"time_limit": 10800, "spot_discount": 0.9, "spot_market_global_loss": 0.2, "neg_quota_step": 410, "n_processes": 5, "n_products": 6, "n_steps": 82, "financial_reports_period": 5, "exogenous_horizon": 28, "max_productivity": 1.0, "catalog_prices": [10, 20, 28, 39, 51, 59], "cash_availability": [1.5, 2.5], "expected_productivity": 0.9390243902439024, "expected_mean_profit": 0.10177646188008882, "initial_balance": [20867, 20867, 32099, 32099, 38419, 38419, 52965, 52965, 63704, 63704]}