,balance,assets,bankrupt,agent_id,step
0,1235.0,160.0,False,00T15@0,0.0
1,923.0,518.017718314952,False,00T15@0,5.0
2,1275.0,112.0,False,01T15@0,0.0
3,1015.0,407.01392153317664,False,01T15@0,5.0
4,2243.0,0.0,False,02T16@1,0.0
5,2243.0,0.0,False,02T16@1,5.0
6,2243.0,0.0,False,03T15@1,0.0
7,2055.0,441.0,False,03T15@1,5.0
8,2778.0,0.0,False,04T16@2,0.0
9,2556.0,0.0,False,04T16@2,5.0
10,2778.0,0.0,False,05T16@2,0.0
11,2359.0,0.0,False,05T16@2,5.0
12,,,,,
13,,,,,
14,,,,,
15,,,,,
