{"00T22@0": 0.01936619718309862, "01T22@0": 0.011741682974559674, "02T15@1": 0.23809523809523808, "03T40@1": 0.14000000000000007, "04T22@2": 0.5066666666666667, "05T35@2": 0.8087431693989071, "06T35@3": 0.7269789983844908, "07T35@3": 0.752577319587629, "BUYER": 0.0, "SELLER": 0.0}