{"00T36@0": 0.06423982869379018, "01T36@0": 0.12572533849129583, "02T36@1": 0.13924050632911392, "03T15@1": 0.15625, "04T15@2": 0.48120300751879697, "05T35@2": 0.7913669064748201, "06T15@3": 0.0, "07T35@3": 0.6965376782077387, "BUYER": 0.0, "SELLER": 0.0}