{"00T24@0": 0.0, "01T24@0": 0.0, "02T24@1": 1.0, "03T41@1": 0.9662921348314607, "04T41@2": 0.666666666666667, "05T35@2": 0.9452054794520548, "06T41@3": 0.0, "07T35@3": 0.6273764258555133, "BUYER": 0.0, "SELLER": 0.0}