{"00T22@0": 0.20849420849420883, "01T22@0": 0.23921568627450993, "02T35@1": 0.6513761467889905, "03T35@1": 0.6828571428571433, "04T17@2": 0.671280276816609, "05T03@2": 0.018832391713747645, "06T22@3": 0.563888888888889, "07T35@3": 0.5760728218465543, "BUYER": 0.0, "SELLER": 0.0}