{"00T08@0": 0.05219780219780218, "01T22@0": 0.11374407582938377, "02T35@1": 0.5963302752293578, "03T35@1": 0.674603174603175, "04T41@2": 0.01685393258426966, "05T35@2": 0.9375, "06T22@3": 0.0, "07T22@3": 0.0, "BUYER": 0.0, "SELLER": 0.0}