{"00T22@0": 0.0, "01T35@0": 0.0, "02T16@1": 0.0, "03T24@1": 0.8421052631578947, "04T35@2": 0.9780701754385965, "05T35@2": 0.9856459330143541, "BUYER": 0.0, "SELLER": 0.0}