{"00T38@0": 0.0, "01T35@0": 0.3665835411471323, "02T38@1": 0.01089324618736383, "03T16@1": 0.0, "04T38@2": 0.025547445255474453, "05T35@2": 0.0, "06T16@3": 0.0, "07T35@3": 0.31730769230769224, "08T16@4": 1.0, "09T22@4": 0.18691588785046728, "BUYER": 0.0, "SELLER": 0.0}