{"00T12@0": 0.0, "01T12@0": 0.0, "02T12@1": 0.0, "03T37@1": 0.6129032258064516, "04T37@2": 0.5202020202020201, "05T37@2": 0.5137614678899081, "BUYER": 0.0, "SELLER": 0.0}