{"00T35@0": 0.05341246290801187, "01T23@0": 0.05413105413105411, "02T23@1": 0.9183673469387755, "03T35@1": 0.86875, "04T40@2": 0.0, "05T23@2": 0.5678391959798995, "06T24@3": 1.0, "07T35@3": 0.6317907444668008, "BUYER": 0.0, "SELLER": 0.0}