{"00T23@0": 0.5448504983388707, "01T23@0": 0.5662650602409637, "02T41@1": 0.35081967213114756, "03T12@1": 0.0, "04T23@2": 0.5815972222222219, "05T22@2": 0.4500000000000001, "BUYER": 0.0, "SELLER": 0.0}