{"00T23@0": 0.20760697305863704, "01T22@0": 0.06371681415929205, "02T07@1": 0.06746031746031746, "03T23@1": 0.7289719626168227, "04T37@2": 0.05397727272727277, "05T35@2": 0.7752808988764037, "BUYER": 0.0, "SELLER": 0.0}