{"00T35@0": 0.0, "01T23@0": 0.0, "02T19@1": 0.0, "03T19@1": 0.0, "04T40@2": 1.0, "05T19@2": 0.0, "06T40@3": 0.9513513513513514, "07T40@3": 0.9195979899497487, "BUYER": 0.0, "SELLER": 0.0}