{"00T35@0": 0.16252390057361368, "01T35@0": 0.15482695810564667, "02T35@1": 0.0, "03T22@1": 0.6190028222013165, "04T35@2": 0.4670750382848393, "05T35@2": 0.4782608695652174, "06T16@3": 1.0, "07T15@3": 0.0, "BUYER": 0.0, "SELLER": 0.0}