{"00T12@0": 0.033149171270718245, "01T20@0": 0.0, "02T20@0": 0.0, "03T12@1": 0.15533980582524268, "04T02@1": 0.28181818181818186, "05T02@1": 0.27777777777777773, "06T02@2": 0.8823529411764705, "07T20@2": 1.0, "08T12@2": 0.0, "BUYER": 0.0, "SELLER": 0.0}