{"00T40@0": 0.4090909090909091, "01T20@0": 0.2, "02T40@1": 0.1, "03T20@1": 0.2777777777777778, "04T20@2": 0.4, "05T40@2": 0.3, "BUYER": 0.0, "SELLER": 0.0}