,balance,assets,bankrupt,agent_id,step
0,2062.0,210.0,False,00T40@0,0.0
1,2494.0,0.0,False,00T40@0,5.0
2,2062.0,100.0,False,01T20@0,0.0
3,1736.0,440.0,False,01T20@0,5.0
4,3074.0,0.0,False,02T40@1,0.0
5,2849.0,211.22191429754392,False,02T40@1,5.0
6,3074.0,0.0,False,03T20@1,0.0
7,2042.0,792.6236568364122,False,03T20@1,5.0
8,3610.0,0.0,False,04T20@2,0.0
9,3304.0,439.2219142975439,False,04T20@2,5.0
10,3610.0,0.0,False,05T40@2,0.0
11,3617.0,152.0,False,05T40@2,5.0
12,,,,,
13,,,,,
14,,,,,
15,,,,,
