{"00T29@0": 0.0, "01T22@0": 0.17357512953367887, "02T35@1": 0.849056603773585, "03T22@1": 0.3900000000000003, "04T22@2": 0.013793103448275862, "05T22@2": 0.016759776536312845, "06T20@3": 0.0, "07T22@3": 0.5215686274509804, "08T35@4": 0.793577981651376, "09T35@4": 0.7958715596330277, "BUYER": 0.0, "SELLER": 0.0}