{"00T23@0": 0.21914357682619648, "01T23@0": 0.2067307692307693, "02T23@1": 0.9655172413793104, "03T22@1": 0.00366300366300366, "04T07@2": 0.013888888888888874, "05T41@2": 0.0, "BUYER": 0.0, "SELLER": 0.0}