{"00T41@0": 0.34558823529411753, "01T40@0": 0.30574712643678187, "02T40@1": 0.4247491638795986, "03T41@1": 0.4350282485875706, "04T40@2": 0.0, "05T41@2": 0.29198966408268745, "BUYER": 0.0, "SELLER": 0.0}