{"00T20@0": 0.0, "01T41@0": 0.235867446393762, "02T22@1": 0.49404761904761957, "03T23@1": 0.8425925925925926, "04T41@2": 0.10476190476190476, "05T41@2": 0.030612244897959183, "06T20@3": 1.0, "07T20@3": 1.0, "BUYER": 0.0, "SELLER": 0.0}