{"time_limit": 10800, "spot_discount": 0.9, "spot_market_global_loss": 0.2, "neg_quota_step": 384, "n_processes": 4, "n_products": 5, "n_steps": 96, "financial_reports_period": 5, "exogenous_horizon": 46, "max_productivity": 1.0, "catalog_prices": [10, 15, 24, 32, 45], "cash_availability": [1.5, 2.5], "expected_productivity": 0.9583333333333334, "expected_mean_profit": 0.10591857866913729, "initial_balance": [19256, 19256, 33476, 33476, 39772, 39772, 54288, 54288]}