{"00T24@0": 0.0033222591362126208, "01T22@0": 0.19852941176470584, "02T35@1": 0.8297872340425532, "03T22@1": 0.4410480349344978, "04T22@2": 0.011299435028248588, "05T22@2": 0.033149171270718224, "06T29@3": 0.0, "07T22@3": 0.6067961165048544, "08T35@4": 0.8183908045977013, "09T35@4": 0.8465227817745801, "BUYER": 0.0, "SELLER": 0.0}