{"00T24@0": 0.0, "01T24@0": 0.0, "02T24@1": 0.0, "03T41@1": 1.0, "04T41@2": 0.047619047619047644, "05T41@2": 0.03378378378378379, "BUYER": 0.0, "SELLER": 0.0}