{"00T35@0": 0.44531249999999994, "01T35@0": 0.4386422976501306, "02T22@1": 0.5333333333333334, "03T22@1": 0.48499999999999993, "04T22@2": 0.009677419354838712, "05T22@2": 0.006493506493506494, "06T29@3": 0.0, "07T34@3": 0.4370860927152316, "08T22@4": 0.3162790697674418, "09T22@4": 0.28054298642533937, "BUYER": 0.0, "SELLER": 0.0}