{"00T23@0": 0.023017902813299233, "01T22@0": 0.15011547344110848, "02T35@1": 0.4470588235294118, "03T23@1": 0.575, "04T20@2": 0.0, "05T35@2": 0.7638888888888886, "06T36@3": 0.19926199261992622, "07T35@3": 0.7789934354485777, "BUYER": 0.0, "SELLER": 0.0}