{"00T22@0": 0.011764705882352934, "01T22@0": 0.010582010582010571, "02T10@1": 0.19672131147540983, "03T40@1": 0.1958041958041959, "04T22@2": 0.5730337078651683, "05T35@2": 0.7534246575342464, "06T35@3": 0.7507462686567155, "07T35@3": 0.7565485362095536, "BUYER": 0.0, "SELLER": 0.0}