{"00T41@0": 0.3848101265822785, "01T35@0": 0.0, "02T35@1": 0.5913978494623654, "03T35@1": 0.5754189944134077, "04T37@2": 0.36065573770491804, "05T22@2": 0.54911838790932, "06T35@3": 0.5254901960784315, "07T35@3": 0.48221343873517786, "08T22@4": 0.0, "09T22@4": 0.0, "BUYER": 0.0, "SELLER": 0.0}