{"00T37@0": 0.0, "01T29@0": 0.0, "02T29@1": 0.0, "03T22@1": 0.12844036697247715, "04T29@2": 0.0, "05T37@2": 0.0894308943089431, "06T37@3": 0.4093959731543625, "07T35@3": 0.9005847953216374, "08T23@4": 0.6191646191646194, "09T35@4": 0.6975308641975315, "BUYER": 0.0, "SELLER": 0.0}