{"00T10@0": 0.3181818181818182, "01T22@0": 0.3076923076923077, "02T35@1": 0.5, "03T22@1": 0.5416666666666666, "04T20@2": 0.37142857142857144, "05T35@2": 0.2857142857142857, "06T35@3": 0.5609756097560976, "07T35@3": 0.9090909090909091, "BUYER": 0.0, "SELLER": 0.0}