{"00T37@0": 0.138235294117647, "01T37@0": 0.08982035928143713, "02T41@1": 0.494089834515366, "03T37@1": 0.20689655172413793, "04T41@2": 0.04776119402985075, "05T41@2": 0.09348441926345608, "BUYER": 0.0, "SELLER": 0.0}