{"00T15@0": 0.0, "01T22@0": 0.0, "02T35@1": 0.9824561403508771, "03T22@1": 0.4090909090909091, "04T41@2": 0.08333333333333333, "05T35@2": 0.25, "06T35@3": 0.75, "07T35@3": 0.6666666666666666, "BUYER": 0.0, "SELLER": 0.0}