{"00T20@0": 0.04821428571428573, "01T22@0": 0.08022388059701488, "02T22@1": 0.49333333333333335, "03T35@1": 0.700507614213198, "04T36@2": 0.0, "05T35@2": 0.6825192802056552, "BUYER": 0.0, "SELLER": 0.0}