{"00T22@0": 0.13297872340425532, "01T35@0": 0.04081632653061223, "02T24@1": 0.7142857142857143, "03T35@1": 0.5870967741935481, "04T20@2": 1.0, "05T35@2": 0.8220338983050851, "BUYER": 0.0, "SELLER": 0.0}