{"00T37@0": 0.01683501683501682, "01T35@0": 0.5617283950617288, "02T22@1": 0.28746928746928785, "03T35@1": 0.7999999999999999, "04T41@2": 0.2789968652037617, "05T22@2": 0.3441295546558704, "06T23@3": 0.7841483979763908, "07T35@3": 0.7847113884555388, "BUYER": 0.0, "SELLER": 0.0}