{"time_limit": 10800, "spot_discount": 0.9, "spot_market_global_loss": 0.2, "neg_quota_step": 345, "n_processes": 5, "n_products": 6, "n_steps": 69, "financial_reports_period": 5, "exogenous_horizon": 15, "max_productivity": 1.0, "catalog_prices": [10, 16, 26, 39, 50, 64], "cash_availability": [1.5, 2.5], "expected_productivity": 0.927536231884058, "expected_mean_profit": 0.11459938366718028, "initial_balance": [14076, 14076, 21416, 21416, 31419, 31419, 43936, 43936, 55297, 55297]}