{"time_limit": 10800, "spot_discount": 0.9, "spot_market_global_loss": 0.2, "neg_quota_step": 224, "n_processes": 4, "n_products": 5, "n_steps": 56, "financial_reports_period": 5, "exogenous_horizon": 22, "max_productivity": 1.0, "catalog_prices": [10, 21, 28, 38, 49], "cash_availability": [1.5, 2.5], "expected_productivity": 0.9285714285714286, "expected_mean_profit": 0.07837451823355894, "initial_balance": [20597, 20597, 27745, 27745, 37801, 37801, 53188, 53188]}