{"00T15@0": 0.12374581939799334, "01T22@0": 0.14685314685314682, "02T15@1": 0.05128205128205127, "03T22@1": 0.04687499999999996, "04T16@2": 0.0, "05T22@2": 0.06410256410256407, "06T15@3": 0.1223021582733813, "07T16@3": 0.0, "08T16@4": 1.0, "09T35@4": 0.7874564459930313, "BUYER": 0.0, "SELLER": 0.0}