{"00T22@0": 0.26595744680851074, "01T35@0": 0.6448598130841119, "02T36@1": 0.2776349614395891, "03T22@1": 0.33068783068783064, "04T20@2": 0.42857142857142844, "05T22@2": 0.034693877551020415, "BUYER": 0.0, "SELLER": 0.0}