{"00T24@0": 0.03376623376623379, "01T35@0": 0.31391585760517815, "02T38@1": 0.0, "03T22@1": 0.3759124087591241, "04T22@2": 0.029484029484029454, "05T22@2": 0.05134474327628362, "BUYER": 0.0, "SELLER": 0.0}