{"00T24@0": 0.0, "01T22@0": 0.029787234042553207, "02T29@1": 0.0, "03T22@1": 0.5676855895196506, "04T35@2": 0.6712328767123285, "05T35@2": 0.691525423728814, "BUYER": 0.0, "SELLER": 0.0}