{"time_limit": 10800, "spot_discount": 0.9, "spot_market_global_loss": 0.2, "neg_quota_step": 420, "n_processes": 4, "n_products": 5, "n_steps": 70, "financial_reports_period": 5, "exogenous_horizon": 18, "max_productivity": 1.0, "catalog_prices": [10, 16, 23, 34, 44], "cash_availability": [1.5, 2.5], "expected_productivity": 0.6285714285714286, "expected_mean_profit": 0.08936100610642629, "initial_balance": [14012, 14012, 10267, 10267, 10267, 10267, 16599, 16599, 16599, 16599, 42304, 42304]}