{"00T09@0": 0.0, "01T22@0": 0.11867088607594932, "02T22@1": 0.4848484848484849, "03T35@1": 0.7575757575757573, "04T15@2": 0.014519056261342997, "05T35@2": 0.7081151832460724, "BUYER": 0.0, "SELLER": 0.0}