{"00T38@0": 0.0, "01T35@0": 0.14375000000000013, "02T41@1": 0.38235294117647056, "03T22@1": 0.005050505050505049, "04T22@2": 0.0413625304136253, "05T22@2": 0.04708520179372197, "BUYER": 0.0, "SELLER": 0.0}