{"00T10@0": 0.2903225806451613, "01T20@0": 0.038461538461538464, "02T20@1": 0.5454545454545454, "03T20@1": 0.25, "04T10@2": 0.0, "05T10@2": 0.047619047619047616, "BUYER": 0.0, "SELLER": 0.0}