,balance,assets,bankrupt,agent_id,step
0,1240.0,140.0,False,00T10@0,0.0
1,1168.0,0.0,False,00T10@0,5.0
2,1240.0,100.0,False,01T20@0,0.0
3,923.0,450.0,False,01T20@0,5.0
4,2217.0,0.0,False,02T20@1,0.0
5,495.0,486.86776392512365,False,02T20@1,5.0
6,2217.0,0.0,False,03T20@1,0.0
7,2094.0,121.71694098128091,False,03T20@1,5.0
8,2746.0,0.0,False,04T10@2,0.0
9,2417.0,826.146356093172,False,04T10@2,5.0
10,2746.0,0.0,False,05T10@2,0.0
11,2584.0,510.0,False,05T10@2,5.0
12,,,,,
13,,,,,
14,,,,,
15,,,,,
