{"00T29@0": 0.0, "01T22@0": 0.48717948717948717, "02T35@1": 0.5172413793103449, "03T22@1": 0.7307692307692306, "04T36@2": 0.6521739130434784, "05T35@2": 0.4090909090909091, "06T35@3": 0.5526315789473685, "07T35@3": 0.5151515151515151, "BUYER": 0.0, "SELLER": 0.0}