{"00T29@0": 0.0, "01T41@0": 0.18734177215189865, "02T22@1": 0.5199999999999998, "03T23@1": 0.7374301675977658, "04T22@2": 0.2876254180602007, "05T22@2": 0.2827586206896551, "06T23@3": 0.7152173913043484, "07T35@3": 0.7149122807017544, "BUYER": 0.0, "SELLER": 0.0}