{"time_limit": 10800, "spot_discount": 0.9, "spot_market_global_loss": 0.2, "neg_quota_step": 336, "n_processes": 4, "n_products": 5, "n_steps": 84, "financial_reports_period": 5, "exogenous_horizon": 38, "max_productivity": 1.0, "catalog_prices": [10, 18, 26, 38, 42], "cash_availability": [1.5, 2.5], "expected_productivity": 0.9523809523809523, "expected_mean_profit": 0.07115928613169639, "initial_balance": [27159, 27159, 38384, 38384, 58934, 58934, 68892, 68892]}