{"00T34@0": 0.0625, "01T35@0": 0.00826446280991735, "02T29@1": 0.0, "03T23@1": 0.8611111111111112, "04T22@2": 0.4853801169590643, "05T35@2": 0.8116438356164379, "BUYER": 0.0, "SELLER": 0.0}