{"00T37@0": 0.0, "01T12@0": 0.0, "02T29@1": 0.0, "03T35@1": 0.30890052356020936, "04T22@2": 0.036036036036036036, "05T23@2": 0.9095238095238095, "06T20@3": 0.0, "07T22@3": 0.0, "08T23@4": 0.8440979955456568, "09T35@4": 0.9021164021164021, "BUYER": 0.0, "SELLER": 0.0}