{"00T37@0": 0.14718614718614736, "01T35@0": 0.6223628691983117, "02T26@1": 0.1678832116788321, "03T22@1": 0.07823129251700682, "04T22@2": 0.36324786324786323, "05T23@2": 0.6781609195402297, "06T22@3": 0.0, "07T22@3": 0.0, "BUYER": 0.0, "SELLER": 0.0}