{"00T35@0": 0.21875000000000014, "01T35@0": 0.22972972972972985, "02T35@1": 0.7142857142857145, "03T22@1": 0.0119047619047619, "04T12@2": 0.006097560975609756, "05T05@2": 1.0, "BUYER": 0.0, "SELLER": 0.0}