{"00T29@0": 0.0, "01T22@0": 0.13793103448275862, "02T35@1": 0.25, "03T22@1": 0.08333333333333333, "04T09@2": 0.0, "05T35@2": 0.0, "06T35@3": 0.9166666666666666, "07T35@3": 0.9565217391304348, "BUYER": 0.0, "SELLER": 0.0}