{"00T15@0": 0.09698275862068965, "01T22@0": 0.09185803757828807, "02T15@1": 0.2437499999999999, "03T22@1": 0.18750000000000006, "04T15@2": 0.005208333333333332, "05T22@2": 0.0, "06T34@3": 0.41530054644808745, "07T34@3": 0.4222222222222222, "08T34@4": 1.0, "09T35@4": 0.7200736648250461, "BUYER": 0.0, "SELLER": 0.0}