{"00T38@0": 0.02814814814814817, "01T26@0": 0.011126564673157159, "02T38@1": 0.10187353629976569, "03T26@1": 0.04611650485436893, "04T38@2": 0.0, "05T26@2": 0.03571428571428571, "BUYER": 0.0, "SELLER": 0.0}