{"00T16@0": 0.0, "01T22@0": 0.16778523489932876, "02T22@1": 0.40650406504065056, "03T35@1": 0.6804733727810648, "04T24@2": 0.9959839357429718, "05T35@2": 0.5841584158415841, "BUYER": 0.0, "SELLER": 0.0}