{"00T22@0": 0.05263157894736847, "01T22@0": 0.017467248908296935, "02T24@1": 0.8888888888888888, "03T40@1": 0.1732283464566929, "04T22@2": 0.35502958579881655, "05T23@2": 0.8853503184713376, "06T22@3": 0.0, "07T23@3": 0.6233421750663132, "BUYER": 0.0, "SELLER": 0.0}