{"time_limit": 10800, "spot_discount": 0.9, "spot_market_global_loss": 0.2, "neg_quota_step": 208, "n_processes": 4, "n_products": 5, "n_steps": 52, "financial_reports_period": 5, "exogenous_horizon": 23, "max_productivity": 1.0, "catalog_prices": [10, 16, 26, 35, 48], "cash_availability": [1.5, 2.5], "expected_productivity": 0.9230769230769231, "expected_mean_profit": 0.061733507469818115, "initial_balance": [16151, 16151, 25841, 25841, 36512, 36512, 47068, 47068]}