{"00T22@0": 0.03412969283276452, "01T23@0": 0.010830324909747288, "02T24@1": 1.0, "03T23@1": 0.7435897435897436, "04T41@2": 0.0, "05T35@2": 0.8677419354838706, "BUYER": 0.0, "SELLER": 0.0}