{"00T37@0": 0.04967602591792658, "01T35@0": 0.22014925373134328, "02T24@1": 1.0, "03T22@1": 0.21712538226299685, "04T22@2": 0.04899135446685879, "05T22@2": 0.02702702702702703, "BUYER": 0.0, "SELLER": 0.0}