{"00T40@0": 0.0, "01T22@0": 0.0, "02T19@1": 0.0, "03T22@1": 0.5162601626016259, "04T23@2": 0.8231292517006803, "05T35@2": 0.7985948477751756, "BUYER": 0.0, "SELLER": 0.0}