{"00T37@0": 0.0454545454545455, "01T12@0": 0.013435700575815737, "02T41@1": 0.712328767123288, "03T23@1": 0.34816753926701555, "04T40@2": 0.9166666666666666, "05T35@2": 0.4257703081232498, "BUYER": 0.0, "SELLER": 0.0}