{"00T22@0": 0.31724137931034485, "01T23@0": 0.045016077170418015, "02T35@1": 0.5204678362573101, "03T35@1": 0.5476190476190478, "04T36@2": 0.1853448275862069, "05T23@2": 0.7841726618705038, "06T41@3": 0.44673539518900335, "07T35@3": 0.6980198019801989, "BUYER": 0.0, "SELLER": 0.0}