{"00T23@0": 0.0, "01T23@0": 0.0, "02T35@1": 1.0, "03T23@1": 1.0, "04T41@2": 0.34670487106017206, "05T22@2": 0.2225433526011559, "06T35@3": 0.46445497630331756, "07T35@3": 0.4604651162790698, "08T24@4": 1.0, "09T22@4": 0.0, "BUYER": 0.0, "SELLER": 0.0}