{"00T36@0": 0.21481481481481485, "01T23@0": 0.2637614678899083, "02T22@1": 0.2638888888888889, "03T35@1": 0.5786516853932584, "04T20@2": 0.6759002770083101, "05T35@2": 0.6641074856046066, "BUYER": 0.0, "SELLER": 0.0}