{"00T09@0": 0.0, "01T35@0": 0.17318435754189948, "02T09@1": 0.0, "03T15@1": 0.44480519480519487, "04T15@2": 0.14173228346456695, "05T35@2": 0.144, "06T09@3": 0.0, "07T35@3": 0.7250000000000001, "08T15@4": 0.10047846889952153, "09T22@4": 0.10550458715596331, "BUYER": 0.0, "SELLER": 0.0}