{"00T37@0": 0.04597701149425281, "01T22@0": 0.10344827586206895, "02T22@1": 0.16097560975609757, "03T35@1": 0.7037037037037042, "04T34@2": 0.7382198952879581, "05T35@2": 0.645454545454546, "BUYER": 0.0, "SELLER": 0.0}