{"00T35@0": 0.32352941176470584, "01T35@0": 0.3617021276595745, "02T22@1": 0.012170385395537513, "03T23@1": 1.0, "04T26@2": 0.0, "05T40@2": 0.0, "BUYER": 0.0, "SELLER": 0.0}