{"00T40@0": 0.0, "01T40@0": 0.0, "02T34@1": 0.3333333333333333, "03T34@1": 0.3333333333333333, "04T34@2": 1.0, "05T40@2": 0.9255663430420709, "BUYER": 0.0, "SELLER": 0.0}