{"00T41@0": 0.327586206896552, "01T35@0": 0.8418604651162791, "02T41@1": 0.11857707509881425, "03T37@1": 0.14465408805031446, "04T41@2": 0.0939597315436242, "05T35@2": 0.4761904761904762, "06T37@3": 0.10000000000000005, "07T35@3": 0.8085106382978723, "08T37@4": 0.043478260869565216, "09T22@4": 0.0, "BUYER": 0.0, "SELLER": 0.0}