{"00T35@0": 0.4591947769314472, "01T35@0": 0.46579804560260585, "02T35@1": 0.0, "03T22@1": 0.3097395243488113, "04T35@2": 0.08659793814432987, "05T35@2": 0.04751619870410365, "06T06@3": 0.6868421052631579, "07T16@3": 1.0, "BUYER": 0.0, "SELLER": 0.0}