{"00T34@0": 0.12166172106824925, "01T35@0": 0.1561561561561561, "02T26@1": 0.3200000000000001, "03T23@1": 0.2631578947368421, "04T35@2": 0.7755102040816326, "05T35@2": 0.7902439024390242, "06T22@3": 0.0, "07T23@3": 0.6784869976359338, "BUYER": 0.0, "SELLER": 0.0}