{"00T35@0": 0.4104803493449783, "01T35@0": 0.31441048034934505, "02T22@1": 0.17988394584139258, "03T23@1": 0.9583333333333334, "04T24@2": 0.9297297297297298, "05T36@2": 0.0, "BUYER": 0.0, "SELLER": 0.0}