{"time_limit": 10800, "spot_discount": 0.9, "spot_market_global_loss": 0.2, "neg_quota_step": 391, "n_processes": 4, "n_products": 5, "n_steps": 87, "financial_reports_period": 5, "exogenous_horizon": 40, "max_productivity": 1.0, "catalog_prices": [10, 17, 25, 37, 46], "cash_availability": [1.5, 2.5], "expected_productivity": 1.2720306513409962, "expected_mean_profit": 0.09665732787990662, "initial_balance": [25583, 25583, 25583, 56466, 56466, 79035, 79035, 108638, 108638]}