{"00T34@0": 0.0, "01T19@0": 0.0, "02T34@1": 1.0, "03T19@1": 0.0, "04T19@2": 0.0, "05T35@2": 0.7457627118644068, "06T34@3": 0.5, "07T35@3": 0.7493975903614464, "BUYER": 0.0, "SELLER": 0.0}