{"00T40@0": 0.005181347150259061, "01T40@0": 0.002551020408163262, "02T24@1": 0.0, "03T40@1": 0.0, "04T24@2": 0.9067796610169492, "05T24@2": 0.9741379310344828, "BUYER": 0.0, "SELLER": 0.0}