{"00T29@0": 0.0, "01T35@0": 0.6638655462184871, "02T35@1": 0.8108974358974361, "03T35@1": 0.7883435582822086, "04T36@2": 0.0, "05T35@2": 0.6789900811541923, "BUYER": 0.0, "SELLER": 0.0}