{"time_limit": 10800, "spot_discount": 0.9, "spot_market_global_loss": 0.2, "neg_quota_step": 275, "n_processes": 5, "n_products": 6, "n_steps": 55, "financial_reports_period": 5, "exogenous_horizon": 11, "max_productivity": 1.0, "catalog_prices": [10, 22, 32, 45, 63, 79], "cash_availability": [1.5, 2.5], "expected_productivity": 0.9090909090909091, "expected_mean_profit": 0.08420415302507064, "initial_balance": [20823, 20823, 30139, 30139, 41153, 41153, 57482, 57482, 73373, 73373]}