{"00T35@0": 0.1836734693877551, "01T22@0": 0.04482758620689655, "02T35@1": 0.3294117647058824, "03T22@1": 0.0, "04T20@2": 0.0, "05T35@2": 0.7350746268656716, "06T12@3": 0.0, "07T22@3": 0.4970059880239519, "BUYER": 0.0, "SELLER": 0.0}