{"00T08@0": 0.04, "01T22@0": 0.2962962962962963, "02T35@1": 0.0, "03T22@1": 0.0, "04T16@2": 0.0, "05T35@2": 0.3076923076923077, "06T35@3": 0.8888888888888888, "07T35@3": 0.9285714285714286, "BUYER": 0.0, "SELLER": 0.0}