{"00T22@0": 0.0, "01T35@0": 0.1952506596306069, "02T34@1": 0.38338658146964877, "03T16@1": 0.0, "04T35@2": 0.787012987012987, "05T35@2": 0.791348600508906, "BUYER": 0.0, "SELLER": 0.0}