{"00T41@0": 0.002398081534772182, "01T18@0": 0.0, "02T18@1": 0.0, "03T41@1": 0.013422818791946308, "04T41@2": 0.05084745762711862, "05T18@2": 0.9310344827586207, "BUYER": 0.0, "SELLER": 0.0}