{"00T26@0": 0.06086956521739134, "01T23@0": 0.5358255451713392, "02T26@1": 0.006097560975609756, "03T38@1": 0.024271844660194167, "04T26@2": 0.10240963855421682, "05T38@2": 0.03747072599531617, "06T38@3": 0.0, "07T35@3": 0.4745222929936306, "BUYER": 0.0, "SELLER": 0.0}