{"00T36@0": 0.19758064516129023, "01T22@0": 0.14655172413793102, "02T23@1": 0.705128205128205, "03T22@1": 0.35046728971962615, "04T22@2": 0.010152284263959388, "05T22@2": 0.005681818181818182, "06T38@3": 0.024291497975708513, "07T35@3": 0.7804878048780488, "08T22@4": 0.0, "09T23@4": 0.4973821989528801, "BUYER": 0.0, "SELLER": 0.0}