{"00T06@0": 0.0, "01T22@0": 0.25176803394625213, "02T22@1": 0.36199095022624433, "03T35@1": 0.4656084656084656, "04T24@2": 0.993920972644377, "05T35@2": 0.7249999999999993, "BUYER": 0.0, "SELLER": 0.0}