{"00T23@0": 0.2912621359223302, "01T23@0": 0.31411530815109345, "02T22@1": 0.22953736654804271, "03T23@1": 0.8837920489296636, "04T22@2": 0.0, "05T22@2": 0.0, "06T40@3": 0.909952606635071, "07T24@3": 0.8755980861244019, "BUYER": 0.0, "SELLER": 0.0}