{"time_limit": 10800, "spot_discount": 0.9, "spot_market_global_loss": 0.2, "neg_quota_step": 324, "n_processes": 4, "n_products": 5, "n_steps": 81, "financial_reports_period": 5, "exogenous_horizon": 28, "max_productivity": 1.0, "catalog_prices": [10, 18, 27, 37, 54], "cash_availability": [1.5, 2.5], "expected_productivity": 0.9506172839506173, "expected_mean_profit": 0.07352053214206819, "initial_balance": [27965, 27965, 39064, 39064, 60648, 60648, 76028, 76028]}