{"00T09@0": 0.0, "01T09@0": 0.0, "02T09@1": 0.0, "03T22@1": 0.3835616438356164, "04T06@2": 0.0, "05T06@2": 0.0, "06T06@3": 0.0, "07T22@3": 0.7407407407407407, "BUYER": 0.0, "SELLER": 0.0}