{"00T41@0": 0.03264604810996566, "01T22@0": 0.059105431309904186, "02T22@1": 0.1837606837606838, "03T35@1": 0.7637362637362637, "04T40@2": 0.023668639053254406, "05T35@2": 0.7785349233390112, "BUYER": 0.0, "SELLER": 0.0}