{"00T33@0": 0.13207547169811323, "01T33@0": 0.11392405063291139, "02T33@1": 0.044444444444444446, "03T22@1": 0.01886792452830188, "04T08@2": 0.9318181818181818, "05T08@2": 0.922222222222222, "06T08@3": 1.0, "07T22@3": 0.0, "BUYER": 0.0, "SELLER": 0.0}