{"00T05@0": 0.0, "01T12@0": 0.017770597738287555, "02T20@0": 0.0, "03T12@0": 0.019047619047619063, "04T12@1": 0.0, "05T02@1": 0.0, "06T02@1": 0.0, "07T02@1": 0.0, "08T05@2": 1.0, "09T05@2": 1.0, "10T20@2": 1.0, "11T20@2": 1.0, "BUYER": 0.0, "SELLER": 0.0}