{"00T36@0": 0.03970223325062038, "01T22@0": 0.06443298969072168, "02T22@1": 0.46825396825396826, "03T35@1": 0.7978723404255319, "04T10@2": 0.004987531172069819, "05T35@2": 0.6050096339113672, "BUYER": 0.0, "SELLER": 0.0}