{"00T24@0": 0.013812154696132593, "01T24@0": 0.01621621621621623, "02T36@1": 0.9387755102040817, "03T24@1": 1.0, "04T36@2": 0.0389908256880734, "05T36@2": 0.02304147465437787, "BUYER": 0.0, "SELLER": 0.0}