{"00T35@0": 0.43314191960623455, "01T35@0": 0.38825448613376806, "02T35@1": 0.0, "03T22@1": 0.0009090909090909079, "04T35@2": 0.6609195402298853, "05T35@2": 0.6615678776290631, "06T36@3": 0.0, "07T26@3": 0.0, "BUYER": 0.0, "SELLER": 0.0}