{"00T37@0": 0.08124999999999996, "01T19@0": 0.0, "02T37@1": 0.04285714285714285, "03T22@1": 0.054794520547945195, "04T19@2": 0.0, "05T23@2": 0.465648854961832, "06T37@3": 0.1938775510204083, "07T19@3": 1.0, "BUYER": 0.0, "SELLER": 0.0}