{"time_limit": 10800, "spot_discount": 0.9, "spot_market_global_loss": 0.2, "neg_quota_step": 255, "n_processes": 5, "n_products": 6, "n_steps": 51, "financial_reports_period": 5, "exogenous_horizon": 24, "max_productivity": 1.0, "catalog_prices": [10, 17, 27, 36, 48, 57], "cash_availability": [1.5, 2.5], "expected_productivity": 0.9019607843137255, "expected_mean_profit": 0.09547146568115476, "initial_balance": [9004, 9004, 16899, 16899, 21989, 21989, 29780, 29780, 34351, 34351]}