{"00T29@0": 0.0, "01T34@0": 0.0, "02T34@1": 1.0, "03T29@1": 0.0, "04T23@2": 0.6467391304347822, "05T35@2": 0.4999999999999999, "06T29@3": 0.0, "07T22@3": 0.0, "08T34@4": 1.0, "09T22@4": 0.6521739130434783, "BUYER": 0.0, "SELLER": 0.0}