{"00T22@0": 0.27968337730870685, "01T35@0": 0.6942355889724313, "02T10@1": 0.35636363636363644, "03T26@1": 0.39563862928348914, "04T35@2": 0.6280087527352294, "05T35@2": 0.6521739130434784, "BUYER": 0.0, "SELLER": 0.0}