{"time_limit": 10800, "spot_discount": 0.9, "spot_market_global_loss": 0.2, "neg_quota_step": 445, "n_processes": 5, "n_products": 6, "n_steps": 89, "financial_reports_period": 5, "exogenous_horizon": 25, "max_productivity": 1.0, "catalog_prices": [10, 18, 30, 38, 44, 59], "cash_availability": [1.5, 2.5], "expected_productivity": 0.9438202247191011, "expected_mean_profit": 0.0733060671581525, "initial_balance": [28400, 28400, 47712, 47712, 62101, 62101, 73839, 73839, 95044, 95044]}