{"00T41@0": 0.125, "01T36@0": 0.0, "02T24@1": 1.0, "03T36@1": 0.3, "04T24@2": 1.0, "05T37@2": 0.4, "06T24@2": 0.0, "07T37@2": 1.0, "08T41@2": 0.42857142857142855, "09T37@3": 1.0, "10T41@3": 0.5, "11T36@3": 0.38461538461538464, "BUYER": 0.0, "SELLER": 0.0}