{"00T34@0": 0.053191489361702156, "01T23@0": 0.25935828877005346, "02T34@1": 0.4, "03T07@1": 0.0, "04T07@2": 0.02564102564102564, "05T22@2": 0.135593220338983, "06T34@3": 0.921875, "07T22@3": 0.5662650602409639, "08T07@4": 0.29927007299270064, "09T23@4": 0.6942355889724313, "BUYER": 0.0, "SELLER": 0.0}