{"00T41@0": 0.008241758241758238, "01T35@0": 0.7713310580204777, "02T29@1": 0.0, "03T41@1": 0.0, "04T29@2": 0.0, "05T35@2": 0.0, "06T29@3": 0.0, "07T35@3": 1.0, "08T41@4": 0.0, "09T22@4": 0.12595419847328243, "BUYER": 0.0, "SELLER": 0.0}