{"00T15@0": 0.04528985507246376, "01T16@0": 0.0, "02T15@1": 0.17796610169491525, "03T16@1": 0.0, "04T16@2": 0.0, "05T35@2": 0.7559523809523807, "06T15@3": 0.4313099041533548, "07T35@3": 0.8623188405797101, "BUYER": 0.0, "SELLER": 0.0}