{"00T24@0": 0.0, "01T26@0": 0.06100795755968179, "02T35@1": 0.9117647058823529, "03T22@1": 0.29934210526315774, "04T35@2": 0.5817307692307695, "05T22@2": 0.0, "BUYER": 0.0, "SELLER": 0.0}