{"00T41@0": 0.471816283924843, "01T35@0": 0.434173669467787, "02T22@1": 0.39171974522292985, "03T23@1": 0.3383084577114428, "04T35@2": 0.6094117647058829, "05T35@2": 0.5742793791574274, "06T12@3": 0.0, "07T23@3": 0.4595959595959596, "BUYER": 0.0, "SELLER": 0.0}