{"00T13@0": 0.0, "01T40@0": 0.05434782608695651, "02T40@1": 0.125, "03T22@1": 0.12121212121212122, "04T13@2": 0.0, "05T40@2": 0.05555555555555555, "06T13@3": 0.0, "07T22@3": 0.5, "BUYER": 0.0, "SELLER": 0.0}