{"00T24@0": 0.00366300366300366, "01T22@0": 0.1642651296829971, "02T23@1": 0.9116022099447514, "03T22@1": 0.41784037558685433, "04T22@2": 0.04639175257731959, "05T22@2": 0.11167512690355341, "06T06@3": 0.0, "07T35@3": 0.673366834170854, "08T22@4": 0.3286384976525821, "09T23@4": 0.8015873015873017, "BUYER": 0.0, "SELLER": 0.0}