{"00T35@0": 0.27470686767169145, "01T35@0": 0.27124183006535946, "02T22@1": 0.003124999999999996, "03T22@1": 0.003105590062111797, "04T22@2": 0.22727272727272735, "05T22@2": 0.22522522522522523, "06T15@3": 0.41724137931034483, "07T29@3": 0.0, "08T22@4": 0.010389610389610376, "09T22@4": 0.009900990099009889, "BUYER": 0.0, "SELLER": 0.0}