{"00T13@0": 0.0, "01T08@0": 0.020979020979020976, "02T13@1": 0.0, "03T22@1": 0.16666666666666666, "04T13@2": 0.0, "05T08@2": 0.8837209302325582, "06T08@3": 1.0, "07T22@3": 0.09917355371900828, "BUYER": 0.0, "SELLER": 0.0}