{"time_limit": 10800, "spot_discount": 0.9, "spot_market_global_loss": 0.2, "neg_quota_step": 204, "n_processes": 4, "n_products": 5, "n_steps": 51, "financial_reports_period": 5, "exogenous_horizon": 13, "max_productivity": 1.0, "catalog_prices": [10, 14, 23, 35, 50], "cash_availability": [1.5, 2.5], "expected_productivity": 0.9215686274509803, "expected_mean_profit": 0.10274638972243061, "initial_balance": [9906, 9906, 16882, 16882, 24681, 24681, 33843, 33843]}