{"00T35@0": 0.27214170692431583, "01T23@0": 0.5128205128205132, "02T37@1": 0.11203319502074692, "03T41@1": 0.5459882583170255, "04T37@2": 0.16071428571428573, "05T41@2": 0.35294117647058837, "06T37@3": 0.0590717299578059, "07T41@3": 0.5323741007194251, "BUYER": 0.0, "SELLER": 0.0}