{"00T22@0": 0.03383458646616541, "01T22@0": 0.0, "02T29@1": 0.0, "03T36@1": 0.4240506329113924, "04T22@2": 0.060465116279069794, "05T23@2": 0.8248175182481751, "BUYER": 0.0, "SELLER": 0.0}