{"00T40@0": 0.009404388714733538, "01T10@0": 0.04545454545454542, "02T23@1": 0.8867924528301888, "03T22@1": 0.22012578616352202, "04T35@2": 0.7166666666666663, "05T22@2": 0.459546925566343, "06T35@3": 0.6823027718550101, "07T35@3": 0.6467991169977922, "BUYER": 0.0, "SELLER": 0.0}