{"00T35@0": 0.10211946050096331, "01T22@0": 0.04978354978354979, "02T16@1": 0.0, "03T35@1": 0.6060606060606065, "04T09@2": 0.0, "05T35@2": 0.7913322632423752, "BUYER": 0.0, "SELLER": 0.0}