{"00T06@0": 0.0, "01T06@0": 0.0, "02T37@1": 0.7564102564102564, "03T06@1": 0.0, "04T37@2": 0.4375, "05T35@2": 0.8740740740740742, "06T37@3": 0.05013927576601671, "07T35@3": 0.7359154929577463, "BUYER": 0.0, "SELLER": 0.0}