{"00T37@0": 0.09496124031007754, "01T19@0": 0.0, "02T37@1": 0.09638554216867475, "03T37@1": 0.1858974358974359, "04T35@2": 0.5606060606060606, "05T23@2": 0.5853658536585363, "06T19@3": 0.0, "07T22@3": 0.003076923076923073, "08T19@4": 1.0, "09T22@4": 0.16909620991253643, "BUYER": 0.0, "SELLER": 0.0}