{"00T34@0": 0.13872832369942198, "01T29@0": 0.0, "02T29@1": 0.0, "03T22@1": 0.014925373134328354, "04T29@2": 0.0, "05T34@2": 0.5, "06T34@3": 1.0, "07T22@3": 0.28205128205128205, "BUYER": 0.0, "SELLER": 0.0}