{"00T19@0": 0.0, "01T22@0": 0.11695906432748533, "02T35@1": 0.7519379844961241, "03T23@1": 0.822429906542056, "04T41@2": 0.0, "05T22@2": 0.0, "BUYER": 0.0, "SELLER": 0.0}