{"00T12@0": 0.0, "01T35@0": 0.06274509803921566, "02T29@1": 0.0, "03T37@1": 0.15894039735099333, "04T23@2": 0.8571428571428569, "05T23@2": 0.8481012658227847, "06T23@3": 0.6749311294765835, "07T22@3": 0.0, "BUYER": 0.0, "SELLER": 0.0}