{"00T34@0": 0.0601851851851852, "01T34@0": 0.06220095693779907, "02T34@1": 0.0, "03T22@1": 0.0, "04T08@2": 0.8918918918918919, "05T08@2": 0.908256880733945, "06T08@3": 1.0, "07T22@3": 0.062499999999999965, "BUYER": 0.0, "SELLER": 0.0}