{"00T34@0": 0.22857142857142856, "01T22@0": 0.18181818181818182, "02T35@1": 0.29411764705882354, "03T22@1": 0.07142857142857142, "04T06@2": 0.0, "05T35@2": 0.3333333333333333, "06T35@3": 0.9, "07T35@3": 0.9411764705882353, "BUYER": 0.0, "SELLER": 0.0}