{"00T35@0": 0.0, "01T23@0": 0.0, "02T19@1": 0.0, "03T23@1": 0.9404761904761905, "04T23@2": 0.9627329192546584, "05T22@2": 0.2850877192982457, "06T36@3": 0.15625, "07T22@3": 0.03571428571428571, "08T22@4": 0.012787723785166237, "09T22@4": 0.01937046004842613, "BUYER": 0.0, "SELLER": 0.0}