{"00T40@0": 0.0, "01T40@0": 0.0, "02T38@1": 0.029069767441860465, "03T38@1": 0.07936507936507935, "04T40@2": 0.9537815126050421, "05T38@2": 0.012552301255230125, "BUYER": 0.0, "SELLER": 0.0}