{"00T35@0": 0.21628498727735368, "01T35@0": 0.20481927710843367, "02T35@1": 1.0, "03T22@1": 0.1513944223107569, "04T26@2": 0.0, "05T19@2": 1.0, "BUYER": 0.0, "SELLER": 0.0}