{"00T12@0": 0.0, "01T29@0": 0.0, "02T02@1": 0.15053763440860207, "03T05@1": 0.0, "04T22@2": 0.7500000000000001, "05T35@2": 0.9736842105263158, "06T22@3": 0.007067137809187272, "07T35@3": 0.7301927194860817, "BUYER": 0.0, "SELLER": 0.0}