{"time_limit": 10800, "spot_discount": 0.9, "spot_market_global_loss": 0.2, "neg_quota_step": 292, "n_processes": 4, "n_products": 5, "n_steps": 73, "financial_reports_period": 5, "exogenous_horizon": 19, "max_productivity": 1.0, "catalog_prices": [10, 13, 17, 29, 36], "cash_availability": [1.5, 2.5], "expected_productivity": 0.9452054794520548, "expected_mean_profit": 0.060269400316679184, "initial_balance": [17774, 17774, 23350, 23350, 38539, 38539, 54858, 54858]}