{"00T35@0": 0.2834394904458598, "01T23@0": 0.35897435897435886, "02T22@1": 0.0036101083032490937, "03T23@1": 0.9559748427672956, "04T29@2": 0.0, "05T22@2": 0.08206686930091185, "06T36@3": 0.4999999999999998, "07T35@3": 0.856, "08T22@4": 0.0, "09T35@4": 0.6230366492146601, "BUYER": 0.0, "SELLER": 0.0}