{"00T35@0": 0.20747889022919186, "01T35@0": 0.20722891566265061, "02T35@1": 0.0, "03T22@1": 0.6493723849372383, "04T35@2": 0.5173237753882912, "05T35@2": 0.5179425837320577, "06T15@3": 0.0, "07T37@3": 0.04326123128119794, "BUYER": 0.0, "SELLER": 0.0}