{"00T40@0": 0.0, "01T40@0": 0.0, "02T38@1": 0.3333333333333333, "03T22@1": 0.3292682926829269, "04T22@2": 0.011627906976744182, "05T23@2": 0.8310344827586207, "06T38@3": 0.07225433526011561, "07T40@3": 0.0055248618784530384, "08T38@4": 0.01092896174863388, "09T23@4": 0.6592292089249491, "BUYER": 0.0, "SELLER": 0.0}