{"time_limit": 10800, "spot_discount": 0.9, "spot_market_global_loss": 0.2, "neg_quota_step": 440, "n_processes": 5, "n_products": 6, "n_steps": 88, "financial_reports_period": 5, "exogenous_horizon": 28, "max_productivity": 1.0, "catalog_prices": [10, 21, 27, 41, 56, 69], "cash_availability": [1.5, 2.5], "expected_productivity": 0.9431818181818182, "expected_mean_profit": 0.10474301286020199, "initial_balance": [26472, 26472, 31627, 31627, 47998, 47998, 61442, 61442, 86034, 86034]}