{"00T23@0": 0.4140845070422537, "01T22@0": 0.13351498637602177, "02T07@1": 0.0, "03T35@1": 0.7076023391812863, "04T34@2": 0.2857142857142857, "05T07@2": 0.0, "06T34@3": 1.0, "07T07@3": 0.2674418604651163, "08T34@4": 1.0, "09T23@4": 0.7101063829787227, "BUYER": 0.0, "SELLER": 0.0}