{"time_limit": 10800, "spot_discount": 0.9, "spot_market_global_loss": 0.2, "neg_quota_step": 319, "n_processes": 4, "n_products": 5, "n_steps": 71, "financial_reports_period": 5, "exogenous_horizon": 30, "max_productivity": 1.0, "catalog_prices": [10, 14, 21, 32, 48], "cash_availability": [1.5, 2.5], "expected_productivity": 0.838810641627543, "expected_mean_profit": 0.09867723413112978, "initial_balance": [17195, 17195, 15872, 15872, 15872, 32406, 32406, 53900, 53900]}