{"00T22@0": 0.11501597444089448, "01T35@0": 0.6004962779156328, "02T22@1": 0.1024390243902439, "03T35@1": 0.9024390243902439, "04T06@2": 0.0, "05T41@2": 0.2897196261682242, "06T22@3": 0.3827160493827161, "07T22@3": 0.3370786516853934, "08T35@4": 0.7723785166240407, "09T23@4": 0.7823691460055098, "BUYER": 0.0, "SELLER": 0.0}