{"00T19@0": 0.0, "01T37@0": 0.07958477508650516, "02T37@1": 0.11627906976744186, "03T37@1": 0.03333333333333331, "04T19@2": 0.0, "05T22@2": 0.08609271523178809, "06T19@3": 1.0, "07T22@3": 0.04329004329004329, "BUYER": 0.0, "SELLER": 0.0}