{"00T40@0": 0.18529411764705903, "01T22@0": 0.20402298850574715, "02T36@1": 0.3497757847533633, "03T35@1": 0.2868217054263566, "04T23@2": 0.7105263157894737, "05T35@2": 0.6012269938650306, "06T22@3": 0.31767337807606255, "07T23@3": 0.9327731092436975, "08T22@4": 0.0, "09T22@4": 0.0, "BUYER": 0.0, "SELLER": 0.0}