{"00T06@0": 0.0, "01T41@0": 0.3108614232209737, "02T06@1": 0.0, "03T41@1": 0.0802139037433155, "04T06@2": 0.0, "05T41@2": 0.0254237288135593, "BUYER": 0.0, "SELLER": 0.0}