{"00T38@0": 0.039665970772442584, "01T35@0": 0.15086206896551727, "02T20@1": 0.3553719008264464, "03T23@1": 0.1508620689655173, "04T35@2": 0.5591397849462364, "05T35@2": 0.6746987951807233, "06T22@3": 0.0, "07T23@3": 0.5626822157434404, "BUYER": 0.0, "SELLER": 0.0}