{"00T22@0": 0.22749752720079125, "01T22@0": 0.21381267738883653, "02T35@1": 0.39821029082774073, "03T35@1": 0.4080717488789238, "04T34@2": 0.4262295081967212, "05T36@2": 0.4840255591054314, "06T22@3": 0.12227805695142374, "07T35@3": 0.6158059467918618, "BUYER": 0.0, "SELLER": 0.0}