{"00T36@0": 0.12869198312236277, "01T41@0": 0.15242494226327966, "02T23@1": 0.5, "03T22@1": 0.33962264150943394, "04T35@2": 0.6115107913669064, "05T35@2": 0.5972222222222219, "06T23@3": 0.6761363636363642, "07T35@3": 0.6158192090395482, "08T35@4": 0.7299813780260707, "09T22@4": 0.08873720136518772, "BUYER": 0.0, "SELLER": 0.0}