{"00T35@0": 0.1944035346097202, "01T35@0": 0.19040697674418605, "02T35@1": 1.0, "03T22@1": 0.45454545454545453, "04T35@2": 0.773519163763066, "05T35@2": 0.768946395563771, "06T18@3": 0.05292792792792793, "07T07@3": 0.011400651465798039, "BUYER": 0.0, "SELLER": 0.0}