{"00T12@0": 0.0, "01T40@0": 0.01107011070110701, "02T40@1": 0.13513513513513514, "03T12@1": 0.04736842105263158, "04T35@2": 0.6608695652173913, "05T22@2": 0.5, "06T40@3": 0.8313253012048191, "07T12@3": 0.0, "BUYER": 0.0, "SELLER": 0.0}