{"00T35@0": 0.411032028469751, "01T22@0": 0.10275229357798168, "02T36@1": 0.16208791208791198, "03T35@1": 0.7672955974842768, "04T17@2": 0.0, "05T35@2": 0.7168141592920353, "BUYER": 0.0, "SELLER": 0.0}