{"00T40@0": 0.02702702702702703, "01T22@0": 0.0975609756097561, "02T35@1": 0.782608695652174, "03T22@1": 0.07692307692307693, "04T06@2": 0.0, "05T35@2": 0.0, "06T35@3": 0.9705882352941176, "07T35@3": 0.9444444444444444, "BUYER": 0.0, "SELLER": 0.0}