{"00T12@0": 0.026737967914438502, "01T37@0": 0.0, "02T37@1": 0.027027027027027004, "03T12@1": 0.014705882352941175, "04T37@2": 0.34219269102990035, "05T12@2": 0.0, "BUYER": 0.0, "SELLER": 0.0}