{"00T23@0": 0.5394883203559514, "01T35@0": 0.35736677115987453, "02T12@1": 0.0, "03T02@1": 0.47967479674796754, "04T05@2": 0.0, "05T23@2": 0.11729622266401603, "06T29@3": 0.0, "07T23@3": 0.7830882352941174, "08T35@4": 0.7299651567944255, "09T22@4": 0.5311475409836065, "BUYER": 0.0, "SELLER": 0.0}