{"time_limit": 10800, "spot_discount": 0.9, "spot_market_global_loss": 0.2, "neg_quota_step": 670, "n_processes": 5, "n_products": 6, "n_steps": 134, "financial_reports_period": 5, "exogenous_horizon": 49, "max_productivity": 1.0, "catalog_prices": [10, 19, 33, 45, 61, 73], "cash_availability": [1.5, 2.5], "expected_productivity": 0.9626865671641791, "expected_mean_profit": 0.0769324587770938, "initial_balance": [41662, 41662, 68482, 68482, 102463, 102463, 130324, 130324, 177714, 177714]}