{"time_limit": 10800, "spot_discount": 0.9, "spot_market_global_loss": 0.2, "neg_quota_step": 373, "n_processes": 4, "n_products": 5, "n_steps": 83, "financial_reports_period": 5, "exogenous_horizon": 38, "max_productivity": 1.0, "catalog_prices": [10, 18, 27, 34, 48], "cash_availability": [1.5, 2.5], "expected_productivity": 0.8460508701472557, "expected_mean_profit": 0.07393758591442193, "initial_balance": [21863, 21863, 31633, 31633, 44067, 44067, 37531, 37531, 37531]}