{"00T41@0": 0.3177257525083613, "01T41@0": 0.2993197278911563, "02T12@1": 0.4375, "03T22@1": 0.003984063745019917, "04T12@2": 0.03773584905660376, "05T36@2": 0.5206611570247939, "06T41@3": 0.37640449438202234, "07T36@3": 0.11917098445595871, "08T12@4": 0.037037037037037035, "09T36@4": 0.0, "BUYER": 0.0, "SELLER": 0.0}