{"00T16@0": 0.0, "01T35@0": 0.21608040201005024, "02T06@1": 0.03999999999999999, "03T16@1": 0.0, "04T06@2": 0.0, "05T35@2": 0.0, "06T16@3": 0.0, "07T35@3": 0.963855421686747, "08T06@4": 0.5785123966942147, "09T22@4": 0.0, "BUYER": 0.0, "SELLER": 0.0}