{"00T19@0": 0.0, "01T38@0": 0.0, "02T38@1": 0.01219512195121952, "03T19@1": 0.0, "04T35@2": 0.5101580135440179, "05T22@2": 0.5714285714285716, "06T19@3": 1.0, "07T38@3": 0.0, "BUYER": 0.0, "SELLER": 0.0}