{"00T15@0": 0.05226480836236937, "01T24@0": 0.0, "02T24@1": 0.5, "03T15@1": 0.32558139534883723, "04T24@2": 0.9637681159420289, "05T15@2": 0.029605263157894735, "BUYER": 0.0, "SELLER": 0.0}