{"00T20@0": 0.12485136741973833, "01T35@0": 0.38620689655172386, "02T35@1": 0.5850340136054422, "03T35@1": 0.735191637630662, "04T29@2": 1.0, "05T35@2": 0.6766519823788552, "BUYER": 0.0, "SELLER": 0.0}