{"time_limit": 10800, "spot_discount": 0.9, "spot_market_global_loss": 0.2, "neg_quota_step": 372, "n_processes": 4, "n_products": 5, "n_steps": 62, "financial_reports_period": 5, "exogenous_horizon": 18, "max_productivity": 1.0, "catalog_prices": [10, 15, 23, 31, 43], "cash_availability": [1.5, 2.5], "expected_productivity": 0.6236559139784946, "expected_mean_profit": 0.09598871022921655, "initial_balance": [15143, 15143, 23346, 23346, 13907, 13907, 13907, 13907, 13907, 29109, 29109, 29109]}