{"00T23@0": 0.3760932944606412, "01T23@0": 0.3550295857988164, "02T22@1": 0.18726591760299616, "03T35@1": 1.0, "04T23@2": 0.4961038961038961, "05T35@2": 0.48409893992932873, "06T34@3": 0.3555555555555555, "07T37@3": 0.03873239436619722, "BUYER": 0.0, "SELLER": 0.0}