{"00T22@0": 0.15576323987538943, "01T35@0": 0.7357142857142858, "02T40@1": 0.36619718309859156, "03T37@1": 0.1457286432160804, "04T35@2": 0.5794871794871795, "05T35@2": 0.5994764397905757, "BUYER": 0.0, "SELLER": 0.0}