{"time_limit": 10800, "spot_discount": 0.9, "spot_market_global_loss": 0.2, "neg_quota_step": 270, "n_processes": 5, "n_products": 6, "n_steps": 54, "financial_reports_period": 5, "exogenous_horizon": 25, "max_productivity": 1.0, "catalog_prices": [10, 18, 22, 30, 39, 45], "cash_availability": [1.5, 2.5], "expected_productivity": 0.9074074074074074, "expected_mean_profit": 0.08681363727949197, "initial_balance": [15681, 15681, 20778, 20778, 25201, 25201, 37243, 37243, 45026, 45026]}