{"00T22@0": 0.26443768996960476, "01T35@0": 0.0, "02T35@1": 0.5652173913043478, "03T35@1": 0.5515695067264577, "04T35@2": 0.6844262295081968, "05T22@2": 0.677685950413223, "06T22@3": 0.3304157549234137, "07T35@3": 0.10365853658536588, "08T20@4": 0.36347826086956514, "09T24@4": 0.9457364341085271, "BUYER": 0.0, "SELLER": 0.0}