{"00T40@0": 0.05232558139534884, "01T08@0": 0.0, "02T40@1": 0.17391304347826086, "03T22@1": 0.06451612903225806, "04T40@2": 0.7090909090909092, "05T08@2": 0.9759036144578314, "06T08@3": 0.9555555555555556, "07T22@3": 0.0, "BUYER": 0.0, "SELLER": 0.0}