{"00T40@0": 0.011661807580174927, "01T40@0": 0.012195121951219513, "02T12@1": 0.0, "03T12@1": 0.3333333333333333, "04T40@2": 1.0, "05T23@2": 0.9375, "06T12@3": 0.008264462809917352, "07T23@3": 0.8741258741258741, "08T22@4": 0.16115702479338842, "09T35@4": 0.5350734094616639, "BUYER": 0.0, "SELLER": 0.0}