{"00T40@0": 0.6402877697841726, "01T22@0": 0.6693877551020408, "02T35@1": 0.3057851239669422, "03T35@1": 0.15999999999999998, "04T35@2": 0.9158415841584159, "05T35@2": 0.9186046511627907, "06T36@3": 0.0, "07T23@3": 0.5898520084566601, "BUYER": 0.0, "SELLER": 0.0}