{"00T08@0": 0.0, "01T26@0": 0.0, "02T08@1": 0.4444444444444444, "03T08@1": 0.5714285714285714, "04T26@2": 0.5384615384615384, "05T26@2": 0.13043478260869565, "BUYER": 0.0, "SELLER": 0.0}