{"00T41@0": 0.14400000000000004, "01T06@0": 0.12, "02T41@1": 0.04022988505747127, "03T23@1": 0.036585365853658514, "04T06@2": 0.0, "05T23@2": 0.0, "06T23@3": 0.9803921568627451, "07T23@3": 0.978494623655914, "08T06@4": 0.0, "09T41@4": 0.0, "BUYER": 0.0, "SELLER": 0.0}