{"00T36@0": 0.07728337236533958, "01T22@0": 0.0571428571428571, "02T23@1": 0.7068965517241378, "03T22@1": 0.3480392156862745, "04T22@2": 0.14432989690721656, "05T22@2": 0.09693877551020408, "06T24@3": 0.06896551724137931, "07T35@3": 0.5659340659340659, "08T22@4": 0.8358208955223879, "09T23@4": 0.8992805755395681, "BUYER": 0.0, "SELLER": 0.0}