{"00T35@0": 0.11232876712328767, "01T35@0": 0.11614730878186967, "02T32@1": 1.0, "03T35@1": 0.821686746987952, "04T38@2": 0.0, "05T22@2": 0.0, "BUYER": 0.0, "SELLER": 0.0}