{"00T22@0": 0.17235188509874305, "01T35@0": 0.673469387755102, "02T41@1": 0.3263598326359832, "03T35@1": 0.5879396984924629, "04T24@2": 0.9583333333333334, "05T35@2": 0.7154213036565973, "BUYER": 0.0, "SELLER": 0.0}