{"00T23@0": 0.0027173913043478212, "01T22@0": 0.21960784313725487, "02T35@1": 0.5153846153846154, "03T35@1": 0.5116279069767442, "04T34@2": 0.3518518518518519, "05T23@2": 1.0, "06T29@3": 1.0, "07T22@3": 0.0, "BUYER": 0.0, "SELLER": 0.0}