{"00T20@0": 0.0, "01T35@0": 0.2784222737819025, "02T23@1": 0.0, "03T22@1": 0.2898936170212766, "04T23@2": 0.7364532019704434, "05T35@2": 0.6891566265060238, "06T41@3": 0.3554327808471457, "07T22@3": 0.14953271028037382, "08T22@4": 0.011961722488038274, "09T23@4": 0.51010101010101, "BUYER": 0.0, "SELLER": 0.0}