{"time_limit": 10800, "spot_discount": 0.9, "spot_market_global_loss": 0.2, "neg_quota_step": 620, "n_processes": 5, "n_products": 6, "n_steps": 124, "financial_reports_period": 5, "exogenous_horizon": 40, "max_productivity": 1.0, "catalog_prices": [10, 20, 29, 40, 51, 67], "cash_availability": [1.5, 2.5], "expected_productivity": 0.9596774193548387, "expected_mean_profit": 0.08331822955589929, "initial_balance": [38295, 38295, 58793, 58793, 75913, 75913, 97877, 97877, 131891, 131891]}