{"time_limit": 10800, "spot_discount": 0.9, "spot_market_global_loss": 0.2, "neg_quota_step": 364, "n_processes": 4, "n_products": 5, "n_steps": 91, "financial_reports_period": 5, "exogenous_horizon": 44, "max_productivity": 1.0, "catalog_prices": [10, 23, 31, 41, 51], "cash_availability": [1.5, 2.5], "expected_productivity": 0.9560439560439561, "expected_mean_profit": 0.09152313652654642, "initial_balance": [31616, 31616, 44180, 44180, 58572, 58572, 72383, 72383]}