{"00T41@0": 0.17218543046357618, "01T41@0": 0.19686800894854584, "02T24@1": 0.20588235294117652, "03T23@1": 0.40358744394618845, "04T22@2": 0.0974025974025974, "05T35@2": 0.0, "06T24@3": 0.14754098360655737, "07T24@3": 0.09090909090909087, "08T41@4": 0.8894230769230766, "09T23@4": 0.9799426934097422, "BUYER": 0.0, "SELLER": 0.0}