{"00T26@0": 0.10606060606060601, "01T35@0": 0.47162673392181603, "02T35@1": 0.6264775413711583, "03T35@1": 0.6023255813953491, "04T34@2": 0.5061728395061729, "05T35@2": 0.7000937207122773, "BUYER": 0.0, "SELLER": 0.0}