{"00T35@0": 0.3936269915651359, "01T35@0": 0.4023722627737227, "02T35@1": 1.0, "03T22@1": 0.0, "04T35@2": 0.5466417910447765, "05T35@2": 0.4943181818181818, "06T20@3": 0.6358839050131913, "07T36@3": 0.0, "BUYER": 0.0, "SELLER": 0.0}