{"time_limit": 10800, "spot_discount": 0.9, "spot_market_global_loss": 0.2, "neg_quota_step": 280, "n_processes": 4, "n_products": 5, "n_steps": 70, "financial_reports_period": 5, "exogenous_horizon": 17, "max_productivity": 1.0, "catalog_prices": [10, 23, 27, 38, 56], "cash_availability": [1.5, 2.5], "expected_productivity": 0.9428571428571428, "expected_mean_profit": 0.08360586956989478, "initial_balance": [29326, 29326, 35577, 35577, 51319, 51319, 69686, 69686]}