{"00T23@0": 0.28239845261121854, "01T35@0": 0.2128146453089245, "02T29@1": 0.0, "03T22@1": 0.0, "04T12@2": 0.0, "05T35@2": 0.25409836065573765, "06T29@3": 0.0, "07T12@3": 0.11999999999999998, "08T12@4": 0.027777777777777776, "09T29@4": 1.0, "BUYER": 0.0, "SELLER": 0.0}