{"time_limit": 10800, "spot_discount": 0.9, "spot_market_global_loss": 0.2, "neg_quota_step": 470, "n_processes": 5, "n_products": 6, "n_steps": 94, "financial_reports_period": 5, "exogenous_horizon": 45, "max_productivity": 1.0, "catalog_prices": [10, 18, 27, 40, 55, 72], "cash_availability": [1.5, 2.5], "expected_productivity": 0.9468085106382979, "expected_mean_profit": 0.08472345810268915, "initial_balance": [28997, 28997, 43594, 43594, 66500, 66500, 87282, 87282, 119759, 119759]}