{"00T26@0": 0.2345679012345679, "01T41@0": 0.18548387096774194, "02T26@1": 0.19354838709677416, "03T26@1": 0.19889502762430938, "04T41@2": 0.012578616352201259, "05T41@2": 0.0, "BUYER": 0.0, "SELLER": 0.0}