{"00T12@0": 0.0, "01T40@0": 0.0, "02T40@0": 0.0, "03T37@1": 0.9629629629629629, "04T37@1": 0.9838709677419355, "05T12@2": 0.08999999999999998, "06T37@2": 0.0, "07T40@3": 1.0, "08T12@3": 0.020618556701030927, "BUYER": 0.0, "SELLER": 0.0}