{"00T06@0": 0.11764705882352941, "01T22@0": 0.11720226843100183, "02T22@1": 0.36274509803921556, "03T35@1": 0.7927461139896373, "04T08@2": 0.06397306397306397, "05T35@2": 0.7287234042553189, "BUYER": 0.0, "SELLER": 0.0}