{"00T38@0": 0.0, "01T22@0": 0.007518796992481208, "02T38@1": 0.0, "03T22@1": 0.36, "04T36@2": 0.06086956521739134, "05T22@2": 0.09090909090909093, "06T38@3": 0.0, "07T36@3": 0.2817679558011049, "08T36@4": 0.08045977011494254, "09T35@4": 0.8524590163934425, "BUYER": 0.0, "SELLER": 0.0}