{"00T19@0": 0.0, "01T35@0": 0.361666666666667, "02T40@1": 0.2532188841201715, "03T22@1": 0.1483253588516746, "04T22@2": 0.35227272727272735, "05T23@2": 0.673003802281369, "06T22@3": 0.0, "07T22@3": 0.0, "BUYER": 0.0, "SELLER": 0.0}