{"00T34@0": 0.047058823529411764, "01T38@0": 0.0, "02T34@1": 0.0, "03T35@1": 0.8789346246973365, "04T38@2": 0.0, "05T38@2": 0.0028409090909090862, "06T34@3": 1.0, "07T35@3": 0.4207836456558775, "BUYER": 0.0, "SELLER": 0.0}