{"time_limit": 10800, "spot_discount": 0.9, "spot_market_global_loss": 0.2, "neg_quota_step": 208, "n_processes": 4, "n_products": 5, "n_steps": 52, "financial_reports_period": 5, "exogenous_horizon": 11, "max_productivity": 1.0, "catalog_prices": [10, 20, 33, 42, 57], "cash_availability": [1.5, 2.5], "expected_productivity": 0.9230769230769231, "expected_mean_profit": 0.1141917808219178, "initial_balance": [13910, 13910, 22822, 22822, 31211, 31211, 41557, 41557]}