{"00T23@0": 0.007462686567164179, "01T23@0": 0.0078125, "02T35@1": 0.7899159663865546, "03T35@1": 1.0, "04T20@2": 0.46710526315789475, "05T10@2": 0.02788844621513946, "06T22@3": 0.0, "07T23@3": 0.49599999999999994, "BUYER": 0.0, "SELLER": 0.0}