{"00T12@0": 0.0, "01T12@0": 0.0, "02T37@1": 0.49726775956284136, "03T37@1": 0.6503067484662578, "04T23@2": 0.7186761229314423, "05T35@2": 0.5633187772925763, "06T12@3": 0.0, "07T37@3": 0.0, "BUYER": 0.0, "SELLER": 0.0}