{"time_limit": 10800, "spot_discount": 0.9, "spot_market_global_loss": 0.2, "neg_quota_step": 340, "n_processes": 4, "n_products": 5, "n_steps": 85, "financial_reports_period": 5, "exogenous_horizon": 39, "max_productivity": 1.0, "catalog_prices": [10, 19, 26, 31, 38], "cash_availability": [1.5, 2.5], "expected_productivity": 0.9529411764705882, "expected_mean_profit": 0.04048115971183223, "initial_balance": [22500, 22500, 37726, 37726, 45749, 45749, 53099, 53099]}