{"00T23@0": 0.30526315789473674, "01T23@0": 0.06645569620253164, "02T20@1": 0.3442622950819672, "03T35@1": 0.7333333333333332, "04T32@2": 0.8110749185667754, "05T23@2": 0.6800000000000005, "BUYER": 0.0, "SELLER": 0.0}