{"00T19@0": 0.0, "01T23@0": 0.13959390862944165, "02T35@1": 0.7964601769911503, "03T23@1": 0.889273356401384, "04T38@2": 0.0, "05T23@2": 0.7500000000000001, "06T22@3": 0.0, "07T35@3": 0.5571895424836596, "BUYER": 0.0, "SELLER": 0.0}