{"00T32@0": 0.7954545454545454, "01T37@0": 0.04782608695652178, "02T23@1": 0.7916666666666665, "03T22@1": 0.42735042735042733, "04T35@2": 0.5927152317880793, "05T23@2": 0.6222910216718265, "BUYER": 0.0, "SELLER": 0.0}