{"00T15@0": 0.05882352941176472, "01T16@0": 0.0, "02T16@1": 0.0, "03T15@1": 0.24183006535947713, "04T16@2": 1.0, "05T15@2": 0.05211726384364815, "BUYER": 0.0, "SELLER": 0.0}