{"00T35@0": 0.4878836833602583, "01T22@0": 0.24184261036468335, "02T33@1": 0.06976744186046514, "03T35@1": 0.5804878048780492, "04T13@2": 0.0, "05T35@2": 0.682539682539682, "BUYER": 0.0, "SELLER": 0.0}