{"00T35@0": 0.23057644110275688, "01T35@0": 0.22141119221411193, "02T26@1": 0.12499999999999996, "03T35@1": 0.9276315789473685, "04T32@2": 0.8223495702005734, "05T22@2": 0.0, "BUYER": 0.0, "SELLER": 0.0}