{"00T10@0": 0.22123893805309736, "01T10@0": 0.20123839009287933, "02T10@1": 0.26562500000000006, "03T36@1": 0.3220973782771535, "04T36@2": 0.012944983818770212, "05T36@2": 0.009287925696594422, "BUYER": 0.0, "SELLER": 0.0}