{"00T41@0": 0.007604562737642577, "01T41@0": 0.011472275334608038, "02T40@1": 0.05555555555555561, "03T40@1": 0.07843137254901959, "04T41@2": 0.002680965147453079, "05T40@2": 0.7901234567901232, "BUYER": 0.0, "SELLER": 0.0}