{"00T34@0": 0.0625, "01T22@0": 0.07282913165266111, "02T22@1": 0.28260869565217406, "03T35@1": 0.8068181818181818, "04T40@2": 0.0, "05T35@2": 0.5748898678414097, "BUYER": 0.0, "SELLER": 0.0}