{"00T35@0": 0.21684210526315795, "01T22@0": 0.04166666666666671, "02T38@1": 0.0, "03T23@1": 0.5631067961165049, "04T24@2": 0.9262672811059908, "05T22@2": 0.0, "BUYER": 0.0, "SELLER": 0.0}