{"00T20@0": 0.0, "01T22@0": 0.23415977961432508, "02T41@1": 0.6666666666666667, "03T23@1": 0.7299270072992701, "04T22@2": 0.18412698412698403, "05T35@2": 0.5523809523809524, "06T35@3": 0.7206703910614524, "07T22@3": 0.34169278996865227, "08T23@4": 0.6420454545454541, "09T23@4": 0.6042296072507557, "BUYER": 0.0, "SELLER": 0.0}