{"00T16@0": 0.0, "01T35@0": 0.7664974619289343, "02T35@1": 0.7204968944099386, "03T35@1": 0.7184466019417473, "04T34@2": 0.565217391304348, "05T35@2": 0.6058230683090708, "BUYER": 0.0, "SELLER": 0.0}