{"00T22@0": 0.2291666666666667, "01T23@0": 0.2077922077922079, "02T36@1": 0.28645833333333337, "03T23@1": 0.5714285714285715, "04T24@2": 0.9701492537313433, "05T35@2": 0.5909090909090908, "BUYER": 0.0, "SELLER": 0.0}