{"00T36@0": 0.06703910614525142, "01T22@0": 0.06169665809768641, "02T22@1": 0.3999999999999999, "03T35@1": 0.8349514563106796, "04T15@2": 0.0, "05T35@2": 0.6288461538461527, "BUYER": 0.0, "SELLER": 0.0}