{"00T36@0": 0.11490683229813667, "01T41@0": 0.2864077669902912, "02T35@1": 0.5120481927710843, "03T35@1": 0.5687500000000001, "04T41@2": 0.5194805194805195, "05T36@2": 0.1986754966887417, "06T36@3": 0.29381443298969073, "07T41@3": 0.28235294117647053, "08T22@4": 0.0, "09T22@4": 0.02735562310030395, "BUYER": 0.0, "SELLER": 0.0}