{"00T40@0": 0.06172839506172849, "01T37@0": 0.019762845849802365, "02T40@1": 0.19811320754716985, "03T23@1": 0.7623762376237624, "04T37@2": 0.0, "05T37@2": 0.0, "06T40@3": 0.3067484662576688, "07T35@3": 0.9487179487179487, "08T22@4": 0.0, "09T22@4": 0.0, "BUYER": 0.0, "SELLER": 0.0}