{"00T24@0": 0.0, "01T22@0": 0.15711252653927826, "02T22@1": 0.15736040609137053, "03T35@1": 0.7447916666666669, "04T34@2": 0.648401826484018, "05T35@2": 0.6372360844529746, "BUYER": 0.0, "SELLER": 0.0}