{"00T40@0": 0.0, "01T40@0": 0.0, "02T40@1": 0.3105590062111801, "03T24@1": 1.0, "04T24@2": 0.15789473684210525, "05T35@2": 0.5714285714285714, "06T24@3": 1.0, "07T23@3": 0.8413173652694611, "BUYER": 0.0, "SELLER": 0.0}