{"00T35@0": 0.15996343692870196, "01T35@0": 0.160403299725023, "02T35@1": 0.0, "03T22@1": 0.48579545454545453, "04T35@2": 0.0, "05T35@2": 0.0111731843575419, "06T24@3": 1.0, "07T09@3": 0.0, "BUYER": 0.0, "SELLER": 0.0}