{"00T26@0": 0.0535279805352798, "01T23@0": 0.7022653721682849, "02T22@1": 0.10267857142857142, "03T22@1": 0.0931174089068826, "04T36@2": 0.14553990610328638, "05T35@2": 0.30769230769230754, "06T35@3": 0.8299999999999998, "07T22@3": 0.4708171206225681, "08T35@4": 0.7349397590361447, "09T35@4": 0.7469879518072297, "BUYER": 0.0, "SELLER": 0.0}