{"00T20@0": 0.1388367729831143, "01T22@0": 0.0, "02T29@1": 0.0, "03T22@1": 0.6077170418006432, "04T22@2": 0.04656862745098037, "05T23@2": 0.7644927536231886, "BUYER": 0.0, "SELLER": 0.0}