{"00T09@0": 0.0, "01T22@0": 0.07682119205298019, "02T22@1": 0.27272727272727276, "03T35@1": 0.774390243902439, "04T40@2": 0.002183406113537115, "05T35@2": 0.8440721649484536, "BUYER": 0.0, "SELLER": 0.0}