{"00T34@0": 0.14999999999999997, "01T22@0": 0.3058823529411764, "02T35@1": 0.6079295154185025, "03T35@1": 0.6223175965665235, "04T10@2": 0.23790322580645157, "05T35@2": 0.8677685950413223, "06T22@3": 0.0, "07T22@3": 0.0, "BUYER": 0.0, "SELLER": 0.0}