{"00T40@0": 0.11922141119221416, "01T22@0": 0.12264150943396217, "02T35@1": 0.5984848484848483, "03T35@1": 0.6785714285714286, "04T41@2": 0.36428571428571427, "05T35@2": 0.9608938547486033, "06T22@3": 0.0, "07T22@3": 0.0, "BUYER": 0.0, "SELLER": 0.0}