{"00T00@0": 0.0, "01T35@0": 0.731922398589066, "02T35@1": 0.7070707070707068, "03T35@1": 0.7410714285714283, "04T15@2": 0.0, "05T35@2": 0.6251415628539077, "BUYER": 0.0, "SELLER": 0.0}