{"00T17@0": 0.038461538461538484, "01T17@0": 0.01030927835051546, "02T07@1": 0.07142857142857142, "03T22@1": 0.09375, "04T17@2": 0.030612244897959155, "05T07@2": 0.0, "06T07@3": 0.0, "07T22@3": 0.19411764705882353, "BUYER": 0.0, "SELLER": 0.0}