{"00T24@0": 0.0, "01T35@0": 0.2215909090909091, "02T37@1": 0.09482758620689656, "03T37@1": 0.052631578947368376, "04T24@2": 0.0, "05T35@2": 0.0381679389312977, "06T37@3": 0.8260869565217391, "07T35@3": 0.9913793103448276, "08T24@4": 0.8834355828220859, "09T22@4": 0.0, "BUYER": 0.0, "SELLER": 0.0}