{"00T35@0": 0.20261437908496732, "01T35@0": 0.21286031042128603, "02T41@1": 0.28045325779036834, "03T35@1": 0.8862275449101796, "04T20@2": 0.631578947368421, "05T22@2": 0.0, "BUYER": 0.0, "SELLER": 0.0}