{"time_limit": 10800, "spot_discount": 0.9, "spot_market_global_loss": 0.2, "neg_quota_step": 312, "n_processes": 3, "n_products": 4, "n_steps": 52, "financial_reports_period": 5, "exogenous_horizon": 14, "max_productivity": 1.0, "catalog_prices": [10, 15, 19, 29], "cash_availability": [1.5, 2.5], "expected_productivity": 1.1778846153846154, "expected_mean_profit": 0.10555588194974835, "initial_balance": [10552, 10552, 10552, 10552, 10552, 15526, 15526, 15526, 15526, 29796, 29796, 29796]}