{"time_limit": 10800, "spot_discount": 0.9, "spot_market_global_loss": 0.2, "neg_quota_step": 380, "n_processes": 4, "n_products": 5, "n_steps": 95, "financial_reports_period": 5, "exogenous_horizon": 40, "max_productivity": 1.0, "catalog_prices": [10, 18, 29, 36, 43], "cash_availability": [1.5, 2.5], "expected_productivity": 0.9578947368421052, "expected_mean_profit": 0.08026478043433583, "initial_balance": [22183, 22183, 40167, 40167, 52129, 52129, 60685, 60685]}