{"00T36@0": 0.23464912280701755, "01T35@0": 0.54093567251462, "02T37@1": 0.033112582781456956, "03T36@1": 0.14761904761904762, "04T36@2": 0.09774436090225563, "05T35@2": 0.64, "06T37@3": 0.019607843137254898, "07T35@3": 0.9069767441860465, "08T37@4": 0.0, "09T22@4": 0.0, "BUYER": 0.0, "SELLER": 0.0}