{"00T34@0": 0.09665427509293685, "01T22@0": 0.18181818181818174, "02T22@1": 0.38423645320197036, "03T35@1": 0.6714975845410632, "04T24@2": 1.0, "05T35@2": 0.5884861407249472, "BUYER": 0.0, "SELLER": 0.0}