{"00T35@0": 0.2888513513513514, "01T35@0": 0.29032258064516125, "02T35@1": 0.9887005649717514, "03T22@1": 0.5006226650062265, "04T35@2": 0.419753086419753, "05T35@2": 0.3131749460043198, "06T20@3": 0.6850393700787402, "07T34@3": 0.4409090909090909, "BUYER": 0.0, "SELLER": 0.0}