{"00T35@0": 0.0, "01T22@0": 0.07511737089201878, "02T23@1": 0.6293706293706293, "03T23@1": 0.5642857142857142, "04T37@2": 0.0, "05T23@2": 1.0, "06T29@3": 0.0, "07T35@3": 0.3412698412698411, "08T20@4": 1.0, "09T12@4": 0.011764705882352941, "BUYER": 0.0, "SELLER": 0.0}