,balance,assets,bankrupt,agent_id,step
0,1997.0,100.0,False,00T06@0,0.0
1,1922.0,246.25409836065572,False,00T06@0,5.0
2,1987.0,120.0,False,01T06@0,0.0
3,2067.0,113.65573770491804,False,01T06@0,5.0
4,3041.0,0.0,False,02T37@1,0.0
5,2800.0,308.0,False,02T37@1,5.0
6,3041.0,0.0,False,03T37@1,0.0
7,2931.0,280.0,False,03T37@1,5.0
8,4298.0,0.0,False,04T06@2,0.0
9,4298.0,0.0,False,04T06@2,5.0
10,4298.0,0.0,False,05T37@2,0.0
11,4003.0,0.0,False,05T37@2,5.0
12,,,,,
13,,,,,
14,,,,,
15,,,,,
