{"00T24@0": 0.0, "01T35@0": 0.5655577299412914, "02T41@1": 0.24731182795698925, "03T22@1": 0.7468354430379746, "04T22@2": 0.05445544554455451, "05T22@2": 0.04218362282878412, "BUYER": 0.0, "SELLER": 0.0}