{"00T34@0": 0.11578947368421058, "01T34@0": 0.11029411764705882, "02T34@1": 1.0, "03T23@1": 0.20370370370370366, "04T06@2": 0.0, "05T23@2": 0.0, "06T23@3": 0.2857142857142857, "07T23@3": 0.14285714285714285, "08T06@4": 0.0, "09T06@4": 0.0, "BUYER": 0.0, "SELLER": 0.0}