{"00T34@0": 0.16190476190476194, "01T34@0": 0.16000000000000003, "02T41@1": 0.012658227848101262, "03T41@1": 0.013157894736842103, "04T34@2": 1.0, "05T41@2": 0.01255230125523012, "BUYER": 0.0, "SELLER": 0.0}