{"00T26@0": 0.034246575342465745, "01T35@0": 0.6210526315789476, "02T20@1": 0.5416666666666671, "03T22@1": 0.1981707317073169, "04T22@2": 0.0, "05T22@2": 0.011142061281337028, "BUYER": 0.0, "SELLER": 0.0}