{"00T06@0": 0.14285714285714285, "01T22@0": 0.1742424242424243, "02T22@1": 0.4141414141414141, "03T35@1": 0.8863636363636362, "04T15@2": 0.0, "05T35@2": 0.6412371134020614, "BUYER": 0.0, "SELLER": 0.0}