{"00T35@0": 0.6788511749347257, "01T22@0": 0.01052631578947368, "02T08@1": 0.3032258064516129, "03T35@1": 0.708333333333333, "04T37@2": 0.007594936708860751, "05T35@2": 0.7241910631741144, "BUYER": 0.0, "SELLER": 0.0}