{"00T35@0": 0.17425742574257422, "01T22@0": 0.0174757281553398, "02T37@1": 0.06439393939393942, "03T35@1": 0.8823529411764706, "04T41@2": 0.0, "05T35@2": 0.7767527675276752, "BUYER": 0.0, "SELLER": 0.0}