{"00T40@0": 0.06142857142857144, "01T22@0": 0.05331412103746401, "02T22@1": 0.28571428571428553, "03T35@1": 0.6034482758620692, "04T06@2": 0.0, "05T35@2": 0.7406296851574209, "BUYER": 0.0, "SELLER": 0.0}