{"00T35@0": 0.6158940397350995, "01T22@0": 0.03103448275862069, "02T03@1": 0.0, "03T35@1": 0.7299999999999998, "04T26@2": 0.6998050682261214, "05T35@2": 0.6976744186046512, "BUYER": 0.0, "SELLER": 0.0}