{"00T35@0": 0.10106382978723412, "01T22@0": 0.03125000000000002, "02T16@1": 0.0, "03T35@1": 0.6834170854271355, "04T06@2": 0.0, "05T35@2": 0.7886363636363634, "BUYER": 0.0, "SELLER": 0.0}