{"00T19@0": 0.0, "01T19@0": 0.0, "02T36@1": 1.0, "03T36@1": 1.0, "04T36@2": 0.07547169811320756, "05T22@2": 0.02830188679245284, "06T19@3": 1.0, "07T22@3": 0.0, "BUYER": 0.0, "SELLER": 0.0}