{"time_limit": 10800, "spot_discount": 0.9, "spot_market_global_loss": 0.2, "neg_quota_step": 312, "n_processes": 4, "n_products": 5, "n_steps": 78, "financial_reports_period": 5, "exogenous_horizon": 37, "max_productivity": 1.0, "catalog_prices": [10, 21, 34, 46, 60], "cash_availability": [1.5, 2.5], "expected_productivity": 0.9487179487179487, "expected_mean_profit": 0.0932168452437963, "initial_balance": [29386, 29386, 48487, 48487, 72914, 72914, 89352, 89352]}