{"00T35@0": 0.19273743016759776, "01T35@0": 0.19382022471910104, "02T22@1": 0.5572519083969466, "03T23@1": 0.7575757575757572, "04T24@2": 0.1521739130434783, "05T37@2": 0.09407665505226487, "06T23@3": 0.8055555555555552, "07T22@3": 0.2048780487804878, "BUYER": 0.0, "SELLER": 0.0}