{"time_limit": 10800, "spot_discount": 0.9, "spot_market_global_loss": 0.2, "neg_quota_step": 240, "n_processes": 4, "n_products": 5, "n_steps": 60, "financial_reports_period": 5, "exogenous_horizon": 29, "max_productivity": 1.0, "catalog_prices": [10, 21, 30, 43, 53], "cash_availability": [1.5, 2.5], "expected_productivity": 0.9333333333333333, "expected_mean_profit": 0.10855014803064107, "initial_balance": [16142, 16142, 25257, 25257, 34087, 34087, 42395, 42395]}