{"00T35@0": 0.22295805739514357, "01T35@0": 0.21353065539112043, "02T41@1": 0.0, "03T35@1": 0.8660714285714283, "04T38@2": 0.2302158273381295, "05T22@2": 0.0, "BUYER": 0.0, "SELLER": 0.0}