{"00T06@0": 0.16666666666666666, "01T22@0": 0.1854974704890389, "02T22@1": 0.16243654822335032, "03T35@1": 0.7806691449814127, "04T18@2": 0.5187319884726227, "05T35@2": 0.6902927580893677, "BUYER": 0.0, "SELLER": 0.0}