{"00T36@0": 0.05298013245033114, "01T35@0": 0.6569343065693423, "02T34@1": 0.4954954954954956, "03T22@1": 0.25146198830409355, "04T22@2": 0.02425876010781671, "05T22@2": 0.03763440860215055, "BUYER": 0.0, "SELLER": 0.0}