{"00T35@0": 0.15882352941176472, "01T23@0": 0.4625, "02T24@1": 1.0, "03T38@1": 0.0, "04T24@2": 0.5307692307692305, "05T38@2": 0.022653721682847898, "06T38@3": 0.0, "07T24@3": 0.9053254437869822, "BUYER": 0.0, "SELLER": 0.0}