{"00T36@0": 0.1111111111111111, "01T22@0": 0.15804597701149414, "02T36@1": 0.17575757575757578, "03T22@1": 0.21739130434782644, "04T15@2": 0.16091954022988508, "05T22@2": 0.23222748815165872, "06T15@3": 0.26415094339622647, "07T15@3": 0.25980392156862747, "08T36@4": 0.011204481792717066, "09T35@4": 0.6160337552742619, "BUYER": 0.0, "SELLER": 0.0}