{"time_limit": 10800, "spot_discount": 0.9, "spot_market_global_loss": 0.2, "neg_quota_step": 305, "n_processes": 5, "n_products": 6, "n_steps": 61, "financial_reports_period": 5, "exogenous_horizon": 26, "max_productivity": 1.0, "catalog_prices": [10, 16, 31, 41, 50, 64], "cash_availability": [1.5, 2.5], "expected_productivity": 0.9180327868852459, "expected_mean_profit": 0.09704301556338994, "initial_balance": [12601, 12601, 24135, 24135, 34797, 34797, 42503, 42503, 53601, 53601]}