{"00T24@0": 0.009153318077803193, "01T41@0": 0.34915773353751905, "02T24@1": 0.0, "03T23@1": 0.025380710659898477, "04T24@2": 0.8181818181818182, "05T23@2": 0.98, "06T41@3": 0.49221183800623053, "07T41@3": 0.5350318471337582, "BUYER": 0.0, "SELLER": 0.0}