{"00T34@0": 0.12790697674418594, "01T23@0": 0.2449725776965265, "02T34@1": 0.42105263157894735, "03T36@1": 0.15087719298245617, "04T36@2": 0.07906976744186049, "05T23@2": 0.6696035242290749, "06T36@3": 0.36548223350253795, "07T34@3": 0.5287356321839081, "08T22@4": 0.016470588235294122, "09T22@4": 0.011547344110854499, "BUYER": 0.0, "SELLER": 0.0}