{"00T09@0": 0.0, "01T22@0": 0.09361069836552748, "02T22@1": 0.3688212927756654, "03T35@1": 0.7536945812807884, "04T08@2": 0.0, "05T35@2": 0.6971608832807569, "BUYER": 0.0, "SELLER": 0.0}