{"00T36@0": 0.15748031496063, "01T35@0": 0.16504854368932045, "02T35@1": 0.6407185628742514, "03T23@1": 0.5942857142857144, "04T24@2": 0.9900497512437811, "05T35@2": 0.6525911708253357, "BUYER": 0.0, "SELLER": 0.0}