{"00T40@0": 0.03067484662576686, "01T35@0": 0.25, "02T40@1": 0.26404494382022486, "03T37@1": 0.14782608695652175, "04T37@2": 0.07547169811320753, "05T35@2": 0.5035971223021583, "06T40@3": 0.5551724137931033, "07T35@3": 0.8166666666666667, "08T37@4": 0.010714285714285711, "09T22@4": 0.0, "BUYER": 0.0, "SELLER": 0.0}