{"00T22@0": 0.2734806629834256, "01T35@0": 0.6995515695067257, "02T07@1": 0.1050228310502283, "03T10@1": 0.38786279683377306, "04T35@2": 0.6579520697167756, "05T35@2": 0.6403712296983756, "BUYER": 0.0, "SELLER": 0.0}