{"00T35@0": 0.5060483870967742, "01T22@0": 0.14398734177215178, "02T04@1": 0.10185185185185196, "03T35@1": 0.7290836653386452, "04T26@2": 0.19655172413793107, "05T35@2": 0.8111111111111118, "BUYER": 0.0, "SELLER": 0.0}