{"00T37@0": 0.030456852791878174, "01T22@0": 0.13650306748466257, "02T22@1": 0.5918803418803419, "03T35@1": 0.6159420289855072, "04T26@2": 0.0, "05T35@2": 0.6574185765983113, "BUYER": 0.0, "SELLER": 0.0}