{"00T23@0": 0.40476190476190477, "01T35@0": 0.2927536231884058, "02T37@1": 0.01522842639593908, "03T22@1": 0.2656716417910449, "04T23@2": 0.0273972602739726, "05T23@2": 0.032520325203252036, "06T24@3": 0.8, "07T35@3": 0.9259259259259259, "08T22@4": 0.7619047619047619, "09T23@4": 0.7637540453074434, "BUYER": 0.0, "SELLER": 0.0}