{"00T06@0": 0.0, "01T35@0": 0.3264887063655031, "02T34@1": 0.6392694063926938, "03T22@1": 0.056910569105691096, "04T22@2": 0.2169014084507042, "05T22@2": 0.2423398328690808, "BUYER": 0.0, "SELLER": 0.0}