{"00T35@0": 0.27947598253275135, "01T23@0": 0.3555555555555556, "02T22@1": 0.25167785234899337, "03T23@1": 0.8633093525179855, "04T36@2": 0.12962962962962976, "05T22@2": 0.1592920353982301, "06T41@3": 0.2553191489361702, "07T23@3": 0.6624203821656048, "08T40@4": 0.941747572815534, "09T12@4": 0.10135135135135136, "BUYER": 0.0, "SELLER": 0.0}