{"time_limit": 10800, "spot_discount": 0.9, "spot_market_global_loss": 0.2, "neg_quota_step": 270, "n_processes": 5, "n_products": 6, "n_steps": 54, "financial_reports_period": 5, "exogenous_horizon": 22, "max_productivity": 1.0, "catalog_prices": [10, 16, 32, 43, 57, 69], "cash_availability": [1.5, 2.5], "expected_productivity": 0.9074074074074074, "expected_mean_profit": 0.11093207567480287, "initial_balance": [10539, 10539, 19618, 19618, 28211, 28211, 38548, 38548, 51720, 51720]}