{"00T12@0": 0.0, "01T20@0": 0.0, "02T02@0": 0.026200873362445413, "03T12@0": 0.017937219730941697, "04T12@1": 0.0, "05T02@1": 0.0, "06T20@1": 0.0, "07T20@2": 1.0, "08T02@2": 0.7156398104265401, "BUYER": 0.0, "SELLER": 0.0}