{"00T36@0": 0.05862646566164154, "01T22@0": 0.0557377049180328, "02T22@1": 0.22222222222222227, "03T35@1": 0.7182320441988947, "04T40@2": 0.07932011331444759, "05T35@2": 0.7603423680456497, "BUYER": 0.0, "SELLER": 0.0}