{"00T40@0": 0.014814814814814798, "01T36@0": 0.02499999999999998, "02T40@1": 0.23376623376623376, "03T36@1": 0.34065934065934095, "04T36@2": 0.020599250936329607, "05T40@2": 0.4807017543859648, "BUYER": 0.0, "SELLER": 0.0}