{"time_limit": 10800, "spot_discount": 0.9, "spot_market_global_loss": 0.2, "neg_quota_step": 620, "n_processes": 4, "n_products": 5, "n_steps": 155, "financial_reports_period": 5, "exogenous_horizon": 72, "max_productivity": 1.0, "catalog_prices": [10, 18, 24, 35, 47], "cash_availability": [1.5, 2.5], "expected_productivity": 0.9741935483870968, "expected_mean_profit": 0.10751866559581177, "initial_balance": [38476, 38476, 53609, 53609, 73745, 73745, 103114, 103114]}