{"00T04@0": 0.0976692563817981, "01T35@0": 0.5515151515151511, "02T35@1": 0.6651884700665193, "03T35@1": 0.7060041407867494, "04T26@2": 0.012865497076023392, "05T35@2": 0.6517543859649124, "BUYER": 0.0, "SELLER": 0.0}