{"00T12@0": 0.0, "01T12@0": 0.0, "02T36@1": 0.45121951219512196, "03T12@1": 0.0, "04T36@2": 0.6103896103896106, "05T36@2": 0.3745318352059923, "BUYER": 0.0, "SELLER": 0.0}