{"00T00@0": 0.0, "01T35@0": 0.1993087557603687, "02T35@1": 0.7787610619469029, "03T35@1": 0.7933130699088144, "04T26@2": 0.22792362768496427, "05T35@2": 0.7154772937905463, "BUYER": 0.0, "SELLER": 0.0}