{"00T23@0": 0.011627906976744182, "01T22@0": 0.25993377483443747, "02T23@1": 0.5587044534412953, "03T23@1": 0.5756302521008406, "04T37@2": 0.0, "05T23@2": 0.6960352422907488, "06T41@3": 0.5169902912621358, "07T35@3": 0.7209302325581392, "08T23@4": 0.607558139534883, "09T35@4": 0.6813353566009104, "BUYER": 0.0, "SELLER": 0.0}