{"00T37@0": 0.11344537815126056, "01T20@0": 0.0, "02T22@1": 0.429906542056075, "03T23@1": 0.3013698630136986, "04T23@2": 0.7005988023952094, "05T35@2": 0.7605633802816901, "06T22@3": 0.0, "07T23@3": 0.6046511627906977, "BUYER": 0.0, "SELLER": 0.0}