{"00T35@0": 0.2661870503597125, "01T35@0": 0.25522041763341097, "02T35@1": 1.0, "03T22@1": 0.45622119815668194, "04T35@2": 0.5830115830115831, "05T35@2": 0.6080586080586083, "06T08@3": 0.0, "07T18@3": 0.10746268656716418, "BUYER": 0.0, "SELLER": 0.0}