{"00T22@0": 0.1691394658753709, "01T23@0": 0.23142857142857132, "02T37@1": 0.006802721088435374, "03T23@1": 0.6503496503496502, "04T16@2": 1.0, "05T35@2": 0.7025641025641032, "BUYER": 0.0, "SELLER": 0.0}