{"time_limit": 10800, "spot_discount": 0.9, "spot_market_global_loss": 0.2, "neg_quota_step": 535, "n_processes": 5, "n_products": 6, "n_steps": 107, "financial_reports_period": 5, "exogenous_horizon": 26, "max_productivity": 1.0, "catalog_prices": [10, 18, 27, 34, 43, 58], "cash_availability": [1.5, 2.5], "expected_productivity": 0.9532710280373832, "expected_mean_profit": 0.0705989294010706, "initial_balance": [34373, 34373, 46832, 46832, 62300, 62300, 83460, 83460, 109669, 109669]}