{"time_limit": 10800, "spot_discount": 0.9, "spot_market_global_loss": 0.2, "neg_quota_step": 285, "n_processes": 5, "n_products": 6, "n_steps": 57, "financial_reports_period": 5, "exogenous_horizon": 28, "max_productivity": 1.0, "catalog_prices": [10, 15, 21, 35, 49, 53], "cash_availability": [1.5, 2.5], "expected_productivity": 0.9122807017543859, "expected_mean_profit": 0.060468455642761154, "initial_balance": [13752, 13752, 21633, 21633, 29038, 29038, 42472, 42472, 56066, 56066]}