{"00T41@0": 0.0, "01T40@0": 0.0, "02T40@1": 0.14285714285714285, "03T40@1": 0.14285714285714285, "04T41@2": 0.0, "05T41@2": 1.0, "BUYER": 0.0, "SELLER": 0.0}