,balance,assets,bankrupt,agent_id,step
0,1109.0,190.0,False,00T41@0,0.0
1,888.0,536.1970793542032,False,00T41@0,5.0
2,1149.0,136.0,False,01T40@0,0.0
3,1140.0,236.5575350092073,False,01T40@0,5.0
4,2045.0,0.0,False,02T40@1,0.0
5,1664.0,317.0,False,02T40@1,5.0
6,2045.0,0.0,False,03T40@1,0.0
7,1921.0,48.769230769230774,False,03T40@1,5.0
8,3036.0,0.0,False,04T41@2,0.0
9,3068.0,468.0,False,04T41@2,5.0
10,3036.0,0.0,False,05T41@2,0.0
11,2892.0,0.0,False,05T41@2,5.0
12,,,,,
13,,,,,
14,,,,,
15,,,,,
