{"00T15@0": 0.07008086253369272, "01T35@0": 0.23114355231143552, "02T16@1": 0.0, "03T22@1": 0.35694050991501425, "04T22@2": 0.03594771241830068, "05T22@2": 0.037267080745341595, "BUYER": 0.0, "SELLER": 0.0}