{"00T41@0": 0.043165467625899304, "01T22@0": 0.10763888888888884, "02T40@1": 0.4775280898876403, "03T22@1": 0.3815028901734104, "04T35@2": 0.7467700258397939, "05T35@2": 0.7874396135265698, "BUYER": 0.0, "SELLER": 0.0}