{"00T35@0": 0.2222222222222223, "01T23@0": 0.2113402061855671, "02T29@1": 0.0, "03T34@1": 0.4358974358974359, "04T23@2": 0.755868544600939, "05T35@2": 0.7522935779816514, "BUYER": 0.0, "SELLER": 0.0}