{"00T36@0": 0.2398989898989899, "01T23@0": 0.2604166666666666, "02T22@1": 0.17721518987341778, "03T35@1": 0.5283018867924528, "04T24@2": 1.0, "05T35@2": 0.669047619047619, "BUYER": 0.0, "SELLER": 0.0}