{"00T10@0": 0.12720848056537104, "01T37@0": 0.0019379844961240288, "02T10@1": 0.3755274261603376, "03T10@1": 0.3617886178861789, "04T37@2": 0.022514071294559075, "05T37@2": 0.027573529411764698, "BUYER": 0.0, "SELLER": 0.0}