,balance,assets,bankrupt,agent_id,step
0,1640.0,160.0,False,00T24@0,0.0
1,1470.0,329.99999999999994,False,00T24@0,5.0
2,1760.0,40.0,False,01T34@0,0.0
3,1667.0,259.99999999999994,False,01T34@0,5.0
4,2280.0,0.0,False,02T34@1,0.0
5,2385.0,0.0,False,02T34@1,5.0
6,2280.0,0.0,False,03T24@1,0.0
7,2090.0,104.5,False,03T24@1,5.0
8,3280.0,0.0,False,04T34@2,0.0
9,3002.0,0.0,False,04T34@2,5.0
10,3280.0,0.0,False,05T24@2,0.0
11,2982.0,0.0,False,05T24@2,5.0
12,,,,,
13,,,,,
14,,,,,
15,,,,,
