{"00T22@0": 0.04240282685512369, "01T23@0": 0.004201680672268905, "02T24@1": 1.0, "03T23@1": 0.7011494252873565, "04T09@2": 0.0, "05T35@2": 0.8281250000000002, "BUYER": 0.0, "SELLER": 0.0}