{"00T38@0": 0.06734006734006734, "01T16@0": 0.0, "02T38@1": 0.02586206896551723, "03T38@1": 0.0307017543859649, "04T16@2": 0.0, "05T35@2": 0.3142857142857141, "06T16@3": 1.0, "07T35@3": 0.6276923076923077, "BUYER": 0.0, "SELLER": 0.0}