{"time_limit": 10800, "spot_discount": 0.9, "spot_market_global_loss": 0.2, "neg_quota_step": 448, "n_processes": 4, "n_products": 5, "n_steps": 112, "financial_reports_period": 5, "exogenous_horizon": 48, "max_productivity": 1.0, "catalog_prices": [10, 18, 31, 42, 60], "cash_availability": [1.5, 2.5], "expected_productivity": 0.9642857142857143, "expected_mean_profit": 0.11891769694890944, "initial_balance": [33442, 33442, 50686, 50686, 72946, 72946, 99490, 99490]}