{"00T15@0": 0.11496746203904545, "01T22@0": 0.13519313304721042, "02T15@1": 0.1458333333333334, "03T22@1": 0.16939890710382513, "04T15@2": 0.0, "05T22@2": 0.0, "06T24@3": 0.019230769230769225, "07T24@3": 0.08928571428571429, "08T24@4": 1.0, "09T35@4": 0.984375, "BUYER": 0.0, "SELLER": 0.0}