{"00T23@0": 0.3039647577092511, "01T23@0": 0.2866666666666668, "02T36@1": 0.011450381679389308, "03T34@1": 0.3157894736842106, "04T23@2": 0.8333333333333331, "05T22@2": 0.5236363636363639, "06T23@3": 0.6885245901639345, "07T35@3": 0.6756756756756759, "BUYER": 0.0, "SELLER": 0.0}