{"00T26@0": 0.01953818827708706, "01T22@0": 0.09507042253521131, "02T22@1": 0.3289817232375979, "03T35@1": 0.7914110429447853, "04T07@2": 0.18432203389830504, "05T35@2": 0.692164179104478, "BUYER": 0.0, "SELLER": 0.0}