{"00T35@0": 0.21220930232558147, "01T35@0": 0.05016722408026762, "02T20@1": 0.42105263157894735, "03T23@1": 0.6874999999999999, "04T23@2": 0.6445497630331758, "05T35@2": 0.7374301675977647, "06T19@3": 1.0, "07T23@3": 0.5179856115107914, "BUYER": 0.0, "SELLER": 0.0}