{"00T12@0": 0.019769357495881365, "01T22@0": 0.058659217877094945, "02T23@1": 0.4377406931964058, "03T23@1": 0.4303959131545337, "04T37@2": 0.0, "05T22@2": 0.0, "06T29@3": 1.0, "07T20@3": 1.0, "BUYER": 0.0, "SELLER": 0.0}