{"time_limit": 10800, "spot_discount": 0.9, "spot_market_global_loss": 0.2, "neg_quota_step": 580, "n_processes": 4, "n_products": 5, "n_steps": 145, "financial_reports_period": 5, "exogenous_horizon": 41, "max_productivity": 1.0, "catalog_prices": [10, 22, 33, 41, 56], "cash_availability": [1.5, 2.5], "expected_productivity": 0.9724137931034482, "expected_mean_profit": 0.058030377266046054, "initial_balance": [65554, 65554, 94191, 94191, 130591, 130591, 168889, 168889]}