{"00T12@0": 0.01724137931034484, "01T29@0": 0.0, "02T23@1": 0.15642458100558665, "03T23@1": 0.152354570637119, "04T23@2": 0.8133802816901408, "05T23@2": 0.7829181494661922, "06T23@3": 0.644736842105263, "07T22@3": 0.0101419878296146, "08T35@4": 0.710616438356164, "09T23@4": 0.6246246246246244, "BUYER": 0.0, "SELLER": 0.0}