{"time_limit": 10800, "spot_discount": 0.9, "spot_market_global_loss": 0.2, "neg_quota_step": 705, "n_processes": 5, "n_products": 6, "n_steps": 141, "financial_reports_period": 5, "exogenous_horizon": 53, "max_productivity": 1.0, "catalog_prices": [10, 20, 31, 44, 56, 67], "cash_availability": [1.5, 2.5], "expected_productivity": 0.9645390070921985, "expected_mean_profit": 0.08309820488965486, "initial_balance": [47955, 47955, 77150, 77150, 100140, 100140, 137798, 137798, 161493, 161493]}