{"00T23@0": 0.24324324324324342, "01T35@0": 0.24242424242424251, "02T26@1": 0.1895910780669145, "03T23@1": 0.7851851851851852, "04T20@2": 0.6655405405405406, "05T23@2": 0.5627802690582954, "BUYER": 0.0, "SELLER": 0.0}