{"00T22@0": 0.005791505791505795, "01T35@0": 0.15338645418326688, "02T16@1": 0.0, "03T40@1": 0.4640776699029127, "04T35@2": 0.7403225806451615, "05T35@2": 0.7346600331674963, "BUYER": 0.0, "SELLER": 0.0}