{"00T34@0": 0.04863221884498474, "01T22@0": 0.15128205128205124, "02T23@1": 0.8012048192771083, "03T22@1": 0.22285714285714286, "04T22@2": 0.01948051948051948, "05T22@2": 0.008130081300813009, "06T29@3": 0.0, "07T35@3": 0.7473684210526316, "08T22@4": 0.3595041322314051, "09T23@4": 0.7899543378995432, "BUYER": 0.0, "SELLER": 0.0}