{"00T35@0": 0.7870967741935481, "01T35@0": 0.03124999999999999, "02T20@1": 0.3722943722943723, "03T35@1": 0.8865248226950354, "04T41@2": 0.0, "05T22@2": 0.0, "BUYER": 0.0, "SELLER": 0.0}