{"00T35@0": 0.7943444730077118, "01T22@0": 0.0787878787878788, "02T03@1": 0.008, "03T35@1": 0.6555023923444974, "04T16@2": 1.0, "05T35@2": 0.4818181818181818, "BUYER": 0.0, "SELLER": 0.0}