{"00T15@0": 0.10249307479224389, "01T35@0": 0.3308457711442788, "02T40@1": 0.1111111111111111, "03T15@1": 0.07537688442211055, "04T40@2": 0.5379310344827586, "05T35@2": 0.538961038961039, "06T15@3": 0.01595744680851064, "07T35@3": 0.773109243697479, "08T40@4": 0.14835164835164835, "09T22@4": 0.0, "BUYER": 0.0, "SELLER": 0.0}