{"00T35@0": 0.16367265469061879, "01T35@0": 0.16831683168316833, "02T10@1": 0.2246376811594203, "03T23@1": 0.7402597402597404, "04T23@2": 0.6869565217391301, "05T35@2": 0.6804511278195486, "06T41@3": 0.0, "07T23@3": 0.6888544891640868, "BUYER": 0.0, "SELLER": 0.0}