{"00T02@0": 0.04, "01T05@0": 0.0, "02T12@1": 0.0, "03T05@1": 0.0, "04T02@2": 0.7894736842105263, "05T02@2": 0.9166666666666666, "06T05@2": 0.0, "07T12@3": 0.047619047619047616, "08T12@3": 0.15384615384615385, "BUYER": 0.0, "SELLER": 0.0}