{"00T37@0": 0.004310344827586201, "01T35@0": 0.18831168831168837, "02T29@1": 0.0, "03T22@1": 0.0, "04T29@2": 0.0, "05T29@2": 0.0, "06T37@3": 1.0, "07T37@3": 1.0, "08T35@4": 0.6519524617996605, "09T35@4": 0.6453287197231828, "BUYER": 0.0, "SELLER": 0.0}