{"00T08@0": 0.0, "01T35@0": 0.2729306487695749, "02T34@1": 0.4375, "03T34@1": 0.4609375, "04T08@2": 0.8961038961038961, "05T35@2": 0.3197969543147207, "06T34@3": 0.4878048780487805, "07T35@3": 0.5666666666666667, "08T08@4": 0.0, "09T22@4": 0.0, "BUYER": 0.0, "SELLER": 0.0}