{"00T40@0": 0.0, "01T35@0": 0.8208092485549133, "02T23@1": 0.9611650485436893, "03T22@1": 0.14613180515759308, "04T35@2": 0.596969696969697, "05T23@2": 0.6611374407582938, "06T12@3": 0.12128712871287128, "07T23@3": 0.6995073891625613, "08T23@4": 0.3732718894009217, "09T35@4": 0.39705882352941163, "BUYER": 0.0, "SELLER": 0.0}