,balance,assets,bankrupt,agent_id,step
0,1212.0,130.0,False,00T24@0,0.0
1,1022.0,319.99999999999994,False,00T24@0,5.0
2,1272.0,70.0,False,01T24@0,0.0
3,1052.0,289.99999999999994,False,01T24@0,5.0
4,2147.0,0.0,False,02T24@1,0.0
5,2147.0,0.0,False,02T24@1,5.0
6,2147.0,0.0,False,03T06@1,0.0
7,2147.0,0.0,False,03T06@1,5.0
8,2779.0,0.0,False,04T06@2,0.0
9,2779.0,0.0,False,04T06@2,5.0
10,2779.0,0.0,False,05T06@2,0.0
11,2779.0,0.0,False,05T06@2,5.0
12,,,,,
13,,,,,
14,,,,,
15,,,,,
