{"00T35@0": 0.22134387351778656, "01T22@0": 0.07954545454545457, "02T29@1": 0.0, "03T22@1": 0.33212996389891725, "04T22@2": 0.20245398773006135, "05T22@2": 0.2484472049689441, "06T41@3": 0.6171617161716179, "07T23@3": 0.7222222222222221, "08T23@4": 0.5377906976744187, "09T35@4": 0.5993883792048934, "BUYER": 0.0, "SELLER": 0.0}