{"00T23@0": 0.18666666666666668, "01T35@0": 0.16521739130434784, "02T22@1": 0.0, "03T35@1": 0.8857142857142857, "04T24@2": 0.08571428571428572, "05T35@2": 0.5684210526315785, "06T29@3": 1.0, "07T35@3": 0.7229551451187329, "BUYER": 0.0, "SELLER": 0.0}