{"00T40@0": 0.06250000000000001, "01T22@0": 0.06017191977077364, "02T23@1": 0.7866666666666666, "03T22@1": 0.5078740157480317, "04T36@2": 0.0, "05T23@2": 0.665943600867679, "BUYER": 0.0, "SELLER": 0.0}