{"00T08@0": 0.01293103448275862, "01T35@0": 0.5424836601307188, "02T18@1": 0.0, "03T22@1": 0.32608695652173936, "04T22@2": 0.03278688524590162, "05T22@2": 0.021834061135371178, "BUYER": 0.0, "SELLER": 0.0}