{"00T36@0": 0.1048387096774194, "01T36@0": 0.15658362989323837, "02T15@1": 0.323076923076923, "03T36@1": 0.3142857142857144, "04T15@2": 0.03515625, "05T15@2": 0.032490974729241874, "BUYER": 0.0, "SELLER": 0.0}