{"00T22@0": 0.1793313069908814, "01T35@0": 0.8403041825095057, "02T41@1": 0.6216216216216215, "03T35@1": 0.7928571428571428, "04T37@2": 0.017482517482517487, "05T35@2": 0.5685840707964599, "BUYER": 0.0, "SELLER": 0.0}