{"00T37@0": 0.0, "01T22@0": 0.30434782608695654, "02T35@1": 0.7894736842105263, "03T22@1": 0.6923076923076923, "04T40@2": 0.0, "05T35@2": 0.3076923076923077, "06T35@3": 0.6, "07T35@3": 0.6, "BUYER": 0.0, "SELLER": 0.0}