{"00T35@0": 0.6768802228412258, "01T35@0": 0.7201166180758017, "02T22@1": 0.006493506493506486, "03T22@1": 0.0, "04T22@2": 0.33898305084745756, "05T22@2": 0.33898305084745756, "06T38@3": 0.0, "07T04@3": 0.12711864406779655, "08T22@4": 0.05339805825242724, "09T22@4": 0.04020100502512564, "BUYER": 0.0, "SELLER": 0.0}