{"time_limit": 10800, "spot_discount": 0.9, "spot_market_global_loss": 0.2, "neg_quota_step": 220, "n_processes": 4, "n_products": 5, "n_steps": 55, "financial_reports_period": 5, "exogenous_horizon": 21, "max_productivity": 1.0, "catalog_prices": [10, 20, 34, 39, 51], "cash_availability": [1.5, 2.5], "expected_productivity": 0.9272727272727272, "expected_mean_profit": 0.07057277982133474, "initial_balance": [14250, 14250, 25072, 25072, 33444, 33444, 41414, 41414]}