{"00T41@0": 0.12195121951219515, "01T22@0": 0.17253521126760554, "02T35@1": 0.23000000000000004, "03T22@1": 0.30434782608695665, "04T24@2": 0.0, "05T41@2": 0.40086206896551724, "06T24@3": 1.0, "07T41@3": 0.0, "08T24@4": 1.0, "09T35@4": 0.7790262172284644, "BUYER": 0.0, "SELLER": 0.0}