{"00T35@0": 0.0929577464788731, "01T22@0": 0.03216374269005851, "02T09@1": 0.0, "03T35@1": 0.7127659574468083, "04T17@2": 0.4605263157894737, "05T35@2": 0.782296650717703, "BUYER": 0.0, "SELLER": 0.0}