{"00T22@0": 0.0, "01T22@0": 0.0, "02T20@1": 0.0, "03T40@1": 0.3488372093023256, "04T23@2": 0.6237113402061852, "05T35@2": 0.5979899497487439, "06T22@3": 0.4466800804828975, "07T23@3": 0.7377049180327869, "08T22@4": 0.0, "09T35@4": 0.5135699373695198, "BUYER": 0.0, "SELLER": 0.0}