,balance,assets,bankrupt,agent_id,step
0,1598.0,152.0,False,00T21@0,0.0
1,1338.0,247.84615384615387,False,00T21@0,5.0
2,1558.0,210.0,False,01T09@0,0.0
3,1178.0,688.4615384615386,False,01T09@0,5.0
4,2125.0,0.0,False,02T09@1,0.0
5,2125.0,0.0,False,02T09@1,5.0
6,2125.0,0.0,False,03T21@1,0.0
7,2085.0,397.6923076923077,False,03T21@1,5.0
8,3057.0,0.0,False,04T09@2,0.0
9,3057.0,0.0,False,04T09@2,5.0
10,3057.0,0.0,False,05T21@2,0.0
11,2906.0,0.0,False,05T21@2,5.0
12,,,,,
13,,,,,
14,,,,,
15,,,,,
