{"00T37@0": 0.1060606060606061, "01T24@0": 0.0022883295194507983, "02T37@1": 0.39583333333333337, "03T23@1": 0.41935483870967755, "04T24@2": 0.19230769230769232, "05T37@2": 0.026315789473684185, "06T23@3": 0.601156069364162, "07T23@3": 0.622857142857143, "08T24@4": 0.9961977186311787, "09T22@4": 0.0, "BUYER": 0.0, "SELLER": 0.0}