{"time_limit": 10800, "spot_discount": 0.9, "spot_market_global_loss": 0.2, "neg_quota_step": 280, "n_processes": 5, "n_products": 6, "n_steps": 56, "financial_reports_period": 5, "exogenous_horizon": 27, "max_productivity": 1.0, "catalog_prices": [10, 14, 19, 28, 37, 52], "cash_availability": [1.5, 2.5], "expected_productivity": 0.9107142857142857, "expected_mean_profit": 0.08914866304318138, "initial_balance": [10077, 10077, 14528, 14528, 21497, 21497, 26914, 26914, 36823, 36823]}