{"00T22@0": 0.12605042016806717, "01T35@0": 0.7635782747603834, "02T40@1": 0.12608695652173912, "03T36@1": 0.40569395017793597, "04T35@2": 0.706329113924051, "05T35@2": 0.7142857142857136, "BUYER": 0.0, "SELLER": 0.0}