{"00T22@0": 0.0, "01T22@0": 0.0, "02T34@1": 0.2932330827067669, "03T29@1": 0.0, "04T22@2": 0.6656976744186046, "05T35@2": 0.9195979899497487, "06T35@3": 0.5411255411255415, "07T35@3": 0.536480686695279, "BUYER": 0.0, "SELLER": 0.0}