{"00T22@0": 0.02140672782874617, "01T22@0": 0.03980891719745227, "02T37@1": 0.0, "03T23@1": 0.7868421052631582, "04T12@2": 0.05463182897862232, "05T22@2": 0.0, "06T29@3": 0.0, "07T23@3": 0.413953488372093, "08T20@4": 1.0, "09T23@4": 0.7655571635311141, "BUYER": 0.0, "SELLER": 0.0}