{"00T15@0": 0.03125, "01T40@0": 0.08666666666666667, "02T40@1": 0.16666666666666666, "03T15@1": 0.05494505494505494, "04T15@2": 0.04516129032258067, "05T40@2": 0.29473684210526313, "BUYER": 0.0, "SELLER": 0.0}