{"00T04@0": 0.061465721040188985, "01T35@0": 0.6855345911949683, "02T35@1": 0.6759999999999999, "03T35@1": 0.6666666666666669, "04T37@2": 0.02447552447552447, "05T35@2": 0.7724068479355489, "BUYER": 0.0, "SELLER": 0.0}