{"00T20@0": 0.15384615384615385, "01T22@0": 0.17073170731707318, "02T35@1": 0.8205128205128203, "03T22@1": 0.3333333333333333, "04T40@2": 0.4, "05T35@2": 0.3333333333333333, "06T35@3": 0.6511627906976745, "07T35@3": 0.6829268292682927, "BUYER": 0.0, "SELLER": 0.0}