{"00T32@0": 0.534979423868313, "01T32@0": 0.48324514991181655, "02T36@1": 0.07105263157894741, "03T36@1": 0.06172839506172845, "04T36@2": 0.017456359102244395, "05T32@2": 0.3368421052631579, "BUYER": 0.0, "SELLER": 0.0}