{"00T35@0": 0.3147321428571431, "01T23@0": 0.525812619502868, "02T22@1": 0.0, "03T22@1": 0.0, "04T29@2": 1.0, "05T37@2": 0.0292553191489362, "BUYER": 0.0, "SELLER": 0.0}