{"00T41@0": 0.04609929078014185, "01T35@0": 0.2690909090909091, "02T40@1": 0.024193548387096753, "03T23@1": 0.37, "04T23@2": 0.832, "05T23@2": 0.7177419354838708, "06T35@3": 0.7030716723549486, "07T35@3": 0.6949152542372887, "BUYER": 0.0, "SELLER": 0.0}