{"00T22@0": 0.3100616016427107, "01T23@0": 0.3431818181818182, "02T22@1": 0.0, "03T35@1": 0.5645161290322579, "04T38@2": 0.020325203252032513, "05T29@2": 0.0, "06T35@3": 0.6865671641791044, "07T23@3": 0.6915584415584415, "08T22@4": 0.0, "09T23@4": 0.588803088803089, "BUYER": 0.0, "SELLER": 0.0}