{"00T37@0": 0.012422360248447189, "01T35@0": 0.41943734015345274, "02T40@1": 0.10480349344978179, "03T37@1": 0.010638297872340424, "04T37@2": 0.05555555555555561, "05T35@2": 0.7557251908396947, "06T40@3": 0.004694835680751171, "07T40@3": 0.0, "BUYER": 0.0, "SELLER": 0.0}