{"00T36@0": 0.18609406952965235, "01T36@0": 0.22619047619047639, "02T41@1": 0.4090909090909091, "03T41@1": 0.3947368421052633, "04T41@2": 0.019021739130434787, "05T36@2": 0.013157894736842101, "BUYER": 0.0, "SELLER": 0.0}