{"00T35@0": 0.6113861386138617, "01T22@0": 0.1865443425076451, "02T22@1": 0.0, "03T35@1": 0.7735849056603774, "04T12@2": 0.03846153846153848, "05T36@2": 0.15032679738562094, "06T35@3": 0.7005649717514121, "07T23@3": 0.7513513513513513, "08T23@4": 0.6699751861042187, "09T22@4": 0.0, "BUYER": 0.0, "SELLER": 0.0}