{"00T40@0": 0.0, "01T41@0": 0.500709219858156, "02T23@1": 0.535433070866142, "03T23@1": 0.5184210526315787, "04T29@2": 0.0, "05T12@2": 0.0, "06T22@3": 0.8612903225806452, "07T22@3": 0.8603896103896104, "08T23@4": 0.6123919308357348, "09T23@4": 0.6324786324786329, "BUYER": 0.0, "SELLER": 0.0}