{"00T35@0": 0.3655994043186896, "01T35@0": 0.33480176211453755, "02T35@1": 0.0, "03T22@1": 0.0017256255392579796, "04T35@2": 0.0, "05T35@2": 0.0, "06T16@3": 1.0, "07T29@3": 1.0, "BUYER": 0.0, "SELLER": 0.0}