{"00T24@0": 0.0, "01T26@0": 0.16915422885572146, "02T35@1": 0.32673267326732675, "03T35@1": 0.3557692307692308, "04T23@2": 0.7340425531914895, "05T35@2": 0.5754716981132076, "06T35@3": 0.7586206896551724, "07T35@3": 0.7462121212121212, "08T23@4": 0.5524861878453038, "09T22@4": 0.0, "BUYER": 0.0, "SELLER": 0.0}