{"00T22@0": 0.05944798301486199, "01T35@0": 0.11587982832618028, "02T06@1": 0.0, "03T36@1": 0.46153846153846145, "04T35@2": 0.8161616161616158, "05T35@2": 0.871244635193133, "BUYER": 0.0, "SELLER": 0.0}