{"00T37@0": 0.032352941176470626, "01T37@0": 0.0062893081761006215, "02T40@1": 0.046511627906976744, "03T37@1": 0.02272727272727272, "04T40@2": 0.24725274725274726, "05T40@2": 0.4051282051282053, "BUYER": 0.0, "SELLER": 0.0}