{"00T20@0": 0.046698872785829355, "01T35@0": 0.38461538461538464, "02T35@1": 0.736, "03T35@1": 0.7889908256880734, "04T07@2": 0.07453416149068323, "05T35@2": 0.7187112763320933, "BUYER": 0.0, "SELLER": 0.0}