{"00T07@0": 0.019999999999999997, "01T07@0": 0.03389830508474576, "02T06@1": 0.0, "03T22@1": 0.4177215189873418, "04T07@2": 0.010638297872340425, "05T06@2": 0.0, "06T06@3": 0.0, "07T22@3": 0.7844827586206896, "BUYER": 0.0, "SELLER": 0.0}