{"00T29@0": 0.0, "01T12@0": 0.0, "02T29@1": 0.0, "03T12@1": 0.0, "04T41@2": 0.5909090909090905, "05T29@2": 0.0, "06T12@3": 0.0, "07T23@3": 0.6810810810810811, "08T41@4": 0.5439189189189192, "09T41@4": 0.5880398671096344, "BUYER": 0.0, "SELLER": 0.0}