{"00T22@0": 0.12941176470588237, "01T23@0": 0.47482014388489185, "02T07@1": 0.0, "03T23@1": 0.7708333333333334, "04T34@2": 0.8114754098360654, "05T35@2": 0.7241379310344828, "BUYER": 0.0, "SELLER": 0.0}