{"00T35@0": 0.0, "01T23@0": 0.0, "02T23@1": 1.0, "03T35@1": 1.0, "04T06@2": 0.0, "05T22@2": 0.0026385224274406292, "06T20@3": 0.658759124087591, "07T22@3": 0.1598915989159892, "BUYER": 0.0, "SELLER": 0.0}