{"time_limit": 10800, "spot_discount": 0.9, "spot_market_global_loss": 0.2, "neg_quota_step": 356, "n_processes": 4, "n_products": 5, "n_steps": 89, "financial_reports_period": 5, "exogenous_horizon": 38, "max_productivity": 1.0, "catalog_prices": [10, 18, 26, 37, 48], "cash_availability": [1.5, 2.5], "expected_productivity": 0.9550561797752809, "expected_mean_profit": 0.08705169824654388, "initial_balance": [24599, 24599, 36570, 36570, 50837, 50837, 69122, 69122]}