{"00T35@0": 0.0, "01T22@0": 0.0, "02T19@1": 0.0, "03T24@1": 0.7692307692307693, "04T35@2": 0.9939024390243902, "05T23@2": 0.9754601226993865, "BUYER": 0.0, "SELLER": 0.0}