{"00T26@0": 0.0843137254901961, "01T22@0": 0.18265682656826557, "02T22@1": 0.06666666666666672, "03T35@1": 0.6230158730158728, "04T29@2": 1.0, "05T35@2": 0.6702786377708975, "BUYER": 0.0, "SELLER": 0.0}