{"00T35@0": 0.0, "01T22@0": 0.16955684007707125, "02T24@1": 1.0, "03T35@1": 0.152, "04T23@2": 0.9714285714285714, "05T35@2": 1.0, "06T36@3": 0.49800796812749004, "07T22@3": 0.0, "BUYER": 0.0, "SELLER": 0.0}