{"00T35@0": 0.1707317073170731, "01T23@0": 0.22587719298245615, "02T22@1": 0.07276995305164315, "03T23@1": 1.0, "04T23@2": 0.44528301886792454, "05T35@2": 0.37857142857142845, "06T37@3": 0.050761421319796975, "07T23@3": 0.7801418439716313, "08T24@4": 0.9359605911330049, "09T35@4": 0.6476190476190478, "BUYER": 0.0, "SELLER": 0.0}