{"00T22@0": 0.053846153846153835, "01T23@0": 0.0, "02T29@1": 0.0, "03T23@1": 0.0, "04T35@2": 1.0, "05T35@2": 1.0, "06T36@3": 0.3680981595092025, "07T22@3": 0.0, "BUYER": 0.0, "SELLER": 0.0}