{"00T35@0": 0.2387475538160469, "01T23@0": 0.2880434782608698, "02T23@1": 0.0, "03T22@1": 0.002762430939226515, "04T29@2": 0.0, "05T35@2": 0.5290697674418603, "06T22@3": 0.31896551724137945, "07T23@3": 0.9333333333333333, "08T36@4": 0.0, "09T23@4": 0.6305031446540885, "BUYER": 0.0, "SELLER": 0.0}