{"00T40@0": 0.0, "01T13@0": 0.0, "02T13@1": 0.0, "03T22@1": 0.06122448979591836, "04T40@2": 0.24390243902439024, "05T13@2": 0.0, "06T40@3": 0.7314814814814815, "07T22@3": 0.5737704918032789, "BUYER": 0.0, "SELLER": 0.0}