{"00T40@0": 0.007692307692307693, "01T12@0": 0.0, "02T40@1": 0.6694915254237289, "03T12@1": 0.0, "04T40@2": 0.9259259259259259, "05T12@2": 0.0, "BUYER": 0.0, "SELLER": 0.0}