{"00T17@0": 0.20322580645161298, "01T04@0": 0.35422343324250666, "02T04@1": 0.38125, "03T22@1": 0.04807692307692308, "04T04@2": 0.15126050420168066, "05T17@2": 0.18309859154929578, "06T17@3": 0.09883720930232556, "07T22@3": 0.040816326530612235, "BUYER": 0.0, "SELLER": 0.0}