{"00T37@0": 0.06857142857142856, "01T37@0": 0.08932038834951464, "02T37@1": 0.024390243902439004, "03T23@1": 0.11920529801324503, "04T29@2": 0.0, "05T35@2": 0.71889400921659, "06T22@3": 0.0, "07T22@3": 0.0, "08T29@4": 1.0, "09T29@4": 1.0, "BUYER": 0.0, "SELLER": 0.0}