{"time_limit": 10800, "spot_discount": 0.9, "spot_market_global_loss": 0.2, "neg_quota_step": 405, "n_processes": 5, "n_products": 6, "n_steps": 81, "financial_reports_period": 5, "exogenous_horizon": 22, "max_productivity": 1.0, "catalog_prices": [10, 18, 24, 34, 43, 54], "cash_availability": [1.5, 2.5], "expected_productivity": 0.9382716049382716, "expected_mean_profit": 0.06981208578676742, "initial_balance": [28361, 28361, 38665, 38665, 51711, 51711, 68160, 68160, 91794, 91794]}