{"00T40@0": 0.0, "01T40@0": 0.0, "02T38@1": 0.04929577464788732, "03T38@1": 0.05063291139240506, "04T38@2": 0.0049261083743842365, "05T40@2": 0.958974358974359, "BUYER": 0.0, "SELLER": 0.0}