{"00T35@0": 0.5102040816326531, "01T22@0": 0.3545816733067729, "02T41@1": 0.31674208144796373, "03T35@1": 0.6269841269841269, "04T20@2": 1.0, "05T35@2": 0.5362903225806451, "BUYER": 0.0, "SELLER": 0.0}