{"00T41@0": 0.11764705882352937, "01T41@0": 0.12179487179487175, "02T36@1": 0.25541125541125526, "03T36@1": 0.3401639344262295, "04T41@2": 0.024489795918367356, "05T36@2": 0.010067114093959727, "BUYER": 0.0, "SELLER": 0.0}