{"00T35@0": 0.178335535006605, "01T23@0": 0.2831753554502377, "02T24@1": 1.0, "03T22@1": 0.0, "04T12@2": 0.00558659217877095, "05T23@2": 0.8046874999999996, "BUYER": 0.0, "SELLER": 0.0}