{"00T20@0": 0.008620689655172402, "01T22@0": 0.029940119760479042, "02T22@1": 0.652542372881356, "03T35@1": 0.9483870967741935, "04T41@2": 0.0, "05T35@2": 0.7373737373737375, "BUYER": 0.0, "SELLER": 0.0}