{"00T37@0": 0.07278481012658233, "01T20@0": 0.0, "02T37@1": 0.11052631578947371, "03T22@1": 0.4910394265232973, "04T23@2": 0.40613026819923376, "05T23@2": 0.3983739837398375, "06T20@3": 0.0, "07T37@3": 0.004566210045662098, "08T20@4": 1.0, "09T22@4": 0.42455242966751916, "BUYER": 0.0, "SELLER": 0.0}