{"00T37@0": 0.3157894736842105, "01T22@0": 0.14285714285714285, "02T35@1": 0.5416666666666666, "03T22@1": 0.26666666666666666, "04T08@2": 0.4857142857142857, "05T35@2": 0.36363636363636365, "06T35@3": 0.5151515151515151, "07T35@3": 0.5555555555555556, "BUYER": 0.0, "SELLER": 0.0}