{"00T27@0": 0.0, "01T34@0": 0.12499999999999994, "02T23@1": 0.9230769230769231, "03T22@1": 0.43499999999999994, "04T23@2": 0.5882352941176472, "05T22@2": 0.0, "BUYER": 0.0, "SELLER": 0.0}