{"00T23@0": 0.0, "01T22@0": 0.12589928057553953, "02T29@1": 0.0, "03T35@1": 0.560606060606061, "04T22@2": 0.005494505494505495, "05T23@2": 0.967032967032967, "06T36@3": 0.02970297029702969, "07T22@3": 0.23199999999999998, "08T23@4": 0.6859903381642513, "09T35@4": 0.7602179836512265, "BUYER": 0.0, "SELLER": 0.0}