{"time_limit": 10800, "spot_discount": 0.9, "spot_market_global_loss": 0.2, "neg_quota_step": 236, "n_processes": 4, "n_products": 5, "n_steps": 59, "financial_reports_period": 5, "exogenous_horizon": 15, "max_productivity": 1.0, "catalog_prices": [10, 13, 23, 35, 49], "cash_availability": [1.5, 2.5], "expected_productivity": 0.9322033898305084, "expected_mean_profit": 0.10094064445401511, "initial_balance": [12108, 12108, 19929, 19929, 28606, 28606, 41521, 41521]}