{"00T22@0": 0.021052631578947364, "01T23@0": 0.0481283422459893, "02T16@1": 0.0, "03T23@1": 0.79, "04T07@2": 0.38759689922480617, "05T35@2": 0.7787234042553192, "BUYER": 0.0, "SELLER": 0.0}