{"00T21@0": 0.0, "01T22@0": 0.37274549098196375, "02T35@1": 0.0, "03T35@1": 0.043478260869565216, "04T29@2": 0.0, "05T35@2": 1.0, "06T22@3": 0.0, "07T22@3": 0.0, "BUYER": 0.0, "SELLER": 0.0}