{"00T20@0": 0.07462686567164174, "01T35@0": 0.4083333333333332, "02T35@1": 0.7177419354838709, "03T35@1": 0.7992277992277992, "04T15@2": 0.0, "05T35@2": 0.683480453972257, "BUYER": 0.0, "SELLER": 0.0}