{"00T35@0": 0.4398826979472141, "01T35@0": 0.3650306748466259, "02T41@1": 0.16236162361623616, "03T35@1": 1.0, "04T20@2": 1.0, "05T22@2": 0.0, "BUYER": 0.0, "SELLER": 0.0}