{"00T29@0": 0.0, "01T23@0": 0.12340425531914893, "02T20@1": 0.0, "03T23@1": 0.8333333333333334, "04T35@2": 0.7509293680297396, "05T23@2": 0.7564575645756458, "BUYER": 0.0, "SELLER": 0.0}