{"00T35@0": 0.12978369384359398, "01T22@0": 0.08346213292117466, "02T37@1": 0.1782945736434109, "03T35@1": 0.7130434782608696, "04T36@2": 0.0, "05T35@2": 0.7456647398843925, "BUYER": 0.0, "SELLER": 0.0}