{"00T20@0": 0.0, "01T24@0": 0.0, "02T35@1": 1.0, "03T35@1": 1.0, "04T35@2": 0.7045454545454549, "05T35@2": 0.7401812688821748, "06T22@3": 0.0, "07T35@3": 0.6212500000000007, "BUYER": 0.0, "SELLER": 0.0}