{"00T20@0": 0.0, "01T40@0": 0.008474576271186435, "02T20@1": 0.0, "03T40@1": 0.09523809523809523, "04T20@2": 1.0, "05T40@2": 0.7987421383647796, "BUYER": 0.0, "SELLER": 0.0}