{"00T35@0": 0.21145374449339208, "01T23@0": 0.28014184397163133, "02T40@1": 0.3164556962025319, "03T23@1": 0.9619047619047619, "04T37@2": 0.02602230483271377, "05T22@2": 0.013605442176870734, "BUYER": 0.0, "SELLER": 0.0}