{"00T37@0": 0.0027932960893854697, "01T35@0": 0.13715710723192048, "02T19@1": 0.0, "03T35@1": 0.742971887550201, "04T23@2": 0.8028169014084504, "05T23@2": 0.798122065727699, "BUYER": 0.0, "SELLER": 0.0}