{"00T06@0": 0.13333333333333333, "01T35@0": 0.524173027989822, "02T40@1": 0.5117493472584856, "03T22@1": 0.4469914040114613, "04T22@2": 0.006928406466512695, "05T22@2": 0.009433962264150934, "BUYER": 0.0, "SELLER": 0.0}