{"00T15@0": 0.027777777777777776, "01T22@0": 0.0, "02T35@1": 0.28, "03T22@1": 0.56, "04T08@2": 0.5, "05T35@2": 0.0, "06T35@3": 0.674418604651163, "07T35@3": 0.6097560975609756, "BUYER": 0.0, "SELLER": 0.0}