{"00T40@0": 0.0974025974025974, "01T22@0": 0.1418439716312057, "02T23@1": 0.7256097560975608, "03T23@1": 0.6912751677852347, "04T22@2": 0.24886877828054305, "05T22@2": 0.35909090909090907, "06T22@3": 0.07558139534883723, "07T22@3": 0.10179640718562878, "08T29@4": 1.0, "09T35@4": 0.7916666666666665, "BUYER": 0.0, "SELLER": 0.0}