{"00T22@0": 0.1213389121338913, "01T22@0": 0.061440677966101635, "02T22@1": 0.20408163265306128, "03T22@1": 0.17488789237668165, "04T22@2": 0.3446969696969696, "05T22@2": 0.36330935251798574, "06T23@3": 0.6078431372549017, "07T23@3": 0.5686900958466453, "08T40@4": 0.09493670886075949, "09T38@4": 0.0625, "BUYER": 0.0, "SELLER": 0.0}