{"00T19@0": 0.0, "01T40@0": 0.13924050632911383, "02T40@1": 0.4, "03T23@1": 0.6160714285714288, "04T40@2": 0.6183206106870227, "05T23@2": 0.7452229299363057, "06T22@3": 0.0, "07T35@3": 0.0, "08T19@4": 1.0, "09T19@4": 1.0, "BUYER": 0.0, "SELLER": 0.0}