{"00T22@0": 0.014035087719298232, "01T35@0": 0.3283582089552238, "02T36@1": 0.43026706231454004, "03T09@1": 0.0, "04T35@2": 0.6220472440944885, "05T35@2": 0.9182879377431906, "BUYER": 0.0, "SELLER": 0.0}