{"00T37@0": 0.0141287284144427, "01T22@0": 0.06857142857142857, "02T22@1": 0.4827586206896552, "03T35@1": 0.6666666666666666, "04T36@2": 0.009933774834437088, "05T35@2": 0.7743902439024392, "BUYER": 0.0, "SELLER": 0.0}