{"00T19@0": 0.0, "01T23@0": 0.03846153846153848, "02T35@1": 0.8095238095238095, "03T23@1": 0.875, "04T29@2": 0.0, "05T23@2": 0.7081545064377684, "06T22@3": 0.2697095435684647, "07T35@3": 0.752136752136752, "BUYER": 0.0, "SELLER": 0.0}