{"00T40@0": 0.04612159329140466, "01T41@0": 0.019780219780219772, "02T22@1": 0.4090909090909091, "03T23@1": 0.827814569536424, "04T22@2": 0.3386454183266932, "05T22@2": 0.33112582781456945, "06T23@3": 0.755027422303474, "07T35@3": 0.758333333333333, "BUYER": 0.0, "SELLER": 0.0}