{"00T35@0": 0.014285714285714271, "01T23@0": 0.014545454545454533, "02T35@1": 0.9080459770114943, "03T35@1": 1.0, "04T36@2": 0.42774566473988446, "05T23@2": 0.7586206896551724, "06T24@3": 1.0, "07T23@3": 0.5905349794238678, "BUYER": 0.0, "SELLER": 0.0}