{"00T40@0": 0.08097165991902835, "01T22@0": 0.14257028112449796, "02T22@1": 0.0, "03T22@1": 0.033333333333333354, "04T34@2": 0.247787610619469, "05T22@2": 0.19480519480519473, "06T22@3": 0.4634146341463415, "07T35@3": 0.7960526315789475, "08T35@4": 0.6575342465753425, "09T22@4": 0.012931034482758619, "BUYER": 0.0, "SELLER": 0.0}