{"00T35@0": 0.25918367346938764, "01T22@0": 0.03394255874673627, "02T29@1": 0.0, "03T22@1": 0.0040983606557377025, "04T29@2": 0.0, "05T40@2": 0.14705882352941177, "06T40@3": 0.8333333333333334, "07T29@3": 0.0, "08T40@4": 0.7411167512690352, "09T35@4": 0.8255033557046981, "BUYER": 0.0, "SELLER": 0.0}