{"00T15@0": 0.15487316421895872, "01T35@0": 0.17246175243393613, "02T35@1": 0.7004950495049509, "03T35@1": 0.6874999999999994, "04T38@2": 0.08403361344537816, "05T35@2": 0.7003654080389766, "BUYER": 0.0, "SELLER": 0.0}