{"00T35@0": 0.48646209386281586, "01T35@0": 0.5250447227191413, "02T12@1": 0.0, "03T22@1": 0.0, "04T35@2": 0.46556473829201117, "05T22@2": 0.4238095238095238, "06T02@3": 0.6954545454545455, "07T22@3": 0.030794165316045365, "BUYER": 0.0, "SELLER": 0.0}