{"00T35@0": 0.2755417956656345, "01T35@0": 0.277337559429477, "02T22@1": 0.31404958677685946, "03T22@1": 0.4856396866840734, "04T22@2": 0.015873015873015858, "05T22@2": 0.03488372093023256, "06T38@3": 0.0, "07T41@3": 0.15151515151515157, "08T22@4": 0.05898876404494382, "09T22@4": 0.04815864022662889, "BUYER": 0.0, "SELLER": 0.0}