{"00T23@0": 0.21834862385321105, "01T22@0": 0.2164179104477612, "02T23@1": 0.6262135922330101, "03T22@1": 0.09183673469387751, "04T37@2": 0.059040590405904037, "05T23@2": 0.7801047120418843, "06T35@3": 0.8019999999999998, "07T22@3": 0.0046082949308755726, "08T38@4": 0.0, "09T23@4": 0.6760563380281698, "BUYER": 0.0, "SELLER": 0.0}