{"time_limit": 10800, "spot_discount": 0.9, "spot_market_global_loss": 0.2, "neg_quota_step": 248, "n_processes": 4, "n_products": 5, "n_steps": 62, "financial_reports_period": 5, "exogenous_horizon": 18, "max_productivity": 1.0, "catalog_prices": [10, 15, 23, 38, 53], "cash_availability": [1.5, 2.5], "expected_productivity": 0.9354838709677419, "expected_mean_profit": 0.11448563469431487, "initial_balance": [13860, 13860, 22638, 22638, 35517, 35517, 49319, 49319]}