{"00T23@0": 0.19338422391857496, "01T23@0": 0.1984732824427481, "02T29@1": 0.0, "03T37@1": 0.004926108374384236, "04T37@2": 0.1941747572815534, "05T29@2": 0.0, "06T37@3": 0.21484374999999992, "07T29@3": 1.0, "BUYER": 0.0, "SELLER": 0.0}