{"00T19@0": 0.0, "01T35@0": 0.13120567375886524, "02T22@1": 0.12500000000000006, "03T35@1": 1.0, "04T22@2": 0.0, "05T22@2": 0.005917159763313609, "06T29@3": 1.0, "07T35@3": 0.74390243902439, "BUYER": 0.0, "SELLER": 0.0}