{"00T22@0": 0.0, "01T35@0": 0.2403846153846154, "02T34@1": 0.5125000000000001, "03T24@1": 1.0, "04T35@2": 0.7402985074626868, "05T35@2": 0.7544910179640718, "BUYER": 0.0, "SELLER": 0.0}