{"00T24@0": 0.0, "01T19@0": 0.0, "02T35@1": 1.0, "03T22@1": 0.9966555183946488, "04T35@2": 0.6067588325652847, "05T22@2": 0.0023364485981308383, "BUYER": 0.0, "SELLER": 0.0}