{"00T20@0": 0.2466666666666668, "01T20@0": 0.24503311258278151, "02T37@1": 0.0037878787878787845, "03T37@1": 0.9243697478991597, "04T37@2": 0.41666666666666674, "05T35@2": 0.6682926829268296, "06T20@3": 0.6867924528301886, "07T35@3": 0.5269058295964125, "BUYER": 0.0, "SELLER": 0.0}