{"00T37@0": 0.10238907849829351, "01T41@0": 0.37142857142857155, "02T37@1": 0.13068181818181823, "03T41@1": 0.2839506172839503, "04T37@2": 0.058823529411764705, "05T41@2": 0.44407894736842113, "BUYER": 0.0, "SELLER": 0.0}