{"00T12@0": 0.0, "01T12@0": 0.0, "02T37@0": 0.012499999999999995, "03T29@0": 0.0, "04T37@1": 0.0, "05T20@1": 0.0, "06T20@1": 0.0, "07T37@1": 0.0, "08T12@2": 0.0043859649122807015, "09T29@2": 1.0, "10T29@2": 1.0, "11T20@2": 1.0, "BUYER": 0.0, "SELLER": 0.0}