{"time_limit": 10800, "spot_discount": 0.9, "spot_market_global_loss": 0.2, "neg_quota_step": 462, "n_processes": 3, "n_products": 4, "n_steps": 77, "financial_reports_period": 5, "exogenous_horizon": 29, "max_productivity": 1.0, "catalog_prices": [10, 19, 29, 34], "cash_availability": [1.5, 2.5], "expected_productivity": 0.961038961038961, "expected_mean_profit": 0.0801179472258902, "initial_balance": [19769, 19769, 19769, 19769, 29653, 29653, 29653, 29653, 39940, 39940, 39940, 39940]}