,balance,assets,bankrupt,agent_id,step
0,1477.0,152.0,False,00T21@0,0.0
1,1292.0,54.38394534585825,False,00T21@0,5.0
2,1437.0,210.0,False,01T08@0,0.0
3,1152.0,391.56440649017935,False,01T08@0,5.0
4,2169.0,0.0,False,02T08@1,0.0
5,2119.0,554.0,False,02T08@1,5.0
6,2169.0,0.0,False,03T08@1,0.0
7,2299.0,277.0,False,03T08@1,5.0
8,3323.0,0.0,False,04T21@2,0.0
9,3353.0,0.0,False,04T21@2,5.0
10,3323.0,0.0,False,05T21@2,0.0
11,3323.0,0.0,False,05T21@2,5.0
12,,,,,
13,,,,,
14,,,,,
15,,,,,
