{"00T40@0": 0.20825515947467166, "01T22@0": 0.21472392638036783, "02T35@1": 0.47346938775510206, "03T35@1": 0.5275590551181102, "04T22@2": 0.0, "05T23@2": 0.8711656441717791, "06T22@3": 0.007434944237918209, "07T35@3": 0.898876404494382, "08T29@4": 1.0, "09T22@4": 0.0, "BUYER": 0.0, "SELLER": 0.0}