{"00T26@0": 0.0, "01T08@0": 0.0, "02T26@1": 0.375, "03T26@1": 0.2222222222222222, "04T08@2": 0.5384615384615384, "05T08@2": 0.5, "BUYER": 0.0, "SELLER": 0.0}