{"00T36@0": 0.05555555555555553, "01T29@0": 0.0, "02T36@1": 0.35114503816793885, "03T29@1": 0.0, "04T29@2": 1.0, "05T36@2": 0.04225352112676055, "BUYER": 0.0, "SELLER": 0.0}