{"00T08@0": 0.0, "01T22@0": 0.037037037037037035, "02T35@1": 0.8076923076923077, "03T22@1": 0.2222222222222222, "04T10@2": 0.0, "05T35@2": 0.0, "06T35@3": 0.6666666666666666, "07T35@3": 0.7435897435897436, "BUYER": 0.0, "SELLER": 0.0}