{"00T23@0": 0.5447761194029853, "01T35@0": 0.22392638036809825, "02T29@1": 0.0, "03T12@1": 0.0, "04T29@2": 0.0, "05T12@2": 0.0, "06T29@3": 0.0, "07T22@3": 0.6825396825396824, "08T12@4": 0.0, "09T23@4": 0.7151515151515152, "BUYER": 0.0, "SELLER": 0.0}