{"00T20@0": 0.15384615384615385, "01T22@0": 0.019607843137254898, "02T35@1": 0.2727272727272727, "03T22@1": 0.6666666666666666, "04T15@2": 0.07692307692307693, "05T35@2": 0.0, "06T35@3": 0.8085106382978723, "07T35@3": 0.7857142857142857, "BUYER": 0.0, "SELLER": 0.0}