{"time_limit": 10800, "spot_discount": 0.9, "spot_market_global_loss": 0.2, "neg_quota_step": 375, "n_processes": 5, "n_products": 6, "n_steps": 75, "financial_reports_period": 5, "exogenous_horizon": 35, "max_productivity": 1.0, "catalog_prices": [10, 21, 30, 39, 55, 69], "cash_availability": [1.5, 2.5], "expected_productivity": 0.9333333333333333, "expected_mean_profit": 0.09260944651871057, "initial_balance": [20789, 20789, 30082, 30082, 41760, 41760, 58207, 58207, 74409, 74409]}