{"00T10@0": 0.07915057915057913, "01T22@0": 0.10095238095238088, "02T22@1": 0.11792452830188678, "03T35@1": 0.6294416243654822, "04T09@2": 0.0, "05T35@2": 0.7272727272727273, "BUYER": 0.0, "SELLER": 0.0}