{"00T29@0": 0.0, "01T40@0": 0.0, "02T40@1": 0.019999999999999997, "03T29@1": 0.0, "04T29@2": 1.0, "05T40@2": 0.876543209876543, "BUYER": 0.0, "SELLER": 0.0}