{"00T18@0": 0.0, "01T18@0": 0.0, "02T40@1": 1.0, "03T18@1": 0.0, "04T40@2": 0.8844221105527635, "05T40@2": 0.9239130434782609, "BUYER": 0.0, "SELLER": 0.0}