{"time_limit": 10800, "spot_discount": 0.9, "spot_market_global_loss": 0.2, "neg_quota_step": 588, "n_processes": 4, "n_products": 5, "n_steps": 98, "financial_reports_period": 5, "exogenous_horizon": 46, "max_productivity": 1.0, "catalog_prices": [10, 20, 33, 44, 59], "cash_availability": [1.5, 2.5], "expected_productivity": 0.6394557823129252, "expected_mean_profit": 0.06738252228067941, "initial_balance": [38832, 38832, 65443, 65443, 46086, 46086, 46086, 46086, 54880, 54880, 54880, 54880]}