{"00T36@0": 0.3154761904761905, "01T26@0": 0.09602649006622518, "02T26@1": 0.2222222222222222, "03T36@1": 0.39823008849557523, "04T26@2": 0.010309278350515462, "05T36@2": 0.02397260273972604, "BUYER": 0.0, "SELLER": 0.0}