{"00T37@0": 0.038817005545286505, "01T06@0": 0.07692307692307693, "02T37@1": 0.032051282051282035, "03T06@1": 0.0, "04T06@2": 0.0, "05T37@2": 0.10158013544018056, "BUYER": 0.0, "SELLER": 0.0}