{"00T34@0": 0.02752293577981649, "01T22@0": 0.308764940239044, "02T36@1": 0.010869565217391304, "03T36@1": 0.029239766081871343, "04T34@2": 0.416, "05T36@2": 0.12626262626262627, "06T34@3": 1.0, "07T23@3": 0.7274678111587985, "BUYER": 0.0, "SELLER": 0.0}