{"time_limit": 10800, "spot_discount": 0.9, "spot_market_global_loss": 0.2, "neg_quota_step": 324, "n_processes": 4, "n_products": 5, "n_steps": 72, "financial_reports_period": 5, "exogenous_horizon": 29, "max_productivity": 1.0, "catalog_prices": [10, 18, 28, 37, 46], "cash_availability": [1.5, 2.5], "expected_productivity": 1.2592592592592593, "expected_mean_profit": 0.07030920838372175, "initial_balance": [19281, 19281, 19281, 46724, 46724, 64334, 64334, 79565, 79565]}