{"00T41@0": 0.19714285714285698, "01T22@0": 0.43091334894613575, "02T35@1": 0.1276595744680851, "03T35@1": 0.15053763440860216, "04T24@2": 0.0, "05T35@2": 1.0, "06T22@3": 0.6566265060240963, "07T22@3": 0.7948717948717946, "BUYER": 0.0, "SELLER": 0.0}