{"00T22@0": 0.08880994671403203, "01T22@0": 0.10362694300518134, "02T37@1": 0.20152091254752852, "03T23@1": 0.5751072961373394, "04T23@2": 0.7571701720841301, "05T22@2": 0.0, "06T29@3": 1.0, "07T12@3": 0.0, "BUYER": 0.0, "SELLER": 0.0}