,balance,assets,bankrupt,agent_id,step
0,1320.0,70.0,False,00T34@0,0.0
1,1010.0,380.0,False,00T34@0,5.0
2,1260.0,230.0,False,01T36@0,0.0
3,1110.0,477.27669079272346,False,01T36@0,5.0
4,2065.0,0.0,False,02T34@1,0.0
5,2369.0,34.091192199480254,False,02T34@1,5.0
6,2065.0,0.0,False,03T34@1,0.0
7,2253.0,68.18238439896051,False,03T34@1,5.0
8,2919.0,0.0,False,04T36@2,0.0
9,2725.0,168.0,False,04T36@2,5.0
10,2919.0,0.0,False,05T36@2,0.0
11,2679.0,252.0,False,05T36@2,5.0
12,,,,,
13,,,,,
14,,,,,
15,,,,,
