{"00T07@0": 0.030303030303030304, "01T22@0": 0.09259259259259256, "02T35@1": 0.8157894736842103, "03T22@1": 0.7272727272727273, "04T09@2": 0.0, "05T35@2": 0.0, "06T35@3": 0.9285714285714286, "07T35@3": 0.9411764705882353, "BUYER": 0.0, "SELLER": 0.0}