{"00T41@0": 0.3425414364640884, "01T26@0": 0.0948509485094851, "02T41@1": 0.13870967741935486, "03T26@1": 0.2055555555555554, "04T22@2": 0.30175438596491233, "05T22@2": 0.32967032967032966, "06T41@3": 0.07301587301587295, "07T26@3": 0.12292358803986714, "BUYER": 0.0, "SELLER": 0.0}