{"00T37@0": 0.08563535911602216, "01T41@0": 0.09510869565217395, "02T41@1": 0.10313901345291485, "03T37@1": 0.06474820143884892, "04T37@2": 0.08943089430894312, "05T35@2": 0.7837837837837835, "06T41@3": 0.0, "07T35@3": 0.6880952380952376, "BUYER": 0.0, "SELLER": 0.0}