{"00T38@0": 0.0, "01T35@0": 0.0, "02T24@1": 0.5533980582524275, "03T24@1": 0.5094339622641512, "04T38@2": 0.0, "05T35@2": 1.0, "06T24@3": 0.6769230769230771, "07T35@3": 0.6278409090909084, "08T38@4": 0.0, "09T22@4": 0.900709219858156, "BUYER": 0.0, "SELLER": 0.0}