{"00T06@0": 0.0, "01T06@0": 0.0, "02T23@1": 0.15384615384615385, "03T22@1": 0.5384615384615384, "04T06@2": 0.0, "05T19@2": 0.0, "06T19@3": 1.0, "07T19@3": 1.0, "BUYER": 0.0, "SELLER": 0.0}