{"time_limit": 10800, "spot_discount": 0.9, "spot_market_global_loss": 0.2, "neg_quota_step": 324, "n_processes": 3, "n_products": 4, "n_steps": 72, "financial_reports_period": 5, "exogenous_horizon": 16, "max_productivity": 1.0, "catalog_prices": [10, 17, 26, 33], "cash_availability": [1.5, 2.5], "expected_productivity": 0.6388888888888888, "expected_mean_profit": 0.05854110677364301, "initial_balance": [21192, 21192, 33682, 33682, 18832, 18832, 18832, 18832, 18832]}