{"00T32@0": 0.06117021276595739, "01T40@0": 0.08068459657701711, "02T22@1": 0.3796610169491527, "03T23@1": 0.7928571428571428, "04T22@2": 0.00277008310249307, "05T35@2": 0.7002141327623131, "BUYER": 0.0, "SELLER": 0.0}