{"00T23@0": 0.005347593582887697, "01T23@0": 0.005076142131979689, "02T24@1": 0.0, "03T24@1": 0.0, "04T19@2": 0.0, "05T19@2": 0.0, "06T24@3": 1.0, "07T19@3": 1.0, "BUYER": 0.0, "SELLER": 0.0}