{"00T36@0": 0.07624633431085051, "01T35@0": 0.7479406919275134, "02T38@1": 0.0, "03T22@1": 0.10850439882697949, "04T22@2": 0.06015037593984957, "05T22@2": 0.061538461538461486, "BUYER": 0.0, "SELLER": 0.0}