{"00T35@0": 0.16666666666666666, "01T22@0": 0.11774461028192372, "02T17@1": 0.11764705882352947, "03T35@1": 0.7142857142857142, "04T40@2": 0.014925373134328353, "05T35@2": 0.7284671532846723, "BUYER": 0.0, "SELLER": 0.0}