{"time_limit": 10800, "spot_discount": 0.9, "spot_market_global_loss": 0.2, "neg_quota_step": 430, "n_processes": 5, "n_products": 6, "n_steps": 86, "financial_reports_period": 5, "exogenous_horizon": 41, "max_productivity": 1.0, "catalog_prices": [10, 13, 18, 26, 37, 51], "cash_availability": [1.5, 2.5], "expected_productivity": 0.9418604651162791, "expected_mean_profit": 0.08091374476108598, "initial_balance": [19724, 19724, 24162, 24162, 35667, 35667, 55474, 55474, 69691, 69691]}