{"00T24@0": 0.019801980198019802, "01T06@0": 0.0, "02T06@1": 0.0, "03T22@1": 0.8513513513513513, "04T24@2": 0.05263157894736842, "05T24@2": 0.07692307692307693, "06T06@3": 0.0, "07T22@3": 0.9714285714285714, "BUYER": 0.0, "SELLER": 0.0}