{"00T22@0": 0.06876790830945562, "01T35@0": 0.6534391534391544, "02T15@1": 0.4648648648648649, "03T40@1": 0.3420523138832998, "04T35@2": 0.584051724137931, "05T35@2": 0.5771971496437057, "BUYER": 0.0, "SELLER": 0.0}