{"00T38@0": 0.0, "01T22@0": 0.10315186246418338, "02T22@1": 0.5756756756756758, "03T35@1": 0.6831275720164608, "04T07@2": 0.16954022988505746, "05T35@2": 0.5130260521042083, "BUYER": 0.0, "SELLER": 0.0}