{"00T35@0": 0.07586206896551723, "01T22@0": 0.04888888888888891, "02T14@1": 0.0, "03T35@1": 0.6923076923076922, "04T36@2": 0.5177304964539007, "05T35@2": 0.7967145790554415, "BUYER": 0.0, "SELLER": 0.0}