{"00T23@0": 0.45178105994787143, "01T22@0": 0.0, "02T12@1": 0.021969696969696955, "03T05@1": 0.0, "04T23@2": 0.6187683284457478, "05T35@2": 0.68972972972973, "BUYER": 0.0, "SELLER": 0.0}