{"00T06@0": 0.0, "01T22@0": 0.2156398104265402, "02T22@1": 0.48011363636363663, "03T35@1": 0.7801047120418845, "04T36@2": 0.005813953488372084, "05T35@2": 0.5705765407554673, "BUYER": 0.0, "SELLER": 0.0}