{"time_limit": 10800, "spot_discount": 0.9, "spot_market_global_loss": 0.2, "neg_quota_step": 320, "n_processes": 5, "n_products": 6, "n_steps": 64, "financial_reports_period": 5, "exogenous_horizon": 26, "max_productivity": 1.0, "catalog_prices": [10, 20, 25, 33, 41, 54], "cash_availability": [1.5, 2.5], "expected_productivity": 0.921875, "expected_mean_profit": 0.06869444019512859, "initial_balance": [19682, 19682, 25297, 25297, 33806, 33806, 43821, 43821, 53893, 53893]}