{"00T37@0": 0.11038961038961038, "01T35@0": 0.7365079365079363, "02T37@1": 0.011494252873563218, "03T36@1": 0.23282442748091603, "04T37@2": 0.09042553191489362, "05T36@2": 0.3556485355648535, "06T36@3": 0.023890784982935166, "07T35@3": 0.6819672131147548, "BUYER": 0.0, "SELLER": 0.0}