{"time_limit": 10800, "spot_discount": 0.9, "spot_market_global_loss": 0.2, "neg_quota_step": 312, "n_processes": 4, "n_products": 5, "n_steps": 78, "financial_reports_period": 5, "exogenous_horizon": 28, "max_productivity": 1.0, "catalog_prices": [10, 16, 21, 27, 41], "cash_availability": [1.5, 2.5], "expected_productivity": 0.9487179487179487, "expected_mean_profit": 0.11536880851976271, "initial_balance": [17898, 17898, 23140, 23140, 28190, 28190, 42700, 42700]}