{"00T19@0": 0.0, "01T35@0": 0.0, "02T35@1": 0.0, "03T35@1": 0.0, "04T23@2": 0.9302325581395349, "05T35@2": 1.0, "06T35@3": 0.9758064516129032, "07T22@3": 0.1321243523316062, "08T41@4": 0.0, "09T22@4": 0.0, "BUYER": 0.0, "SELLER": 0.0}