{"time_limit": 10800, "spot_discount": 0.9, "spot_market_global_loss": 0.2, "neg_quota_step": 435, "n_processes": 5, "n_products": 6, "n_steps": 87, "financial_reports_period": 5, "exogenous_horizon": 42, "max_productivity": 1.0, "catalog_prices": [10, 23, 31, 44, 52, 70], "cash_availability": [1.5, 2.5], "expected_productivity": 0.9425287356321839, "expected_mean_profit": 0.06485551096672824, "initial_balance": [37638, 37638, 51604, 51604, 76068, 76068, 91421, 91421, 120045, 120045]}