,balance,assets,bankrupt,agent_id,step
0,1258.0,180.0,False,00T08@0,0.0
1,1763.0,176.93191711648964,False,00T08@0,5.0
2,1278.0,153.0,False,01T21@0,0.0
3,1018.0,774.0771373846421,False,01T21@0,5.0
4,2189.0,0.0,False,02T21@1,0.0
5,2089.0,90.0,False,02T21@1,5.0
6,2189.0,0.0,False,03T21@1,0.0
7,1629.0,225.0,False,03T21@1,5.0
8,2834.0,0.0,False,04T08@2,0.0
9,2656.0,0.0,False,04T08@2,5.0
10,2834.0,0.0,False,05T08@2,0.0
11,2564.0,288.0,False,05T08@2,5.0
12,,,,,
13,,,,,
14,,,,,
15,,,,,
