{"00T41@0": 0.19140625, "01T22@0": 0.17967332123411964, "02T23@1": 0.583657587548638, "03T22@1": 0.0, "04T12@2": 0.05097087378640778, "05T20@2": 0.0, "06T29@3": 1.0, "07T35@3": 0.6758957654723122, "BUYER": 0.0, "SELLER": 0.0}