{"00T36@0": 0.10666666666666669, "01T15@0": 0.1391465677179963, "02T15@1": 0.3684210526315789, "03T15@1": 0.32950191570881227, "04T36@2": 0.012499999999999999, "05T36@2": 0.005747126436781603, "BUYER": 0.0, "SELLER": 0.0}