{"00T24@0": 0.0, "01T22@0": 0.21550094517958432, "02T35@1": 0.6731707317073167, "03T35@1": 0.6730769230769229, "04T10@2": 0.0, "05T35@2": 1.0, "06T22@3": 0.0471976401179941, "07T22@3": 0.008849557522123894, "BUYER": 0.0, "SELLER": 0.0}