{"time_limit": 10800, "spot_discount": 0.9, "spot_market_global_loss": 0.2, "neg_quota_step": 336, "n_processes": 4, "n_products": 5, "n_steps": 84, "financial_reports_period": 5, "exogenous_horizon": 17, "max_productivity": 1.0, "catalog_prices": [10, 21, 31, 45, 50], "cash_availability": [1.5, 2.5], "expected_productivity": 0.9523809523809523, "expected_mean_profit": 0.07117305803199081, "initial_balance": [23193, 23193, 35216, 35216, 45164, 45164, 58286, 58286]}