{"00T12@0": 0.0, "01T23@0": 0.09736842105263158, "02T29@1": 0.0, "03T22@1": 0.049079754601226995, "04T23@2": 0.7985074626865671, "05T23@2": 0.8371212121212122, "06T22@3": 0.0, "07T23@3": 0.5573248407643306, "BUYER": 0.0, "SELLER": 0.0}