{"00T38@0": 0.0, "01T35@0": 0.28213689482470766, "02T38@1": 0.0, "03T23@1": 0.35191637630662026, "04T34@2": 0.47474747474747475, "05T22@2": 0.048275862068965544, "06T34@3": 0.0, "07T22@3": 0.0055248618784530384, "08T38@4": 0.0, "09T34@4": 0.78125, "BUYER": 0.0, "SELLER": 0.0}