{"00T41@0": 0.29467084639498436, "01T37@0": 0.08900523560209422, "02T41@1": 0.36607142857142855, "03T23@1": 0.45426829268292684, "04T37@2": 0.0, "05T23@2": 0.75, "06T41@3": 0.4693877551020409, "07T37@3": 0.026109660574412524, "BUYER": 0.0, "SELLER": 0.0}