{"00T34@0": 0.08620689655172414, "01T07@0": 0.014084507042253518, "02T34@1": 1.0, "03T22@1": 0.04444444444444443, "04T07@2": 0.015625, "05T07@2": 0.015625, "06T34@3": 1.0, "07T22@3": 0.3863636363636363, "BUYER": 0.0, "SELLER": 0.0}