{"00T23@0": 0.6506410256410253, "01T35@0": 0.5868945868945868, "02T36@1": 0.2065868263473053, "03T41@1": 0.19615384615384615, "04T22@2": 0.027586206896551693, "05T35@2": 0.5976331360946748, "BUYER": 0.0, "SELLER": 0.0}