{"00T22@0": 0.22455089820359264, "01T22@0": 0.21621621621621623, "02T41@1": 0.4927007299270073, "03T40@1": 0.3120567375886525, "04T35@2": 0.6445012787723793, "05T23@2": 0.6218487394957981, "BUYER": 0.0, "SELLER": 0.0}