{"00T37@0": 0.0, "01T22@0": 0.012441679626749608, "02T29@1": 0.0, "03T23@1": 0.7683982683982679, "04T12@2": 0.06227758007117439, "05T22@2": 0.6907216494845362, "06T23@3": 0.6434782608695652, "07T35@3": 0.661157024793388, "BUYER": 0.0, "SELLER": 0.0}