{"00T06@0": 0.1111111111111111, "01T22@0": 0.10088495575221261, "02T22@1": 0.4496855345911946, "03T35@1": 0.7942857142857143, "04T15@2": 0.009505703422053228, "05T35@2": 0.6884615384615389, "BUYER": 0.0, "SELLER": 0.0}