{"time_limit": 10800, "spot_discount": 0.9, "spot_market_global_loss": 0.2, "neg_quota_step": 270, "n_processes": 5, "n_products": 6, "n_steps": 54, "financial_reports_period": 5, "exogenous_horizon": 11, "max_productivity": 1.0, "catalog_prices": [10, 19, 27, 35, 42, 59], "cash_availability": [1.5, 2.5], "expected_productivity": 0.9074074074074074, "expected_mean_profit": 0.05035434936557886, "initial_balance": [18469, 18469, 29840, 29840, 37746, 37746, 44210, 44210, 57544, 57544]}