,balance,assets,bankrupt,agent_id,step
0,963.0,170.0,False,00T41@0,0.0
1,680.0,592.2439024390244,False,00T41@0,5.0
2,963.0,170.0,False,01T41@0,0.0
3,637.0,654.5853658536586,False,01T41@0,5.0
4,1768.0,0.0,False,02T41@1,0.0
5,1687.0,261.0,False,02T41@1,5.0
6,1768.0,0.0,False,03T16@1,0.0
7,1768.0,0.0,False,03T16@1,5.0
8,2625.0,0.0,False,04T16@2,0.0
9,2040.0,0.0,False,04T16@2,5.0
10,2625.0,0.0,False,05T16@2,0.0
11,2326.0,0.0,False,05T16@2,5.0
12,,,,,
13,,,,,
14,,,,,
15,,,,,
