{"00T35@0": 0.6339285714285718, "01T22@0": 0.18066561014263088, "02T26@1": 0.0, "03T35@1": 0.5324074074074076, "04T16@2": 1.0, "05T35@2": 0.7150837988826816, "BUYER": 0.0, "SELLER": 0.0}