{"00T26@0": 0.03668261562998406, "01T22@0": 0.11111111111111126, "02T22@1": 0.11034482758620692, "03T35@1": 0.7236842105263158, "04T18@2": 0.5927272727272729, "05T35@2": 0.7386196769456672, "BUYER": 0.0, "SELLER": 0.0}