{"00T36@0": 0.07201646090534983, "01T23@0": 0.30287648054145533, "02T36@1": 0.23310023310023306, "03T23@1": 0.8732394366197183, "04T36@2": 0.0, "05T22@2": 0.0, "06T34@3": 0.3624999999999999, "07T34@3": 0.3782608695652174, "08T34@4": 1.0, "09T22@4": 0.018223234624145764, "BUYER": 0.0, "SELLER": 0.0}