{"00T34@0": 0.020547945205479447, "01T34@0": 0.0034482758620689616, "02T40@1": 0.5, "03T40@1": 0.2222222222222222, "04T40@2": 0.8343195266272188, "05T34@2": 1.0, "BUYER": 0.0, "SELLER": 0.0}