{"00T35@0": 0.008379888268156428, "01T23@0": 0.008620689655172417, "02T23@1": 0.0, "03T23@1": 0.0, "04T24@2": 1.0, "05T29@2": 1.0, "BUYER": 0.0, "SELLER": 0.0}