{"00T34@0": 0.25193798449612403, "01T26@0": 0.17933130699088148, "02T35@1": 0.10091743119266051, "03T35@1": 0.040816326530612235, "04T23@2": 0.8888888888888888, "05T35@2": 0.9142857142857143, "06T35@3": 0.852589641434263, "07T35@3": 0.8831168831168831, "08T23@4": 0.5315789473684212, "09T22@4": 0.0, "BUYER": 0.0, "SELLER": 0.0}