{"00T34@0": 0.12121212121212122, "01T35@0": 0.2264150943396226, "02T40@1": 0.5909090909090909, "03T22@1": 0.37837837837837823, "04T22@2": 0.0060790273556231, "05T22@2": 0.007462686567164176, "BUYER": 0.0, "SELLER": 0.0}