{"00T41@0": 0.028571428571428588, "01T36@0": 0.2831541218637992, "02T36@1": 0.23636363636363636, "03T36@1": 0.3532934131736526, "04T41@2": 0.11627906976744184, "05T41@2": 0.1125541125541126, "BUYER": 0.0, "SELLER": 0.0}