{"00T40@0": 0.1254019292604502, "01T35@0": 0.0, "02T24@1": 1.0, "03T23@1": 0.29347826086956524, "04T35@2": 0.9771428571428571, "05T35@2": 0.9398907103825137, "06T22@3": 0.0, "07T23@3": 0.6111111111111114, "BUYER": 0.0, "SELLER": 0.0}