{"time_limit": 10800, "spot_discount": 0.9, "spot_market_global_loss": 0.2, "neg_quota_step": 412, "n_processes": 4, "n_products": 5, "n_steps": 103, "financial_reports_period": 5, "exogenous_horizon": 45, "max_productivity": 1.0, "catalog_prices": [10, 14, 24, 31, 37], "cash_availability": [1.5, 2.5], "expected_productivity": 0.9611650485436893, "expected_mean_profit": 0.04713687150837989, "initial_balance": [25333, 25333, 40046, 40046, 57195, 57195, 66450, 66450]}