{"00T23@0": 0.50197628458498, "01T35@0": 0.32595573440643866, "02T26@1": 0.0, "03T22@1": 0.0, "04T24@2": 0.15909090909090914, "05T23@2": 0.6, "06T22@3": 0.4196428571428571, "07T22@3": 0.44761904761904764, "08T35@4": 0.7052023121387279, "09T23@4": 0.7085610200364296, "BUYER": 0.0, "SELLER": 0.0}