{"00T37@0": 0.0931174089068825, "01T35@0": 0.8106904231625832, "02T35@1": 0.6607669616519174, "03T35@1": 0.6144200626959248, "04T20@2": 0.8076923076923075, "05T35@2": 0.5332428765264592, "BUYER": 0.0, "SELLER": 0.0}