{"00T10@0": 0.3198804185351271, "01T10@0": 0.30194319880418535, "02T26@1": 0.21103117505995203, "03T26@1": 0.24938875305623479, "04T26@2": 0.0, "05T10@2": 0.024647887323943657, "BUYER": 0.0, "SELLER": 0.0}