{"00T23@0": 0.2838874680306911, "01T23@0": 0.309711286089239, "02T22@1": 0.05325443786982249, "03T23@1": 0.8938053097345132, "04T23@2": 0.6894409937888198, "05T22@2": 0.002906976744186042, "06T29@3": 0.0, "07T22@3": 0.004219409282700419, "08T19@4": 1.0, "09T23@4": 0.8358208955223883, "BUYER": 0.0, "SELLER": 0.0}