{"00T22@0": 0.1963470319634703, "01T23@0": 0.29140461215932906, "02T36@1": 0.09652509652509655, "03T23@1": 0.6165413533834585, "04T24@2": 0.4, "05T22@2": 0.1588785046728972, "06T23@3": 0.8742138364779872, "07T22@3": 0.47031963470319615, "08T23@4": 0.6968421052631579, "09T35@4": 0.7401574803149606, "BUYER": 0.0, "SELLER": 0.0}