{"00T20@0": 0.08563535911602216, "01T22@0": 0.22702702702702704, "02T22@1": 0.2677595628415302, "03T35@1": 0.6255707762557082, "04T09@2": 0.0, "05T35@2": 0.6125760649087227, "BUYER": 0.0, "SELLER": 0.0}