{"00T29@0": 0.0, "01T23@0": 0.0, "02T35@1": 1.0, "03T23@1": 1.0, "04T22@2": 0.0, "05T22@2": 0.0, "06T37@3": 0.3626373626373628, "07T12@3": 0.0, "08T35@4": 0.7880184331797238, "09T35@4": 0.824561403508772, "BUYER": 0.0, "SELLER": 0.0}