{"00T35@0": 0.32656826568265696, "01T22@0": 0.1680161943319838, "02T33@1": 0.08201892744479503, "03T35@1": 0.5416666666666666, "04T14@2": 1.0, "05T35@2": 0.7335907335907343, "BUYER": 0.0, "SELLER": 0.0}