{"00T21@0": 0.0, "01T22@0": 0.18, "02T35@1": 0.7241379310344828, "03T22@1": 0.0, "04T09@2": 0.0, "05T35@2": 0.0, "06T35@3": 0.9354838709677419, "07T35@3": 0.9714285714285714, "BUYER": 0.0, "SELLER": 0.0}