{"00T22@0": 0.1536050156739813, "01T22@0": 0.14999999999999994, "02T35@1": 0.5348837209302326, "03T23@1": 0.4367816091954024, "04T20@2": 0.7846153846153844, "05T34@2": 0.5176470588235295, "BUYER": 0.0, "SELLER": 0.0}