{"00T41@0": 0.02140077821011671, "01T35@0": 0.1703853955375254, "02T06@1": 0.0, "03T22@1": 0.39627659574468094, "04T22@2": 0.0389908256880734, "05T22@2": 0.035564853556485365, "BUYER": 0.0, "SELLER": 0.0}