{"00T22@0": 0.25978647686832745, "01T23@0": 0.5788561525129984, "02T20@1": 0.5287569573283862, "03T22@1": 0.0995260663507109, "04T38@2": 0.0, "05T35@2": 0.721706864564007, "BUYER": 0.0, "SELLER": 0.0}