{"00T22@0": 0.0, "01T22@0": 0.0, "02T34@1": 0.8941176470588236, "03T08@1": 0.9137055837563451, "04T22@2": 0.5312500000000002, "05T35@2": 0.7339743589743588, "06T35@3": 0.5423423423423427, "07T35@3": 0.5255198487712667, "BUYER": 0.0, "SELLER": 0.0}