{"time_limit": 10800, "spot_discount": 0.9, "spot_market_global_loss": 0.2, "neg_quota_step": 368, "n_processes": 4, "n_products": 5, "n_steps": 92, "financial_reports_period": 5, "exogenous_horizon": 43, "max_productivity": 1.0, "catalog_prices": [10, 14, 23, 30, 40], "cash_availability": [1.5, 2.5], "expected_productivity": 0.9565217391304348, "expected_mean_profit": 0.07999458228929533, "initial_balance": [23580, 23580, 39443, 39443, 57771, 57771, 71169, 71169]}