{"00T35@0": 0.173828125, "01T35@0": 0.18565400843881857, "02T29@1": 0.0, "03T40@1": 0.0, "04T22@2": 0.6728971962616821, "05T35@2": 0.8176352705410824, "BUYER": 0.0, "SELLER": 0.0}