{"00T29@0": 0.0, "01T23@0": 0.2359307359307356, "02T23@1": 0.8359621451104098, "03T23@1": 0.8519637462235647, "04T38@2": 0.0, "05T35@2": 0.6107382550335574, "BUYER": 0.0, "SELLER": 0.0}