{"00T41@0": 0.24742268041237084, "01T41@0": 0.25714285714285706, "02T41@1": 0.6103896103896099, "03T40@1": 0.4786885245901639, "04T40@2": 0.02451838879159369, "05T40@2": 0.032015065913371, "BUYER": 0.0, "SELLER": 0.0}