{"time_limit": 10800, "spot_discount": 0.9, "spot_market_global_loss": 0.2, "neg_quota_step": 373, "n_processes": 3, "n_products": 4, "n_steps": 83, "financial_reports_period": 5, "exogenous_horizon": 20, "max_productivity": 1.0, "catalog_prices": [10, 19, 29, 39], "cash_availability": [1.5, 2.5], "expected_productivity": 0.642570281124498, "expected_mean_profit": 0.06545068177793519, "initial_balance": [29938, 29938, 47432, 47432, 25522, 25522, 25522, 25522, 25522]}