{"00T08@0": 0.09657320872274146, "01T35@0": 0.40601503759398505, "02T26@1": 0.25301204819277107, "03T22@1": 0.36286919831223635, "04T22@2": 0.016085790884718485, "05T22@2": 0.005571030640668514, "BUYER": 0.0, "SELLER": 0.0}