{"00T36@0": 0.25344827586206886, "01T35@0": 0.8092643051771119, "02T41@1": 0.11151079136690648, "03T22@1": 0.37142857142857144, "04T22@2": 0.023157894736842127, "05T22@2": 0.021459227467811152, "BUYER": 0.0, "SELLER": 0.0}