{"00T38@0": 0.0, "01T19@0": 0.0, "02T38@1": 0.05226480836236934, "03T19@1": 0.0, "04T23@2": 0.774193548387097, "05T35@2": 0.5988372093023258, "06T38@3": 0.0, "07T22@3": 0.003952569169960471, "08T19@4": 1.0, "09T22@4": 0.4681818181818182, "BUYER": 0.0, "SELLER": 0.0}