{"00T20@0": 0.12832929782082333, "01T22@0": 0.11421911421911417, "02T22@1": 0.30857142857142866, "03T22@1": 0.3333333333333333, "04T22@2": 0.4136363636363637, "05T35@2": 0.4268292682926831, "06T35@3": 0.5691489361702127, "07T23@3": 0.5806451612903222, "08T34@4": 0.5640138408304497, "09T22@4": 0.0, "BUYER": 0.0, "SELLER": 0.0}