{"00T35@0": 0.3142857142857143, "01T35@0": 0.3005464480874317, "02T22@1": 0.0, "03T22@1": 0.003105590062111797, "04T22@2": 0.47115384615384615, "05T22@2": 0.5014836795252222, "06T15@3": 0.36694677871148446, "07T04@3": 0.26376811594202887, "08T22@4": 0.0, "09T22@4": 0.002123142250530783, "BUYER": 0.0, "SELLER": 0.0}