{"00T24@0": 0.0, "01T24@0": 0.0, "02T37@1": 0.9344262295081968, "03T35@1": 0.9880952380952381, "04T37@2": 0.005780346820809248, "05T35@2": 0.8181818181818182, "06T37@3": 0.03164556962025315, "07T24@3": 0.9863945578231292, "BUYER": 0.0, "SELLER": 0.0}