{"time_limit": 10800, "spot_discount": 0.9, "spot_market_global_loss": 0.2, "neg_quota_step": 308, "n_processes": 4, "n_products": 5, "n_steps": 77, "financial_reports_period": 5, "exogenous_horizon": 28, "max_productivity": 1.0, "catalog_prices": [10, 19, 30, 39, 49], "cash_availability": [1.5, 2.5], "expected_productivity": 0.948051948051948, "expected_mean_profit": 0.12368457867657345, "initial_balance": [17870, 17870, 31161, 31161, 34345, 34345, 45290, 45290]}