{"00T24@0": 0.007894736842105263, "01T38@0": 0.0, "02T24@1": 0.522935779816514, "03T38@1": 0.024475524475524486, "04T24@2": 0.16666666666666666, "05T38@2": 0.027972027972027944, "06T35@3": 0.8086956521739129, "07T35@3": 0.835990888382688, "BUYER": 0.0, "SELLER": 0.0}