{"00T36@0": 0.26058631921824094, "01T35@0": 0.0, "02T35@1": 0.7582417582417582, "03T35@1": 0.7228260869565214, "04T22@2": 0.0, "05T23@2": 1.0, "06T35@3": 0.5449101796407185, "07T23@3": 0.5942028985507247, "08T29@4": 1.0, "09T35@4": 0.5371428571428573, "BUYER": 0.0, "SELLER": 0.0}