{"00T15@0": 0.0, "01T08@0": 0.0, "02T15@1": 0.2222222222222222, "03T08@1": 0.3333333333333333, "04T15@2": 0.5416666666666666, "05T08@2": 0.7647058823529411, "BUYER": 0.0, "SELLER": 0.0}