{"00T40@0": 0.05405405405405406, "01T36@0": 0.038869257950530076, "02T40@1": 0.6097560975609754, "03T40@1": 0.6388888888888887, "04T36@2": 0.0728862973760933, "05T36@2": 0.06395348837209305, "BUYER": 0.0, "SELLER": 0.0}