{"00T35@0": 0.15697137580794107, "01T35@0": 0.1636188642925891, "02T35@1": 0.9672131147540983, "03T22@1": 0.4981084489281214, "04T35@2": 0.5351270553064271, "05T35@2": 0.572964669738864, "06T34@3": 0.5481481481481473, "07T40@3": 0.0, "BUYER": 0.0, "SELLER": 0.0}