{"00T38@0": 0.0, "01T35@0": 0.2085769980506822, "02T26@1": 0.055384615384615386, "03T22@1": 0.1379310344827586, "04T22@2": 0.025, "05T22@2": 0.0, "BUYER": 0.0, "SELLER": 0.0}