{"00T41@0": 0.0, "01T22@0": 0.0543478260869566, "02T19@1": 0.0, "03T22@1": 0.3906810035842294, "04T22@2": 0.03030303030303032, "05T23@2": 0.7514792899408288, "BUYER": 0.0, "SELLER": 0.0}