{"00T22@0": 0.11695906432748536, "01T35@0": 0.31165311653116556, "02T24@1": 0.0, "03T07@1": 0.21830985915492956, "04T35@2": 0.8530351437699677, "05T35@2": 0.8322368421052633, "BUYER": 0.0, "SELLER": 0.0}