{"00T15@0": 0.0, "01T06@0": 0.07692307692307693, "02T06@1": 0.0, "03T06@1": 0.0, "04T15@2": 1.0, "05T15@2": 0.9574468085106383, "BUYER": 0.0, "SELLER": 0.0}