{"00T35@0": 0.4498567335243553, "01T23@0": 0.6220472440944889, "02T40@1": 0.4218009478672986, "03T22@1": 0.4096109839816932, "04T26@2": 0.0021978021978021948, "05T22@2": 0.01704545454545454, "BUYER": 0.0, "SELLER": 0.0}