{"00T22@0": 0.13229571984435798, "01T35@0": 0.7604562737642585, "02T06@1": 0.0, "03T41@1": 0.16847826086956522, "04T35@2": 0.7878787878787878, "05T35@2": 0.8467153284671532, "06T35@3": 0.7147147147147145, "07T22@3": 0.0, "BUYER": 0.0, "SELLER": 0.0}