{"00T09@0": 0.0, "01T22@0": 0.14339622641509428, "02T22@1": 0.20192307692307693, "03T35@1": 0.7683823529411765, "04T18@2": 0.41263940520446096, "05T35@2": 0.7150170648464169, "BUYER": 0.0, "SELLER": 0.0}