{"00T35@0": 0.07657657657657657, "01T22@0": 0.031175059952038342, "02T09@1": 0.0, "03T35@1": 0.8231511254019295, "04T03@2": 0.20853080568720372, "05T35@2": 0.8037190082644631, "BUYER": 0.0, "SELLER": 0.0}