{"00T23@0": 0.0, "01T23@0": 0.0, "02T35@1": 1.0, "03T23@1": 1.0, "04T24@2": 0.0, "05T22@2": 0.18333333333333332, "06T35@3": 0.7500000000000002, "07T35@3": 0.7500000000000002, "08T41@4": 0.3987730061349694, "09T22@4": 0.0, "BUYER": 0.0, "SELLER": 0.0}