{"00T22@0": 0.020905923344947744, "01T35@0": 0.6319612590799037, "02T19@1": 0.0, "03T40@1": 0.0, "04T19@2": 0.0, "05T19@2": 0.0, "06T23@3": 1.0, "07T22@3": 1.0, "08T40@4": 0.0, "09T40@4": 0.0, "BUYER": 0.0, "SELLER": 0.0}