{"time_limit": 10800, "spot_discount": 0.9, "spot_market_global_loss": 0.2, "neg_quota_step": 305, "n_processes": 5, "n_products": 6, "n_steps": 61, "financial_reports_period": 5, "exogenous_horizon": 27, "max_productivity": 1.0, "catalog_prices": [10, 16, 27, 40, 46, 63], "cash_availability": [1.5, 2.5], "expected_productivity": 0.9180327868852459, "expected_mean_profit": 0.060889125621239, "initial_balance": [17652, 17652, 32385, 32385, 46438, 46438, 58591, 58591, 72101, 72101]}