{"time_limit": 10800, "spot_discount": 0.9, "spot_market_global_loss": 0.2, "neg_quota_step": 276, "n_processes": 4, "n_products": 5, "n_steps": 69, "financial_reports_period": 5, "exogenous_horizon": 28, "max_productivity": 1.0, "catalog_prices": [10, 17, 21, 35, 47], "cash_availability": [1.5, 2.5], "expected_productivity": 0.9420289855072463, "expected_mean_profit": 0.06517924291802457, "initial_balance": [23013, 23013, 27847, 27847, 45951, 45951, 62749, 62749]}