{"00T35@0": 0.22064516129032258, "01T35@0": 0.21563682219419925, "02T35@1": 0.0, "03T22@1": 0.5471236230110166, "04T35@2": 0.5462753950338597, "05T35@2": 0.4778761061946901, "06T37@3": 0.03146853146853148, "07T07@3": 0.12146422628951747, "BUYER": 0.0, "SELLER": 0.0}