{"00T09@0": 0.0, "01T35@0": 0.3723076923076924, "02T38@1": 0.0, "03T22@1": 0.19629629629629636, "04T22@2": 0.015624999999999984, "05T22@2": 0.026315789473684202, "BUYER": 0.0, "SELLER": 0.0}