{"00T07@0": 0.0, "01T20@0": 0.13333333333333333, "02T07@1": 0.0, "03T20@1": 0.3, "04T07@2": 0.4166666666666667, "05T20@2": 1.0, "BUYER": 0.0, "SELLER": 0.0}