,balance,assets,bankrupt,agent_id,step
0,1226.0,190.0,False,00T07@0,0.0
1,826.0,832.7468581687613,False,00T07@0,5.0
2,1266.0,80.0,False,01T20@0,0.0
3,1184.0,300.0,False,01T20@0,5.0
4,2239.0,0.0,False,02T07@1,0.0
5,1919.0,438.4,False,02T07@1,5.0
6,2239.0,0.0,False,03T20@1,0.0
7,2024.0,0.0,False,03T20@1,5.0
8,3325.0,0.0,False,04T07@2,0.0
9,3360.0,156.00000000000003,False,04T07@2,5.0
10,3325.0,0.0,False,05T20@2,0.0
11,2977.0,0.0,False,05T20@2,5.0
12,,,,,
13,,,,,
14,,,,,
15,,,,,
