{"00T10@0": 0.13559322033898297, "01T24@0": 0.0, "02T24@1": 0.46153846153846156, "03T23@1": 0.6504854368932036, "04T10@2": 0.5379310344827583, "05T24@2": 0.0, "06T10@3": 0.038461538461538464, "07T22@3": 0.02723735408560313, "BUYER": 0.0, "SELLER": 0.0}