{"time_limit": 10800, "spot_discount": 0.9, "spot_market_global_loss": 0.2, "neg_quota_step": 268, "n_processes": 4, "n_products": 5, "n_steps": 67, "financial_reports_period": 5, "exogenous_horizon": 27, "max_productivity": 1.0, "catalog_prices": [10, 18, 24, 30, 37], "cash_availability": [1.5, 2.5], "expected_productivity": 0.9402985074626866, "expected_mean_profit": 0.09287860492544439, "initial_balance": [17185, 17185, 24346, 24346, 28985, 28985, 36317, 36317]}