{"00T22@0": 0.0, "01T23@0": 0.05395683453237409, "02T29@1": 0.0, "03T23@1": 0.78, "04T15@2": 0.6158940397350994, "05T35@2": 0.8293515358361776, "BUYER": 0.0, "SELLER": 0.0}