{"00T20@0": 0.0, "01T35@0": 0.0, "02T35@1": 1.0, "03T35@1": 1.0, "04T22@2": 0.05904059040590401, "05T23@2": 1.0, "06T35@3": 0.7590361445783131, "07T23@3": 0.6823529411764703, "08T40@4": 0.0, "09T35@4": 0.719047619047619, "BUYER": 0.0, "SELLER": 0.0}