{"00T35@0": 0.2912912912912909, "01T22@0": 0.10676156583629894, "02T06@1": 0.0, "03T35@1": 0.6060606060606061, "04T16@2": 1.0, "05T35@2": 0.5928753180661575, "BUYER": 0.0, "SELLER": 0.0}