{"00T36@0": 0.0, "01T37@0": 0.0, "02T37@1": 1.0, "03T41@1": 0.6666666666666666, "04T41@1": 0.5, "05T36@2": 0.2727272727272727, "06T24@2": 0.0, "07T37@3": 0.0, "08T41@3": 0.4, "09T24@4": 1.0, "10T24@4": 1.0, "11T36@4": 0.2222222222222222, "BUYER": 0.0, "SELLER": 0.0}