{"00T36@0": 0.16142557651991601, "01T37@0": 0.0358649789029536, "02T37@1": 0.10738255033557052, "03T36@1": 0.26424870466321243, "04T41@2": 0.6058091286307054, "05T22@2": 0.375, "06T36@3": 0.3265993265993266, "07T41@3": 0.5775577557755773, "08T37@4": 0.030120481927710836, "09T41@4": 0.30543933054393296, "BUYER": 0.0, "SELLER": 0.0}