{"00T09@0": 0.0, "01T22@0": 0.0025125628140703483, "02T09@1": 0.0, "03T22@1": 0.08461538461538462, "04T38@2": 0.0, "05T22@2": 0.0684931506849315, "06T38@3": 0.28125, "07T09@3": 0.0, "08T38@4": 0.15384615384615385, "09T35@4": 0.9791666666666666, "BUYER": 0.0, "SELLER": 0.0}