{"00T41@0": 0.250936329588015, "01T22@0": 0.22448979591836718, "02T23@1": 0.5599999999999999, "03T35@1": 0.6804733727810648, "04T36@2": 0.3114035087719297, "05T41@2": 0.5121951219512197, "06T36@3": 0.2796934865900383, "07T22@3": 0.2835820895522389, "08T41@4": 0.33198380566801605, "09T36@4": 0.028368794326241106, "BUYER": 0.0, "SELLER": 0.0}