{"00T17@0": 0.24652777777777782, "01T37@0": 0.028436018957345984, "02T17@1": 0.10810810810810811, "03T22@1": 0.15999999999999998, "04T37@2": 0.20535714285714296, "05T37@2": 0.22000000000000003, "06T17@3": 0.030769230769230757, "07T22@3": 0.037383177570093434, "BUYER": 0.0, "SELLER": 0.0}