{"00T41@0": 0.08783783783783781, "01T22@0": 0.15352697095435688, "02T22@1": 0.2857142857142855, "03T35@1": 0.6461538461538464, "04T06@2": 0.0, "05T35@2": 0.6092814371257482, "BUYER": 0.0, "SELLER": 0.0}