{"00T20@0": 0.16193181818181818, "01T22@0": 0.10130718954248362, "02T23@1": 0.8023255813953488, "03T22@1": 0.35051546391752575, "04T22@2": 0.030042918454935643, "05T22@2": 0.05327868852459018, "06T32@3": 1.0, "07T35@3": 0.6649484536082472, "08T22@4": 0.0, "09T23@4": 0.7085561497326198, "BUYER": 0.0, "SELLER": 0.0}