{"time_limit": 10800, "spot_discount": 0.9, "spot_market_global_loss": 0.2, "neg_quota_step": 360, "n_processes": 5, "n_products": 6, "n_steps": 72, "financial_reports_period": 5, "exogenous_horizon": 23, "max_productivity": 1.0, "catalog_prices": [10, 21, 27, 35, 45, 52], "cash_availability": [1.5, 2.5], "expected_productivity": 0.9305555555555556, "expected_mean_profit": 0.045611957969513096, "initial_balance": [30105, 30105, 37297, 37297, 52602, 52602, 69911, 69911, 80365, 80365]}