{"00T37@0": 0.14215686274509803, "01T35@0": 0.5394190871369294, "02T22@1": 0.1801242236024845, "03T22@1": 0.09615384615384623, "04T22@2": 0.08771929824561403, "05T23@2": 0.5815602836879431, "06T19@3": 1.0, "07T23@3": 0.5805084745762714, "BUYER": 0.0, "SELLER": 0.0}