{"00T23@0": 0.10270270270270274, "01T35@0": 0.0, "02T20@1": 0.13636363636363635, "03T23@1": 1.0, "04T27@2": 0.0, "05T35@2": 0.9640287769784173, "06T22@3": 0.07647058823529414, "07T23@3": 0.718061674008811, "BUYER": 0.0, "SELLER": 0.0}