{"00T23@0": 0.43724696356275305, "01T35@0": 0.3614457831325301, "02T26@1": 0.10000000000000003, "03T23@1": 0.6809815950920245, "04T29@2": 1.0, "05T23@2": 0.4714285714285717, "BUYER": 0.0, "SELLER": 0.0}