{"00T09@0": 0.0, "01T22@0": 0.25925925925925924, "02T35@1": 0.14285714285714285, "03T22@1": 0.5454545454545454, "04T06@2": 0.0, "05T35@2": 0.0, "06T35@3": 0.9411764705882353, "07T35@3": 0.8, "BUYER": 0.0, "SELLER": 0.0}