{"00T20@0": 0.0, "01T22@0": 0.005405405405405396, "02T12@1": 0.037037037037037035, "03T22@1": 0.01587301587301587, "04T37@2": 0.2571428571428571, "05T29@2": 1.0, "BUYER": 0.0, "SELLER": 0.0}