{"00T23@0": 0.0, "01T23@0": 0.0, "02T35@1": 1.0, "03T23@1": 1.0, "04T29@2": 0.0, "05T22@2": 0.003105590062111797, "06T35@3": 0.6881188118811887, "07T35@3": 0.671875, "08T20@4": 1.0, "09T22@4": 0.0, "BUYER": 0.0, "SELLER": 0.0}