{"00T35@0": 0.21244635193133055, "01T22@0": 0.002525252525252522, "02T06@1": 0.0, "03T35@1": 0.7972027972027972, "04T08@2": 0.003571428571428568, "05T35@2": 0.7265469061876245, "BUYER": 0.0, "SELLER": 0.0}