{"00T22@0": 0.0021598272138228913, "01T35@0": 0.4928315412186382, "02T40@1": 0.10826210826210834, "03T20@1": 0.0, "04T35@2": 0.8154506437768241, "05T23@2": 0.7377049180327869, "06T23@3": 0.6895306859205773, "07T23@3": 0.7069846678023848, "BUYER": 0.0, "SELLER": 0.0}