{"00T15@0": 0.07216494845360828, "01T35@0": 0.5486935866983372, "02T29@1": 0.0, "03T22@1": 0.32520325203252026, "04T22@2": 0.03305785123966941, "05T22@2": 0.030898876404494412, "BUYER": 0.0, "SELLER": 0.0}