{"00T02@0": 0.055555555555555546, "01T02@0": 0.06043956043956044, "02T05@0": 0.0, "03T29@1": 0.0, "04T29@1": 0.0, "05T12@1": 0.0, "06T12@1": 0.0, "07T29@2": 0.0, "08T05@2": 0.0, "09T05@3": 1.0, "10T02@3": 1.0, "11T12@3": 0.0, "BUYER": 0.0, "SELLER": 0.0}