{"00T20@0": 0.0, "01T20@0": 0.0, "02T12@1": 0.0, "03T12@1": 0.0, "04T29@1": 0.0, "05T37@1": 1.0, "06T29@2": 0.0, "07T12@2": 0.0, "08T37@2": 0.7142857142857143, "09T29@2": 0.0, "10T37@3": 0.7050000000000002, "11T20@3": 1.0, "BUYER": 0.0, "SELLER": 0.0}