{"time_limit": 10800, "spot_discount": 0.9, "spot_market_global_loss": 0.2, "neg_quota_step": 420, "n_processes": 4, "n_products": 5, "n_steps": 70, "financial_reports_period": 5, "exogenous_horizon": 26, "max_productivity": 1.0, "catalog_prices": [10, 16, 24, 35, 42], "cash_availability": [1.5, 2.5], "expected_productivity": 0.6285714285714286, "expected_mean_profit": 0.08241876286814072, "initial_balance": [15177, 15177, 11274, 11274, 11274, 11274, 16640, 16640, 16640, 16640, 40705, 40705]}