{"time_limit": 10800, "spot_discount": 0.9, "spot_market_global_loss": 0.2, "neg_quota_step": 488, "n_processes": 4, "n_products": 5, "n_steps": 122, "financial_reports_period": 5, "exogenous_horizon": 25, "max_productivity": 1.0, "catalog_prices": [10, 20, 35, 44, 59], "cash_availability": [1.5, 2.5], "expected_productivity": 0.9672131147540983, "expected_mean_profit": 0.12228954081632654, "initial_balance": [30396, 30396, 51762, 51762, 66691, 66691, 89487, 89487]}