{"00T35@0": 0.09254498714652956, "01T22@0": 0.14563106796116512, "02T00@1": 0.0, "03T35@1": 0.6024096385542169, "04T36@2": 0.256198347107438, "05T35@2": 0.7607223476297966, "BUYER": 0.0, "SELLER": 0.0}