{"00T35@0": 0.15915363385464568, "01T35@0": 0.1553748870822042, "02T35@1": 0.9640718562874252, "03T22@1": 0.4674965421853389, "04T35@2": 0.4937759336099586, "05T35@2": 0.4969818913480885, "06T41@3": 0.0, "07T34@3": 0.4918518518518517, "BUYER": 0.0, "SELLER": 0.0}