{"00T22@0": 0.20631067961165034, "01T22@0": 0.1893939393939394, "02T35@1": 0.2892561983471075, "03T23@1": 0.3076923076923077, "04T23@2": 0.7906976744186046, "05T23@2": 0.8441558441558443, "06T34@3": 0.4062500000000001, "07T35@3": 0.7272727272727273, "08T19@4": 1.0, "09T35@4": 0.6428571428571433, "BUYER": 0.0, "SELLER": 0.0}