{"time_limit": 10800, "spot_discount": 0.9, "spot_market_global_loss": 0.2, "neg_quota_step": 360, "n_processes": 4, "n_products": 5, "n_steps": 80, "financial_reports_period": 5, "exogenous_horizon": 23, "max_productivity": 1.0, "catalog_prices": [10, 17, 28, 41, 54], "cash_availability": [1.5, 2.5], "expected_productivity": 1.2666666666666666, "expected_mean_profit": 0.0944197552485825, "initial_balance": [21808, 21808, 21808, 52338, 52338, 75781, 75781, 113243, 113243]}