{"00T22@0": 0.0, "01T23@0": 0.09235668789808917, "02T34@1": 0.6126760563380281, "03T23@1": 0.8469387755102041, "04T10@2": 0.042553191489361694, "05T35@2": 0.7258064516129032, "BUYER": 0.0, "SELLER": 0.0}