{"00T40@0": 0.27342256214149097, "01T35@0": 0.7634730538922158, "02T35@1": 0.5163636363636365, "03T35@1": 0.5316901408450706, "04T24@2": 1.0, "05T35@2": 0.5779220779220781, "BUYER": 0.0, "SELLER": 0.0}