{"00T33@0": 0.0, "01T29@0": 0.0, "02T29@1": 0.0, "03T22@1": 0.15068493150684936, "04T33@2": 0.3983050847457627, "05T29@2": 0.0, "06T33@3": 0.12162162162162157, "07T22@3": 0.07075471698113214, "BUYER": 0.0, "SELLER": 0.0}