{"00T36@0": 0.0, "01T12@0": 0.0, "02T12@1": 0.0, "03T12@1": 0.0, "04T36@2": 0.8219895287958116, "05T22@2": 0.7309417040358744, "06T41@3": 0.3730886850152904, "07T41@3": 0.3993993993993994, "08T36@4": 0.020151133501259418, "09T41@4": 0.46578947368421075, "BUYER": 0.0, "SELLER": 0.0}