{"00T06@0": 0.2, "01T35@0": 0.5000000000000001, "02T37@1": 0.09316770186335403, "03T22@1": 0.5518134715025904, "04T22@2": 0.014051522248243546, "05T22@2": 0.015217391304347825, "BUYER": 0.0, "SELLER": 0.0}