{"00T35@0": 0.30740181268882216, "01T35@0": 0.3229317851959366, "02T35@1": 0.0, "03T22@1": 0.29884393063583803, "04T35@2": 0.04910714285714281, "05T35@2": 0.08369098712446352, "06T16@3": 1.0, "07T06@3": 0.6490384615384611, "BUYER": 0.0, "SELLER": 0.0}