{"00T40@0": 0.047619047619047616, "01T19@0": 0.0, "02T19@1": 0.0, "03T23@1": 0.5361445783132531, "04T40@2": 0.47761194029850745, "05T19@2": 0.0, "06T35@3": 0.7550335570469797, "07T23@3": 0.6827586206896551, "08T40@4": 0.0, "09T23@4": 0.6727272727272732, "BUYER": 0.0, "SELLER": 0.0}