{"time_limit": 10800, "spot_discount": 0.9, "spot_market_global_loss": 0.2, "neg_quota_step": 440, "n_processes": 5, "n_products": 6, "n_steps": 88, "financial_reports_period": 5, "exogenous_horizon": 27, "max_productivity": 1.0, "catalog_prices": [10, 20, 24, 36, 50, 62], "cash_availability": [1.5, 2.5], "expected_productivity": 0.9431818181818182, "expected_mean_profit": 0.0740886596043529, "initial_balance": [31433, 31433, 41048, 41048, 52790, 52790, 75347, 75347, 104098, 104098]}