{"00T24@0": 0.0, "01T35@0": 0.05769230769230778, "02T40@1": 0.6056338028169014, "03T24@1": 1.0, "04T40@2": 0.19298245614035087, "05T24@2": 0.07407407407407407, "06T40@3": 0.7169811320754716, "07T23@3": 0.814814814814815, "BUYER": 0.0, "SELLER": 0.0}