{"00T38@0": 0.04708097928436914, "01T26@0": 0.0, "02T38@1": 0.03493449781659387, "03T38@1": 0.05673758865248225, "04T26@2": 0.018823529411764687, "05T26@2": 0.01612903225806452, "BUYER": 0.0, "SELLER": 0.0}