{"00T06@0": 0.05555555555555555, "01T35@0": 0.2024691358024692, "02T24@1": 0.9090909090909091, "03T22@1": 0.4897959183673469, "04T22@2": 0.13780918727915184, "05T22@2": 0.05190311418685124, "BUYER": 0.0, "SELLER": 0.0}