,balance,assets,bankrupt,agent_id,step
0,1573.0,119.0,False,00T37@0,0.0
1,1263.0,646.0,False,00T37@0,5.0
2,1513.0,200.0,False,01T41@0,0.0
3,1243.0,680.0,False,01T41@0,5.0
4,2734.0,0.0,False,02T37@1,0.0
5,2798.0,0.0,False,02T37@1,5.0
6,2734.0,0.0,False,03T41@1,0.0
7,2544.0,0.0,False,03T41@1,5.0
8,4059.0,0.0,False,04T37@2,0.0
9,3766.0,39.00000000000001,False,04T37@2,5.0
10,4059.0,0.0,False,05T41@2,0.0
11,3817.0,390.00000000000006,False,05T41@2,5.0
12,,,,,
13,,,,,
14,,,,,
15,,,,,
