{"00T34@0": 0.14028776978417262, "01T22@0": 0.18539325842696622, "02T22@1": 0.1386138613861387, "03T35@1": 0.5714285714285713, "04T16@2": 1.0, "05T35@2": 0.6310043668122273, "BUYER": 0.0, "SELLER": 0.0}