{"00T22@0": 0.1373239436619718, "01T35@0": 0.33033033033033044, "02T37@1": 0.0903225806451613, "03T06@1": 0.0, "04T35@2": 0.7564935064935066, "05T35@2": 0.8041958041958043, "BUYER": 0.0, "SELLER": 0.0}