{"00T29@0": 0.0, "01T37@0": 0.03153153153153153, "02T40@1": 0.0, "03T37@1": 0.0, "04T40@2": 0.7733333333333333, "05T40@2": 0.8533333333333334, "06T29@2": 0.0, "07T12@3": 0.05128205128205124, "08T12@3": 0.03937007874015748, "09T29@4": 1.0, "10T12@4": 0.0, "11T37@4": 0.9333333333333333, "BUYER": 0.0, "SELLER": 0.0}