{"00T22@0": 0.12189054726368159, "01T35@0": 0.2597701149425291, "02T07@1": 0.16607773851590105, "03T24@1": 1.0, "04T35@2": 0.875, "05T35@2": 0.8703703703703703, "BUYER": 0.0, "SELLER": 0.0}