{"00T35@0": 0.6159638554216866, "01T22@0": 0.13661202185792354, "02T41@1": 0.03289473684210526, "03T35@1": 0.7533039647577096, "04T17@2": 0.0, "05T35@2": 0.7439198855507868, "BUYER": 0.0, "SELLER": 0.0}