{"time_limit": 10800, "spot_discount": 0.9, "spot_market_global_loss": 0.2, "neg_quota_step": 372, "n_processes": 4, "n_products": 5, "n_steps": 93, "financial_reports_period": 5, "exogenous_horizon": 41, "max_productivity": 1.0, "catalog_prices": [10, 17, 22, 29, 38], "cash_availability": [1.5, 2.5], "expected_productivity": 0.956989247311828, "expected_mean_profit": 0.07625617867504206, "initial_balance": [30015, 30015, 40843, 40843, 51991, 51991, 69142, 69142]}