{"00T36@0": 0.38874680306905385, "01T23@0": 0.0, "02T35@1": 0.06666666666666661, "03T23@1": 0.21818181818181825, "04T19@2": 0.0, "05T23@2": 0.8264462809917356, "06T35@3": 0.851063829787234, "07T22@3": 0.5020080321285141, "08T22@4": 0.0, "09T23@4": 0.5810810810810819, "BUYER": 0.0, "SELLER": 0.0}