{"00T22@0": 0.0513595166163142, "01T23@0": 0.046583850931677065, "02T24@1": 1.0, "03T23@1": 0.7391304347826086, "04T37@2": 0.48571428571428577, "05T35@2": 0.8409090909090907, "BUYER": 0.0, "SELLER": 0.0}