{"00T23@0": 0.39255014326647564, "01T35@0": 0.3265993265993267, "02T37@1": 0.0, "03T40@1": 0.004081632653061222, "04T40@2": 0.14606741573033713, "05T37@2": 0.07563025210084033, "06T40@3": 0.31182795698924726, "07T35@3": 0.7857142857142857, "08T37@4": 0.0, "09T35@4": 0.7115987460815045, "BUYER": 0.0, "SELLER": 0.0}