{"00T22@0": 0.04830917874396135, "01T23@0": 0.020833333333333325, "02T24@1": 0.5, "03T23@1": 0.797752808988764, "04T07@2": 0.5625, "05T35@2": 0.8186046511627907, "BUYER": 0.0, "SELLER": 0.0}