{"00T40@0": 0.0, "01T40@0": 0.0, "02T40@1": 0.0, "03T38@1": 0.6842105263157895, "04T38@2": 0.06666666666666667, "05T38@2": 0.0, "BUYER": 0.0, "SELLER": 0.0}