{"00T37@0": 0.009671179883945839, "01T37@0": 0.011235955056179763, "02T40@1": 0.026737967914438502, "03T40@1": 0.04123711340206184, "04T40@2": 0.7193675889328061, "05T37@2": 0.04183266932270916, "BUYER": 0.0, "SELLER": 0.0}