{"00T23@0": 0.3939393939393939, "01T35@0": 0.31511254019292595, "02T22@1": 0.11864406779661014, "03T22@1": 0.09012875536480686, "04T36@2": 0.020833333333333315, "05T22@2": 0.0185185185185185, "06T34@3": 0.6470588235294118, "07T22@3": 0.44148936170212766, "08T23@4": 0.7220543806646524, "09T22@4": 0.014705882352941164, "BUYER": 0.0, "SELLER": 0.0}