{"00T23@0": 0.18363273453093812, "01T22@0": 0.05656108597285069, "02T40@1": 0.27974276527331177, "03T20@1": 0.0, "04T23@2": 0.5833333333333335, "05T23@2": 0.547945205479452, "06T23@3": 0.7836065573770491, "07T35@3": 0.7770034843205571, "08T23@4": 0.5882352941176472, "09T22@4": 0.0, "BUYER": 0.0, "SELLER": 0.0}