{"00T20@0": 0.0, "01T41@0": 0.1563517915309446, "02T12@1": 0.5, "03T41@1": 0.35135135135135137, "04T20@2": 0.0, "05T20@2": 0.0, "06T12@2": 0.06666666666666664, "07T12@3": 0.057692307692307696, "08T41@3": 0.951048951048951, "BUYER": 0.0, "SELLER": 0.0}