{"00T20@0": 0.0, "01T22@0": 0.3958762886597939, "02T35@1": 0.05607476635514014, "03T35@1": 0.06194690265486721, "04T35@2": 0.9534883720930233, "05T35@2": 0.9541984732824428, "06T36@3": 0.0, "07T23@3": 0.6220302375809937, "BUYER": 0.0, "SELLER": 0.0}