{"00T22@0": 0.023255813953488372, "01T23@0": 0.01522842639593908, "02T29@1": 0.0, "03T23@1": 0.8446601941747572, "04T07@2": 0.4172661870503597, "05T35@2": 0.8212765957446808, "BUYER": 0.0, "SELLER": 0.0}