{"00T40@0": 0.10053475935828879, "01T35@0": 0.27020785219399496, "02T35@1": 0.592436974789916, "03T35@1": 0.5789473684210527, "04T16@2": 1.0, "05T35@2": 0.7584215591915301, "BUYER": 0.0, "SELLER": 0.0}