{"00T24@0": 0.0, "01T22@0": 0.05128205128205128, "02T35@1": 0.09090909090909091, "03T22@1": 0.8, "04T37@2": 0.7142857142857143, "05T35@2": 0.3181818181818182, "06T35@3": 0.7878787878787878, "07T35@3": 0.9130434782608695, "BUYER": 0.0, "SELLER": 0.0}