{"00T35@0": 0.21969696969696964, "01T35@0": 0.23170731707317074, "02T35@1": 0.805194805194805, "03T22@1": 0.03759398496240601, "04T37@2": 0.030303030303030304, "05T29@2": 0.0, "06T22@3": 0.5611510791366905, "07T22@3": 0.49624060150375937, "08T23@4": 0.7296296296296294, "09T35@4": 0.6951672862453532, "BUYER": 0.0, "SELLER": 0.0}