{"00T23@0": 0.18926553672316376, "01T35@0": 0.15406976744186046, "02T37@1": 0.00529100529100529, "03T23@1": 1.0, "04T35@2": 0.7660256410256413, "05T35@2": 0.7731958762886599, "06T38@3": 0.0, "07T22@3": 0.0, "BUYER": 0.0, "SELLER": 0.0}