{"00T20@0": 0.0, "01T22@0": 0.0, "02T20@1": 0.0, "03T24@1": 0.0, "04T20@2": 0.0, "05T24@2": 1.0, "06T22@3": 0.8317307692307693, "07T35@3": 0.940677966101695, "08T24@4": 0.7053941908713692, "09T22@4": 0.05977382875605817, "BUYER": 0.0, "SELLER": 0.0}