{"00T37@0": 0.09618874773139748, "01T35@0": 0.7537154989384292, "02T35@1": 0.5534351145038168, "03T35@1": 0.6250000000000002, "04T24@2": 1.0, "05T35@2": 0.5916230366492146, "BUYER": 0.0, "SELLER": 0.0}