{"00T18@0": 0.0, "01T22@0": 0.2942528735632185, "02T15@1": 0.019417475728155335, "03T22@1": 0.0390625, "04T18@2": 0.0, "05T22@2": 0.3593073593073594, "06T15@3": 0.07746478873239436, "07T15@3": 0.1085271317829458, "08T18@4": 0.24193548387096775, "09T35@4": 0.7608695652173915, "BUYER": 0.0, "SELLER": 0.0}