{"00T20@0": 0.0, "01T35@0": 0.16372795969773307, "02T37@1": 0.03418803418803419, "03T23@1": 0.9186440677966101, "04T41@2": 0.31443298969072153, "05T12@2": 0.05725190839694656, "BUYER": 0.0, "SELLER": 0.0}