{"00T35@0": 0.14751286449399634, "01T35@0": 0.15034965034965028, "02T35@1": 0.0, "03T22@1": 0.6447761194029854, "04T35@2": 0.46755407653910147, "05T35@2": 0.48475120385232745, "06T26@3": 0.0, "07T07@3": 0.1921824104234528, "BUYER": 0.0, "SELLER": 0.0}