{"00T19@0": 0.0, "01T35@0": 0.0, "02T23@1": 1.0, "03T23@1": 1.0, "04T22@2": 0.06349206349206352, "05T23@2": 1.0, "06T35@3": 0.7350993377483442, "07T23@3": 0.6736111111111112, "08T34@4": 0.47706422018348627, "09T22@4": 0.0, "BUYER": 0.0, "SELLER": 0.0}