{"00T16@0": 0.0, "01T35@0": 0.5858585858585862, "02T35@1": 0.7873134328358206, "03T35@1": 0.8051470588235292, "04T07@2": 0.08114035087719298, "05T35@2": 0.6457286432160793, "BUYER": 0.0, "SELLER": 0.0}