{"00T36@0": 0.05043859649122808, "01T22@0": 0.05000000000000005, "02T22@1": 0.5789473684210525, "03T35@1": 0.8164556962025314, "04T41@2": 0.0, "05T35@2": 0.7185741088180114, "BUYER": 0.0, "SELLER": 0.0}