{"00T22@0": 0.2624495289367426, "01T35@0": 0.28370786516853946, "02T26@1": 0.11538461538461539, "03T22@1": 0.06962025316455692, "04T29@2": 1.0, "05T22@2": 0.0, "BUYER": 0.0, "SELLER": 0.0}