{"00T35@0": 0.03846153846153848, "01T23@0": 0.042553191489361715, "02T23@1": 0.7999999999999999, "03T35@1": 0.5869565217391307, "04T06@2": 0.0, "05T23@2": 0.6351351351351355, "06T29@3": 1.0, "07T35@3": 0.7714987714987718, "BUYER": 0.0, "SELLER": 0.0}