{"00T35@0": 0.3903345724907065, "01T22@0": 0.3316151202749141, "02T23@1": 0.556, "03T22@1": 0.27821011673151763, "04T23@2": 0.041666666666666664, "05T22@2": 0.4168260038240919, "06T35@3": 0.3413461538461537, "07T35@3": 0.25773195876288657, "08T20@4": 1.0, "09T37@4": 0.1530944625407166, "BUYER": 0.0, "SELLER": 0.0}