{"00T22@0": 0.11416490486257914, "01T35@0": 0.14652014652014644, "02T40@1": 0.8571428571428573, "03T22@1": 0.09392265193370164, "04T12@2": 0.027210884353741496, "05T40@2": 0.9764705882352941, "06T12@3": 0.03492063492063494, "07T40@3": 0.9021739130434783, "08T12@4": 0.0, "09T23@4": 0.742200328407225, "BUYER": 0.0, "SELLER": 0.0}