{"time_limit": 10800, "spot_discount": 0.9, "spot_market_global_loss": 0.2, "neg_quota_step": 460, "n_processes": 5, "n_products": 6, "n_steps": 92, "financial_reports_period": 5, "exogenous_horizon": 43, "max_productivity": 1.0, "catalog_prices": [10, 17, 21, 29, 39, 50], "cash_availability": [1.5, 2.5], "expected_productivity": 0.9456521739130435, "expected_mean_profit": 0.09914268033145669, "initial_balance": [20867, 20867, 28767, 28767, 38753, 38753, 50603, 50603, 59769, 59769]}