{"00T41@0": 0.08902077151335314, "01T22@0": 0.08309037900874641, "02T22@1": 0.3476394849785407, "03T35@1": 0.5223214285714287, "04T24@2": 0.974025974025974, "05T35@2": 0.6490566037735849, "BUYER": 0.0, "SELLER": 0.0}