{"00T40@0": 0.0, "01T09@0": 0.0, "02T40@1": 0.2857142857142857, "03T09@1": 0.0, "04T09@2": 0.0, "05T40@2": 0.782608695652174, "BUYER": 0.0, "SELLER": 0.0}