,balance,assets,bankrupt,agent_id,step
0,1270.0,220.0,False,00T40@0,0.0
1,1110.0,729.5367663593431,False,00T40@0,5.0
2,1330.0,133.0,False,01T09@0,0.0
3,870.0,1017.5118057117157,False,01T09@0,5.0
4,1951.0,0.0,False,02T40@1,0.0
5,1857.0,197.0409482758621,False,02T40@1,5.0
6,1951.0,0.0,False,03T09@1,0.0
7,1951.0,0.0,False,03T09@1,5.0
8,2989.0,0.0,False,04T09@2,0.0
9,2989.0,0.0,False,04T09@2,5.0
10,2989.0,0.0,False,05T40@2,0.0
11,2857.0,0.0,False,05T40@2,5.0
12,,,,,
13,,,,,
14,,,,,
15,,,,,
