{"00T35@0": 0.362114537444934, "01T35@0": 0.3674176776429808, "02T35@1": 0.0, "03T22@1": 0.2705807275047862, "04T35@2": 0.444259567387687, "05T35@2": 0.4059405940594057, "06T40@3": 0.0, "07T09@3": 0.0, "BUYER": 0.0, "SELLER": 0.0}