{"00T35@0": 0.28330206378986866, "01T22@0": 0.11363636363636355, "02T07@1": 0.017341040462427744, "03T35@1": 0.5593220338983048, "04T09@2": 0.0, "05T35@2": 0.7524752475247525, "BUYER": 0.0, "SELLER": 0.0}