{"00T20@0": 0.07961783439490444, "01T22@0": 0.043333333333333335, "02T32@1": 1.0, "03T35@1": 0.7355769230769227, "04T22@2": 0.47087378640776684, "05T35@2": 0.6626506024096377, "BUYER": 0.0, "SELLER": 0.0}