{"00T10@0": 0.0032679738562091465, "01T24@0": 0.003676470588235291, "02T24@1": 0.0, "03T10@1": 0.41780821917808225, "04T10@2": 0.01265822784810125, "05T24@2": 0.9627329192546584, "BUYER": 0.0, "SELLER": 0.0}