{"00T35@0": 0.2949932341001351, "01T22@0": 0.16304347826086948, "02T33@1": 0.2526096033402922, "03T35@1": 0.7058823529411765, "04T26@2": 0.0014903129657228018, "05T35@2": 0.7210242587601077, "BUYER": 0.0, "SELLER": 0.0}