{"00T22@0": 0.21400778210116736, "01T22@0": 0.217842323651452, "02T22@1": 0.31024096385542194, "03T23@1": 0.17045454545454544, "04T23@2": 0.7137254901960787, "05T35@2": 0.6028037383177572, "06T29@3": 0.0, "07T40@3": 0.0, "08T35@4": 0.8075396825396826, "09T35@4": 0.8004073319755601, "BUYER": 0.0, "SELLER": 0.0}