{"00T35@0": 0.41461100569259934, "01T35@0": 0.4211026615969583, "02T35@1": 0.0, "03T22@1": 0.2556776556776558, "04T35@2": 0.4551148225469729, "05T35@2": 0.4629629629629629, "06T15@3": 0.0, "07T40@3": 0.0, "BUYER": 0.0, "SELLER": 0.0}