{"00T23@0": 0.22331691297208547, "01T22@0": 0.24964131994261093, "02T23@1": 0.14173228346456693, "03T22@1": 0.0, "04T20@2": 0.0, "05T24@2": 0.5161290322580645, "06T23@3": 0.9798387096774194, "07T35@3": 0.9873949579831933, "BUYER": 0.0, "SELLER": 0.0}