{"00T23@0": 0.5311653116531169, "01T23@0": 0.43850267379679114, "02T36@1": 0.003194888178913738, "03T35@1": 0.7105263157894737, "04T37@2": 0.026217228464419467, "05T23@2": 0.5981087470449175, "BUYER": 0.0, "SELLER": 0.0}