{"00T40@0": 0.06306306306306311, "01T40@0": 0.04020100502512562, "02T07@1": 0.14864864864864863, "03T40@1": 0.23880597014925373, "04T07@2": 0.27647058823529397, "05T07@2": 0.3723404255319151, "BUYER": 0.0, "SELLER": 0.0}