{"time_limit": 10800, "spot_discount": 0.9, "spot_market_global_loss": 0.2, "neg_quota_step": 324, "n_processes": 3, "n_products": 4, "n_steps": 72, "financial_reports_period": 5, "exogenous_horizon": 17, "max_productivity": 1.0, "catalog_prices": [10, 18, 28, 35], "cash_availability": [1.5, 2.5], "expected_productivity": 0.6388888888888888, "expected_mean_profit": 0.06941177614058278, "initial_balance": [21843, 21843, 35968, 35968, 18030, 18030, 18030, 18030, 18030]}