{"00T35@0": 0.6307053941908716, "01T35@0": 0.5879017013232516, "02T22@1": 0.00301204819277108, "03T22@1": 0.0030395136778115462, "04T22@2": 0.15413533834586474, "05T22@2": 0.09486166007905138, "06T16@3": 0.0, "07T38@3": 0.0, "08T22@4": 0.7714285714285714, "09T22@4": 0.7085889570552149, "BUYER": 0.0, "SELLER": 0.0}