{"00T22@0": 0.15135135135135136, "01T22@0": 0.1584699453551914, "02T35@1": 0.5084175084175083, "03T35@1": 0.5615141955835962, "04T40@2": 0.1656565656565657, "05T37@2": 0.3151862464183379, "06T22@3": 0.13696612665684849, "07T35@3": 0.6928702010968928, "BUYER": 0.0, "SELLER": 0.0}