{"00T22@0": 0.34990439770554493, "01T35@0": 0.0, "02T35@1": 0.4925373134328359, "03T35@1": 0.4777777777777778, "04T35@2": 0.9347826086956522, "05T22@2": 0.33757961783439494, "06T22@3": 0.0, "07T35@3": 0.0, "08T24@4": 1.0, "09T29@4": 1.0, "BUYER": 0.0, "SELLER": 0.0}