{"00T41@0": 0.0, "01T37@0": 0.0, "02T37@1": 0.0, "03T41@1": 0.8, "04T29@2": 0.0, "05T36@2": 0.2857142857142857, "06T29@3": 0.0, "07T36@3": 0.2, "08T29@3": 0.0, "09T41@4": 0.8, "10T36@4": 0.6666666666666666, "11T37@4": 1.0, "BUYER": 0.0, "SELLER": 0.0}