{"00T06@0": 0.0, "01T35@0": 0.0, "02T19@1": 0.0, "03T23@1": 0.9230769230769231, "04T06@2": 0.0, "05T22@2": 0.02531645569620253, "06T19@3": 0.0, "07T22@3": 0.0, "08T19@4": 1.0, "09T06@4": 0.0, "BUYER": 0.0, "SELLER": 0.0}