{"00T20@0": 0.0, "01T22@0": 0.15963855421686754, "02T23@1": 0.7610619469026548, "03T23@1": 0.7704918032786885, "04T22@2": 0.3768844221105528, "05T22@2": 0.4046242774566474, "06T22@3": 0.15517241379310348, "07T22@3": 0.1518987341772151, "08T24@4": 0.9803921568627451, "09T35@4": 0.7922535211267608, "BUYER": 0.0, "SELLER": 0.0}