{"time_limit": 10800, "spot_discount": 0.9, "spot_market_global_loss": 0.2, "neg_quota_step": 290, "n_processes": 5, "n_products": 6, "n_steps": 58, "financial_reports_period": 5, "exogenous_horizon": 22, "max_productivity": 1.0, "catalog_prices": [10, 15, 21, 28, 45, 58], "cash_availability": [1.5, 2.5], "expected_productivity": 0.9137931034482759, "expected_mean_profit": 0.11186839391595772, "initial_balance": [11461, 11461, 14591, 14591, 21599, 21599, 31560, 31560, 44917, 44917]}