{"00T35@0": 0.15662650602409636, "01T23@0": 0.2421875, "02T06@1": 0.0, "03T10@1": 0.09154929577464789, "04T23@2": 0.7679558011049724, "05T35@2": 0.8202247191011235, "BUYER": 0.0, "SELLER": 0.0}