{"00T24@0": 0.0, "01T24@0": 0.0, "02T07@1": 0.8235294117647058, "03T07@1": 0.8285714285714286, "04T24@2": 0.11363636363636363, "05T35@2": 0.6771300448430496, "06T07@3": 0.1476923076923077, "07T35@3": 0.8336252189141855, "BUYER": 0.0, "SELLER": 0.0}