{"00T35@0": 0.2699186991869919, "01T23@0": 0.19156414762741653, "02T34@1": 0.2033898305084746, "03T34@1": 0.1779141104294478, "04T24@2": 0.0, "05T34@2": 1.0, "06T24@3": 0.9635627530364372, "07T24@3": 0.9260700389105059, "BUYER": 0.0, "SELLER": 0.0}