{"00T36@0": 0.29977628635346754, "01T27@0": 0.0, "02T35@1": 0.42727272727272725, "03T35@1": 0.361344537815126, "04T23@2": 0.6860465116279071, "05T35@2": 0.5636363636363636, "06T35@3": 0.7149999999999997, "07T35@3": 0.7307692307692305, "08T23@4": 0.6929292929292934, "09T22@4": 0.0, "BUYER": 0.0, "SELLER": 0.0}