{"00T09@0": 0.0, "01T22@0": 0.13636363636363635, "02T35@1": 0.4375, "03T22@1": 0.4666666666666667, "04T08@2": 0.36363636363636365, "05T35@2": 0.0, "06T35@3": 0.7272727272727272, "07T35@3": 0.7291666666666666, "BUYER": 0.0, "SELLER": 0.0}