{"00T36@0": 0.131268436578171, "01T35@0": 0.5118644067796612, "02T35@1": 0.6849315068493148, "03T35@1": 0.6597222222222225, "04T37@2": 0.013071895424836588, "05T35@2": 0.6970091027308193, "BUYER": 0.0, "SELLER": 0.0}