{"00T10@0": 0.21564885496183206, "01T22@0": 0.2313296903460841, "02T35@1": 0.19642857142857142, "03T35@1": 0.1588235294117647, "04T24@2": 1.0, "05T35@2": 0.9809523809523809, "06T22@3": 0.0, "07T22@3": 0.0, "BUYER": 0.0, "SELLER": 0.0}