{"00T06@0": 0.0, "01T22@0": 0.37711864406779655, "02T23@1": 0.18493150684931503, "03T35@1": 0.010101010101010098, "04T19@2": 0.0, "05T06@2": 0.0, "06T19@3": 0.0, "07T22@3": 0.25, "08T06@4": 0.0, "09T19@4": 1.0, "BUYER": 0.0, "SELLER": 0.0}