{"time_limit": 10800, "spot_discount": 0.9, "spot_market_global_loss": 0.2, "neg_quota_step": 475, "n_processes": 5, "n_products": 6, "n_steps": 95, "financial_reports_period": 5, "exogenous_horizon": 35, "max_productivity": 1.0, "catalog_prices": [10, 22, 33, 43, 59, 75], "cash_availability": [1.5, 2.5], "expected_productivity": 0.9473684210526315, "expected_mean_profit": 0.0705334852267494, "initial_balance": [34771, 34771, 53803, 53803, 68626, 68626, 90586, 90586, 123527, 123527]}