{"00T15@0": 0.0, "01T22@0": 0.0, "02T09@1": 0.0, "03T22@1": 0.41935483870967744, "04T15@2": 0.04237288135593219, "05T22@2": 0.045871559633027525, "06T09@3": 0.0, "07T15@3": 0.1319444444444444, "08T09@4": 0.0, "09T35@4": 0.9094827586206894, "BUYER": 0.0, "SELLER": 0.0}