{"00T22@0": 0.0, "01T22@0": 0.0, "02T19@1": 0.0, "03T37@1": 0.14173228346456693, "04T35@2": 0.8630573248407641, "05T22@2": 0.1535433070866142, "BUYER": 0.0, "SELLER": 0.0}