{"time_limit": 10800, "spot_discount": 0.9, "spot_market_global_loss": 0.2, "neg_quota_step": 300, "n_processes": 5, "n_products": 6, "n_steps": 60, "financial_reports_period": 5, "exogenous_horizon": 12, "max_productivity": 1.0, "catalog_prices": [10, 19, 31, 45, 58, 71], "cash_availability": [1.5, 2.5], "expected_productivity": 0.9166666666666666, "expected_mean_profit": 0.05682411565488534, "initial_balance": [23219, 23219, 35307, 35307, 54154, 54154, 70544, 70544, 84884, 84884]}