{"00T23@0": 0.4123505976095618, "01T23@0": 0.414448669201521, "02T22@1": 0.1630769230769231, "03T22@1": 0.29096045197740106, "04T37@2": 0.03368421052631575, "05T36@2": 0.013186813186813173, "BUYER": 0.0, "SELLER": 0.0}