{"00T35@0": 0.02760084925690019, "01T22@0": 0.06822262118491926, "02T24@1": 0.8333333333333334, "03T35@1": 0.6826347305389218, "04T37@2": 0.37458193979933097, "05T35@2": 0.8916967509025268, "BUYER": 0.0, "SELLER": 0.0}