{"00T35@0": 0.31601423487544483, "01T35@0": 0.2913769123783036, "02T35@1": 0.8775510204081632, "03T22@1": 0.26309452137266687, "04T35@2": 0.6235955056179769, "05T35@2": 0.6286186931348224, "06T38@3": 0.0, "07T40@3": 0.0, "BUYER": 0.0, "SELLER": 0.0}