{"00T35@0": 0.3827893175074184, "01T35@0": 0.40064102564102577, "02T19@1": 0.0, "03T36@1": 0.0, "04T23@2": 0.8192090395480226, "05T35@2": 0.6963350785340314, "06T22@3": 0.0, "07T22@3": 0.0, "BUYER": 0.0, "SELLER": 0.0}