{"00T26@0": 0.022801302931596098, "01T35@0": 0.6189111747851007, "02T40@1": 0.27692307692307694, "03T35@1": 0.7289719626168224, "04T35@2": 0.6339712918660294, "05T22@2": 0.0, "BUYER": 0.0, "SELLER": 0.0}