{"00T24@0": 0.0, "01T35@0": 0.41733870967741976, "02T09@1": 0.0, "03T22@1": 0.011811023622047239, "04T22@2": 0.6712328767123285, "05T22@2": 0.6357388316151205, "BUYER": 0.0, "SELLER": 0.0}