{"00T41@0": 0.32558139534883734, "01T23@0": 0.6491228070175442, "02T40@1": 0.2537313432835822, "03T23@1": 0.7142857142857141, "04T35@2": 0.519756838905775, "05T23@2": 0.47352941176470603, "BUYER": 0.0, "SELLER": 0.0}