{"00T29@0": 0.0, "01T22@0": 0.1468812877263582, "02T22@1": 0.6137440758293841, "03T35@1": 0.8340425531914892, "04T36@2": 0.0, "05T35@2": 0.5788770053475939, "BUYER": 0.0, "SELLER": 0.0}