{"00T41@0": 0.20711974110032372, "01T19@0": 0.0, "02T41@1": 0.04807692307692308, "03T23@1": 0.0, "04T19@2": 0.0, "05T23@2": 0.5932203389830508, "06T41@3": 0.0, "07T19@3": 1.0, "BUYER": 0.0, "SELLER": 0.0}