{"00T36@0": 0.0, "01T41@0": 0.0, "02T24@1": 1.0, "03T29@1": 0.0, "04T24@2": 1.0, "05T36@2": 1.0, "06T29@2": 0.0, "07T41@2": 0.3333333333333333, "08T36@3": 0.18181818181818182, "09T29@3": 0.0, "10T24@4": 1.0, "11T41@4": 0.5384615384615384, "BUYER": 0.0, "SELLER": 0.0}