{"00T37@0": 0.03160919540229888, "01T22@0": 0.08641975308641976, "02T22@1": 0.2652173913043478, "03T35@1": 0.8476190476190476, "04T40@2": 0.18468468468468463, "05T35@2": 0.604210526315789, "BUYER": 0.0, "SELLER": 0.0}