{"00T24@0": 0.0, "01T24@0": 0.0, "02T24@1": 0.0, "03T37@1": 1.0, "04T35@2": 0.5051546391752576, "05T35@2": 0.4235294117647059, "06T37@3": 0.1805555555555555, "07T37@3": 0.1200000000000001, "BUYER": 0.0, "SELLER": 0.0}