{"00T22@0": 0.0, "01T22@0": 0.0, "02T40@1": 0.24561403508771945, "03T20@1": 0.0, "04T22@2": 0.4567901234567902, "05T23@2": 0.9181818181818182, "06T22@3": 0.0, "07T23@3": 0.5350553505535055, "BUYER": 0.0, "SELLER": 0.0}