{"00T35@0": 0.1645885286783043, "01T22@0": 0.013201320132013188, "02T34@1": 0.4492753623188406, "03T35@1": 0.8371040723981901, "04T04@2": 0.03846153846153848, "05T35@2": 0.588100686498856, "BUYER": 0.0, "SELLER": 0.0}