{"00T41@0": 0.17602996254681658, "01T35@0": 0.0, "02T35@1": 0.0, "03T35@1": 0.0, "04T23@2": 0.9777777777777777, "05T35@2": 0.875, "06T35@3": 0.8424242424242424, "07T22@3": 0.29533678756476683, "08T20@4": 0.5225563909774437, "09T22@4": 0.013582342954159592, "BUYER": 0.0, "SELLER": 0.0}