{"00T10@0": 0.14112903225806453, "01T10@0": 0.13385826771653542, "02T10@1": 0.1559633027522936, "03T35@1": 0.35294117647058826, "04T29@2": 0.0, "05T35@2": 0.0, "06T29@3": 1.0, "07T29@3": 1.0, "BUYER": 0.0, "SELLER": 0.0}