{"00T35@0": 0.49028400597907307, "01T23@0": 0.6850828729281764, "02T12@1": 0.0, "03T12@1": 0.0, "04T23@2": 0.0, "05T22@2": 0.0, "06T29@3": 0.0, "07T29@3": 0.0, "08T12@4": 0.0, "09T29@4": 1.0, "BUYER": 0.0, "SELLER": 0.0}