{"00T35@0": 0.18090452261306536, "01T23@0": 0.3195266272189348, "02T19@1": 0.0, "03T22@1": 0.0, "04T22@2": 0.5235849056603772, "05T22@2": 0.494949494949495, "06T24@3": 0.9642857142857143, "07T23@3": 0.6944444444444446, "BUYER": 0.0, "SELLER": 0.0}