{"time_limit": 10800, "spot_discount": 0.9, "spot_market_global_loss": 0.2, "neg_quota_step": 396, "n_processes": 4, "n_products": 5, "n_steps": 99, "financial_reports_period": 5, "exogenous_horizon": 35, "max_productivity": 1.0, "catalog_prices": [10, 13, 20, 28, 37], "cash_availability": [1.5, 2.5], "expected_productivity": 0.9595959595959596, "expected_mean_profit": 0.06391033944763717, "initial_balance": [17348, 17348, 26179, 26179, 39505, 39505, 56695, 56695]}