{"00T15@0": 0.1473214285714287, "01T22@0": 0.1425576519916142, "02T15@1": 0.17766497461928935, "03T22@1": 0.1379310344827586, "04T15@2": 0.024390243902439015, "05T22@2": 0.06818181818181818, "06T06@3": 0.0, "07T06@3": 0.0, "08T06@4": 0.0, "09T35@4": 0.9876237623762376, "BUYER": 0.0, "SELLER": 0.0}