,balance,assets,bankrupt,agent_id,step
0,1532.0,51.0,False,00T06@0,0.0
1,1452.0,218.69668246445497,False,00T06@0,5.0
2,1472.0,153.0,False,01T07@0,0.0
3,1782.0,209.17061611374407,False,01T07@0,5.0
4,2599.0,0.0,False,02T07@1,0.0
5,2299.0,348.0,False,02T07@1,5.0
6,2599.0,0.0,False,03T07@1,0.0
7,2299.0,338.8815165876777,False,03T07@1,5.0
8,3859.0,0.0,False,04T06@2,0.0
9,3859.0,0.0,False,04T06@2,5.0
10,3859.0,0.0,False,05T06@2,0.0
11,3859.0,0.0,False,05T06@2,5.0
12,,,,,
13,,,,,
14,,,,,
15,,,,,
