{"00T36@0": 0.0851063829787234, "01T22@0": 0.0, "02T35@1": 0.8367346938775511, "03T22@1": 0.375, "04T08@2": 0.4523809523809524, "05T35@2": 0.0, "06T35@3": 0.6153846153846154, "07T35@3": 0.5945945945945946, "BUYER": 0.0, "SELLER": 0.0}