{"00T08@0": 0.22695035460992907, "01T08@0": 0.2377622377622379, "02T04@1": 0.05319148936170213, "03T22@1": 0.2727272727272728, "04T04@2": 0.2780748663101604, "05T08@2": 0.8217821782178221, "06T04@3": 0.056140350877192984, "07T22@3": 0.024752475247524754, "BUYER": 0.0, "SELLER": 0.0}