{"00T40@0": 0.0, "01T19@0": 0.0, "02T40@1": 0.07352941176470588, "03T19@1": 0.0, "04T40@2": 0.896551724137931, "05T19@2": 1.0, "BUYER": 0.0, "SELLER": 0.0}