{"00T12@0": 0.0, "01T22@0": 0.0, "02T20@1": 0.0, "03T23@1": 0.5306122448979594, "04T23@2": 0.856175972927242, "05T35@2": 0.862012987012987, "BUYER": 0.0, "SELLER": 0.0}