{"time_limit": 10800, "spot_discount": 0.9, "spot_market_global_loss": 0.2, "neg_quota_step": 220, "n_processes": 4, "n_products": 5, "n_steps": 55, "financial_reports_period": 5, "exogenous_horizon": 25, "max_productivity": 1.0, "catalog_prices": [10, 15, 23, 34, 43], "cash_availability": [1.5, 2.5], "expected_productivity": 0.9272727272727272, "expected_mean_profit": 0.06485139687872446, "initial_balance": [14705, 14705, 21217, 21217, 30355, 30355, 40282, 40282]}