{"00T23@0": 0.0, "01T22@0": 0.10344827586206894, "02T19@1": 0.0, "03T35@1": 0.6153846153846152, "04T22@2": 0.5370370370370372, "05T23@2": 0.9157303370786517, "06T20@3": 0.3253012048192771, "07T22@3": 0.2682926829268293, "08T23@4": 0.6790450928381967, "09T35@4": 0.6675000000000003, "BUYER": 0.0, "SELLER": 0.0}