{"00T20@0": 0.0, "01T37@0": 0.0, "02T37@0": 0.0, "03T36@1": 0.0, "04T37@1": 0.3333333333333333, "05T12@1": 0.0, "06T12@2": 0.0, "07T36@2": 0.6, "08T20@3": 0.0, "09T36@3": 0.1111111111111111, "10T12@4": 0.1111111111111111, "11T20@4": 1.0, "BUYER": 0.0, "SELLER": 0.0}