{"00T16@0": 0.0, "01T22@0": 0.17034068136272543, "02T22@1": 0.19607843137254902, "03T35@1": 0.8103448275862072, "04T34@2": 0.6113360323886642, "05T35@2": 0.6093489148580968, "BUYER": 0.0, "SELLER": 0.0}