{"00T22@0": 0.1693548387096774, "01T23@0": 0.7286432160804017, "02T41@1": 0.14814814814814814, "03T23@1": 0.7171717171717171, "04T06@2": 0.0, "05T35@2": 0.6911314984709481, "BUYER": 0.0, "SELLER": 0.0}