{"00T26@0": 0.10801393728222995, "01T35@0": 0.258555133079848, "02T40@1": 0.08080808080808083, "03T23@1": 0.4666666666666667, "04T35@2": 0.7674418604651163, "05T35@2": 0.7241379310344825, "06T22@3": 0.0, "07T23@3": 0.6169491525423729, "BUYER": 0.0, "SELLER": 0.0}