{"00T22@0": 0.049382716049382734, "01T35@0": 0.2932862190812723, "02T07@1": 0.1581196581196581, "03T34@1": 0.47808764940239046, "04T35@2": 0.7607843137254904, "05T35@2": 0.7658349328214972, "BUYER": 0.0, "SELLER": 0.0}