{"00T36@0": 0.16490486257928125, "01T35@0": 0.6974789915966382, "02T35@1": 0.680115273775216, "03T35@1": 0.7243401759530786, "04T38@2": 0.09570957095709572, "05T35@2": 0.5695792880258904, "BUYER": 0.0, "SELLER": 0.0}