{"00T37@0": 0.05078125000000007, "01T37@0": 0.05986696230598671, "02T37@1": 0.22424242424242438, "03T41@1": 0.7305555555555558, "04T41@2": 0.4689265536723164, "05T41@2": 0.34535104364326374, "BUYER": 0.0, "SELLER": 0.0}