{"00T41@0": 0.0, "01T22@0": 0.05454545454545459, "02T41@1": 0.005681818181818182, "03T34@1": 0.5, "04T34@2": 0.9583333333333334, "05T22@2": 0.19594594594594594, "06T41@3": 0.03316326530612244, "07T34@3": 0.9826086956521739, "BUYER": 0.0, "SELLER": 0.0}