{"00T22@0": 0.0875, "01T35@0": 0.5232273838630801, "02T38@1": 0.018115942028985508, "03T36@1": 0.11627906976744184, "04T35@2": 0.7288135593220336, "05T23@2": 0.6337448559670784, "06T23@3": 0.5899053627760251, "07T23@3": 0.5786163522012574, "BUYER": 0.0, "SELLER": 0.0}