{"00T08@0": 0.00684931506849315, "01T37@0": 0.0, "02T08@1": 0.926829268292683, "03T22@1": 0.16176470588235295, "04T37@2": 0.1702127659574469, "05T08@2": 0.9603960396039604, "06T37@3": 0.01704545454545454, "07T22@3": 0.010204081632653059, "BUYER": 0.0, "SELLER": 0.0}