{"00T22@0": 0.21062618595825425, "01T35@0": 0.751351351351351, "02T37@1": 0.006289308176100629, "03T22@1": 0.04938271604938271, "04T20@2": 1.0, "05T23@2": 0.8553719008264464, "BUYER": 0.0, "SELLER": 0.0}