{"00T36@0": 0.13314447592067988, "01T22@0": 0.18155619596541805, "02T41@1": 0.4963235294117643, "03T23@1": 0.6407185628742516, "04T22@2": 0.31927710843373514, "05T35@2": 0.6908212560386467, "06T22@3": 0.0, "07T23@3": 0.6141906873614194, "BUYER": 0.0, "SELLER": 0.0}