{"00T22@0": 0.1824817518248176, "01T22@0": 0.16377649325626203, "02T35@1": 0.10504201680672269, "03T35@1": 0.100418410041841, "04T00@2": 0.0, "05T29@2": 0.0, "06T22@3": 1.0, "07T35@3": 1.0, "BUYER": 0.0, "SELLER": 0.0}