{"00T26@0": 0.10927152317880796, "01T26@0": 0.13588850174216027, "02T34@1": 0.0, "03T26@1": 0.0, "04T34@2": 0.6451612903225805, "05T34@2": 0.6298701298701299, "BUYER": 0.0, "SELLER": 0.0}