{"00T18@0": 0.0, "01T22@0": 0.23218997361477575, "02T22@1": 0.5443037974683546, "03T35@1": 0.7891891891891892, "04T15@2": 0.0029585798816568008, "05T35@2": 0.5255198487712667, "BUYER": 0.0, "SELLER": 0.0}