{"00T12@0": 0.0, "01T12@0": 0.0, "02T36@1": 0.5759999999999998, "03T41@1": 0.7307692307692306, "04T36@2": 0.17365269461077854, "05T23@2": 0.7678571428571429, "06T12@3": 0.017699115044247787, "07T41@3": 0.19428571428571434, "08T41@4": 0.6226415094339622, "09T36@4": 0.2631578947368423, "BUYER": 0.0, "SELLER": 0.0}