{"00T15@0": 0.0, "01T40@0": 0.011494252873563215, "02T15@1": 0.20134228187919462, "03T40@1": 0.19047619047619047, "04T40@2": 0.8008658008658008, "05T15@2": 0.02227171492204899, "BUYER": 0.0, "SELLER": 0.0}