{"00T41@0": 0.0, "01T22@0": 0.05063291139240505, "02T34@1": 0.4, "03T22@1": 0.1626506024096386, "04T34@2": 0.5319148936170213, "05T22@2": 0.2619047619047619, "06T41@3": 0.4113207547169811, "07T34@3": 0.922077922077922, "08T41@4": 0.0592885375494072, "09T35@4": 0.7388888888888892, "BUYER": 0.0, "SELLER": 0.0}