{"00T09@0": 0.0, "01T09@0": 0.0, "02T38@1": 0.0, "03T38@1": 0.0, "04T09@2": 0.0, "05T35@2": 1.0, "06T38@3": 0.023255813953488372, "07T35@3": 0.7076566125290018, "BUYER": 0.0, "SELLER": 0.0}