{"00T26@0": 0.07259259259259256, "01T22@0": 0.12698412698412712, "02T22@1": 0.2563291139240507, "03T35@1": 0.5614754098360658, "04T24@2": 1.0, "05T35@2": 0.6666666666666663, "BUYER": 0.0, "SELLER": 0.0}