{"00T35@0": 0.12142857142857143, "01T35@0": 0.09803921568627451, "02T29@1": 0.0, "03T22@1": 0.20588235294117652, "04T20@2": 0.0, "05T22@2": 0.12499999999999999, "06T37@3": 0.4637681159420292, "07T12@3": 0.2, "08T35@4": 0.868421052631579, "09T23@4": 0.7891566265060241, "BUYER": 0.0, "SELLER": 0.0}