{"00T35@0": 0.33924254633360174, "01T35@0": 0.3235294117647059, "02T35@1": 0.0, "03T22@1": 0.19118745332337547, "04T35@2": 0.6445880452342491, "05T35@2": 0.627009646302252, "06T26@3": 0.30353200883002246, "07T41@3": 0.0, "BUYER": 0.0, "SELLER": 0.0}