{"00T37@0": 0.03765690376569038, "01T36@0": 0.275092936802974, "02T37@1": 0.1411764705882353, "03T37@1": 0.144578313253012, "04T36@2": 0.03493449781659387, "05T36@2": 0.03883495145631067, "BUYER": 0.0, "SELLER": 0.0}