{"00T35@0": 0.17123287671232873, "01T35@0": 0.16493873704052778, "02T35@1": 1.0, "03T22@1": 0.647109577221744, "04T35@2": 0.357142857142857, "05T35@2": 0.3652173913043482, "06T36@3": 0.0, "07T20@3": 0.6524390243902434, "BUYER": 0.0, "SELLER": 0.0}