{"00T35@0": 0.0, "01T35@0": 0.0, "02T23@1": 1.0, "03T35@1": 1.0, "04T35@2": 0.9273743016759777, "05T35@2": 0.9551282051282052, "06T20@3": 0.4708171206225681, "07T37@3": 0.0, "08T22@4": 0.0, "09T23@4": 0.6148491879350343, "BUYER": 0.0, "SELLER": 0.0}