{"00T20@0": 0.0, "01T24@0": 0.0, "02T20@1": 0.0, "03T20@1": 0.0, "04T35@2": 0.0, "05T22@2": 1.0, "06T24@3": 0.7786885245901639, "07T24@3": 0.8016528925619835, "BUYER": 0.0, "SELLER": 0.0}