{"00T23@0": 0.23809523809523808, "01T22@0": 0.29009009009009024, "02T22@1": 0.35999999999999993, "03T35@1": 0.4196891191709843, "04T35@2": 0.1746031746031746, "05T22@2": 0.25172413793103443, "06T23@3": 0.6363636363636362, "07T35@3": 0.6265822784810122, "08T20@4": 1.0, "09T36@4": 0.0, "BUYER": 0.0, "SELLER": 0.0}