{"time_limit": 10800, "spot_discount": 0.9, "spot_market_global_loss": 0.2, "neg_quota_step": 410, "n_processes": 5, "n_products": 6, "n_steps": 82, "financial_reports_period": 5, "exogenous_horizon": 20, "max_productivity": 1.0, "catalog_prices": [10, 15, 23, 34, 48, 63], "cash_availability": [1.5, 2.5], "expected_productivity": 0.9390243902439024, "expected_mean_profit": 0.09142750983417203, "initial_balance": [24180, 24180, 32161, 32161, 43928, 43928, 63835, 63835, 83502, 83502]}