{"00T35@0": 0.1479591836734695, "01T22@0": 0.038123167155425235, "02T09@1": 0.0, "03T35@1": 0.6640625, "04T40@2": 0.4425531914893617, "05T35@2": 0.7484143763213531, "BUYER": 0.0, "SELLER": 0.0}