{"00T36@0": 0.29767441860465094, "01T24@0": 0.0, "02T22@1": 0.20618556701030927, "03T22@1": 0.19680851063829788, "04T35@2": 0.7548076923076921, "05T22@2": 0.4398976982097191, "06T23@3": 0.6359743040685227, "07T35@3": 0.5900900900900902, "BUYER": 0.0, "SELLER": 0.0}