{"00T41@0": 0.14814814814814822, "01T37@0": 0.05340699815837936, "02T37@1": 0.18974358974358974, "03T41@1": 0.2747603833865815, "04T41@2": 0.011990407673860908, "05T37@2": 0.04339250493096651, "BUYER": 0.0, "SELLER": 0.0}