{"00T22@0": 0.11398963730569944, "01T23@0": 0.32873563218390806, "02T40@1": 0.2775000000000001, "03T35@1": 0.7926829268292681, "04T36@2": 0.0, "05T35@2": 0.626086956521739, "BUYER": 0.0, "SELLER": 0.0}