{"00T29@0": 0.0, "01T02@0": 0.002331002331002328, "02T02@1": 0.9230769230769231, "03T29@1": 0.0, "04T12@2": 0.5882352941176471, "05T12@2": 0.5, "06T12@3": 0.02564102564102564, "07T02@3": 0.4, "08T29@4": 1.0, "09T22@4": 0.8327759197324416, "BUYER": 0.0, "SELLER": 0.0}