{"00T41@0": 0.0628272251308901, "01T22@0": 0.22528735632183905, "02T41@1": 0.07860262008733628, "03T22@1": 0.34545454545454546, "04T41@2": 0.08050847457627118, "05T22@2": 0.23414634146341473, "06T15@3": 0.28095238095238106, "07T15@3": 0.30092592592592593, "08T15@4": 0.010204081632653048, "09T35@4": 0.7062706270627066, "BUYER": 0.0, "SELLER": 0.0}