{"00T35@0": 0.3482216708023154, "01T35@0": 0.3531300160513645, "02T35@1": 1.0, "03T22@1": 0.2775800711743774, "04T35@2": 0.5000000000000004, "05T35@2": 0.4875943905070126, "06T09@3": 0.0, "07T38@3": 0.0, "BUYER": 0.0, "SELLER": 0.0}