{"00T35@0": 0.4069097888675622, "01T22@0": 0.07855626326963908, "02T33@1": 0.26047904191616783, "03T35@1": 0.8484848484848482, "04T17@2": 0.0, "05T35@2": 0.6899641577060932, "BUYER": 0.0, "SELLER": 0.0}