{"00T41@0": 0.0, "01T22@0": 0.015037593984962416, "02T19@1": 0.0, "03T23@1": 0.5944444444444446, "04T23@2": 0.7586206896551724, "05T22@2": 0.416289592760181, "06T22@3": 0.0, "07T35@3": 0.7081712062256813, "BUYER": 0.0, "SELLER": 0.0}