{"00T36@0": 0.0622710622710623, "01T35@0": 0.20437956204379565, "02T34@1": 0.4397905759162304, "03T35@1": 0.6666666666666669, "04T35@2": 0.6944444444444452, "05T22@2": 0.024154589371980676, "BUYER": 0.0, "SELLER": 0.0}