{"00T29@0": 0.0, "01T20@0": 0.0, "02T29@1": 0.0, "03T22@1": 0.0, "04T29@2": 0.0, "05T20@2": 0.0, "06T20@3": 0.0, "07T35@3": 1.0, "08T23@4": 0.6751054852320677, "09T35@4": 0.6500000000000002, "BUYER": 0.0, "SELLER": 0.0}