{"00T41@0": 0.04705882352941174, "01T35@0": 0.7678571428571429, "02T41@1": 0.28292682926829266, "03T35@1": 0.8762886597938145, "04T36@2": 0.06896551724137931, "05T22@2": 0.06896551724137931, "06T36@3": 0.3474576271186441, "07T23@3": 0.935064935064935, "08T36@4": 0.0, "09T41@4": 0.0, "BUYER": 0.0, "SELLER": 0.0}