{"time_limit": 10800, "spot_discount": 0.9, "spot_market_global_loss": 0.2, "neg_quota_step": 275, "n_processes": 5, "n_products": 6, "n_steps": 55, "financial_reports_period": 5, "exogenous_horizon": 22, "max_productivity": 1.0, "catalog_prices": [10, 17, 22, 30, 35, 53], "cash_availability": [1.5, 2.5], "expected_productivity": 0.9090909090909091, "expected_mean_profit": 0.11372082651999406, "initial_balance": [12044, 12044, 14001, 14001, 18141, 18141, 24125, 24125, 32594, 32594]}