{"00T22@0": 0.0855018587360595, "01T35@0": 0.7172774869109945, "02T36@1": 0.4312796208530804, "03T35@1": 0.8633093525179855, "04T41@2": 0.39568345323741017, "05T35@2": 0.6868686868686872, "BUYER": 0.0, "SELLER": 0.0}