{"time_limit": 10800, "spot_discount": 0.9, "spot_market_global_loss": 0.2, "neg_quota_step": 530, "n_processes": 5, "n_products": 6, "n_steps": 106, "financial_reports_period": 5, "exogenous_horizon": 31, "max_productivity": 1.0, "catalog_prices": [10, 14, 22, 27, 36, 44], "cash_availability": [1.5, 2.5], "expected_productivity": 0.9528301886792453, "expected_mean_profit": 0.08976155346727796, "initial_balance": [19382, 19382, 30608, 30608, 36825, 36825, 50392, 50392, 64767, 64767]}