{"00T36@0": 0.04518664047151278, "01T18@0": 0.0, "02T18@1": 0.12903225806451613, "03T36@1": 0.0, "04T18@2": 0.0, "05T35@2": 0.8913043478260867, "06T36@3": 0.8059701492537313, "07T35@3": 0.8135313531353131, "BUYER": 0.0, "SELLER": 0.0}