{"00T23@0": 0.2861356932153394, "01T22@0": 0.25429553264604815, "02T37@1": 0.050847457627118633, "03T22@1": 0.09615384615384615, "04T40@2": 0.21428571428571425, "05T22@2": 0.04471544715447159, "BUYER": 0.0, "SELLER": 0.0}