{"00T29@0": 0.0, "01T35@0": 0.4112149532710282, "02T40@1": 0.007042253521126761, "03T40@1": 0.007042253521126761, "04T40@2": 0.710843373493976, "05T35@2": 0.0, "06T29@3": 0.0, "07T35@3": 0.492537313432836, "08T29@4": 1.0, "09T22@4": 0.0, "BUYER": 0.0, "SELLER": 0.0}