{"00T32@0": 0.6907216494845361, "01T20@0": 0.012779552715654938, "02T32@1": 0.9876543209876543, "03T20@1": 0.3999999999999999, "04T20@2": 0.5282258064516129, "05T32@2": 1.0, "06T22@3": 0.0, "07T35@3": 0.7163814180929098, "BUYER": 0.0, "SELLER": 0.0}