{"00T35@0": 0.6420765027322413, "01T35@0": 0.6586059743954484, "02T22@1": 0.0020964360587002067, "03T22@1": 0.0020920502092050177, "04T22@2": 0.362204724409449, "05T22@2": 0.400735294117647, "06T00@3": 0.0, "07T15@3": 0.2616033755274265, "08T22@4": 0.04558404558404551, "09T22@4": 0.04607046070460705, "BUYER": 0.0, "SELLER": 0.0}