{"00T34@0": 0.11538461538461539, "01T22@0": 0.0, "02T35@1": 0.9117647058823529, "03T22@1": 0.7142857142857143, "04T41@2": 0.18181818181818182, "05T35@2": 0.0, "06T35@3": 0.8333333333333334, "07T35@3": 0.8648648648648649, "BUYER": 0.0, "SELLER": 0.0}