{"00T20@0": 0.0, "01T22@0": 0.020661157024793406, "02T12@1": 0.024561403508771944, "03T23@1": 0.8251121076233184, "04T37@2": 0.5617433414043584, "05T23@2": 0.6832971800433845, "BUYER": 0.0, "SELLER": 0.0}