{"00T22@0": 0.24548736462093862, "01T22@0": 0.16785714285714284, "02T36@1": 0.2, "03T35@1": 0.4787878787878787, "04T22@2": 0.2730627306273063, "05T35@2": 0.8305084745762712, "06T41@3": 0.3179190751445086, "07T35@3": 0.6421568627450981, "08T23@4": 0.5816023738872399, "09T23@4": 0.5672514619883043, "BUYER": 0.0, "SELLER": 0.0}