{"00T10@0": 0.11549295774647893, "01T07@0": 0.03045685279187819, "02T10@1": 0.5252525252525253, "03T10@1": 0.49494949494949503, "04T07@2": 0.2741573033707863, "05T07@2": 0.3304157549234137, "BUYER": 0.0, "SELLER": 0.0}