{"00T36@0": 0.22189349112426018, "01T20@0": 0.0, "02T35@1": 0.6231884057971014, "03T23@1": 0.6666666666666664, "04T22@2": 0.47674418604651164, "05T35@2": 0.7517730496453903, "06T35@3": 0.5721153846153847, "07T35@3": 0.5324074074074068, "BUYER": 0.0, "SELLER": 0.0}