{"00T10@0": 0.0628272251308901, "01T24@0": 0.0, "02T24@1": 1.0, "03T10@1": 0.32644628099173584, "04T10@2": 0.00815660685154975, "05T24@2": 1.0, "BUYER": 0.0, "SELLER": 0.0}