{"00T41@0": 0.48727272727272725, "01T23@0": 0.7058823529411762, "02T22@1": 0.1701388888888888, "03T35@1": 0.27551020408163274, "04T23@2": 0.558139534883721, "05T23@2": 0.46103896103896114, "06T23@3": 0.6036585365853658, "07T35@3": 0.6394557823129254, "08T20@4": 1.0, "09T23@4": 0.4715909090909092, "BUYER": 0.0, "SELLER": 0.0}