{"time_limit": 10800, "spot_discount": 0.9, "spot_market_global_loss": 0.2, "neg_quota_step": 355, "n_processes": 5, "n_products": 6, "n_steps": 71, "financial_reports_period": 5, "exogenous_horizon": 31, "max_productivity": 1.0, "catalog_prices": [10, 16, 27, 37, 41, 54], "cash_availability": [1.5, 2.5], "expected_productivity": 0.9295774647887324, "expected_mean_profit": 0.09538373995305498, "initial_balance": [14184, 14184, 23048, 23048, 33736, 33736, 39004, 39004, 44677, 44677]}