{"00T29@0": 0.0, "01T40@0": 0.0, "02T22@1": 1.0, "03T35@1": 1.0, "04T35@2": 0.5988805970149257, "05T35@2": 0.5788590604026844, "BUYER": 0.0, "SELLER": 0.0}