{"00T22@0": 0.1996753246753248, "01T22@0": 0.22395023328149308, "02T35@1": 0.2629107981220658, "03T35@1": 0.2775119617224881, "04T37@2": 0.4870689655172414, "05T00@2": 0.0, "06T22@3": 0.4894894894894894, "07T35@3": 0.8091872791519433, "BUYER": 0.0, "SELLER": 0.0}