{"00T20@0": 0.15859030837004398, "01T41@0": 0.019900497512437807, "02T41@1": 0.03278688524590163, "03T22@1": 0.09090909090909091, "04T41@2": 0.3432835820895523, "05T20@2": 1.0, "06T20@3": 1.0, "07T22@3": 0.04240282685512369, "BUYER": 0.0, "SELLER": 0.0}