{"00T24@0": 0.0, "01T24@0": 0.0, "02T24@1": 0.0, "03T41@1": 1.0, "04T41@2": 0.2569832402234638, "05T41@2": 0.27717391304347816, "06T22@3": 0.04095563139931739, "07T35@3": 0.6456692913385828, "BUYER": 0.0, "SELLER": 0.0}