{"00T35@0": 0.013468013468013455, "01T23@0": 0.013333333333333319, "02T23@1": 0.8888888888888891, "03T35@1": 0.8260869565217391, "04T37@2": 0.027906976744186046, "05T23@2": 0.7631578947368424, "06T41@3": 0.0, "07T35@3": 0.7578947368421046, "BUYER": 0.0, "SELLER": 0.0}