{"00T40@0": 0.1401869158878506, "01T22@0": 0.1697674418604652, "02T41@1": 0.5448717948717949, "03T35@1": 0.3367346938775511, "04T23@2": 0.7368421052631576, "05T35@2": 0.7115384615384615, "06T22@3": 0.32662192393736006, "07T23@3": 0.9029126213592233, "08T22@4": 0.0, "09T22@4": 0.0, "BUYER": 0.0, "SELLER": 0.0}