{"time_limit": 10800, "spot_discount": 0.9, "spot_market_global_loss": 0.2, "neg_quota_step": 365, "n_processes": 5, "n_products": 6, "n_steps": 73, "financial_reports_period": 5, "exogenous_horizon": 24, "max_productivity": 1.0, "catalog_prices": [10, 20, 28, 39, 59, 68], "cash_availability": [1.5, 2.5], "expected_productivity": 0.9315068493150684, "expected_mean_profit": 0.10962113803820571, "initial_balance": [20577, 20577, 26521, 26521, 35209, 35209, 54299, 54299, 69960, 69960]}