{"00T15@0": 0.21428571428571425, "01T22@0": 0.2016348773841963, "02T22@1": 0.28231292517006806, "03T35@1": 0.589641434262948, "04T06@2": 0.0, "05T35@2": 0.5540796963946867, "BUYER": 0.0, "SELLER": 0.0}