{"00T20@0": 0.0, "01T36@0": 0.21656050955414016, "02T22@1": 0.4580152671755725, "03T35@1": 0.8857142857142856, "04T35@2": 0.6323119777158773, "05T23@2": 0.60313315926893, "BUYER": 0.0, "SELLER": 0.0}