{"00T26@0": 0.19230769230769237, "01T37@0": 0.10725552050473186, "02T37@1": 0.02577319587628865, "03T26@1": 0.1028368794326241, "04T37@2": 0.12540192926045013, "05T35@2": 0.6918604651162787, "06T26@3": 0.0, "07T35@3": 0.59, "BUYER": 0.0, "SELLER": 0.0}