{"time_limit": 10800, "spot_discount": 0.9, "spot_market_global_loss": 0.2, "neg_quota_step": 364, "n_processes": 4, "n_products": 5, "n_steps": 91, "financial_reports_period": 5, "exogenous_horizon": 41, "max_productivity": 1.0, "catalog_prices": [10, 15, 31, 40, 50], "cash_availability": [1.5, 2.5], "expected_productivity": 0.9560439560439561, "expected_mean_profit": 0.10235905963676677, "initial_balance": [22529, 22529, 38460, 38460, 56082, 56082, 66943, 66943]}