{"time_limit": 10800, "spot_discount": 0.9, "spot_market_global_loss": 0.2, "neg_quota_step": 354, "n_processes": 3, "n_products": 4, "n_steps": 59, "financial_reports_period": 5, "exogenous_horizon": 13, "max_productivity": 1.0, "catalog_prices": [10, 13, 18, 28], "cash_availability": [1.5, 2.5], "expected_productivity": 0.4745762711864407, "expected_mean_profit": 0.0742862635778141, "initial_balance": [10982, 10982, 5491, 5491, 5491, 5491, 5491, 5491, 12280, 12280, 12280, 12280]}