{"00T26@0": 0.018396846254927744, "01T22@0": 0.030428769017980636, "02T22@1": 0.18732782369146017, "03T35@1": 0.8594594594594591, "04T40@2": 0.0, "05T35@2": 0.7764857881136954, "BUYER": 0.0, "SELLER": 0.0}