{"00T23@0": 0.5862944162436547, "01T22@0": 0.17073170731707324, "02T41@1": 0.4830339321357286, "03T20@1": 0.0, "04T23@2": 0.13986013986013987, "05T23@2": 0.15000000000000002, "06T23@3": 0.9330543933054394, "07T35@3": 0.8826291079812206, "08T23@4": 0.4988344988344988, "09T22@4": 0.0, "BUYER": 0.0, "SELLER": 0.0}