{"00T22@0": 0.11683848797250859, "01T22@0": 0.09966777408637874, "02T36@1": 0.21874999999999997, "03T15@1": 0.1813186813186813, "04T22@2": 0.47419354838709676, "05T35@2": 0.7832512315270931, "06T35@3": 0.7337461300309597, "07T35@3": 0.7458646616541356, "BUYER": 0.0, "SELLER": 0.0}