{"00T37@0": 0.0, "01T29@0": 0.0, "02T29@1": 0.0, "03T35@1": 0.5666666666666665, "04T37@2": 0.20833333333333334, "05T37@2": 0.12000000000000005, "06T29@3": 1.0, "07T23@3": 0.6937799043062206, "BUYER": 0.0, "SELLER": 0.0}