{"00T40@0": 0.09407665505226477, "01T35@0": 0.30623306233062375, "02T15@1": 0.17964071856287425, "03T40@1": 0.10404624277456648, "04T15@2": 0.006493506493506494, "05T35@2": 0.7525252525252525, "06T40@3": 0.013888888888888874, "07T35@3": 0.9652777777777778, "08T15@4": 0.0, "09T22@4": 0.0, "BUYER": 0.0, "SELLER": 0.0}