{"00T35@0": 0.6968085106382977, "01T35@0": 0.6796875000000006, "02T22@1": 0.0, "03T22@1": 0.0029154518950437274, "04T22@2": 0.43835616438356156, "05T22@2": 0.45, "06T15@3": 0.3699731903485255, "07T37@3": 0.06726457399103138, "08T22@4": 0.007751937984496116, "09T22@4": 0.010958904109589022, "BUYER": 0.0, "SELLER": 0.0}