{"time_limit": 10800, "spot_discount": 0.9, "spot_market_global_loss": 0.2, "neg_quota_step": 430, "n_processes": 5, "n_products": 6, "n_steps": 86, "financial_reports_period": 5, "exogenous_horizon": 21, "max_productivity": 1.0, "catalog_prices": [10, 16, 22, 33, 47, 63], "cash_availability": [1.5, 2.5], "expected_productivity": 0.9418604651162791, "expected_mean_profit": 0.11056425677271653, "initial_balance": [20418, 20418, 26034, 26034, 39669, 39669, 57753, 57753, 76274, 76274]}