{"00T22@0": 0.02, "01T35@0": 0.465625, "02T37@1": 0.1396103896103895, "03T29@1": 0.0, "04T35@2": 0.7815126050420168, "05T35@2": 0.758893280632411, "BUYER": 0.0, "SELLER": 0.0}