{"00T00@0": 0.0, "01T35@0": 0.27430093209054573, "02T35@1": 0.8258258258258255, "03T35@1": 0.8198198198198198, "04T37@2": 0.11623616236162342, "05T35@2": 0.6305732484076426, "BUYER": 0.0, "SELLER": 0.0}