{"00T24@0": 0.015290519877675844, "01T38@0": 0.023328149300155525, "02T23@1": 0.4179566563467492, "03T23@1": 0.4205607476635518, "04T22@2": 0.3870402802101578, "05T35@2": 0.6867469879518072, "06T22@3": 0.0, "07T35@3": 0.6081300813008128, "BUYER": 0.0, "SELLER": 0.0}