{"00T22@0": 0.0, "01T22@0": 0.0, "02T08@1": 0.8818181818181818, "03T21@1": 0.0, "04T22@2": 0.5454545454545463, "05T35@2": 0.7328519855595667, "06T35@3": 0.645333333333334, "07T35@3": 0.6522911051212943, "BUYER": 0.0, "SELLER": 0.0}