{"00T21@0": 0.0, "01T22@0": 0.6366972477064218, "02T35@1": 0.40437158469945356, "03T35@1": 0.41621621621621624, "04T34@2": 0.4554794520547945, "05T35@2": 1.0, "06T22@3": 0.0, "07T22@3": 0.0, "BUYER": 0.0, "SELLER": 0.0}