{"00T35@0": 0.3289760348583873, "01T23@0": 0.5846774193548385, "02T36@1": 0.07258064516129033, "03T22@1": 0.0, "04T34@2": 0.9689119170984456, "05T22@2": 0.022222222222222213, "BUYER": 0.0, "SELLER": 0.0}