{"time_limit": 10800, "spot_discount": 0.9, "spot_market_global_loss": 0.2, "neg_quota_step": 308, "n_processes": 4, "n_products": 5, "n_steps": 77, "financial_reports_period": 5, "exogenous_horizon": 18, "max_productivity": 1.0, "catalog_prices": [10, 18, 26, 34, 44], "cash_availability": [1.5, 2.5], "expected_productivity": 0.948051948051948, "expected_mean_profit": 0.0880117660425951, "initial_balance": [23093, 23093, 34872, 34872, 45263, 45263, 55194, 55194]}