{"00T02@0": 0.11447811447811448, "01T02@0": 0.11267605633802821, "02T12@1": 0.1, "03T35@1": 0.8918918918918919, "04T12@2": 0.0, "05T12@2": 0.0, "06T20@3": 0.0, "07T02@3": 0.0, "08T20@4": 1.0, "09T20@4": 1.0, "BUYER": 0.0, "SELLER": 0.0}