{"time_limit": 10800, "spot_discount": 0.9, "spot_market_global_loss": 0.2, "neg_quota_step": 300, "n_processes": 5, "n_products": 6, "n_steps": 60, "financial_reports_period": 5, "exogenous_horizon": 14, "max_productivity": 1.0, "catalog_prices": [10, 19, 33, 44, 62, 81], "cash_availability": [1.5, 2.5], "expected_productivity": 0.9166666666666666, "expected_mean_profit": 0.1013418544384416, "initial_balance": [17331, 17331, 31832, 31832, 41652, 41652, 59907, 59907, 76948, 76948]}