{"00T00@0": 0.0, "01T08@0": 0.03292181069958851, "02T00@1": 0.041666666666666664, "03T22@1": 0.32142857142857145, "04T08@2": 0.8571428571428573, "05T00@2": 0.0, "06T08@3": 1.0, "07T22@3": 0.018018018018018007, "BUYER": 0.0, "SELLER": 0.0}