{"time_limit": 10800, "spot_discount": 0.9, "spot_market_global_loss": 0.2, "neg_quota_step": 480, "n_processes": 5, "n_products": 6, "n_steps": 96, "financial_reports_period": 5, "exogenous_horizon": 44, "max_productivity": 1.0, "catalog_prices": [10, 23, 29, 39, 49, 56], "cash_availability": [1.5, 2.5], "expected_productivity": 0.9479166666666666, "expected_mean_profit": 0.06095566103098237, "initial_balance": [38269, 38269, 52872, 52872, 64251, 64251, 83385, 83385, 109066, 109066]}