{"00T35@0": 0.7207547169811326, "01T22@0": 0.0, "02T12@1": 0.0, "03T12@1": 0.0, "04T02@2": 0.11453744493392076, "05T02@2": 0.06372549019607844, "06T23@3": 0.890625, "07T23@3": 0.8755980861244019, "08T02@4": 0.6138613861386139, "09T12@4": 0.0, "BUYER": 0.0, "SELLER": 0.0}