{"time_limit": 10800, "spot_discount": 0.9, "spot_market_global_loss": 0.2, "neg_quota_step": 325, "n_processes": 5, "n_products": 6, "n_steps": 65, "financial_reports_period": 5, "exogenous_horizon": 17, "max_productivity": 1.0, "catalog_prices": [10, 14, 27, 35, 51, 72], "cash_availability": [1.5, 2.5], "expected_productivity": 0.9230769230769231, "expected_mean_profit": 0.1046734688203731, "initial_balance": [14713, 14713, 26952, 26952, 39257, 39257, 56445, 56445, 78447, 78447]}