{"00T37@0": 0.0, "01T20@0": 0.0, "02T20@1": 0.0, "03T37@1": 0.08403361344537812, "04T20@2": 1.0, "05T37@2": 0.09677419354838711, "BUYER": 0.0, "SELLER": 0.0}