{"00T35@0": 0.14525691699604754, "01T35@0": 0.1495901639344261, "02T35@1": 1.0, "03T22@1": 0.4679376083188908, "04T35@2": 0.7495590828924167, "05T35@2": 0.7563884156729128, "06T18@3": 0.12291052114060963, "07T26@3": 0.01968503937007874, "BUYER": 0.0, "SELLER": 0.0}