{"00T40@0": 0.1349206349206349, "01T34@0": 0.0874439461883408, "02T23@1": 0.6235294117647057, "03T23@1": 0.6582278481012657, "04T22@2": 0.6043478260869564, "05T35@2": 0.7052023121387275, "06T22@3": 0.008583690987124451, "07T35@3": 0.5875370919881308, "BUYER": 0.0, "SELLER": 0.0}