{"00T34@0": 0.0, "01T35@0": 0.33829787234042547, "02T38@1": 0.0397727272727273, "03T34@1": 0.38636363636363635, "04T38@2": 0.11711711711711711, "05T35@2": 0.5782608695652173, "06T38@3": 0.0, "07T35@3": 0.7295081967213116, "08T34@4": 0.5659574468085106, "09T22@4": 0.007722007722007715, "BUYER": 0.0, "SELLER": 0.0}