{"00T21@0": 0.0, "01T22@0": 0.12121212121212122, "02T35@1": 0.4117647058823529, "03T22@1": 0.42857142857142855, "04T08@2": 0.7045454545454547, "05T35@2": 0.2222222222222222, "06T35@3": 0.6122448979591838, "07T35@3": 0.5918367346938774, "BUYER": 0.0, "SELLER": 0.0}