{"00T20@0": 0.0, "01T12@0": 0.0, "02T29@1": 0.0, "03T23@1": 0.10720887245841042, "04T02@2": 0.8455284552845529, "05T35@2": 0.8351648351648353, "06T22@3": 0.005617977528089878, "07T23@3": 0.6428571428571427, "BUYER": 0.0, "SELLER": 0.0}