{"time_limit": 10800, "spot_discount": 0.9, "spot_market_global_loss": 0.2, "neg_quota_step": 476, "n_processes": 4, "n_products": 5, "n_steps": 119, "financial_reports_period": 5, "exogenous_horizon": 35, "max_productivity": 1.0, "catalog_prices": [10, 19, 31, 43, 55], "cash_availability": [1.5, 2.5], "expected_productivity": 0.9663865546218487, "expected_mean_profit": 0.06830260683162605, "initial_balance": [38134, 38134, 59444, 59444, 84008, 84008, 111375, 111375]}