{"00T21@0": 0.0, "01T22@0": 0.3346228239845263, "02T35@1": 0.16822429906542055, "03T35@1": 0.0792079207920792, "04T06@2": 0.0, "05T35@2": 1.0, "06T22@3": 0.0, "07T22@3": 0.008064516129032253, "BUYER": 0.0, "SELLER": 0.0}