{"00T36@0": 0.08894878706199463, "01T22@0": 0.12432432432432435, "02T22@1": 0.2000000000000001, "03T35@1": 0.6583850931677017, "04T16@2": 1.0, "05T35@2": 0.6355421686746991, "BUYER": 0.0, "SELLER": 0.0}