{"00T22@0": 0.10821643286573149, "01T35@0": 0.7439703153988868, "02T18@1": 0.06927710843373501, "03T15@1": 0.37535014005602224, "04T35@2": 0.7276190476190479, "05T35@2": 0.7116451016635857, "BUYER": 0.0, "SELLER": 0.0}