{"00T26@0": 0.04591836734693878, "01T22@0": 0.12046204620462042, "02T22@1": 0.4872881355932203, "03T35@1": 0.6513761467889906, "04T20@2": 0.7898423817863399, "05T35@2": 0.6553398058252422, "BUYER": 0.0, "SELLER": 0.0}