{"00T22@0": 0.21845574387947272, "01T35@0": 0.21456692913385808, "02T22@1": 0.06145251396648051, "03T22@1": 0.043478260869565216, "04T20@2": 0.0, "05T23@2": 0.421875, "06T23@3": 0.9224137931034483, "07T23@3": 0.9347826086956519, "08T40@4": 0.0, "09T35@4": 0.6442622950819682, "BUYER": 0.0, "SELLER": 0.0}