{"00T26@0": 0.09625668449197859, "01T22@0": 0.24942263279445734, "02T41@1": 0.24902723735408538, "03T22@1": 0.12755102040816324, "04T41@2": 0.4554794520547945, "05T22@2": 0.31770833333333354, "06T41@3": 0.539325842696629, "07T26@3": 0.2976190476190477, "08T26@4": 0.01428571428571428, "09T35@4": 0.6826923076923075, "BUYER": 0.0, "SELLER": 0.0}