{"00T23@0": 0.3535353535353535, "01T23@0": 0.3872549019607843, "02T40@1": 0.32208588957055223, "03T23@1": 0.9117647058823529, "04T36@2": 0.0, "05T22@2": 0.0, "BUYER": 0.0, "SELLER": 0.0}