{"00T23@0": 0.2176470588235294, "01T35@0": 0.17025440313111545, "02T29@1": 0.0, "03T22@1": 0.013029315960912037, "04T22@2": 0.08433734939759036, "05T35@2": 0.9166666666666666, "06T19@3": 1.0, "07T22@3": 0.0, "BUYER": 0.0, "SELLER": 0.0}