{"00T38@0": 0.0, "01T22@0": 0.12041884816753927, "02T37@1": 0.21578947368421053, "03T23@1": 0.16129032258064516, "04T23@2": 0.7725490196078432, "05T23@2": 0.7708333333333334, "06T37@3": 0.0, "07T37@3": 0.0, "08T38@4": 0.013605442176870748, "09T38@4": 0.0, "BUYER": 0.0, "SELLER": 0.0}