{"00T16@0": 0.0, "01T35@0": 0.7142857142857142, "02T35@1": 0.837037037037037, "03T35@1": 0.8301158301158301, "04T06@2": 0.0, "05T35@2": 0.5287356321839082, "BUYER": 0.0, "SELLER": 0.0}