{"00T26@0": 0.16397228637413394, "01T35@0": 0.31910352187833513, "02T35@1": 0.5857843137254896, "03T35@1": 0.6034063260340633, "04T08@2": 0.0, "05T35@2": 0.6923076923076916, "BUYER": 0.0, "SELLER": 0.0}