{"00T41@0": 0.1140000000000001, "01T41@0": 0.12788259958071285, "02T41@1": 0.33582089552238803, "03T37@1": 0.23809523809523808, "04T37@2": 0.03874092009685226, "05T37@2": 0.06849315068493152, "BUYER": 0.0, "SELLER": 0.0}