{"00T24@0": 0.0, "01T22@0": 0.1037414965986396, "02T22@1": 0.47335423197492166, "03T35@1": 0.8040201005025126, "04T36@2": 0.0, "05T35@2": 0.704635761589404, "BUYER": 0.0, "SELLER": 0.0}