{"00T34@0": 0.1629955947136564, "01T23@0": 0.2250000000000001, "02T22@1": 0.44176706827309203, "03T23@1": 0.8343195266272188, "04T22@2": 0.0, "05T35@2": 0.700787401574803, "06T38@3": 0.0, "07T22@3": 0.2610619469026549, "08T22@4": 0.04918032786885246, "09T23@4": 0.4835886214442014, "BUYER": 0.0, "SELLER": 0.0}