{"time_limit": 10800, "spot_discount": 0.9, "spot_market_global_loss": 0.2, "neg_quota_step": 462, "n_processes": 4, "n_products": 5, "n_steps": 77, "financial_reports_period": 5, "exogenous_horizon": 21, "max_productivity": 1.0, "catalog_prices": [10, 19, 28, 38, 53], "cash_availability": [1.5, 2.5], "expected_productivity": 0.6320346320346321, "expected_mean_profit": 0.08800687643831252, "initial_balance": [25102, 25102, 17219, 17219, 17219, 17219, 52637, 52637, 34947, 34947, 34947, 34947]}