{"00T41@0": 0.0, "01T41@0": 0.0, "02T18@1": 0.1875, "03T18@1": 0.42857142857142855, "04T18@2": 0.0, "05T35@2": 0.9655172413793104, "06T41@3": 0.0, "07T35@3": 0.8239564428312164, "BUYER": 0.0, "SELLER": 0.0}