{"00T29@0": 0.0, "01T29@0": 0.0, "02T41@1": 1.0, "03T22@1": 1.0, "04T29@2": 0.0, "05T41@2": 0.4682080924855493, "06T41@3": 0.023255813953488372, "07T22@3": 0.053231939163498124, "BUYER": 0.0, "SELLER": 0.0}