{"00T35@0": 0.5589887640449438, "01T22@0": 0.15014164305949007, "02T37@1": 0.042471042471042456, "03T35@1": 0.8035714285714286, "04T40@2": 0.023809523809523808, "05T35@2": 0.6760204081632656, "BUYER": 0.0, "SELLER": 0.0}