{"00T22@0": 0.20872865275142316, "01T22@0": 0.2237354085603115, "02T23@1": 0.19620253164556964, "03T35@1": 0.14666666666666667, "04T23@2": 1.0, "05T23@2": 1.0, "06T29@3": 0.0, "07T36@3": 0.6592356687898091, "08T23@4": 0.7603305785123964, "09T23@4": 0.7197696737044148, "BUYER": 0.0, "SELLER": 0.0}