{"time_limit": 10800, "spot_discount": 0.9, "spot_market_global_loss": 0.2, "neg_quota_step": 455, "n_processes": 5, "n_products": 6, "n_steps": 91, "financial_reports_period": 5, "exogenous_horizon": 23, "max_productivity": 1.0, "catalog_prices": [10, 14, 23, 31, 48, 54], "cash_availability": [1.5, 2.5], "expected_productivity": 0.945054945054945, "expected_mean_profit": 0.06449421386702725, "initial_balance": [24848, 24848, 41206, 41206, 54872, 54872, 83757, 83757, 100011, 100011]}