{"00T07@0": 0.039735099337748346, "01T22@0": 0.16566866267465066, "02T35@1": 0.4726027397260274, "03T35@1": 0.44805194805194787, "04T10@2": 0.6034985422740526, "05T35@2": 0.9009009009009009, "06T22@3": 0.0, "07T22@3": 0.0, "BUYER": 0.0, "SELLER": 0.0}