{"00T36@0": 0.08928571428571436, "01T36@0": 0.12313432835820891, "02T37@1": 0.1276595744680851, "03T22@1": 0.2500000000000001, "04T37@2": 0.17391304347826086, "05T36@2": 0.18965517241379307, "06T37@3": 0.12286689419795221, "07T22@3": 0.062015503875969005, "BUYER": 0.0, "SELLER": 0.0}