{"00T12@0": 0.0, "01T22@0": 0.18079096045197743, "02T37@1": 0.14018691588785046, "03T22@1": 0.35714285714285754, "04T35@2": 0.7486338797814208, "05T35@2": 0.6963350785340318, "06T22@3": 0.10126582278481013, "07T35@3": 0.647798742138365, "BUYER": 0.0, "SELLER": 0.0}