{"00T22@0": 0.1631205673758864, "01T35@0": 0.7101827676240209, "02T07@1": 0.17410714285714282, "03T15@1": 0.3557046979865773, "04T35@2": 0.680525164113786, "05T35@2": 0.7518072289156627, "BUYER": 0.0, "SELLER": 0.0}