{"00T35@0": 0.10543130990415334, "01T22@0": 0.17036011080332392, "02T17@1": 0.13526570048309186, "03T35@1": 0.5915492957746478, "04T09@2": 0.0, "05T35@2": 0.7382550335570464, "BUYER": 0.0, "SELLER": 0.0}