{"00T22@0": 0.18627450980392157, "01T22@0": 0.22033898305084756, "02T35@1": 0.20618556701030927, "03T23@1": 0.32, "04T23@2": 1.0, "05T23@2": 1.0, "06T24@3": 0.0, "07T35@3": 0.96, "08T37@4": 0.0, "09T35@4": 0.7718631178707225, "BUYER": 0.0, "SELLER": 0.0}