{"time_limit": 10800, "spot_discount": 0.9, "spot_market_global_loss": 0.2, "neg_quota_step": 340, "n_processes": 5, "n_products": 6, "n_steps": 68, "financial_reports_period": 5, "exogenous_horizon": 17, "max_productivity": 1.0, "catalog_prices": [10, 17, 28, 35, 46, 61], "cash_availability": [1.5, 2.5], "expected_productivity": 0.9264705882352942, "expected_mean_profit": 0.08156968738844408, "initial_balance": [15052, 15052, 25588, 25588, 34673, 34673, 45531, 45531, 55637, 55637]}