{"00T23@0": 0.3346774193548387, "01T35@0": 0.24472573839662448, "02T10@1": 0.1511627906976744, "03T23@1": 1.0, "04T24@2": 0.12, "05T35@2": 0.6308411214953271, "06T22@3": 0.11200000000000007, "07T23@3": 0.7131147540983608, "BUYER": 0.0, "SELLER": 0.0}