{"00T38@0": 0.0, "01T35@0": 0.20994475138121538, "02T26@1": 0.11818181818181822, "03T22@1": 0.046052631578947394, "04T38@2": 0.0738255033557047, "05T26@2": 0.24468085106383, "06T38@3": 0.03289473684210525, "07T26@3": 0.49211356466876965, "08T35@4": 0.6148359486447935, "09T35@4": 0.6148148148148147, "BUYER": 0.0, "SELLER": 0.0}