{"00T41@0": 0.13194444444444448, "01T35@0": 0.6624472573839663, "02T41@1": 0.2871972318339103, "03T26@1": 0.2909090909090909, "04T41@2": 0.20703125000000006, "05T35@2": 0.3000000000000001, "06T26@3": 0.2951541850220266, "07T35@3": 0.7404580152671755, "08T26@4": 0.0, "09T22@4": 0.0, "BUYER": 0.0, "SELLER": 0.0}