{"00T38@0": 0.0, "01T35@0": 0.3900523560209424, "02T36@1": 0.10810810810810811, "03T22@1": 0.1478873239436619, "04T22@2": 0.015197568389057746, "05T22@2": 0.009554140127388531, "BUYER": 0.0, "SELLER": 0.0}