{"00T08@0": 0.08, "01T22@0": 0.0, "02T35@1": 0.21739130434782608, "03T22@1": 0.8333333333333334, "04T37@2": 0.3888888888888889, "05T35@2": 0.11764705882352941, "06T35@3": 0.8918918918918919, "07T35@3": 0.7777777777777778, "BUYER": 0.0, "SELLER": 0.0}