{"00T34@0": 0.17582417582417584, "01T37@0": 0.0, "02T34@1": 0.9245283018867925, "03T23@1": 0.484375, "04T37@2": 0.12878787878787876, "05T37@2": 0.08064516129032258, "06T34@3": 0.801980198019802, "07T22@3": 0.023923444976076555, "BUYER": 0.0, "SELLER": 0.0}