{"00T23@0": 0.345821325648415, "01T35@0": 0.17452830188679266, "02T22@1": 0.006006006006005998, "03T35@1": 0.8705035971223021, "04T38@2": 0.07692307692307697, "05T36@2": 0.026392961876832835, "06T23@3": 0.6587837837837843, "07T22@3": 0.5919732441471571, "08T23@4": 0.6920103092783505, "09T22@4": 0.0, "BUYER": 0.0, "SELLER": 0.0}