{"00T19@0": 0.0, "01T23@0": 0.24279835390946514, "02T19@1": 0.0, "03T26@1": 0.38059701492537307, "04T19@2": 0.0, "05T26@2": 0.3380952380952382, "06T26@3": 0.15000000000000005, "07T35@3": 0.674242424242424, "BUYER": 0.0, "SELLER": 0.0}