,balance,assets,bankrupt,agent_id,step
0,1148.0,190.0,False,00T07@0,0.0
1,843.0,780.8000000000002,False,00T07@0,5.0
2,1188.0,80.0,False,01T24@0,0.0
3,918.0,349.99999999999994,False,01T24@0,5.0
4,2110.0,0.0,False,02T24@1,0.0
5,2110.0,0.0,False,02T24@1,5.0
6,2110.0,0.0,False,03T07@1,0.0
7,1985.0,89.0,False,03T07@1,5.0
8,3133.0,0.0,False,04T07@2,0.0
9,2940.0,0.0,False,04T07@2,5.0
10,3133.0,0.0,False,05T24@2,0.0
11,2943.0,0.0,False,05T24@2,5.0
12,,,,,
13,,,,,
14,,,,,
15,,,,,
