{"00T41@0": 0.08033240997229919, "01T22@0": 0.1612090680100754, "02T41@1": 0.3274336283185841, "03T41@1": 0.3436123348017621, "04T26@2": 0.28104575163398704, "05T22@2": 0.5956521739130439, "06T26@3": 0.0, "07T26@3": 0.0, "BUYER": 0.0, "SELLER": 0.0}