{"00T12@0": 0.02982731554160124, "01T29@0": 0.0, "02T02@1": 0.0, "03T12@1": 0.01680672268907562, "04T05@1": 0.0, "05T12@1": 0.020242914979757085, "06T05@1": 0.0, "07T05@2": 0.0, "08T29@2": 0.0, "09T02@2": 0.0, "10T02@3": 1.0, "11T29@3": 1.0, "BUYER": 0.0, "SELLER": 0.0}