{"00T41@0": 0.05915492957746482, "01T12@0": 0.0, "02T41@1": 0.6451612903225808, "03T29@1": 0.0, "04T41@2": 0.5526315789473685, "05T12@2": 0.0, "06T29@2": 0.0, "07T12@3": 0.0, "08T29@3": 1.0, "BUYER": 0.0, "SELLER": 0.0}