{"time_limit": 10800, "spot_discount": 0.9, "spot_market_global_loss": 0.2, "neg_quota_step": 310, "n_processes": 4, "n_products": 5, "n_steps": 69, "financial_reports_period": 5, "exogenous_horizon": 15, "max_productivity": 1.0, "catalog_prices": [10, 16, 24, 30, 42], "cash_availability": [1.5, 2.5], "expected_productivity": 0.8373590982286635, "expected_mean_profit": 0.05826661977755253, "initial_balance": [20508, 20508, 32959, 32959, 26320, 26320, 26320, 52076, 52076]}