{"00T36@0": 0.2749391727493919, "01T35@0": 0.0, "02T35@1": 0.0, "03T23@1": 0.20253164556962025, "04T24@2": 1.0, "05T23@2": 0.9863945578231292, "06T23@3": 0.7687861271676301, "07T35@3": 0.7884057971014496, "BUYER": 0.0, "SELLER": 0.0}