{"00T40@0": 0.0752351097178684, "01T37@0": 0.0, "02T12@1": 0.06358381502890177, "03T35@1": 0.7214076246334311, "04T29@2": 1.0, "05T23@2": 0.5058479532163743, "BUYER": 0.0, "SELLER": 0.0}