{"00T22@0": 0.18783930510314858, "01T22@0": 0.17245119305856832, "02T35@1": 0.34523809523809523, "03T35@1": 0.23853211009174316, "04T37@2": 0.36043360433604366, "05T16@2": 0.0, "06T22@3": 0.5314569536423841, "07T35@3": 0.8431578947368421, "BUYER": 0.0, "SELLER": 0.0}