{"00T35@0": 0.3977272727272725, "01T35@0": 0.4259259259259259, "02T35@1": 0.0, "03T22@1": 0.0, "04T35@2": 0.8168316831683168, "05T35@2": 0.8159203980099504, "06T40@3": 0.0, "07T36@3": 0.0, "BUYER": 0.0, "SELLER": 0.0}