{"00T12@0": 0.0, "01T37@0": 0.1287553648068668, "02T37@1": 0.24166666666666672, "03T22@1": 0.5892857142857145, "04T23@2": 0.5952380952380951, "05T23@2": 0.5698529411764706, "06T12@3": 0.0, "07T23@3": 0.8424657534246577, "08T37@4": 0.06097560975609756, "09T12@4": 0.0, "BUYER": 0.0, "SELLER": 0.0}