{"00T22@0": 0.2997987927565391, "01T22@0": 0.2632612966601179, "02T35@1": 0.568807339449541, "03T35@1": 0.5583596214511038, "04T26@2": 0.5905707196029771, "05T40@2": 0.3189655172413794, "06T22@3": 0.007889546351084803, "07T35@3": 0.5280199252801989, "BUYER": 0.0, "SELLER": 0.0}