{"00T22@0": 0.17365269461077848, "01T23@0": 0.5384615384615382, "02T41@1": 0.0, "03T23@1": 0.7924528301886793, "04T34@2": 0.6369426751592355, "05T35@2": 0.7003058103975531, "BUYER": 0.0, "SELLER": 0.0}