{"00T29@0": 0.0, "01T23@0": 0.6545667447306797, "02T12@1": 0.012345679012345678, "03T22@1": 0.48456790123456817, "04T35@2": 0.41379310344827586, "05T23@2": 0.5413223140495865, "06T37@3": 0.0027173913043478212, "07T22@3": 0.21227197346600324, "08T23@4": 0.5761047463175121, "09T23@4": 0.5426229508196725, "BUYER": 0.0, "SELLER": 0.0}