{"00T07@0": 0.01544401544401543, "01T36@0": 0.08417508417508422, "02T36@1": 0.2988505747126437, "03T07@1": 0.019230769230769225, "04T36@2": 0.08333333333333333, "05T07@2": 0.37777777777777777, "BUYER": 0.0, "SELLER": 0.0}