{"00T38@0": 0.0, "01T22@0": 0.0, "02T37@1": 0.1452991452991453, "03T38@1": 0.030042918454935643, "04T37@2": 0.08333333333333337, "05T23@2": 0.7379912663755459, "06T38@3": 0.0718954248366013, "07T37@3": 0.033582089552238806, "BUYER": 0.0, "SELLER": 0.0}