{"time_limit": 10800, "spot_discount": 0.9, "spot_market_global_loss": 0.2, "neg_quota_step": 712, "n_processes": 4, "n_products": 5, "n_steps": 178, "financial_reports_period": 5, "exogenous_horizon": 76, "max_productivity": 1.0, "catalog_prices": [10, 19, 28, 39, 50], "cash_availability": [1.5, 2.5], "expected_productivity": 0.9775280898876404, "expected_mean_profit": 0.07406048861512908, "initial_balance": [62688, 62688, 87395, 87395, 123901, 123901, 159486, 159486]}