{"00T02@0": 0.10944206008583687, "01T23@0": 0.2674418604651163, "02T35@1": 0.7270693512304252, "03T35@1": 0.7248322147651006, "04T12@2": 0.0, "05T35@2": 0.6197718631178702, "06T22@3": 0.05144694533762052, "07T23@3": 0.5080731969860065, "BUYER": 0.0, "SELLER": 0.0}