{"time_limit": 10800, "spot_discount": 0.9, "spot_market_global_loss": 0.2, "neg_quota_step": 416, "n_processes": 4, "n_products": 5, "n_steps": 104, "financial_reports_period": 5, "exogenous_horizon": 41, "max_productivity": 1.0, "catalog_prices": [10, 17, 23, 28, 44], "cash_availability": [1.5, 2.5], "expected_productivity": 0.9615384615384616, "expected_mean_profit": 0.09485363862969581, "initial_balance": [26779, 26779, 39499, 39499, 50593, 50593, 64461, 64461]}