{"00T29@0": 0.0, "01T22@0": 0.3617021276595745, "02T35@1": 0.3333333333333333, "03T22@1": 0.5, "04T37@2": 0.9, "05T35@2": 0.0, "06T35@3": 0.6206896551724137, "07T35@3": 0.6190476190476191, "BUYER": 0.0, "SELLER": 0.0}