{"00T22@0": 0.0734767025089606, "01T22@0": 0.0571428571428572, "02T35@1": 0.3937282229965157, "03T23@1": 0.6065573770491807, "04T29@2": 0.0, "05T12@2": 0.0, "06T22@3": 0.8047337278106509, "07T22@3": 0.7526881720430111, "08T35@4": 0.7065217391304346, "09T22@4": 0.16066481994459839, "BUYER": 0.0, "SELLER": 0.0}