{"time_limit": 10800, "spot_discount": 0.9, "spot_market_global_loss": 0.2, "neg_quota_step": 675, "n_processes": 5, "n_products": 6, "n_steps": 135, "financial_reports_period": 5, "exogenous_horizon": 33, "max_productivity": 1.0, "catalog_prices": [10, 19, 26, 32, 47, 60], "cash_availability": [1.5, 2.5], "expected_productivity": 0.9629629629629629, "expected_mean_profit": 0.12183828765395435, "initial_balance": [30375, 30375, 44853, 44853, 61356, 61356, 79480, 79480, 97097, 97097]}