{"00T22@0": 0.2447552447552449, "01T23@0": 0.22996515679442509, "02T22@1": 0.48846153846153845, "03T35@1": 0.0, "04T35@2": 0.04285714285714285, "05T35@2": 0.037037037037037035, "06T24@3": 1.0, "07T35@3": 0.8461538461538464, "08T20@4": 0.7043478260869568, "09T22@4": 0.7786259541984734, "BUYER": 0.0, "SELLER": 0.0}