{"00T15@0": 0.06208718626155879, "01T35@0": 0.09068322981366456, "02T35@1": 0.7540983606557377, "03T35@1": 0.7404580152671759, "04T04@2": 0.02898550724637681, "05T35@2": 0.794425087108014, "BUYER": 0.0, "SELLER": 0.0}