{"00T40@0": 0.16406250000000003, "01T22@0": 0.19379844961240308, "02T35@1": 0.4881889763779528, "03T23@1": 0.6271186440677966, "04T20@2": 0.7249999999999999, "05T22@2": 0.0, "BUYER": 0.0, "SELLER": 0.0}