{"00T37@0": 0.07920792079207922, "01T37@0": 0.07999999999999999, "02T35@1": 0.5, "03T22@1": 0.025316455696202524, "04T37@2": 0.042553191489361666, "05T29@2": 0.0, "06T23@3": 0.0, "07T23@3": 0.0, "08T29@4": 1.0, "09T29@4": 1.0, "BUYER": 0.0, "SELLER": 0.0}