{"00T02@0": 0.032663316582914576, "01T05@0": 0.0, "02T02@0": 0.023201856148491875, "03T12@1": 0.08771929824561403, "04T02@1": 0.6666666666666666, "05T05@1": 0.0, "06T29@1": 0.0, "07T29@1": 0.0, "08T12@2": 0.1707317073170732, "09T29@2": 0.0, "10T05@3": 1.0, "11T12@3": 0.14814814814814814, "BUYER": 0.0, "SELLER": 0.0}