{"time_limit": 10800, "spot_discount": 0.9, "spot_market_global_loss": 0.2, "neg_quota_step": 48, "n_processes": 4, "n_products": 5, "n_steps": 8, "financial_reports_period": 5, "exogenous_horizon": 2, "max_productivity": 1.0, "catalog_prices": [10, 17, 20, 28, 39], "cash_availability": [1.5, 2.5], "expected_productivity": 0.6666666666666666, "expected_mean_profit": 0.04030950038554601, "initial_balance": [1492, 1492, 1492, 1492, 3744, 3744, 3429, 3429, 3429, 4622, 4622, 4622]}