{"00T35@0": 0.7986111111111108, "01T22@0": 0.03384094754653127, "02T40@1": 0.4194915254237288, "03T35@1": 0.7828054298642534, "04T04@2": 0.02377179080824088, "05T35@2": 0.7213510253317252, "BUYER": 0.0, "SELLER": 0.0}