{"00T41@0": 0.3564814814814816, "01T35@0": 0.7957446808510639, "02T41@1": 0.0, "03T41@1": 0.0, "04T18@2": 0.5, "05T35@2": 0.008064516129032258, "06T18@3": 0.0, "07T35@3": 0.9655172413793104, "08T18@4": 0.31840796019900486, "09T22@4": 0.15566037735849064, "BUYER": 0.0, "SELLER": 0.0}