{"time_limit": 10800, "spot_discount": 0.9, "spot_market_global_loss": 0.2, "neg_quota_step": 345, "n_processes": 5, "n_products": 6, "n_steps": 69, "financial_reports_period": 5, "exogenous_horizon": 28, "max_productivity": 1.0, "catalog_prices": [10, 18, 31, 42, 57, 74], "cash_availability": [1.5, 2.5], "expected_productivity": 0.927536231884058, "expected_mean_profit": 0.06339517856090325, "initial_balance": [23890, 23890, 42603, 42603, 62988, 62988, 78835, 78835, 97070, 97070]}