{"00T02@0": 0.03619909502262443, "01T20@0": 0.0, "02T12@0": 0.009950248756218905, "03T29@1": 0.0, "04T20@1": 0.0, "05T02@1": 0.40441176470588236, "06T12@1": 0.04513888888888889, "07T20@1": 0.0, "08T02@2": 0.7872340425531915, "09T29@2": 1.0, "10T12@2": 0.0, "11T29@2": 1.0, "BUYER": 0.0, "SELLER": 0.0}