{"00T29@0": 0.0, "01T35@0": 0.4318529862174579, "02T12@1": 0.014251781472684095, "03T22@1": 0.410958904109589, "04T23@2": 0.5372549019607844, "05T35@2": 0.37388724035608306, "06T37@3": 0.0, "07T23@3": 0.7003676470588237, "BUYER": 0.0, "SELLER": 0.0}