{"00T35@0": 0.2645502645502649, "01T35@0": 0.27401129943502806, "02T37@1": 0.0037037037037037004, "03T24@1": 1.0, "04T23@2": 0.7711442786069653, "05T35@2": 0.9027777777777778, "06T22@3": 0.0, "07T22@3": 0.0, "BUYER": 0.0, "SELLER": 0.0}