{"00T24@0": 0.0, "01T34@0": 0.23504273504273504, "02T35@1": 0.732824427480916, "03T22@1": 0.47580645161290325, "04T22@2": 0.19784172661870508, "05T23@2": 0.8441558441558443, "06T22@3": 0.31147540983606553, "07T22@3": 0.2077294685990337, "08T22@4": 0.05017921146953403, "09T35@4": 0.5348837209302327, "BUYER": 0.0, "SELLER": 0.0}