{"time_limit": 10800, "spot_discount": 0.9, "spot_market_global_loss": 0.2, "neg_quota_step": 570, "n_processes": 4, "n_products": 5, "n_steps": 95, "financial_reports_period": 5, "exogenous_horizon": 22, "max_productivity": 1.0, "catalog_prices": [10, 17, 22, 27, 39], "cash_availability": [1.5, 2.5], "expected_productivity": 1.2771929824561403, "expected_mean_profit": 0.08151335902242794, "initial_balance": [28073, 28073, 28073, 28073, 47161, 47161, 47161, 56395, 56395, 56395, 125109, 125109]}