{"time_limit": 10800, "spot_discount": 0.9, "spot_market_global_loss": 0.2, "neg_quota_step": 296, "n_processes": 4, "n_products": 5, "n_steps": 74, "financial_reports_period": 5, "exogenous_horizon": 16, "max_productivity": 1.0, "catalog_prices": [10, 14, 23, 31, 44], "cash_availability": [1.5, 2.5], "expected_productivity": 0.9459459459459459, "expected_mean_profit": 0.09128004967621751, "initial_balance": [12745, 12745, 23751, 23751, 33135, 33135, 43099, 43099]}