{"00T22@0": 0.0036363636363636346, "01T35@0": 0.17910447761194034, "02T29@1": 0.0, "03T22@1": 0.038461538461538464, "04T19@2": 0.0, "05T23@2": 0.060606060606060594, "06T35@3": 0.9915966386554622, "07T23@3": 0.9797297297297297, "08T35@4": 0.6219178082191776, "09T22@4": 0.0, "BUYER": 0.0, "SELLER": 0.0}