{"time_limit": 10800, "spot_discount": 0.9, "spot_market_global_loss": 0.2, "neg_quota_step": 300, "n_processes": 4, "n_products": 5, "n_steps": 75, "financial_reports_period": 5, "exogenous_horizon": 22, "max_productivity": 1.0, "catalog_prices": [10, 17, 22, 34, 43], "cash_availability": [1.5, 2.5], "expected_productivity": 0.9466666666666667, "expected_mean_profit": 0.09453167468939817, "initial_balance": [17932, 17932, 26706, 26706, 34198, 34198, 48095, 48095]}