{"time_limit": 10800, "spot_discount": 0.9, "spot_market_global_loss": 0.2, "neg_quota_step": 48, "n_processes": 4, "n_products": 5, "n_steps": 8, "financial_reports_period": 5, "exogenous_horizon": 1, "max_productivity": 1.0, "catalog_prices": [10, 18, 29, 36, 49], "cash_availability": [1.5, 2.5], "expected_productivity": 0.3333333333333333, "expected_mean_profit": 0.056630824372759854, "initial_balance": [1536, 1536, 2400, 2400, 1296, 1296, 1296, 1296, 1296, 2656, 2656, 2656]}