{"00T20@0": 0.0572519083969465, "01T35@0": 0.3325213154689402, "02T35@1": 0.6731517509727626, "03T35@1": 0.7713178294573644, "04T34@2": 0.5357142857142853, "05T35@2": 0.7497435897435895, "BUYER": 0.0, "SELLER": 0.0}