{"00T06@0": 0.0, "01T06@0": 0.0, "02T06@1": 0.0, "03T38@1": 0.0, "04T38@2": 0.0, "05T35@2": 0.9978494623655914, "06T38@3": 0.0, "07T35@3": 0.7555147058823525, "BUYER": 0.0, "SELLER": 0.0}