{"00T22@0": 0.27672955974842756, "01T23@0": 0.2822085889570553, "02T26@1": 0.19186046511627916, "03T23@1": 0.7183098591549296, "04T10@2": 0.00819672131147541, "05T35@2": 0.588832487309645, "BUYER": 0.0, "SELLER": 0.0}