{"00T07@0": 0.044117647058823546, "01T35@0": 0.2500000000000001, "02T35@1": 0.6995884773662554, "03T35@1": 0.6803278688524593, "04T06@2": 0.0, "05T35@2": 0.6924004825090476, "BUYER": 0.0, "SELLER": 0.0}