{"00T22@0": 0.0, "01T22@0": 0.0, "02T21@1": 0.0, "03T16@1": 0.0, "04T22@2": 1.0, "05T35@2": 1.0, "06T35@3": 0.7233748271092669, "07T35@3": 0.7076023391812865, "BUYER": 0.0, "SELLER": 0.0}