{"00T37@0": 0.0, "01T41@0": 0.2222222222222222, "02T24@1": 1.0, "03T37@1": 1.0, "04T36@1": 0.5, "05T24@1": 1.0, "06T41@2": 0.3333333333333333, "07T37@2": 0.0, "08T36@2": 0.25, "09T36@3": 0.08333333333333333, "10T24@3": 1.0, "11T41@3": 0.875, "BUYER": 0.0, "SELLER": 0.0}