{"00T35@0": 0.2772861356932151, "01T23@0": 0.40568475452196384, "02T22@1": 0.0, "03T23@1": 0.827433628318584, "04T20@2": 0.0, "05T22@2": 0.0035587188612099608, "06T19@3": 0.0, "07T35@3": 0.8389830508474576, "08T22@4": 0.3905325443786982, "09T35@4": 0.8067796610169486, "BUYER": 0.0, "SELLER": 0.0}