{"00T26@0": 0.08685446009389668, "01T35@0": 0.6853146853146854, "02T09@1": 0.0, "03T22@1": 0.27668845315904134, "04T22@2": 0.033132530120481965, "05T22@2": 0.035294117647058795, "BUYER": 0.0, "SELLER": 0.0}