{"00T22@0": 0.0, "01T22@0": 0.0, "02T40@1": 0.2857142857142857, "03T20@1": 0.0, "04T23@2": 0.9888268156424581, "05T23@2": 1.0, "06T35@3": 0.5021459227467812, "07T22@3": 0.0, "BUYER": 0.0, "SELLER": 0.0}