{"00T16@0": 0.0, "01T35@0": 0.0, "02T16@1": 0.0, "03T16@1": 0.0, "04T41@2": 0.9433962264150944, "05T35@2": 1.0, "06T41@3": 0.36577181208053694, "07T35@3": 0.9230769230769231, "08T41@4": 0.016620498614958457, "09T22@4": 0.0, "BUYER": 0.0, "SELLER": 0.0}