{"00T06@0": 0.25, "01T41@0": 0.11526479750778816, "02T41@1": 0.09016393442622953, "03T06@1": 0.0, "04T06@2": 0.0, "05T41@2": 0.0728476821192053, "BUYER": 0.0, "SELLER": 0.0}