{"00T41@0": 0.15384615384615385, "01T24@0": 0.35714285714285715, "02T41@0": 0.2222222222222222, "03T24@1": 1.0, "04T12@1": 0.0, "05T12@2": 0.0, "06T40@2": 1.0, "07T40@2": 1.0, "08T41@3": 0.0, "09T12@3": 0.0, "10T24@4": 1.0, "11T40@4": 1.0, "BUYER": 0.0, "SELLER": 0.0}