{"00T20@0": 0.053745928338762225, "01T22@0": 0.06382978723404256, "02T22@1": 0.5129682997118146, "03T35@1": 0.8677685950413223, "04T15@2": 0.0, "05T35@2": 0.7384428223844283, "BUYER": 0.0, "SELLER": 0.0}