{"00T08@0": 0.0, "01T10@0": 0.0, "02T10@1": 0.45454545454545453, "03T08@1": 0.0, "04T10@2": 0.6666666666666666, "05T08@2": 0.7333333333333333, "BUYER": 0.0, "SELLER": 0.0}