{"00T10@0": 0.14558823529411763, "01T29@0": 0.0, "02T35@1": 0.7415730337078653, "03T22@1": 0.15384615384615383, "04T29@2": 0.0, "05T22@2": 0.23118279569892472, "06T10@3": 0.053691275167785234, "07T22@3": 0.0273972602739726, "08T29@4": 1.0, "09T10@4": 0.0, "BUYER": 0.0, "SELLER": 0.0}