{"00T23@0": 0.18961038961038967, "01T22@0": 0.04034582132564839, "02T20@1": 0.0, "03T22@1": 0.32129963898916963, "04T35@2": 0.0, "05T22@2": 0.2616279069767442, "06T23@3": 0.6319999999999996, "07T23@3": 0.6639344262295084, "08T29@4": 1.0, "09T22@4": 0.0, "BUYER": 0.0, "SELLER": 0.0}