{"00T35@0": 0.35587188612099646, "01T35@0": 0.34767025089605724, "02T40@1": 0.2808683853459972, "03T23@1": 0.9482758620689655, "04T26@2": 0.0, "05T22@2": 0.0, "BUYER": 0.0, "SELLER": 0.0}