{"00T20@0": 0.0, "01T41@0": 0.21607142857142847, "02T22@1": 0.35944700460829493, "03T23@1": 0.6685714285714286, "04T22@2": 0.26923076923076944, "05T35@2": 0.7318840579710145, "06T23@3": 0.7172413793103447, "07T22@3": 0.0, "BUYER": 0.0, "SELLER": 0.0}