{"00T35@0": 0.0, "01T23@0": 0.0, "02T23@1": 1.0, "03T35@1": 1.0, "04T22@2": 0.08623853211009176, "05T35@2": 0.9413680781758957, "06T22@3": 0.17590027700831037, "07T23@3": 0.7464788732394365, "08T41@4": 0.48343373493975894, "09T36@4": 0.0, "BUYER": 0.0, "SELLER": 0.0}