{"time_limit": 10800, "spot_discount": 0.9, "spot_market_global_loss": 0.2, "neg_quota_step": 695, "n_processes": 5, "n_products": 6, "n_steps": 139, "financial_reports_period": 5, "exogenous_horizon": 57, "max_productivity": 1.0, "catalog_prices": [10, 20, 29, 33, 44, 52], "cash_availability": [1.5, 2.5], "expected_productivity": 0.9640287769784173, "expected_mean_profit": 0.11074538787670447, "initial_balance": [37448, 37448, 51607, 51607, 70799, 70799, 80980, 80980, 108246, 108246]}