{"00T23@0": 0.1996699669966997, "01T35@0": 0.1629881154499151, "02T36@1": 0.12435233160621749, "03T35@1": 0.9818181818181818, "04T41@2": 0.6206140350877191, "05T41@2": 0.6101321585903077, "06T36@3": 0.3033707865168539, "07T41@3": 0.23991507430997888, "08T36@4": 0.005617977528089881, "09T22@4": 0.007142857142857136, "BUYER": 0.0, "SELLER": 0.0}