{"00T29@0": 0.0, "01T38@0": 0.0, "02T29@1": 0.0, "03T23@1": 0.5161290322580652, "04T22@2": 0.19254658385093165, "05T22@2": 0.29629629629629645, "06T38@3": 0.0, "07T35@3": 0.09944751381215469, "08T29@4": 1.0, "09T38@4": 0.0, "BUYER": 0.0, "SELLER": 0.0}