{"00T10@0": 0.06684491978609633, "01T22@0": 0.05940594059405944, "02T20@1": 0.0, "03T35@1": 0.477124183006536, "04T10@2": 0.00847457627118644, "05T20@2": 0.0, "06T20@3": 0.0, "07T22@3": 0.5384615384615382, "08T10@4": 0.037037037037037035, "09T23@4": 0.7840375586854461, "BUYER": 0.0, "SELLER": 0.0}