{"00T36@0": 0.13099630996309963, "01T37@0": 0.03177966101694916, "02T22@1": 0.4053030303030304, "03T23@1": 0.5764192139737992, "04T37@2": 0.08547008547008543, "05T37@2": 0.11885245901639344, "06T36@3": 0.04691358024691356, "07T36@3": 0.039215686274509755, "BUYER": 0.0, "SELLER": 0.0}