{"00T22@0": 0.1946308724832213, "01T23@0": 0.2579710144927537, "02T07@1": 0.0, "03T23@1": 0.647482014388489, "04T29@2": 1.0, "05T35@2": 0.7047353760445687, "BUYER": 0.0, "SELLER": 0.0}