{"00T22@0": 0.1500000000000001, "01T22@0": 0.17777777777777765, "02T23@1": 0.5328467153284672, "03T35@1": 0.5555555555555555, "04T26@2": 0.28217821782178215, "05T23@2": 0.7999999999999998, "06T19@3": 1.0, "07T35@3": 0.5257142857142851, "BUYER": 0.0, "SELLER": 0.0}