{"00T05@0": 0.0, "01T12@0": 0.04477611940298508, "02T05@0": 0.0, "03T29@1": 0.0, "04T05@1": 0.0, "05T12@1": 0.013468013468013467, "06T02@1": 0.0, "07T02@1": 0.0, "08T29@2": 0.0, "09T02@2": 0.25547445255474444, "10T12@3": 0.0, "11T29@3": 1.0, "BUYER": 0.0, "SELLER": 0.0}