{"time_limit": 10800, "spot_discount": 0.9, "spot_market_global_loss": 0.2, "neg_quota_step": 450, "n_processes": 4, "n_products": 5, "n_steps": 75, "financial_reports_period": 5, "exogenous_horizon": 17, "max_productivity": 1.0, "catalog_prices": [10, 20, 27, 34, 45], "cash_availability": [1.5, 2.5], "expected_productivity": 0.9466666666666667, "expected_mean_profit": 0.07514588361608059, "initial_balance": [23642, 23642, 23642, 19360, 19360, 19360, 19360, 19360, 63903, 63903, 81355, 81355]}