{"time_limit": 10800, "spot_discount": 0.9, "spot_market_global_loss": 0.2, "neg_quota_step": 225, "n_processes": 3, "n_products": 4, "n_steps": 50, "financial_reports_period": 5, "exogenous_horizon": 10, "max_productivity": 1.0, "catalog_prices": [10, 18, 27, 35], "cash_availability": [1.5, 2.5], "expected_productivity": 1.2533333333333334, "expected_mean_profit": 0.06295028137522818, "initial_balance": [14732, 14732, 14732, 14732, 31887, 31887, 31887, 61577, 61577]}