{"00T41@0": 0.4, "01T12@0": 0.0, "02T36@0": 0.0, "03T41@1": 0.6, "04T36@1": 0.0, "05T41@1": 0.25, "06T12@2": 0.0, "07T12@2": 0.0, "08T37@3": 1.0, "09T36@3": 1.0, "10T37@4": 0.4444444444444444, "11T37@4": 0.45454545454545453, "BUYER": 0.0, "SELLER": 0.0}