{"00T24@0": 0.0, "01T29@0": 0.0, "02T22@1": 1.0, "03T22@1": 1.0, "04T23@2": 0.6877828054298645, "05T22@2": 0.013422818791946295, "BUYER": 0.0, "SELLER": 0.0}