{"00T06@0": 0.0, "01T06@0": 0.42857142857142855, "02T06@1": 0.0, "03T37@1": 0.7910447761194029, "04T37@2": 0.4114583333333333, "05T37@2": 0.4806629834254145, "BUYER": 0.0, "SELLER": 0.0}