{"time_limit": 10800, "spot_discount": 0.9, "spot_market_global_loss": 0.2, "neg_quota_step": 409, "n_processes": 4, "n_products": 5, "n_steps": 91, "financial_reports_period": 5, "exogenous_horizon": 23, "max_productivity": 1.0, "catalog_prices": [10, 23, 31, 42, 52], "cash_availability": [1.5, 2.5], "expected_productivity": 0.8498168498168498, "expected_mean_profit": 0.06979163347584301, "initial_balance": [40036, 40036, 56682, 56682, 74067, 74067, 63987, 63987, 63987]}