{"00T22@0": 0.09850746268656717, "01T23@0": 0.34079601990049746, "02T40@1": 0.004255319148936168, "03T23@1": 0.5603448275862072, "04T29@2": 1.0, "05T22@2": 0.0031545741324921096, "BUYER": 0.0, "SELLER": 0.0}