{"00T35@0": 0.44670846394984326, "01T22@0": 0.14634146341463417, "02T26@1": 0.21999999999999992, "03T35@1": 0.7511520737327186, "04T36@2": 0.0, "05T35@2": 0.7639484978540773, "BUYER": 0.0, "SELLER": 0.0}