{"00T08@0": 0.05063291139240506, "01T13@0": 0.0, "02T08@1": 1.0, "03T22@1": 0.20689655172413793, "04T08@2": 0.8431372549019608, "05T13@2": 0.0, "06T13@3": 0.0, "07T22@3": 0.048275862068965544, "BUYER": 0.0, "SELLER": 0.0}