{"00T23@0": 0.3762781186094072, "01T23@0": 0.07434052757793769, "02T20@1": 0.28455284552845544, "03T35@1": 0.7065217391304345, "04T06@2": 0.0, "05T23@2": 0.6930147058823526, "BUYER": 0.0, "SELLER": 0.0}