{"00T29@0": 0.0, "01T35@0": 0.7795275590551184, "02T35@1": 0.8237082066869301, "03T35@1": 0.7607142857142856, "04T15@2": 0.0, "05T35@2": 0.5374592833876219, "BUYER": 0.0, "SELLER": 0.0}