{"00T23@0": 0.3411764705882353, "01T22@0": 0.2962962962962965, "02T23@1": 0.6863354037267091, "03T22@1": 0.018248175182481747, "04T38@2": 0.057339449541284386, "05T23@2": 0.5586206896551722, "06T35@3": 0.3665689149560116, "07T22@3": 0.020618556701030927, "08T24@4": 0.9171597633136095, "09T23@4": 0.5281553398058253, "BUYER": 0.0, "SELLER": 0.0}