{"time_limit": 10800, "spot_discount": 0.9, "spot_market_global_loss": 0.2, "neg_quota_step": 420, "n_processes": 5, "n_products": 6, "n_steps": 84, "financial_reports_period": 5, "exogenous_horizon": 27, "max_productivity": 1.0, "catalog_prices": [10, 20, 25, 31, 44, 52], "cash_availability": [1.5, 2.5], "expected_productivity": 0.9404761904761905, "expected_mean_profit": 0.05315426848961137, "initial_balance": [30913, 30913, 40732, 40732, 51916, 51916, 68917, 68917, 86192, 86192]}