{"00T37@0": 0.0, "01T23@0": 0.27037037037037015, "02T37@1": 0.0, "03T29@1": 0.0, "04T29@2": 0.0, "05T23@2": 0.47126436781609193, "06T29@3": 1.0, "07T37@3": 0.25, "BUYER": 0.0, "SELLER": 0.0}