{"00T37@0": 0.0, "01T37@0": 0.0, "02T38@1": 0.030837004405286337, "03T38@1": 0.010373443983402486, "04T37@2": 0.7794117647058824, "05T38@2": 0.0, "BUYER": 0.0, "SELLER": 0.0}