{"00T22@0": 0.029023746701846948, "01T35@0": 0.17257683215130024, "02T09@1": 0.0, "03T36@1": 0.4613333333333333, "04T35@2": 0.774736842105263, "05T35@2": 0.7420042643923241, "BUYER": 0.0, "SELLER": 0.0}