{"00T29@0": 0.0, "01T41@0": 0.1556291390728478, "02T41@1": 0.4918918918918919, "03T29@1": 0.0, "04T41@2": 0.5285714285714285, "05T29@2": 1.0, "BUYER": 0.0, "SELLER": 0.0}