,balance,assets,bankrupt,agent_id,step
0,1583.0,200.0,False,00T40@0,0.0
1,1353.0,579.749940291378,False,00T40@0,5.0
2,1603.0,171.0,False,01T10@0,0.0
3,1493.0,341.02937664198697,False,01T10@0,5.0
4,2144.0,0.0,False,02T40@1,0.0
5,2097.0,0.0,False,02T40@1,5.0
6,2144.0,0.0,False,03T10@1,0.0
7,2079.0,96.09760253133749,False,03T10@1,5.0
8,3084.0,0.0,False,04T40@2,0.0
9,2925.0,245.0,False,04T40@2,5.0
10,3084.0,0.0,False,05T10@2,0.0
11,2708.0,175.0,False,05T10@2,5.0
12,,,,,
13,,,,,
14,,,,,
15,,,,,
