{"00T15@0": 0.22943037974683544, "01T06@0": 0.0, "02T15@1": 0.060240963855421686, "03T15@1": 0.08333333333333333, "04T06@2": 0.0, "05T06@2": 0.0, "BUYER": 0.0, "SELLER": 0.0}