{"00T38@0": 0.02603369065849924, "01T35@0": 0.3785046728971964, "02T38@1": 0.0, "03T23@1": 0.3887323943661973, "04T36@2": 0.02631578947368421, "05T22@2": 0.0, "06T38@3": 0.0, "07T36@3": 0.3806451612903224, "08T36@4": 0.0398406374501992, "09T22@4": 0.08203125000000001, "BUYER": 0.0, "SELLER": 0.0}