{"time_limit": 10800, "spot_discount": 0.9, "spot_market_global_loss": 0.2, "neg_quota_step": 475, "n_processes": 5, "n_products": 6, "n_steps": 95, "financial_reports_period": 5, "exogenous_horizon": 27, "max_productivity": 1.0, "catalog_prices": [10, 17, 22, 29, 39, 43], "cash_availability": [1.5, 2.5], "expected_productivity": 0.9473684210526315, "expected_mean_profit": 0.05843955062356134, "initial_balance": [31083, 31083, 43849, 43849, 52619, 52619, 74266, 74266, 89253, 89253]}