{"00T35@0": 0.165625, "01T35@0": 0.14058355437665787, "02T35@1": 0.0, "03T22@1": 0.0, "04T24@2": 0.0, "05T20@2": 0.0, "06T35@3": 1.0, "07T35@3": 1.0, "08T22@4": 0.0, "09T22@4": 0.0, "BUYER": 0.0, "SELLER": 0.0}