{"00T23@0": 0.05128205128205124, "01T22@0": 0.00796812749003983, "02T29@1": 0.0, "03T23@1": 0.7359550561797746, "04T36@2": 0.5618729096989971, "05T35@2": 0.8543859649122805, "BUYER": 0.0, "SELLER": 0.0}