{"00T29@0": 0.0, "01T41@0": 0.10946745562130178, "02T41@0": 0.12500000000000006, "03T37@0": 0.0, "04T29@1": 0.0, "05T29@1": 0.0, "06T37@1": 0.17977528089887634, "07T41@2": 0.52734375, "08T37@2": 0.0845588235294118, "BUYER": 0.0, "SELLER": 0.0}