{"time_limit": 10800, "spot_discount": 0.9, "spot_market_global_loss": 0.2, "neg_quota_step": 432, "n_processes": 3, "n_products": 4, "n_steps": 96, "financial_reports_period": 5, "exogenous_horizon": 28, "max_productivity": 1.0, "catalog_prices": [10, 17, 27, 33], "cash_availability": [1.5, 2.5], "expected_productivity": 1.2916666666666667, "expected_mean_profit": 0.07350606197621476, "initial_balance": [30386, 30386, 30386, 30386, 64896, 64896, 64896, 127187, 127187]}