{"00T19@0": 0.0, "01T19@0": 0.0, "02T40@1": 1.0, "03T19@1": 0.0, "04T40@2": 0.6470588235294118, "05T23@2": 0.5605381165919284, "06T40@3": 0.5085227272727272, "07T23@3": 0.7720588235294118, "08T22@4": 0.0, "09T23@4": 0.5786885245901646, "BUYER": 0.0, "SELLER": 0.0}