{"00T08@0": 0.1794871794871795, "01T22@0": 0.09090909090909091, "02T35@1": 0.7962962962962963, "03T22@1": 0.55, "04T07@2": 0.4375, "05T35@2": 0.23529411764705882, "06T35@3": 0.7499999999999999, "07T35@3": 0.84375, "BUYER": 0.0, "SELLER": 0.0}