{"00T36@0": 0.14977973568281955, "01T22@0": 0.16079295154185014, "02T35@1": 0.5108695652173912, "03T35@1": 0.5219780219780217, "04T10@2": 0.0, "05T35@2": 0.9552238805970149, "06T22@3": 0.0, "07T22@3": 0.0, "BUYER": 0.0, "SELLER": 0.0}