{"00T22@0": 0.3065326633165829, "01T23@0": 0.24034749034749017, "02T35@1": 0.5706806282722513, "03T22@1": 0.034552845528455285, "04T12@2": 0.0, "05T23@2": 0.6127167630057798, "06T41@3": 0.6365546218487392, "07T22@3": 0.4619164619164618, "08T22@4": 0.018232819074333773, "09T23@4": 0.6696869851729814, "BUYER": 0.0, "SELLER": 0.0}