{"time_limit": 10800, "spot_discount": 0.9, "spot_market_global_loss": 0.2, "neg_quota_step": 740, "n_processes": 5, "n_products": 6, "n_steps": 148, "financial_reports_period": 5, "exogenous_horizon": 63, "max_productivity": 1.0, "catalog_prices": [10, 15, 20, 28, 34, 44], "cash_availability": [1.5, 2.5], "expected_productivity": 0.9662162162162162, "expected_mean_profit": 0.08401374430155814, "initial_balance": [45126, 45126, 54636, 54636, 70267, 70267, 92348, 92348, 119745, 119745]}