{"00T40@0": 0.0995405819295559, "01T22@0": 0.09984871406959153, "02T22@1": 0.1971153846153846, "03T35@1": 0.5977443609022556, "04T29@2": 1.0, "05T35@2": 0.7375621890547265, "BUYER": 0.0, "SELLER": 0.0}