{"00T29@0": 0.0, "01T02@0": 0.035416666666666666, "02T12@1": 0.225, "03T02@1": 0.5, "04T12@2": 0.0, "05T12@2": 0.1111111111111111, "06T02@3": 0.0, "07T35@3": 0.0, "08T29@4": 1.0, "09T29@4": 1.0, "BUYER": 0.0, "SELLER": 0.0}