{"00T37@0": 0.004716981132075467, "01T34@0": 0.03494623655913978, "02T34@1": 0.7058823529411764, "03T37@1": 0.08333333333333338, "04T37@2": 0.07552083333333336, "05T34@2": 0.9019607843137255, "BUYER": 0.0, "SELLER": 0.0}