{"00T22@0": 0.10421286031042129, "01T22@0": 0.13429752066115694, "02T24@1": 0.7142857142857143, "03T41@1": 0.3551020408163266, "04T22@2": 0.42483660130718937, "05T35@2": 0.8724489795918368, "06T35@3": 0.6858974358974357, "07T35@3": 0.661157024793389, "BUYER": 0.0, "SELLER": 0.0}