{"00T22@0": 0.09439528023598824, "01T35@0": 0.5510204081632654, "02T22@1": 0.19523809523809524, "03T35@1": 0.9439252336448598, "04T10@2": 0.19078947368421054, "05T41@2": 0.04878048780487807, "06T22@3": 0.3373493975903614, "07T22@3": 0.3522012578616352, "08T35@4": 0.7529761904761902, "09T23@4": 0.7081850533807833, "BUYER": 0.0, "SELLER": 0.0}