{"00T37@0": 0.0, "01T12@0": 0.0, "02T12@0": 0.0, "03T20@0": 0.0, "04T29@0": 0.0, "05T12@1": 0.0, "06T20@1": 0.0, "07T29@1": 0.0, "08T37@2": 0.8104575163398692, "09T37@2": 0.849056603773585, "10T29@2": 1.0, "11T20@2": 1.0, "BUYER": 0.0, "SELLER": 0.0}