{"00T24@0": 0.0, "01T24@0": 0.008403361344537813, "02T36@1": 0.9440993788819876, "03T23@1": 0.9877300613496932, "04T22@2": 0.1491002570694088, "05T35@2": 0.35016835016835024, "06T24@3": 0.08333333333333333, "07T36@3": 0.32558139534883757, "08T36@4": 0.020979020979020973, "09T23@4": 0.7432024169184291, "BUYER": 0.0, "SELLER": 0.0}