{"00T24@0": 0.0, "01T22@0": 0.08401084010840108, "02T22@1": 0.6501240694789082, "03T35@1": 0.9137931034482759, "04T41@2": 0.0, "05T35@2": 0.5456389452332662, "BUYER": 0.0, "SELLER": 0.0}