{"00T35@0": 0.17893660531697356, "01T35@0": 0.18191161356628988, "02T35@1": 0.9859154929577465, "03T22@1": 0.43377001455604136, "04T35@2": 0.6863057324840762, "05T35@2": 0.7165861513687596, "06T38@3": 0.031164069660861594, "07T08@3": 0.0, "BUYER": 0.0, "SELLER": 0.0}