{"00T37@0": 0.0, "01T22@0": 0.0, "02T34@1": 0.41269841269841273, "03T22@1": 0.4018264840182648, "04T37@2": 0.0, "05T22@2": 0.010416666666666664, "06T34@3": 0.49390243902439024, "07T34@3": 0.4880952380952381, "08T37@4": 0.5075757575757578, "09T35@4": 0.7614213197969542, "BUYER": 0.0, "SELLER": 0.0}