{"00T09@0": 0.0, "01T35@0": 0.23101265822784783, "02T35@1": 0.8218562874251494, "03T35@1": 0.8130563798219581, "04T38@2": 0.0, "05T35@2": 0.6436884512085942, "BUYER": 0.0, "SELLER": 0.0}