{"00T20@0": 0.0, "01T24@0": 0.0, "02T41@0": 0.29411764705882354, "03T36@1": 0.0, "04T41@1": 0.6666666666666666, "05T24@1": 1.0, "06T20@2": 0.0, "07T24@2": 1.0, "08T41@2": 0.4444444444444444, "09T36@2": 0.5, "10T36@3": 0.2222222222222222, "11T20@3": 1.0, "BUYER": 0.0, "SELLER": 0.0}