{"00T35@0": 0.3706099815157117, "01T35@0": 0.38386524822695034, "02T35@1": 0.0, "03T22@1": 0.2395833333333332, "04T35@2": 0.43313373253493015, "05T35@2": 0.4366197183098593, "06T36@3": 0.0, "07T24@3": 1.0, "BUYER": 0.0, "SELLER": 0.0}