{"00T35@0": 0.0, "01T23@0": 0.0, "02T35@1": 1.0, "03T35@1": 1.0, "04T07@2": 0.0039682539682539646, "05T06@2": 0.0, "06T35@3": 0.7316017316017316, "07T35@3": 0.7341269841269839, "08T35@4": 0.5866935483870971, "09T22@4": 0.0, "BUYER": 0.0, "SELLER": 0.0}