{"00T24@0": 0.0, "01T24@0": 0.0, "02T18@1": 0.0, "03T24@1": 1.0, "04T18@2": 0.0, "05T35@2": 0.9969135802469136, "06T18@3": 0.22832369942196523, "07T35@3": 0.7131630648330056, "BUYER": 0.0, "SELLER": 0.0}