{"00T34@0": 0.0, "01T40@0": 0.002145922746781113, "02T40@1": 0.08, "03T34@1": 0.0, "04T34@2": 1.0, "05T40@2": 0.8984962406015038, "BUYER": 0.0, "SELLER": 0.0}