{"00T23@0": 0.3403693931398418, "01T23@0": 0.34108527131782945, "02T40@1": 0.0037593984962405983, "03T19@1": 0.0, "04T40@2": 0.3076923076923077, "05T19@2": 0.0, "06T40@3": 0.8903225806451613, "07T19@3": 1.0, "BUYER": 0.0, "SELLER": 0.0}