{"time_limit": 10800, "spot_discount": 0.9, "spot_market_global_loss": 0.2, "neg_quota_step": 372, "n_processes": 4, "n_products": 5, "n_steps": 93, "financial_reports_period": 5, "exogenous_horizon": 19, "max_productivity": 1.0, "catalog_prices": [10, 16, 26, 33, 45], "cash_availability": [1.5, 2.5], "expected_productivity": 0.956989247311828, "expected_mean_profit": 0.06145103038028468, "initial_balance": [24635, 24635, 39856, 39856, 53053, 53053, 70736, 70736]}