{"00T09@0": 0.0, "01T09@0": 0.0, "02T00@1": 0.0, "03T22@1": 0.3170731707317074, "04T09@2": 0.0, "05T00@2": 0.0, "06T00@3": 0.0, "07T22@3": 0.60625, "BUYER": 0.0, "SELLER": 0.0}