{"00T41@0": 0.26011560693641617, "01T41@0": 0.18852459016393433, "02T36@1": 0.17921146953405018, "03T41@1": 0.31722054380664655, "04T36@2": 0.12060301507537684, "05T23@2": 0.5546218487394956, "06T36@3": 0.445859872611465, "07T23@3": 0.786764705882353, "08T35@4": 0.709677419354839, "09T35@4": 0.7093275488069416, "BUYER": 0.0, "SELLER": 0.0}