{"00T29@0": 0.0, "01T22@0": 0.06818181818181818, "02T35@1": 0.8620689655172413, "03T22@1": 0.2, "04T10@2": 0.0, "05T35@2": 0.0, "06T35@3": 0.7777777777777778, "07T35@3": 0.7837837837837838, "BUYER": 0.0, "SELLER": 0.0}