{"00T35@0": 0.2253968253968254, "01T23@0": 0.23588039867109634, "02T23@1": 0.7328244274809157, "03T35@1": 0.7120000000000001, "04T34@2": 0.3480176211453744, "05T22@2": 0.003311258278145692, "06T06@3": 0.0, "07T22@3": 0.10624999999999998, "BUYER": 0.0, "SELLER": 0.0}