{"00T33@0": 0.03097345132743365, "01T20@0": 0.0766550522648084, "02T20@1": 0.967032967032967, "03T22@1": 0.2992125984251969, "04T33@2": 0.06557377049180328, "05T33@2": 0.018518518518518514, "06T20@3": 0.97165991902834, "07T22@3": 0.011111111111111108, "BUYER": 0.0, "SELLER": 0.0}