{"00T41@0": 0.017770597738287573, "01T22@0": 0.08231707317073171, "02T22@1": 0.1752136752136752, "03T35@1": 0.6883116883116885, "04T34@2": 0.6597633136094682, "05T35@2": 0.7343957503320047, "BUYER": 0.0, "SELLER": 0.0}