{"00T34@0": 0.18699186991869926, "01T22@0": 0.697368421052631, "02T35@1": 0.07692307692307693, "03T35@1": 0.175, "04T06@2": 0.0, "05T35@2": 1.0, "06T22@3": 0.11707317073170735, "07T22@3": 0.014778325123152703, "BUYER": 0.0, "SELLER": 0.0}