{"00T22@0": 0.13508442776735466, "01T22@0": 0.10172744721689063, "02T15@1": 0.16201117318435773, "03T37@1": 0.08904109589041095, "04T22@2": 0.5071770334928232, "05T35@2": 0.7784431137724551, "06T35@3": 0.7699275362318845, "07T35@3": 0.768518518518518, "BUYER": 0.0, "SELLER": 0.0}