{"00T35@0": 0.2712550607287448, "01T23@0": 0.5100917431192661, "02T37@1": 0.03896103896103891, "03T22@1": 0.0175438596491228, "04T40@2": 0.7747747747747747, "05T22@2": 0.014534883720930227, "BUYER": 0.0, "SELLER": 0.0}