{"00T29@0": 0.0, "01T23@0": 0.06053268765133173, "02T02@1": 0.8050314465408807, "03T05@1": 0.0, "04T23@2": 0.87037037037037, "05T23@2": 0.879245283018868, "06T12@3": 0.0, "07T22@3": 0.01032702237521515, "BUYER": 0.0, "SELLER": 0.0}