{"00T37@0": 0.14245014245014248, "01T35@0": 0.6092233009708741, "02T26@1": 0.20952380952380958, "03T37@1": 0.035532994923857884, "04T37@2": 0.02197802197802198, "05T35@2": 0.40764331210191085, "06T26@3": 0.09259259259259259, "07T35@3": 0.905511811023622, "08T26@4": 0.19531250000000006, "09T22@4": 0.0, "BUYER": 0.0, "SELLER": 0.0}