{"00T29@0": 0.0, "01T12@0": 0.0, "02T29@1": 0.0, "03T02@1": 0.3495145631067961, "04T02@1": 0.27419354838709675, "05T12@2": 0.02527075812274369, "06T02@2": 1.0, "07T12@3": 0.0, "08T29@3": 1.0, "BUYER": 0.0, "SELLER": 0.0}