{"time_limit": 10800, "spot_discount": 0.9, "spot_market_global_loss": 0.2, "neg_quota_step": 306, "n_processes": 4, "n_products": 5, "n_steps": 68, "financial_reports_period": 5, "exogenous_horizon": 20, "max_productivity": 1.0, "catalog_prices": [10, 17, 25, 33, 42], "cash_availability": [1.5, 2.5], "expected_productivity": 0.8366013071895425, "expected_mean_profit": 0.06078733768847133, "initial_balance": [21263, 21263, 21365, 21365, 21365, 43361, 43361, 58624, 58624]}