{"00T23@0": 0.22131147540983598, "01T22@0": 0.35607675906183356, "02T35@1": 0.4868035190615836, "03T23@1": 0.5583333333333336, "04T41@2": 0.23404255319148928, "05T34@2": 0.4143646408839779, "06T35@3": 0.6425531914893619, "07T22@3": 0.04780876494023902, "BUYER": 0.0, "SELLER": 0.0}