{"00T22@0": 0.08064516129032256, "01T35@0": 0.17154811715481177, "02T06@1": 0.0, "03T26@1": 0.3503836317135546, "04T35@2": 0.7857142857142856, "05T35@2": 0.7750000000000001, "BUYER": 0.0, "SELLER": 0.0}