{"00T09@0": 0.0, "01T22@0": 0.19642857142857142, "02T35@1": 0.4827586206896552, "03T22@1": 0.3333333333333333, "04T24@2": 0.0, "05T35@2": 0.0, "06T35@3": 1.0, "07T35@3": 1.0, "BUYER": 0.0, "SELLER": 0.0}