{"00T29@0": 0.0, "01T22@0": 0.10888888888888895, "02T23@1": 0.8421052631578947, "03T22@1": 0.4474885844748858, "04T37@2": 0.013054830287206262, "05T23@2": 0.7306930693069308, "BUYER": 0.0, "SELLER": 0.0}