{"00T35@0": 0.4214711729622266, "01T35@0": 0.39766081871345016, "02T35@1": 0.9540229885057471, "03T22@1": 0.0, "04T34@2": 0.48616600790513825, "05T20@2": 0.5673575129533679, "BUYER": 0.0, "SELLER": 0.0}