{"00T29@0": 0.0, "01T41@0": 0.2364341085271318, "02T41@1": 0.24691358024691368, "03T12@1": 0.0, "04T12@2": 0.7777777777777778, "05T41@2": 0.6883116883116882, "06T29@3": 0.0, "07T12@3": 0.0, "08T29@4": 1.0, "09T22@4": 0.8028169014084507, "BUYER": 0.0, "SELLER": 0.0}