{"00T09@0": 0.0, "01T22@0": 0.1600000000000002, "02T22@1": 0.40340909090909105, "03T35@1": 0.5738636363636364, "04T24@2": 1.0, "05T35@2": 0.6666666666666666, "BUYER": 0.0, "SELLER": 0.0}