{"00T09@0": 0.0, "01T35@0": 0.15384615384615402, "02T09@1": 0.0, "03T36@1": 0.5, "04T36@2": 0.0, "05T35@2": 0.19548872180451127, "06T09@3": 0.0, "07T35@3": 0.8333333333333334, "08T36@4": 0.6129032258064518, "09T22@4": 0.0, "BUYER": 0.0, "SELLER": 0.0}