{"00T41@0": 0.17256637168141603, "01T35@0": 0.6083916083916084, "02T37@1": 0.0, "03T23@1": 0.8767123287671232, "04T22@2": 0.11046511627906977, "05T22@2": 0.0, "BUYER": 0.0, "SELLER": 0.0}