{"00T40@0": 0.04392764857881138, "01T37@0": 0.008333333333333331, "02T35@1": 0.8831168831168831, "03T22@1": 0.48214285714285693, "04T35@2": 0.654661016949153, "05T22@2": 0.0, "BUYER": 0.0, "SELLER": 0.0}