{"00T35@0": 0.3642732049036776, "01T35@0": 0.36513443191673867, "02T35@1": 0.0, "03T22@1": 0.17230527143981067, "04T35@2": 0.6412859560067687, "05T35@2": 0.6803571428571428, "06T41@3": 0.0, "07T36@3": 0.0, "BUYER": 0.0, "SELLER": 0.0}