{"00T36@0": 0.0, "01T37@0": 0.0, "02T36@0": 0.0, "03T41@1": 0.1111111111111111, "04T37@1": 0.3333333333333333, "05T37@1": 0.4, "06T20@2": 0.0, "07T41@2": 0.16666666666666666, "08T41@3": 0.0, "09T36@3": 0.0, "10T20@4": 1.0, "11T20@4": 1.0, "BUYER": 0.0, "SELLER": 0.0}