{"00T10@0": 0.07964601769911504, "01T22@0": 0.08733624454148468, "02T22@1": 0.135, "03T35@1": 0.673913043478261, "04T34@2": 0.7372881355932204, "05T35@2": 0.7068181818181819, "BUYER": 0.0, "SELLER": 0.0}