{"00T19@0": 0.0, "01T19@0": 0.0, "02T19@1": 0.0, "03T40@1": 1.0, "04T40@2": 0.9595141700404858, "05T40@2": 0.9568965517241379, "06T22@3": 0.009541984732824424, "07T22@3": 0.0055350553505535, "BUYER": 0.0, "SELLER": 0.0}