{"00T20@0": 0.19421487603305793, "01T23@0": 0.30685920577617326, "02T22@1": 0.12258064516129041, "03T35@1": 0.8735632183908048, "04T38@2": 0.0, "05T35@2": 0.5497076023391814, "BUYER": 0.0, "SELLER": 0.0}