{"00T10@0": 0.18312757201646085, "01T37@0": 0.02242152466367714, "02T10@1": 0.34274193548387094, "03T37@1": 0.1630434782608696, "04T37@2": 0.035377358490566044, "05T10@2": 0.007281553398058245, "BUYER": 0.0, "SELLER": 0.0}