{"00T15@0": 0.04954128440366973, "01T34@0": 0.013303769401330373, "02T34@1": 0.5333333333333334, "03T15@1": 0.2155688622754491, "04T15@2": 0.031042128603104208, "05T34@2": 0.8622047244094488, "BUYER": 0.0, "SELLER": 0.0}