{"00T22@0": 0.016591251885369508, "01T23@0": 0.6341948310139172, "02T12@1": 0.02193784277879343, "03T22@1": 0.21485411140583557, "04T23@2": 0.3645833333333334, "05T23@2": 0.35984848484848486, "06T29@3": 1.0, "07T37@3": 0.0, "BUYER": 0.0, "SELLER": 0.0}