{"00T41@0": 0.25667655786350196, "01T41@0": 0.2900552486187849, "02T22@1": 0.2671232876712328, "03T23@1": 0.5428571428571428, "04T37@2": 0.11382113821138212, "05T37@2": 0.10344827586206899, "06T37@3": 0.057259713701431486, "07T41@3": 0.5678496868475991, "BUYER": 0.0, "SELLER": 0.0}