{"00T22@0": 0.2845659163987135, "01T35@0": 0.0, "02T35@1": 0.44117647058823556, "03T35@1": 0.5181818181818186, "04T35@2": 0.8372093023255816, "05T22@2": 0.49732620320855625, "06T22@3": 0.2126315789473684, "07T35@3": 0.5047619047619047, "08T36@4": 0.0, "09T20@4": 0.6628131021194607, "BUYER": 0.0, "SELLER": 0.0}