{"time_limit": 10800, "spot_discount": 0.9, "spot_market_global_loss": 0.2, "neg_quota_step": 670, "n_processes": 5, "n_products": 6, "n_steps": 134, "financial_reports_period": 5, "exogenous_horizon": 47, "max_productivity": 1.0, "catalog_prices": [10, 15, 23, 34, 40, 47], "cash_availability": [1.5, 2.5], "expected_productivity": 0.9626865671641791, "expected_mean_profit": 0.0677333551324295, "initial_balance": [29056, 29056, 42580, 42580, 63924, 63924, 82028, 82028, 100468, 100468]}