{"00T35@0": 0.3134751773049639, "01T35@0": 0.29090909090909084, "02T35@1": 0.9847715736040609, "03T22@1": 0.2493506493506499, "04T35@2": 0.28764805414551614, "05T35@2": 0.2753378378378378, "06T29@3": 1.0, "07T34@3": 0.478468899521531, "BUYER": 0.0, "SELLER": 0.0}