{"00T35@0": 0.0027173913043478212, "01T23@0": 0.0052493438320209895, "02T35@1": 1.0, "03T35@1": 0.9772727272727273, "04T07@2": 0.003571428571428568, "05T27@2": 0.0, "06T35@3": 0.945054945054945, "07T35@3": 0.9395604395604396, "08T35@4": 0.7083333333333339, "09T22@4": 0.0, "BUYER": 0.0, "SELLER": 0.0}