{"00T22@0": 0.3571428571428572, "01T23@0": 0.3013333333333336, "02T36@1": 0.024875621890547265, "03T35@1": 0.31372549019607854, "04T24@2": 0.5714285714285714, "05T23@2": 0.7650273224043715, "06T23@3": 0.7934131736526946, "07T35@3": 0.7736486486486486, "BUYER": 0.0, "SELLER": 0.0}