{"00T34@0": 0.11785714285714283, "01T35@0": 0.27546296296296285, "02T10@1": 0.19576719576719576, "03T34@1": 0.3410852713178295, "04T23@2": 0.5906432748538011, "05T23@2": 0.6417910447761191, "06T10@3": 0.005847953216374269, "07T10@3": 0.005747126436781609, "08T34@4": 0.9411764705882353, "09T22@4": 0.0, "BUYER": 0.0, "SELLER": 0.0}