{"00T41@0": 0.0030959752321981383, "01T29@0": 0.0, "02T41@1": 0.0119047619047619, "03T29@1": 0.0, "04T29@2": 1.0, "05T41@2": 0.08133971291866032, "BUYER": 0.0, "SELLER": 0.0}