{"00T37@0": 0.0880503144654088, "01T26@0": 0.15776699029126215, "02T26@1": 0.2024922118380062, "03T37@1": 0.09389671361502347, "04T37@2": 0.04095563139931739, "05T26@2": 0.0060975609756097485, "BUYER": 0.0, "SELLER": 0.0}