{"00T40@0": 0.0, "01T41@0": 0.0, "02T41@1": 0.0, "03T41@1": 0.7142857142857143, "04T40@2": 0.7142857142857143, "05T40@2": 0.75, "BUYER": 0.0, "SELLER": 0.0}