{"00T36@0": 0.2095032397408207, "01T35@0": 0.5724637681159421, "02T35@1": 0.605263157894737, "03T35@1": 0.6517857142857142, "04T06@2": 0.0, "05T35@2": 0.6152416356877326, "BUYER": 0.0, "SELLER": 0.0}