{"00T20@0": 0.0, "01T02@0": 0.026217228464419477, "02T20@1": 0.0, "03T12@1": 0.24, "04T12@2": 0.15789473684210525, "05T02@2": 0.0, "06T20@2": 0.0, "07T12@3": 0.0, "08T02@3": 1.0, "BUYER": 0.0, "SELLER": 0.0}