{"time_limit": 10800, "spot_discount": 0.9, "spot_market_global_loss": 0.2, "neg_quota_step": 274, "n_processes": 4, "n_products": 5, "n_steps": 61, "financial_reports_period": 5, "exogenous_horizon": 25, "max_productivity": 1.0, "catalog_prices": [10, 21, 33, 46, 60], "cash_availability": [1.5, 2.5], "expected_productivity": 0.8306010928961749, "expected_mean_profit": 0.07231465363477627, "initial_balance": [25976, 25976, 36300, 36300, 34635, 34635, 34635, 72186, 72186]}