{"00T41@0": 0.06158357771260994, "01T35@0": 0.09653092006033183, "02T35@1": 0.6943231441048032, "03T35@1": 0.7344398340248963, "04T37@2": 0.0, "05T35@2": 0.7490864799025587, "BUYER": 0.0, "SELLER": 0.0}