{"00T35@0": 0.23623853211009174, "01T22@0": 0.1049868766404199, "02T07@1": 0.08284023668639054, "03T35@1": 0.6792452830188683, "04T37@2": 0.15476190476190477, "05T35@2": 0.7104072398190042, "BUYER": 0.0, "SELLER": 0.0}