{"00T00@0": 0.0, "01T35@0": 0.7300319488817895, "02T35@1": 0.7281553398058251, "03T35@1": 0.7368421052631576, "04T06@2": 0.0, "05T35@2": 0.638317757009346, "BUYER": 0.0, "SELLER": 0.0}