{"00T37@0": 0.0, "01T35@0": 0.0, "02T20@1": 0.0, "03T20@1": 0.0, "04T20@2": 0.0, "05T37@2": 1.0, "06T37@3": 0.5943396226415094, "07T23@3": 0.7028571428571427, "BUYER": 0.0, "SELLER": 0.0}