{"00T37@0": 0.010067114093959727, "01T18@0": 0.0, "02T18@1": 1.0, "03T37@1": 0.04615384615384615, "04T18@2": 1.0, "05T37@2": 0.15957446808510642, "BUYER": 0.0, "SELLER": 0.0}