{"00T35@0": 0.453781512605042, "01T22@0": 0.2411504424778761, "02T36@1": 0.036269430051813455, "03T22@1": 0.005263157894736841, "04T34@2": 0.23684210526315788, "05T36@2": 0.1985294117647059, "06T36@3": 0.28481012658227844, "07T34@3": 0.7804878048780488, "08T34@4": 0.9430051813471503, "09T35@4": 0.7326203208556143, "BUYER": 0.0, "SELLER": 0.0}