{"00T18@0": 0.0, "01T22@0": 0.07162921348314619, "02T22@1": 0.5300859598853866, "03T35@1": 0.8466257668711656, "04T37@2": 0.008650519031141859, "05T35@2": 0.7211538461538461, "BUYER": 0.0, "SELLER": 0.0}