{"00T22@0": 0.20125786163521991, "01T22@0": 0.27310924369747885, "02T26@1": 0.2178217821782178, "03T41@1": 0.23931623931623933, "04T22@2": 0.5942622950819675, "05T35@2": 0.7939698492462308, "06T35@3": 0.702258726899384, "07T35@3": 0.6995884773662552, "BUYER": 0.0, "SELLER": 0.0}