{"00T36@0": 0.051779935275080874, "01T35@0": 0.5179677819083027, "02T36@1": 0.0, "03T12@1": 0.041208791208791194, "04T12@2": 0.04049844236760126, "05T22@2": 0.4347826086956519, "06T23@3": 0.6687306501547984, "07T35@3": 0.6138328530259372, "08T36@4": 0.0, "09T12@4": 0.07964601769911504, "BUYER": 0.0, "SELLER": 0.0}