{"00T35@0": 0.14678899082568803, "01T35@0": 0.1457858769931664, "02T22@1": 0.636111111111111, "03T23@1": 1.0, "04T36@2": 0.0, "05T24@2": 0.9056603773584906, "BUYER": 0.0, "SELLER": 0.0}