{"00T18@0": 0.0, "01T18@0": 0.0, "02T18@1": 0.0, "03T26@1": 1.0, "04T26@2": 0.020661157024793382, "05T26@2": 0.012658227848101253, "BUYER": 0.0, "SELLER": 0.0}