{"00T35@0": 0.047794117647058786, "01T22@0": 0.01838235294117646, "02T16@1": 0.0, "03T35@1": 0.831858407079646, "04T03@2": 0.3863636363636362, "05T35@2": 0.8803278688524591, "BUYER": 0.0, "SELLER": 0.0}