{"00T35@0": 0.3037447988904302, "01T23@0": 0.32772020725388584, "02T34@1": 0.3427419354838711, "03T22@1": 0.20833333333333323, "04T22@2": 0.22677595628415312, "05T22@2": 0.23415977961432508, "06T10@3": 0.021611001964636563, "07T23@3": 0.7613293051359515, "BUYER": 0.0, "SELLER": 0.0}