{"00T34@0": 0.1616161616161615, "01T34@0": 0.15724815724815713, "02T26@1": 0.336683417085427, "03T26@1": 0.28865979381443296, "04T26@2": 0.15315315315315312, "05T22@2": 0.02577319587628866, "06T34@3": 0.6153846153846156, "07T22@3": 0.0, "BUYER": 0.0, "SELLER": 0.0}