{"00T20@0": 0.12682926829268285, "01T22@0": 0.3644366197183099, "02T35@1": 0.417391304347826, "03T35@1": 0.35096153846153844, "04T34@2": 0.4083969465648855, "05T35@2": 0.7954545454545454, "06T22@3": 0.0, "07T22@3": 0.0, "BUYER": 0.0, "SELLER": 0.0}