{"00T35@0": 0.039497307001795386, "01T22@0": 0.07859531772575248, "02T24@1": 1.0, "03T35@1": 0.5508982035928145, "04T09@2": 0.0, "05T35@2": 0.856687898089172, "BUYER": 0.0, "SELLER": 0.0}