{"00T37@0": 0.03780068728522341, "01T36@0": 0.12307692307692303, "02T22@1": 0.4402515723270443, "03T23@1": 0.38372093023255816, "04T35@2": 0.7092198581560283, "05T35@2": 0.6874999999999999, "06T22@3": 0.3025641025641025, "07T35@3": 0.709039548022599, "BUYER": 0.0, "SELLER": 0.0}