{"00T35@0": 0.0, "01T23@0": 0.0, "02T23@1": 1.0, "03T23@1": 1.0, "04T22@2": 0.0, "05T23@2": 0.8333333333333334, "06T19@3": 0.0, "07T23@3": 0.7230769230769231, "08T40@4": 0.5607476635514019, "09T35@4": 0.6813725490196075, "BUYER": 0.0, "SELLER": 0.0}