{"time_limit": 10800, "spot_discount": 0.9, "spot_market_global_loss": 0.2, "neg_quota_step": 320, "n_processes": 5, "n_products": 6, "n_steps": 64, "financial_reports_period": 5, "exogenous_horizon": 25, "max_productivity": 1.0, "catalog_prices": [10, 17, 28, 39, 50, 66], "cash_availability": [1.5, 2.5], "expected_productivity": 0.921875, "expected_mean_profit": 0.08234895678321821, "initial_balance": [16917, 16917, 26277, 26277, 38288, 38288, 46972, 46972, 66424, 66424]}