{"00T35@0": 0.0637813211845102, "01T22@0": 0.19502868068833656, "02T00@1": 0.0, "03T35@1": 0.5570175438596494, "04T16@2": 1.0, "05T35@2": 0.747148288973384, "BUYER": 0.0, "SELLER": 0.0}