{"00T23@0": 0.38615664845173037, "01T23@0": 0.3769230769230769, "02T12@1": 0.0, "03T29@1": 0.0, "04T40@2": 0.880184331797235, "05T41@2": 0.821917808219178, "BUYER": 0.0, "SELLER": 0.0}