{"00T35@0": 0.27615062761506304, "01T22@0": 0.02716049382716052, "02T34@1": 0.305785123966942, "03T35@1": 0.6492146596858639, "04T09@2": 0.0, "05T35@2": 0.6181818181818186, "BUYER": 0.0, "SELLER": 0.0}