{"00T26@0": 0.05393258426966295, "01T22@0": 0.14420803782505912, "02T22@1": 0.42735042735042733, "03T35@1": 0.7744360902255639, "04T10@2": 0.0, "05T35@2": 0.5481611208406306, "BUYER": 0.0, "SELLER": 0.0}