{"00T20@0": 0.1561822125813449, "01T35@0": 0.05013192612137201, "02T19@1": 0.0, "03T22@1": 0.27860696517412936, "04T22@2": 0.517241379310345, "05T23@2": 0.8706896551724138, "06T22@3": 0.0, "07T22@3": 0.0, "BUYER": 0.0, "SELLER": 0.0}