{"00T40@0": 0.0, "01T20@0": 0.0, "02T41@0": 0.16666666666666666, "03T41@1": 0.6, "04T20@1": 0.0, "05T40@1": 0.0, "06T37@2": 0.6666666666666666, "07T41@2": 0.3333333333333333, "08T20@3": 0.0, "09T37@3": 0.0, "10T37@4": 0.2857142857142857, "11T40@4": 1.0, "BUYER": 0.0, "SELLER": 0.0}