{"00T35@0": 0.0, "01T23@0": 0.0, "02T23@1": 0.9782608695652174, "03T35@1": 0.9569377990430622, "04T22@2": 0.05516014234875443, "05T35@2": 0.684807256235828, "06T22@3": 0.0035587188612099608, "07T23@3": 0.6497695852534562, "08T41@4": 0.451659451659452, "09T29@4": 1.0, "BUYER": 0.0, "SELLER": 0.0}