{"00T37@0": 0.03418803418803417, "01T36@0": 0.08712121212121214, "02T22@1": 0.3383458646616541, "03T22@1": 0.34814814814814815, "04T35@2": 0.7401574803149606, "05T22@2": 0.05577689243027892, "BUYER": 0.0, "SELLER": 0.0}