{"00T35@0": 0.3826086956521736, "01T23@0": 0.48370927318295737, "02T22@1": 0.0, "03T23@1": 0.8368794326241136, "04T38@2": 0.011976047904191617, "05T22@2": 0.04090909090909091, "06T24@3": 0.03333333333333333, "07T35@3": 0.7672955974842768, "08T22@4": 0.19745222929936307, "09T35@4": 0.8007812499999998, "BUYER": 0.0, "SELLER": 0.0}