{"00T29@0": 0.0, "01T22@0": 0.0682656826568265, "02T36@1": 0.402654867256637, "03T35@1": 0.826086956521739, "04T22@2": 0.0, "05T35@2": 0.8301587301587302, "BUYER": 0.0, "SELLER": 0.0}