{"00T41@0": 0.1272189349112426, "01T41@0": 0.12256267409470754, "02T12@1": 0.0465116279069767, "03T12@1": 0.06249999999999999, "04T12@2": 0.0, "05T36@2": 0.9838709677419355, "06T36@2": 0.9310344827586207, "07T36@3": 0.10410094637223975, "08T41@3": 0.5154639175257731, "BUYER": 0.0, "SELLER": 0.0}