{"time_limit": 10800, "spot_discount": 0.9, "spot_market_global_loss": 0.2, "neg_quota_step": 270, "n_processes": 4, "n_products": 5, "n_steps": 60, "financial_reports_period": 5, "exogenous_horizon": 15, "max_productivity": 1.0, "catalog_prices": [10, 18, 24, 33, 42], "cash_availability": [1.5, 2.5], "expected_productivity": 0.8296296296296296, "expected_mean_profit": 0.0855544718036507, "initial_balance": [13838, 13838, 21004, 21004, 18978, 18978, 18978, 37165, 37165]}