{"time_limit": 10800, "spot_discount": 0.9, "spot_market_global_loss": 0.2, "neg_quota_step": 348, "n_processes": 4, "n_products": 5, "n_steps": 87, "financial_reports_period": 5, "exogenous_horizon": 19, "max_productivity": 1.0, "catalog_prices": [10, 15, 17, 24, 35], "cash_availability": [1.5, 2.5], "expected_productivity": 0.9540229885057471, "expected_mean_profit": 0.09592937473359782, "initial_balance": [20623, 20623, 24194, 24194, 32443, 32443, 44736, 44736]}