{"00T16@0": 0.0, "01T22@0": 0.11383537653239935, "02T22@1": 0.48214285714285665, "03T35@1": 0.8207547169811321, "04T36@2": 0.0, "05T35@2": 0.6911196911196914, "BUYER": 0.0, "SELLER": 0.0}