{"00T23@0": 0.22401433691756273, "01T23@0": 0.20987654320987653, "02T22@1": 0.13107822410147998, "03T23@1": 0.0, "04T23@2": 0.4883720930232558, "05T35@2": 0.5314285714285718, "06T24@3": 1.0, "07T40@3": 0.0, "BUYER": 0.0, "SELLER": 0.0}