{"00T22@0": 0.17201166180758012, "01T35@0": 0.8149606299212598, "02T41@1": 0.2546816479400749, "03T40@1": 0.6180555555555554, "04T35@2": 0.6041189931350116, "05T35@2": 0.6065934065934064, "BUYER": 0.0, "SELLER": 0.0}