{"00T41@0": 0.04276315789473685, "01T26@0": 0.04126984126984128, "02T41@1": 0.04950495049504951, "03T22@1": 0.39160839160839156, "04T41@2": 0.22463768115942023, "05T26@2": 0.2838709677419355, "06T26@3": 0.010600706713780916, "07T22@3": 0.003236245954692553, "BUYER": 0.0, "SELLER": 0.0}