{"00T22@0": 0.1827676240208876, "01T23@0": 0.0, "02T35@1": 0.5000000000000002, "03T23@1": 0.837037037037037, "04T22@2": 0.004854368932038834, "05T35@2": 0.8064516129032258, "06T20@3": 0.0, "07T41@3": 0.37572254335260147, "08T23@4": 0.8031088082901556, "09T35@4": 0.8594164456233422, "BUYER": 0.0, "SELLER": 0.0}