{"time_limit": 10800, "spot_discount": 0.9, "spot_market_global_loss": 0.2, "neg_quota_step": 480, "n_processes": 5, "n_products": 6, "n_steps": 96, "financial_reports_period": 5, "exogenous_horizon": 46, "max_productivity": 1.0, "catalog_prices": [10, 20, 27, 36, 48, 71], "cash_availability": [1.5, 2.5], "expected_productivity": 0.9479166666666666, "expected_mean_profit": 0.11923082748905618, "initial_balance": [25240, 25240, 36363, 36363, 49376, 49376, 63811, 63811, 89286, 89286]}