{"time_limit": 10800, "spot_discount": 0.9, "spot_market_global_loss": 0.2, "neg_quota_step": 208, "n_processes": 4, "n_products": 5, "n_steps": 52, "financial_reports_period": 5, "exogenous_horizon": 23, "max_productivity": 1.0, "catalog_prices": [10, 22, 33, 42, 52], "cash_availability": [1.5, 2.5], "expected_productivity": 0.9230769230769231, "expected_mean_profit": 0.0881010851184963, "initial_balance": [17551, 17551, 24802, 24802, 32238, 32238, 43092, 43092]}