{"00T35@0": 0.0, "01T23@0": 0.0, "02T23@1": 1.0, "03T35@1": 1.0, "04T24@2": 0.8181818181818182, "05T22@2": 0.4691729323308271, "06T26@3": 0.012499999999999994, "07T22@3": 0.012773722627737225, "BUYER": 0.0, "SELLER": 0.0}