{"time_limit": 10800, "spot_discount": 0.9, "spot_market_global_loss": 0.2, "neg_quota_step": 516, "n_processes": 5, "n_products": 6, "n_steps": 86, "financial_reports_period": 5, "exogenous_horizon": 30, "max_productivity": 1.0, "catalog_prices": [10, 23, 34, 45, 57, 71], "cash_availability": [1.5, 2.5], "expected_productivity": 0.7848837209302325, "expected_mean_profit": 0.07611061936317313, "initial_balance": [34789, 34789, 56920, 56920, 72575, 72575, 95283, 95283, 58321, 58321, 58321, 58321]}