{"00T06@0": 0.0, "01T35@0": 0.7489655172413789, "02T35@1": 0.7164634146341466, "03T35@1": 0.727272727272727, "04T00@2": 0.0, "05T35@2": 0.6045723962743438, "BUYER": 0.0, "SELLER": 0.0}