{"00T35@0": 0.0, "01T22@0": 0.0, "02T24@1": 1.0, "03T20@1": 0.0, "04T22@2": 0.9597701149425287, "05T23@2": 1.0, "06T35@3": 0.66017316017316, "07T22@3": 0.0, "BUYER": 0.0, "SELLER": 0.0}