{"00T26@0": 0.09570312500000004, "01T22@0": 0.14705882352941188, "02T35@1": 0.6760563380281692, "03T22@1": 0.06666666666666665, "04T34@2": 0.5833333333333335, "05T22@2": 0.08833922261484096, "06T26@3": 0.14191419141914202, "07T34@3": 0.9882352941176471, "08T26@4": 0.0, "09T34@4": 0.6074766355140189, "BUYER": 0.0, "SELLER": 0.0}