{"00T37@0": 0.1181434599156117, "01T41@0": 0.4126984126984126, "02T37@1": 0.00909090909090909, "03T41@1": 0.22297297297297303, "04T20@2": 0.0, "05T37@2": 0.062499999999999944, "06T20@3": 0.0, "07T41@3": 0.5487804878048779, "08T20@4": 1.0, "09T22@4": 0.30851063829787234, "BUYER": 0.0, "SELLER": 0.0}