{"time_limit": 10800, "spot_discount": 0.9, "spot_market_global_loss": 0.2, "neg_quota_step": 265, "n_processes": 5, "n_products": 6, "n_steps": 53, "financial_reports_period": 5, "exogenous_horizon": 12, "max_productivity": 1.0, "catalog_prices": [10, 17, 28, 36, 46, 62], "cash_availability": [1.5, 2.5], "expected_productivity": 0.9056603773584906, "expected_mean_profit": 0.14261119561402041, "initial_balance": [11697, 11697, 17077, 17077, 22847, 22847, 30137, 30137, 37896, 37896]}