{"00T22@0": 0.1681901279707496, "01T22@0": 0.15700934579439252, "02T41@1": 0.13679245283018865, "03T10@1": 0.2307692307692307, "04T22@2": 0.6008230452674892, "05T35@2": 0.8104265402843602, "06T35@3": 0.7406199021207179, "07T35@3": 0.7552870090634441, "BUYER": 0.0, "SELLER": 0.0}