{"00T23@0": 0.36466165413533835, "01T22@0": 0.31439393939393934, "02T35@1": 0.6589147286821707, "03T22@1": 0.22140221402214028, "04T24@2": 0.87, "05T40@2": 0.002976190476190472, "BUYER": 0.0, "SELLER": 0.0}