{"00T35@0": 0.2959719789842382, "01T35@0": 0.2903780068728523, "02T22@1": 0.4535809018567639, "03T22@1": 0.44751381215469616, "04T22@2": 0.023622047244094477, "05T22@2": 0.0, "06T34@3": 0.7017543859649122, "07T26@3": 0.31075697211155395, "08T22@4": 0.016042780748663086, "09T22@4": 0.02197802197802194, "BUYER": 0.0, "SELLER": 0.0}