{"00T22@0": 0.20833333333333334, "01T23@0": 0.2424242424242425, "02T26@1": 0.22279792746113988, "03T23@1": 0.7522123893805307, "04T37@2": 0.046153846153846156, "05T35@2": 0.6156716417910449, "BUYER": 0.0, "SELLER": 0.0}