{"00T35@0": 0.24162011173184358, "01T35@0": 0.2536656891495599, "02T35@1": 0.0, "03T22@1": 0.6208445642407913, "04T35@2": 0.560439560439561, "05T35@2": 0.5637019230769227, "06T15@3": 0.0, "07T36@3": 0.0, "BUYER": 0.0, "SELLER": 0.0}