{"00T22@0": 0.00626959247648902, "01T35@0": 0.15363881401617246, "02T37@1": 0.11737089201877937, "03T09@1": 0.0, "04T35@2": 0.8579234972677595, "05T35@2": 0.812154696132597, "BUYER": 0.0, "SELLER": 0.0}