{"00T35@0": 0.43560606060606066, "01T22@0": 0.050377833753148596, "02T03@1": 0.0, "03T35@1": 0.6544502617801045, "04T07@2": 0.027777777777777776, "05T35@2": 0.6419294990723562, "BUYER": 0.0, "SELLER": 0.0}