{"00T22@0": 0.16990291262135904, "01T22@0": 0.19175911251980957, "02T35@1": 0.41262135922330095, "03T35@1": 0.43842364532019684, "04T09@2": 0.0, "05T08@2": 0.3780260707635009, "06T22@3": 0.22379603399433406, "07T35@3": 0.579691516709511, "BUYER": 0.0, "SELLER": 0.0}