{"00T23@0": 0.6654135338345863, "01T35@0": 0.4063604240282685, "02T22@1": 0.009174311926605498, "03T22@1": 0.004694835680751171, "04T26@2": 0.06870229007633588, "05T22@2": 0.3270440251572328, "06T06@3": 0.0, "07T22@3": 0.2169811320754717, "08T23@4": 0.7008547008547008, "09T22@4": 0.06321839080459775, "BUYER": 0.0, "SELLER": 0.0}