{"00T36@0": 0.0, "01T22@0": 0.01533742331288343, "02T29@1": 0.0, "03T35@1": 0.8647058823529412, "04T23@2": 0.8387909319899242, "05T23@2": 0.8311688311688309, "BUYER": 0.0, "SELLER": 0.0}