{"00T23@0": 0.12804878048780483, "01T23@0": 0.1210374639769453, "02T20@1": 0.0, "03T23@1": 0.7953367875647664, "04T12@2": 0.0, "05T22@2": 0.04184100418410042, "BUYER": 0.0, "SELLER": 0.0}