{"00T37@0": 0.1504587155963304, "01T37@0": 0.16056910569105673, "02T26@1": 0.2870967741935486, "03T26@1": 0.20486111111111108, "04T26@2": 0.004255319148936165, "05T37@2": 0.032719836400818006, "BUYER": 0.0, "SELLER": 0.0}