{"00T18@0": 0.0, "01T41@0": 0.0, "02T41@1": 0.019480519480519456, "03T18@1": 1.0, "04T18@2": 0.0, "05T41@2": 0.016666666666666663, "BUYER": 0.0, "SELLER": 0.0}