{"00T22@0": 0.0810810810810811, "01T23@0": 0.017543859649122806, "02T24@1": 0.0, "03T23@1": 0.7368421052631579, "04T10@2": 0.3216783216783218, "05T35@2": 0.8301158301158301, "BUYER": 0.0, "SELLER": 0.0}