{"00T02@0": 0.034042553191489355, "01T12@0": 0.046692607003891044, "02T29@0": 0.0, "03T29@0": 0.0, "04T05@1": 0.0, "05T12@1": 0.031175059952038342, "06T02@1": 0.30630630630630645, "07T05@1": 0.0, "08T05@1": 0.0, "09T29@2": 1.0, "10T12@2": 0.0, "11T02@2": 0.6096256684491983, "BUYER": 0.0, "SELLER": 0.0}