{"00T40@0": 0.040816326530612235, "01T20@0": 0.11363636363636363, "02T40@1": 0.07407407407407407, "03T22@1": 0.06451612903225805, "04T20@2": 0.7962962962962963, "05T20@2": 0.20588235294117646, "06T40@3": 0.18840579710144928, "07T22@3": 0.15909090909090912, "BUYER": 0.0, "SELLER": 0.0}