{"00T36@0": 0.0, "01T36@0": 0.0, "02T34@1": 0.2941176470588235, "03T34@1": 0.2941176470588235, "04T36@2": 0.3866171003717471, "05T34@2": 1.0, "BUYER": 0.0, "SELLER": 0.0}