{"00T22@0": 0.0718954248366013, "01T22@0": 0.09698275862068963, "02T06@1": 0.0, "03T41@1": 0.22943722943722944, "04T22@2": 0.6970802919708033, "05T35@2": 0.8777777777777777, "06T35@3": 0.6941580756013744, "07T35@3": 0.697865353037767, "BUYER": 0.0, "SELLER": 0.0}