{"00T35@0": 0.16996699669966991, "01T22@0": 0.05536332179930798, "02T40@1": 0.4131736526946106, "03T35@1": 0.6626506024096385, "04T00@2": 0.0, "05T35@2": 0.7034482758620682, "BUYER": 0.0, "SELLER": 0.0}