{"00T18@0": 0.0, "01T22@0": 0.20833333333333337, "02T22@1": 0.4507462686567166, "03T35@1": 0.7709497206703916, "04T20@2": 0.6005025125628138, "05T35@2": 0.5586206896551723, "BUYER": 0.0, "SELLER": 0.0}