{"time_limit": 10800, "spot_discount": 0.9, "spot_market_global_loss": 0.2, "neg_quota_step": 418, "n_processes": 3, "n_products": 4, "n_steps": 93, "financial_reports_period": 5, "exogenous_horizon": 42, "max_productivity": 1.0, "catalog_prices": [10, 18, 21, 29], "cash_availability": [1.5, 2.5], "expected_productivity": 0.967741935483871, "expected_mean_profit": 0.05893349128632058, "initial_balance": [28642, 28642, 28642, 61272, 61272, 39893, 39893, 39893, 39893]}