{"00T08@0": 0.0, "01T08@0": 0.0, "02T03@1": 0.0, "03T22@1": 0.08571428571428572, "04T03@2": 1.0, "05T08@2": 0.9052631578947369, "06T03@3": 0.0, "07T22@3": 0.07000000000000005, "BUYER": 0.0, "SELLER": 0.0}