{"00T16@0": 0.0, "01T22@0": 0.17585692995529068, "02T22@1": 0.3307392996108951, "03T35@1": 0.6937799043062204, "04T06@2": 0.0, "05T35@2": 0.6771084337349395, "BUYER": 0.0, "SELLER": 0.0}