{"00T35@0": 0.40661938534278946, "01T22@0": 0.1730279898218829, "02T37@1": 0.1627906976744187, "03T22@1": 0.4177215189873418, "04T26@2": 0.26267281105990775, "05T26@2": 0.2245762711864407, "06T37@3": 0.05472636815920398, "07T26@3": 0.23282442748091603, "08T37@4": 0.11726384364820842, "09T35@4": 0.6909975669099757, "BUYER": 0.0, "SELLER": 0.0}