{"00T08@0": 0.0328719723183391, "01T22@0": 0.05666666666666671, "02T22@1": 0.63135593220339, "03T35@1": 0.7204301075268817, "04T26@2": 0.0, "05T35@2": 0.7377483443708605, "BUYER": 0.0, "SELLER": 0.0}