{"00T38@0": 0.0, "01T35@0": 0.10503282275711168, "02T06@1": 0.0, "03T22@1": 0.40549828178694164, "04T22@2": 0.030226700251889137, "05T22@2": 0.015463917525773179, "BUYER": 0.0, "SELLER": 0.0}