{"00T20@0": 0.17359413202933974, "01T22@0": 0.1255605381165919, "02T22@1": 0.38979118329466356, "03T35@1": 0.6939890710382516, "04T37@2": 0.032418952618453845, "05T35@2": 0.5966942148760329, "BUYER": 0.0, "SELLER": 0.0}