{"00T24@0": 0.006968641114982577, "01T22@0": 0.33771929824561403, "02T35@1": 0.0, "03T23@1": 0.0, "04T23@2": 1.0, "05T35@2": 1.0, "06T22@3": 0.07142857142857142, "07T22@3": 0.02723735408560313, "08T40@4": 0.6384976525821598, "09T22@4": 0.0, "BUYER": 0.0, "SELLER": 0.0}