{"00T19@0": 0.0, "01T22@0": 0.14014251781472692, "02T23@1": 0.784, "03T22@1": 0.3900000000000001, "04T22@2": 0.006993006993006993, "05T22@2": 0.0273972602739726, "06T29@3": 0.0, "07T35@3": 0.7528735632183908, "08T22@4": 0.6160337552742619, "09T23@4": 0.8213507625272328, "BUYER": 0.0, "SELLER": 0.0}