{"00T35@0": 0.809941520467836, "01T22@0": 0.20508474576271182, "02T41@1": 0.04104477611940303, "03T22@1": 0.2569832402234638, "04T23@2": 0.6647727272727272, "05T35@2": 0.6210937500000001, "06T26@3": 0.22014051522248243, "07T22@3": 0.0, "BUYER": 0.0, "SELLER": 0.0}