{"00T29@0": 0.0, "01T29@0": 0.0, "02T35@1": 1.0, "03T23@1": 1.0, "04T41@2": 0.0, "05T41@2": 0.0, "06T29@3": 0.0, "07T23@3": 0.6051282051282058, "08T41@4": 0.0, "09T22@4": 0.33968253968253975, "BUYER": 0.0, "SELLER": 0.0}