{"00T20@0": 0.023008849557522106, "01T22@0": 0.06369426751592352, "02T22@1": 0.5737704918032787, "03T35@1": 0.7577319587628866, "04T36@2": 0.0, "05T35@2": 0.703389830508474, "BUYER": 0.0, "SELLER": 0.0}