{"00T41@0": 0.031055900621118, "01T22@0": 0.08459214501510576, "02T35@1": 0.8382352941176471, "03T22@1": 0.42944785276073627, "04T41@2": 0.24324324324324317, "05T37@2": 0.11206896551724138, "06T41@3": 0.3014354066985647, "07T37@3": 0.1666666666666667, "08T37@4": 0.012944983818770212, "09T35@4": 0.7238605898123325, "BUYER": 0.0, "SELLER": 0.0}