{"00T23@0": 0.0, "01T22@0": 0.6976744186046516, "02T35@1": 0.5827338129496403, "03T35@1": 0.5846153846153846, "04T22@2": 0.0, "05T23@2": 0.9166666666666666, "06T22@3": 0.007575757575757569, "07T35@3": 0.8293838862559242, "08T41@4": 0.314814814814815, "09T20@4": 1.0, "BUYER": 0.0, "SELLER": 0.0}