{"00T23@0": 0.0, "01T23@0": 0.0, "02T35@1": 1.0, "03T35@1": 1.0, "04T41@2": 0.011764705882352941, "05T26@2": 0.1545893719806764, "06T22@3": 0.0, "07T23@3": 0.6984732824427479, "BUYER": 0.0, "SELLER": 0.0}