{"00T37@0": 0.1008146639511202, "01T23@0": 0.2299065420560748, "02T22@1": 0.32066508313539227, "03T35@1": 0.5454545454545455, "04T23@2": 0.5693333333333334, "05T23@2": 0.5718390804597704, "06T12@3": 0.0, "07T40@3": 1.0, "BUYER": 0.0, "SELLER": 0.0}