{"time_limit": 10800, "spot_discount": 0.9, "spot_market_global_loss": 0.2, "neg_quota_step": 596, "n_processes": 4, "n_products": 5, "n_steps": 149, "financial_reports_period": 5, "exogenous_horizon": 59, "max_productivity": 1.0, "catalog_prices": [10, 18, 28, 38, 54], "cash_availability": [1.5, 2.5], "expected_productivity": 0.9731543624161074, "expected_mean_profit": 0.0812206646674695, "initial_balance": [49012, 49012, 79237, 79237, 107011, 107011, 145893, 145893]}