{"00T37@0": 0.06617647058823532, "01T22@0": 0.21777003484320576, "02T35@1": 0.32994923857868025, "03T22@1": 0.005319148936170212, "04T37@2": 0.0, "05T19@2": 0.0, "06T19@3": 0.0, "07T19@3": 0.0, "08T37@4": 1.0, "09T35@4": 1.0, "BUYER": 0.0, "SELLER": 0.0}