{"00T35@0": 0.449462365591398, "01T22@0": 0.053291536050156754, "02T29@1": 0.0, "03T22@1": 0.1510791366906475, "04T35@2": 0.776595744680851, "05T23@2": 0.8242424242424241, "06T40@3": 0.0, "07T35@3": 0.6590909090909088, "BUYER": 0.0, "SELLER": 0.0}