{"00T22@0": 0.22530329289428075, "01T35@0": 0.6818181818181819, "02T10@1": 0.2969187675070029, "03T36@1": 0.33225806451612894, "04T35@2": 0.7246621621621625, "05T35@2": 0.7479406919275122, "BUYER": 0.0, "SELLER": 0.0}