{"00T35@0": 0.3456425406203842, "01T35@0": 0.3979213066072756, "02T35@1": 0.0, "03T22@1": 0.29648241206030146, "04T35@2": 0.3104212860310422, "05T35@2": 0.31111111111111134, "06T15@3": 0.0, "07T29@3": 1.0, "BUYER": 0.0, "SELLER": 0.0}