{"00T22@0": 0.2637130801687764, "01T35@0": 0.3956043956043954, "02T22@1": 0.05022831050228315, "03T22@1": 0.08474576271186451, "04T24@2": 0.10714285714285714, "05T23@2": 0.538961038961039, "06T23@3": 0.7916666666666666, "07T23@3": 0.8375, "08T20@4": 1.0, "09T35@4": 0.5542570951585972, "BUYER": 0.0, "SELLER": 0.0}