{"time_limit": 10800, "spot_discount": 0.9, "spot_market_global_loss": 0.2, "neg_quota_step": 396, "n_processes": 5, "n_products": 6, "n_steps": 66, "financial_reports_period": 5, "exogenous_horizon": 30, "max_productivity": 1.0, "catalog_prices": [10, 18, 26, 34, 47, 61], "cash_availability": [1.5, 2.5], "expected_productivity": 0.7702020202020202, "expected_mean_profit": 0.09461176218488682, "initial_balance": [18895, 18895, 25823, 25823, 24815, 24815, 24815, 32583, 32583, 32583, 65186, 65186]}