{"00T22@0": 0.10695187165775401, "01T22@0": 0.08582089552238807, "02T23@1": 0.6000000000000003, "03T35@1": 0.6462585034013605, "04T40@2": 0.22660098522167488, "05T37@2": 0.0, "06T35@3": 0.7682926829268292, "07T23@3": 0.6475409836065574, "08T23@4": 0.7549342105263164, "09T23@4": 0.7636655948553059, "BUYER": 0.0, "SELLER": 0.0}