{"00T41@0": 0.45083932853717024, "01T24@0": 0.007905138339920941, "02T23@1": 0.5064377682403434, "03T35@1": 0.5496688741721855, "04T24@2": 0.6, "05T41@2": 0.42487046632124364, "06T41@3": 0.639769452449568, "07T24@3": 0.04878048780487805, "08T22@4": 0.06976744186046512, "09T35@4": 0.7475000000000003, "BUYER": 0.0, "SELLER": 0.0}