{"time_limit": 10800, "spot_discount": 0.9, "spot_market_global_loss": 0.2, "neg_quota_step": 315, "n_processes": 5, "n_products": 6, "n_steps": 63, "financial_reports_period": 5, "exogenous_horizon": 30, "max_productivity": 1.0, "catalog_prices": [10, 16, 27, 36, 42, 53], "cash_availability": [1.5, 2.5], "expected_productivity": 0.9206349206349206, "expected_mean_profit": 0.06269377967251236, "initial_balance": [14806, 14806, 25328, 25328, 32202, 32202, 42302, 42302, 50498, 50498]}