{"00T38@0": 0.0, "01T35@0": 0.16492146596858634, "02T37@1": 0.0457516339869281, "03T22@1": 0.4214285714285714, "04T22@2": 0.025510204081632643, "05T22@2": 0.007792207792207784, "BUYER": 0.0, "SELLER": 0.0}