{"00T06@0": 0.043478260869565216, "01T22@0": 0.2425149700598803, "02T23@1": 0.746031746031746, "03T22@1": 0.4829059829059828, "04T22@2": 0.022598870056497175, "05T22@2": 0.03846153846153847, "06T32@3": 1.0, "07T35@3": 0.7006369426751589, "08T22@4": 0.1875, "09T23@4": 0.6986301369863015, "BUYER": 0.0, "SELLER": 0.0}