{"00T20@0": 0.021782178217821767, "01T22@0": 0.042, "02T22@1": 0.24999999999999983, "03T35@1": 0.8913043478260868, "04T40@2": 0.0, "05T35@2": 0.7073578595317727, "BUYER": 0.0, "SELLER": 0.0}