{"00T35@0": 0.6966292134831457, "01T35@0": 0.7110694183864911, "02T22@1": 0.0021186440677966076, "03T22@1": 0.0, "04T22@2": 0.248868778280543, "05T22@2": 0.263888888888889, "06T15@3": 0.48859934853420206, "07T34@3": 0.625, "08T22@4": 0.029239766081871333, "09T22@4": 0.03630363036303633, "BUYER": 0.0, "SELLER": 0.0}