{"00T07@0": 0.0, "01T22@0": 0.1956521739130435, "02T35@1": 0.7878787878787877, "03T22@1": 0.6111111111111112, "04T06@2": 0.0, "05T35@2": 0.0, "06T35@3": 0.9354838709677419, "07T35@3": 1.0, "BUYER": 0.0, "SELLER": 0.0}