{"00T24@0": 0.0, "01T35@0": 0.2610526315789479, "02T35@1": 0.8427835051546393, "03T35@1": 0.8392857142857147, "04T38@2": 0.0, "05T35@2": 0.6344383057090237, "BUYER": 0.0, "SELLER": 0.0}