{"00T35@0": 0.2928571428571426, "01T35@0": 0.2911963882618511, "02T22@1": 0.0, "03T23@1": 0.8070175438596491, "04T12@2": 0.010582010582010566, "05T29@2": 0.0, "06T23@3": 0.65, "07T22@3": 0.8762376237623762, "BUYER": 0.0, "SELLER": 0.0}