{"00T17@0": 0.0, "01T17@0": 0.0, "02T29@1": 0.0, "03T22@1": 0.012048192771084338, "04T29@2": 0.0, "05T17@2": 0.21212121212121213, "06T29@3": 1.0, "07T22@3": 0.07831325301204821, "BUYER": 0.0, "SELLER": 0.0}