{"time_limit": 10800, "spot_discount": 0.9, "spot_market_global_loss": 0.2, "neg_quota_step": 372, "n_processes": 4, "n_products": 5, "n_steps": 62, "financial_reports_period": 5, "exogenous_horizon": 28, "max_productivity": 1.0, "catalog_prices": [10, 21, 31, 43, 56], "cash_availability": [1.5, 2.5], "expected_productivity": 1.2473118279569892, "expected_mean_profit": 0.10960349826361232, "initial_balance": [16770, 16770, 16770, 16770, 50801, 50801, 73735, 73735, 46510, 46510, 46510, 46510]}