{"00T24@0": 0.0, "01T24@0": 0.0, "02T33@1": 1.0, "03T22@1": 1.0, "04T33@2": 0.09790209790209789, "05T33@2": 0.0896551724137931, "06T24@3": 1.0, "07T22@3": 0.007220216606498187, "BUYER": 0.0, "SELLER": 0.0}