{"00T36@0": 0.14840989399293295, "01T37@0": 0.03308823529411767, "02T37@1": 0.16806722689075637, "03T36@1": 0.24358974358974378, "04T35@2": 0.6567164179104477, "05T23@2": 0.6249999999999998, "06T36@3": 0.0, "07T37@3": 0.10824742268041238, "BUYER": 0.0, "SELLER": 0.0}