{"00T22@0": 0.05128205128205131, "01T35@0": 0.47109826589595366, "02T29@1": 0.0, "03T07@1": 0.12345679012345678, "04T35@2": 0.7741935483870968, "05T35@2": 0.8119658119658122, "BUYER": 0.0, "SELLER": 0.0}