{"00T40@0": 0.007462686567164179, "01T40@0": 0.007751937984496124, "02T40@0": 0.0038461538461538464, "03T37@0": 0.009836065573770487, "04T12@0": 0.0, "05T12@1": 0.02243589743589744, "06T37@1": 0.46938775510204084, "07T12@2": 0.0, "08T37@2": 0.4088888888888889, "BUYER": 0.0, "SELLER": 0.0}