{"00T22@0": 0.1159420289855072, "01T22@0": 0.10924369747899158, "02T22@1": 0.276, "03T23@1": 0.6193548387096778, "04T22@2": 0.2292358803986711, "05T35@2": 0.6464646464646462, "06T41@3": 0.5082352941176471, "07T37@3": 0.12820512820512822, "08T35@4": 0.6666666666666671, "09T23@4": 0.5205479452054794, "BUYER": 0.0, "SELLER": 0.0}