{"00T24@0": 0.007042253521126757, "01T37@0": 0.13594470046082952, "02T37@1": 0.031007751937984496, "03T23@1": 0.010416666666666666, "04T24@2": 0.0, "05T24@2": 0.025, "06T37@3": 1.0, "07T22@3": 0.9821428571428571, "BUYER": 0.0, "SELLER": 0.0}