{"00T23@0": 0.7314685314685314, "01T23@0": 0.7336182336182343, "02T12@1": 0.0, "03T35@1": 0.5677966101694916, "04T41@2": 0.5169902912621358, "05T23@2": 0.5898815931108723, "BUYER": 0.0, "SELLER": 0.0}