{"00T37@0": 0.0, "01T37@0": 0.0, "02T03@1": 0.4, "03T22@1": 0.19827586206896552, "04T37@2": 0.15853658536585366, "05T03@2": 0.0, "06T03@3": 0.5947712418300654, "07T22@3": 0.08571428571428572, "BUYER": 0.0, "SELLER": 0.0}