{"00T40@0": 0.015105740181268876, "01T40@0": 0.0, "02T34@1": 0.0, "03T40@1": 0.0, "04T34@2": 0.9947368421052631, "05T34@2": 0.9796954314720813, "BUYER": 0.0, "SELLER": 0.0}