{"00T35@0": 0.09552845528455275, "01T23@0": 0.1120162932790226, "02T29@1": 0.0, "03T23@1": 0.7067901234567899, "04T12@2": 0.11111111111111108, "05T35@2": 0.7424242424242421, "06T23@3": 0.6723868954758189, "07T35@3": 0.6829268292682926, "BUYER": 0.0, "SELLER": 0.0}