{"00T35@0": 0.18763796909492286, "01T35@0": 0.1802757158006364, "02T35@1": 0.0, "03T22@1": 0.6388642413487129, "04T35@2": 0.42319277108433734, "05T35@2": 0.4386503067484663, "06T24@3": 1.0, "07T15@3": 0.0, "BUYER": 0.0, "SELLER": 0.0}