{"00T22@0": 0.057553956834532315, "01T35@0": 0.18505338078291816, "02T15@1": 0.4963235294117647, "03T16@1": 0.0, "04T35@2": 0.7218750000000005, "05T35@2": 0.7313915857605177, "BUYER": 0.0, "SELLER": 0.0}