{"00T22@0": 0.04301075268817206, "01T23@0": 0.373056994818653, "02T37@1": 0.12121212121212117, "03T23@1": 0.9, "04T36@2": 0.0070921985815602835, "05T35@2": 0.6130653266331654, "BUYER": 0.0, "SELLER": 0.0}