{"00T36@0": 0.04228329809725157, "01T41@0": 0.021598272138228933, "02T35@1": 0.8518518518518517, "03T22@1": 0.5384615384615391, "04T35@2": 0.6885245901639345, "05T22@2": 0.0, "BUYER": 0.0, "SELLER": 0.0}