{"00T09@0": 0.0, "01T22@0": 0.30188679245283, "02T15@1": 0.0, "03T22@1": 0.024193548387096753, "04T09@2": 0.0, "05T22@2": 0.07751937984496127, "06T15@3": 0.47963800904977394, "07T09@3": 0.0, "08T15@4": 0.05063291139240504, "09T35@4": 0.7617554858934171, "BUYER": 0.0, "SELLER": 0.0}