{"time_limit": 10800, "spot_discount": 0.9, "spot_market_global_loss": 0.2, "neg_quota_step": 380, "n_processes": 4, "n_products": 5, "n_steps": 95, "financial_reports_period": 5, "exogenous_horizon": 30, "max_productivity": 1.0, "catalog_prices": [10, 15, 22, 32, 45], "cash_availability": [1.5, 2.5], "expected_productivity": 0.9578947368421052, "expected_mean_profit": 0.07893069808691246, "initial_balance": [27732, 27732, 41706, 41706, 61010, 61010, 74770, 74770]}