{"time_limit": 10800, "spot_discount": 0.9, "spot_market_global_loss": 0.2, "neg_quota_step": 528, "n_processes": 3, "n_products": 4, "n_steps": 88, "financial_reports_period": 5, "exogenous_horizon": 25, "max_productivity": 1.0, "catalog_prices": [10, 19, 30, 37], "cash_availability": [1.5, 2.5], "expected_productivity": 1.2073863636363635, "expected_mean_profit": 0.07076994039891676, "initial_balance": [29605, 29605, 29605, 29605, 29605, 59163, 59163, 59163, 59163, 101580, 101580, 101580]}