{"00T41@0": 0.0441640378548896, "01T22@0": 0.1299093655589124, "02T23@1": 0.7350993377483445, "03T22@1": 0.3455497382198952, "04T22@2": 0.061224489795918366, "05T22@2": 0.0, "06T24@3": 0.14705882352941177, "07T35@3": 0.7999999999999999, "08T22@4": 0.5384615384615383, "09T23@4": 0.8153034300791556, "BUYER": 0.0, "SELLER": 0.0}