{"00T29@0": 0.0, "01T26@0": 0.06410256410256407, "02T26@1": 0.32692307692307704, "03T22@1": 0.03749999999999998, "04T26@2": 0.009009009009009009, "05T29@2": 0.0, "06T29@3": 1.0, "07T22@3": 0.19409282700421937, "BUYER": 0.0, "SELLER": 0.0}