{"00T20@0": 0.0, "01T02@0": 0.0, "02T29@1": 0.0, "03T29@1": 0.0, "04T02@2": 1.0, "05T20@2": 0.0, "06T20@3": 0.0, "07T23@3": 0.1891891891891892, "08T02@4": 0.9269662921348315, "09T29@4": 1.0, "BUYER": 0.0, "SELLER": 0.0}