{"00T18@0": 0.0, "01T35@0": 0.19843342036553524, "02T29@1": 0.0, "03T22@1": 0.5604395604395604, "04T22@2": 0.35909090909090907, "05T22@2": 0.12173913043478268, "BUYER": 0.0, "SELLER": 0.0}