{"00T40@0": 0.19696969696969704, "01T22@0": 0.24137931034482754, "02T35@1": 0.5080645161290324, "03T35@1": 0.5, "04T35@2": 0.9181818181818182, "05T22@2": 0.0, "06T20@3": 1.0, "07T22@3": 0.0, "BUYER": 0.0, "SELLER": 0.0}