{"00T41@0": 0.23943661971830985, "01T41@0": 0.24576271186440674, "02T12@1": 0.035532994923857884, "03T12@1": 0.029069767441860465, "04T20@2": 0.0, "05T23@2": 0.5093750000000001, "06T12@3": 0.0, "07T41@3": 0.0, "08T20@4": 1.0, "09T20@4": 1.0, "BUYER": 0.0, "SELLER": 0.0}