{"00T37@0": 0.026058631921824088, "01T22@0": 0.0892018779342724, "02T22@1": 0.6000000000000004, "03T35@1": 0.6526315789473685, "04T20@2": 0.8642857142857142, "05T35@2": 0.7704280155642024, "BUYER": 0.0, "SELLER": 0.0}