{"00T37@0": 0.0, "01T37@0": 0.0, "02T12@1": 0.12068965517241378, "03T12@1": 0.14035087719298248, "04T12@2": 0.01904761904761905, "05T37@2": 0.9701492537313433, "BUYER": 0.0, "SELLER": 0.0}