{"00T22@0": 0.0, "01T35@0": 0.15843621399176966, "02T34@1": 0.44649446494464934, "03T09@1": 0.0, "04T35@2": 0.8326693227091632, "05T35@2": 0.8212765957446809, "BUYER": 0.0, "SELLER": 0.0}