{"00T35@0": 0.07194244604316546, "01T22@0": 0.17553191489361702, "02T24@1": 1.0, "03T35@1": 0.6370967741935484, "04T20@2": 1.0, "05T35@2": 0.7352941176470587, "BUYER": 0.0, "SELLER": 0.0}