{"00T29@0": 0.0, "01T22@0": 0.07891332470892631, "02T22@1": 0.22321428571428575, "03T35@1": 0.8565400843881856, "04T40@2": 0.02088167053364269, "05T35@2": 0.7613219094247248, "BUYER": 0.0, "SELLER": 0.0}