{"00T35@0": 0.46790890269151136, "01T35@0": 0.4522357723577236, "02T35@1": 0.0, "03T22@1": 0.000849617672047578, "04T35@2": 0.5204359673024522, "05T35@2": 0.5124653739612182, "06T06@3": 0.6927083333333334, "07T26@3": 0.0, "BUYER": 0.0, "SELLER": 0.0}