{"00T35@0": 0.2613981762917931, "01T22@0": 0.0, "02T34@1": 0.20441988950276244, "03T35@1": 0.7448979591836736, "04T35@2": 0.7692307692307689, "05T35@2": 0.7429906542056075, "06T40@3": 0.019762845849802372, "07T35@3": 0.5574162679425837, "BUYER": 0.0, "SELLER": 0.0}