{"00T19@0": 0.0, "01T35@0": 0.28406909788867574, "02T34@1": 0.0, "03T34@1": 0.0, "04T19@2": 0.0, "05T19@2": 0.0, "06T23@3": 1.0, "07T23@3": 1.0, "08T34@4": 0.4774774774774775, "09T23@4": 0.6188925081433225, "BUYER": 0.0, "SELLER": 0.0}