{"00T20@0": 0.06889763779527555, "01T22@0": 0.11602209944751361, "02T22@1": 0.17435897435897435, "03T35@1": 0.6625514403292178, "04T29@2": 1.0, "05T35@2": 0.6611111111111111, "BUYER": 0.0, "SELLER": 0.0}