{"00T34@0": 0.21393034825870647, "01T35@0": 0.412, "02T26@1": 0.2629870129870131, "03T26@1": 0.24115755627009627, "04T26@2": 0.0, "05T35@2": 0.4981684981684983, "06T34@3": 0.5105633802816901, "07T34@3": 0.5000000000000001, "BUYER": 0.0, "SELLER": 0.0}