{"00T29@0": 0.0, "01T12@0": 0.03791469194312794, "02T12@1": 0.030042918454935643, "03T12@1": 0.012345679012345685, "04T02@1": 0.0, "05T29@2": 0.0, "06T02@2": 0.0, "07T29@3": 1.0, "08T02@3": 1.0, "BUYER": 0.0, "SELLER": 0.0}