{"00T35@0": 0.29401088929219604, "01T35@0": 0.29798903107861063, "02T38@1": 0.0, "03T35@1": 1.0, "04T40@2": 0.0, "05T22@2": 0.0, "BUYER": 0.0, "SELLER": 0.0}