{"00T41@0": 0.21563981042654015, "01T40@0": 0.22897196261682237, "02T22@1": 0.3380281690140845, "03T23@1": 0.29341317365269465, "04T23@2": 0.7464114832535884, "05T35@2": 0.7104072398190047, "06T22@3": 0.0, "07T23@3": 0.6720647773279353, "BUYER": 0.0, "SELLER": 0.0}