{"00T35@0": 0.7304147465437789, "01T22@0": 0.2164948453608249, "02T37@1": 0.10505836575875488, "03T35@1": 0.4803921568627451, "04T00@2": 0.0, "05T35@2": 0.728055077452668, "BUYER": 0.0, "SELLER": 0.0}