{"00T41@0": 0.17227722772277235, "01T41@0": 0.13429752066115686, "02T41@1": 0.19166666666666668, "03T36@1": 0.4852941176470588, "04T36@2": 0.010593220338983042, "05T36@2": 0.023529411764705875, "BUYER": 0.0, "SELLER": 0.0}