{"00T20@0": 0.2591463414634146, "01T35@0": 0.0, "02T35@1": 0.0, "03T35@1": 0.0, "04T23@2": 0.9081081081081082, "05T35@2": 0.8389830508474576, "06T35@3": 0.9206349206349206, "07T22@3": 0.30191693290734845, "08T41@4": 0.0, "09T22@4": 0.0, "BUYER": 0.0, "SELLER": 0.0}