{"time_limit": 10800, "spot_discount": 0.9, "spot_market_global_loss": 0.2, "neg_quota_step": 275, "n_processes": 5, "n_products": 6, "n_steps": 55, "financial_reports_period": 5, "exogenous_horizon": 25, "max_productivity": 1.0, "catalog_prices": [10, 16, 21, 29, 41, 64], "cash_availability": [1.5, 2.5], "expected_productivity": 0.9090909090909091, "expected_mean_profit": 0.08980764353001551, "initial_balance": [15681, 15681, 20927, 20927, 29491, 29491, 43121, 43121, 60309, 60309]}