{"00T36@0": 0.11694510739856807, "01T22@0": 0.12206572769953042, "02T35@1": 0.29, "03T22@1": 0.37234042553191504, "04T35@2": 0.5959595959595958, "05T23@2": 0.585585585585585, "06T29@3": 0.0, "07T41@3": 0.3959390862944164, "08T12@4": 0.0, "09T23@4": 0.8071428571428572, "BUYER": 0.0, "SELLER": 0.0}