{"00T37@0": 0.0, "01T06@0": 0.0, "02T06@1": 0.0, "03T22@1": 0.21951219512195122, "04T37@2": 0.16666666666666666, "05T06@2": 0.0, "06T37@3": 0.26380368098159507, "07T22@3": 0.10322580645161294, "BUYER": 0.0, "SELLER": 0.0}