{"time_limit": 10800, "spot_discount": 0.9, "spot_market_global_loss": 0.2, "neg_quota_step": 204, "n_processes": 4, "n_products": 5, "n_steps": 51, "financial_reports_period": 5, "exogenous_horizon": 10, "max_productivity": 1.0, "catalog_prices": [10, 16, 26, 35, 52], "cash_availability": [1.5, 2.5], "expected_productivity": 0.9215686274509803, "expected_mean_profit": 0.0796434244166787, "initial_balance": [15115, 15115, 24183, 24183, 31147, 31147, 47286, 47286]}