{"00T35@0": 0.7231270358306187, "01T35@0": 0.7866666666666672, "02T22@1": 0.0031645569620253125, "03T22@1": 0.0031545741324921096, "04T22@2": 0.17511520737327188, "05T22@2": 0.15887850467289732, "06T09@3": 0.0, "07T15@3": 0.5683229813664595, "08T22@4": 0.032388663967611316, "09T22@4": 0.03488372093023256, "BUYER": 0.0, "SELLER": 0.0}