{"00T16@0": 0.0, "01T35@0": 0.1282660332541568, "02T35@1": 0.8840579710144929, "03T35@1": 0.862559241706161, "04T41@2": 0.0, "05T35@2": 0.676524953789279, "BUYER": 0.0, "SELLER": 0.0}