{"00T35@0": 0.7880597014925367, "01T22@0": 0.03424657534246576, "02T03@1": 0.050359712230215826, "03T35@1": 0.635036496350365, "04T06@2": 0.0, "05T35@2": 0.6244635193133042, "BUYER": 0.0, "SELLER": 0.0}