{"00T02@0": 0.03663003663003663, "01T12@0": 0.0, "02T12@1": 0.0, "03T29@1": 0.0, "04T20@2": 0.0, "05T20@2": 0.0, "06T02@2": 0.31282051282051293, "07T20@3": 1.0, "08T02@3": 1.0, "09T29@3": 1.0, "10T12@3": 0.0, "11T29@3": 1.0, "BUYER": 0.0, "SELLER": 0.0}