{"time_limit": 10800, "spot_discount": 0.9, "spot_market_global_loss": 0.2, "neg_quota_step": 336, "n_processes": 4, "n_products": 5, "n_steps": 56, "financial_reports_period": 5, "exogenous_horizon": 18, "max_productivity": 1.0, "catalog_prices": [10, 15, 21, 28, 38], "cash_availability": [1.5, 2.5], "expected_productivity": 0.6190476190476191, "expected_mean_profit": 0.10213953012233198, "initial_balance": [12626, 12626, 15061, 15061, 13499, 13499, 13499, 12085, 12085, 12085, 12085, 12085]}