{"00T06@0": 0.3333333333333333, "01T22@0": 0.2903225806451614, "02T22@1": 0.25123152709359614, "03T35@1": 0.5956284153005467, "04T16@2": 1.0, "05T35@2": 0.5940803382663851, "BUYER": 0.0, "SELLER": 0.0}