{"time_limit": 10800, "spot_discount": 0.9, "spot_market_global_loss": 0.2, "neg_quota_step": 350, "n_processes": 5, "n_products": 6, "n_steps": 70, "financial_reports_period": 5, "exogenous_horizon": 16, "max_productivity": 1.0, "catalog_prices": [10, 21, 28, 41, 55, 76], "cash_availability": [1.5, 2.5], "expected_productivity": 0.9285714285714286, "expected_mean_profit": 0.0928073760195622, "initial_balance": [23001, 23001, 29711, 29711, 45746, 45746, 59356, 59356, 81014, 81014]}