{"00T22@0": 0.2833333333333334, "01T23@0": 0.10989010989010985, "02T26@1": 0.15953307392996108, "03T35@1": 0.3904761904761905, "04T35@2": 0.6774193548387099, "05T35@2": 0.6644736842105261, "06T19@3": 1.0, "07T35@3": 0.6489563567362429, "BUYER": 0.0, "SELLER": 0.0}