{"time_limit": 10800, "spot_discount": 0.9, "spot_market_global_loss": 0.2, "neg_quota_step": 280, "n_processes": 4, "n_products": 5, "n_steps": 70, "financial_reports_period": 5, "exogenous_horizon": 24, "max_productivity": 1.0, "catalog_prices": [10, 21, 35, 44, 58], "cash_availability": [1.5, 2.5], "expected_productivity": 0.9428571428571428, "expected_mean_profit": 0.09212965108197026, "initial_balance": [21920, 21920, 35587, 35587, 49770, 49770, 65371, 65371]}