{"00T19@0": 0.0, "01T23@0": 0.22549019607843143, "02T22@1": 0.6096654275092934, "03T35@1": 0.9, "04T37@2": 0.0, "05T35@2": 0.6582568807339448, "BUYER": 0.0, "SELLER": 0.0}