{"00T41@0": 0.04358353510895886, "01T22@0": 0.12133891213389124, "02T41@1": 0.0, "03T22@1": 0.029702970297029677, "04T09@2": 0.0, "05T22@2": 0.13970588235294124, "06T41@3": 0.03571428571428571, "07T09@3": 0.0, "08T09@4": 0.0, "09T35@4": 0.826879271070615, "BUYER": 0.0, "SELLER": 0.0}