{"00T06@0": 0.0, "01T35@0": 0.5749235474006116, "02T35@1": 0.8018433179723502, "03T35@1": 0.775330396475771, "04T34@2": 0.5255474452554746, "05T35@2": 0.5882352941176465, "BUYER": 0.0, "SELLER": 0.0}