{"00T22@0": 0.017857142857142835, "01T22@0": 0.03470715835140996, "02T16@1": 0.0, "03T41@1": 0.16981132075471692, "04T22@2": 0.619433198380567, "05T35@2": 0.8736263736263736, "06T35@3": 0.7092198581560283, "07T35@3": 0.7020547945205485, "BUYER": 0.0, "SELLER": 0.0}