{"time_limit": 10800, "spot_discount": 0.9, "spot_market_global_loss": 0.2, "neg_quota_step": 360, "n_processes": 5, "n_products": 6, "n_steps": 72, "financial_reports_period": 5, "exogenous_horizon": 26, "max_productivity": 1.0, "catalog_prices": [10, 20, 32, 46, 62, 75], "cash_availability": [1.5, 2.5], "expected_productivity": 0.9305555555555556, "expected_mean_profit": 0.06734009317284852, "initial_balance": [27389, 27389, 45193, 45193, 64283, 64283, 82488, 82488, 106493, 106493]}