{"time_limit": 10800, "spot_discount": 0.9, "spot_market_global_loss": 0.2, "neg_quota_step": 558, "n_processes": 4, "n_products": 5, "n_steps": 93, "financial_reports_period": 5, "exogenous_horizon": 21, "max_productivity": 1.0, "catalog_prices": [10, 19, 26, 34, 43], "cash_availability": [1.5, 2.5], "expected_productivity": 1.5949820788530467, "expected_mean_profit": 0.06328974481290049, "initial_balance": [30254, 30254, 30254, 30254, 30254, 109668, 109668, 93407, 93407, 93407, 182939, 182939]}