{"00T34@0": 0.13924050632911392, "01T35@0": 0.7747035573122527, "02T35@1": 0.7462121212121211, "03T35@1": 0.7000000000000003, "04T20@2": 0.7078085642317383, "05T35@2": 0.5306451612903229, "BUYER": 0.0, "SELLER": 0.0}