{"00T41@0": 0.03125, "01T22@0": 0.16981132075471697, "02T35@1": 0.6976744186046513, "03T22@1": 0.6666666666666666, "04T40@2": 0.75, "05T35@2": 0.23529411764705882, "06T35@3": 0.6153846153846152, "07T35@3": 0.6607142857142856, "BUYER": 0.0, "SELLER": 0.0}