,balance,assets,bankrupt,agent_id,step
0,1677.0,51.0,False,00T06@0,0.0
1,1480.0,226.90317195325542,False,00T06@0,5.0
2,1647.0,102.0,False,01T06@0,0.0
3,1638.0,105.8881469115192,False,01T06@0,5.0
4,2841.0,0.0,False,02T41@1,0.0
5,2762.0,145.0,False,02T41@1,5.0
6,2841.0,0.0,False,03T41@1,0.0
7,2687.0,464.0,False,03T41@1,5.0
8,4219.0,0.0,False,04T41@2,0.0
9,4069.0,0.0,False,04T41@2,5.0
10,4219.0,0.0,False,05T06@2,0.0
11,4219.0,0.0,False,05T06@2,5.0
12,,,,,
13,,,,,
14,,,,,
15,,,,,
