{"00T22@0": 0.1614906832298135, "01T22@0": 0.12345679012345677, "02T36@1": 0.09826589595375719, "03T22@1": 0.10204081632653068, "04T10@2": 0.3425605536332179, "05T35@2": 0.8602941176470589, "06T23@3": 0.6613756613756612, "07T22@3": 0.0, "BUYER": 0.0, "SELLER": 0.0}