{"00T41@0": 0.040000000000000015, "01T23@0": 0.1888111888111888, "02T26@1": 0.21405750798722048, "03T35@1": 0.8859649122807017, "04T26@2": 0.30769230769230754, "05T41@2": 0.11486486486486489, "06T41@3": 0.3148148148148147, "07T26@3": 0.5189003436426115, "08T35@4": 0.537777777777777, "09T23@4": 0.5900473933649292, "BUYER": 0.0, "SELLER": 0.0}