{"time_limit": 10800, "spot_discount": 0.9, "spot_market_global_loss": 0.2, "neg_quota_step": 485, "n_processes": 5, "n_products": 6, "n_steps": 97, "financial_reports_period": 5, "exogenous_horizon": 24, "max_productivity": 1.0, "catalog_prices": [10, 18, 27, 33, 46, 59], "cash_availability": [1.5, 2.5], "expected_productivity": 0.9484536082474226, "expected_mean_profit": 0.056731108045317995, "initial_balance": [30941, 30941, 49505, 49505, 62809, 62809, 82507, 82507, 109116, 109116]}