{"00T38@0": 0.0, "01T35@0": 0.6890547263681595, "02T35@1": 0.5986159169550179, "03T35@1": 0.614840989399293, "04T09@2": 0.0, "05T35@2": 0.5147058823529413, "BUYER": 0.0, "SELLER": 0.0}