{"00T35@0": 0.7850467289719626, "01T22@0": 0.36482939632545947, "02T26@1": 0.0034722222222222186, "03T35@1": 0.4423963133640553, "04T20@2": 0.9917355371900827, "05T35@2": 0.546099290780142, "BUYER": 0.0, "SELLER": 0.0}