{"time_limit": 10800, "spot_discount": 0.9, "spot_market_global_loss": 0.2, "neg_quota_step": 335, "n_processes": 5, "n_products": 6, "n_steps": 67, "financial_reports_period": 5, "exogenous_horizon": 31, "max_productivity": 1.0, "catalog_prices": [10, 21, 32, 43, 58, 76], "cash_availability": [1.5, 2.5], "expected_productivity": 0.9253731343283582, "expected_mean_profit": 0.07355906672389637, "initial_balance": [22149, 22149, 33531, 33531, 44051, 44051, 64293, 64293, 82934, 82934]}