{"00T29@0": 0.0, "01T22@0": 0.190965092402464, "02T41@1": 0.07843137254901951, "03T22@1": 0.40211640211640204, "04T41@2": 0.0, "05T22@2": 0.078125, "06T29@3": 0.0, "07T41@3": 0.005917159763313609, "08T29@4": 1.0, "09T35@4": 0.8355263157894738, "BUYER": 0.0, "SELLER": 0.0}