{"00T35@0": 0.8049327354260087, "01T22@0": 0.1298701298701299, "02T04@1": 0.2479999999999999, "03T35@1": 0.7813504823151124, "04T40@2": 0.0, "05T35@2": 0.7693522906793051, "BUYER": 0.0, "SELLER": 0.0}