{"00T22@0": 0.11671469740634005, "01T23@0": 0.2795389048991356, "02T22@1": 0.0, "03T23@1": 0.6900684931506851, "04T12@2": 0.0, "05T20@2": 1.0, "BUYER": 0.0, "SELLER": 0.0}