{"00T41@0": 0.020089285714285716, "01T35@0": 0.12451361867704266, "02T16@1": 0.0, "03T22@1": 0.4229508196721312, "04T22@2": 0.07344632768361586, "05T22@2": 0.05121951219512195, "BUYER": 0.0, "SELLER": 0.0}