,balance,assets,bankrupt,agent_id,step
0,958.0,210.0,False,00T36@0,0.0
1,1093.0,274.0436974789916,False,00T36@0,5.0
2,1078.0,34.0,False,01T06@0,0.0
3,916.0,171.27731092436974,False,01T06@0,5.0
4,1757.0,0.0,False,02T06@1,0.0
5,1418.0,520.0,False,02T06@1,5.0
6,1757.0,0.0,False,03T06@1,0.0
7,1757.0,0.0,False,03T06@1,5.0
8,2274.0,0.0,False,04T36@2,0.0
9,2068.0,0.0,False,04T36@2,5.0
10,2274.0,0.0,False,05T36@2,0.0
11,2000.0,0.0,False,05T36@2,5.0
12,,,,,
13,,,,,
14,,,,,
15,,,,,
