{"00T16@0": 0.0, "01T22@0": 0.2849462365591396, "02T22@1": 0.5871559633027522, "03T35@1": 0.6824644549763034, "04T20@2": 0.7979452054794521, "05T35@2": 0.5123674911660779, "BUYER": 0.0, "SELLER": 0.0}