{"00T22@0": 0.25576519916142537, "01T35@0": 0.13445378151260506, "02T40@1": 0.04838709677419355, "03T23@1": 0.5544041450777201, "04T29@2": 1.0, "05T23@2": 0.6680412371134019, "BUYER": 0.0, "SELLER": 0.0}