{"00T22@0": 0.13966480446927365, "01T35@0": 0.21153846153846154, "02T09@1": 0.0, "03T26@1": 0.38903394255874657, "04T35@2": 0.6977329974811078, "05T35@2": 0.7139303482587062, "BUYER": 0.0, "SELLER": 0.0}