{"00T07@0": 0.0, "01T22@0": 0.3061224489795919, "02T35@1": 0.4444444444444444, "03T22@1": 0.6923076923076923, "04T29@2": 0.0, "05T35@2": 0.3076923076923077, "06T35@3": 0.9166666666666666, "07T35@3": 0.9310344827586207, "BUYER": 0.0, "SELLER": 0.0}