{"00T38@0": 0.0, "01T35@0": 0.6028571428571429, "02T40@1": 0.5877551020408164, "03T35@1": 0.6766169154228856, "04T23@2": 0.7137870855148345, "05T23@2": 0.7520798668885195, "BUYER": 0.0, "SELLER": 0.0}