{"00T09@0": 0.0, "01T22@0": 0.1215469613259669, "02T22@1": 0.4000000000000003, "03T35@1": 0.7909090909090909, "04T36@2": 0.0, "05T35@2": 0.7234042553191493, "BUYER": 0.0, "SELLER": 0.0}