{"00T29@0": 0.0, "01T35@0": 0.7038724373576309, "02T35@1": 0.8133802816901408, "03T35@1": 0.8135593220338984, "04T26@2": 0.2045112781954886, "05T35@2": 0.6757075471698116, "BUYER": 0.0, "SELLER": 0.0}