{"00T32@0": 0.21702127659574463, "01T32@0": 0.44651162790697674, "02T32@1": 1.0, "03T41@1": 0.3047337278106508, "04T41@2": 0.0, "05T41@2": 0.0, "BUYER": 0.0, "SELLER": 0.0}