{"00T15@0": 0.0, "01T35@0": 0.11981566820276489, "02T24@1": 0.0, "03T22@1": 0.43042071197411, "04T22@2": 0.020134228187919462, "05T22@2": 0.02612826603325418, "BUYER": 0.0, "SELLER": 0.0}