{"00T22@0": 0.1538461538461539, "01T35@0": 0.21891891891891876, "02T35@1": 0.8058252427184466, "03T22@1": 0.06504065040650407, "04T19@2": 0.0, "05T22@2": 0.03801169590643277, "06T40@3": 0.7784431137724549, "07T22@3": 0.4661921708185051, "08T35@4": 0.6607929515418508, "09T35@4": 0.6385809312638581, "BUYER": 0.0, "SELLER": 0.0}