{"00T40@0": 0.0, "01T40@0": 0.0, "02T40@1": 0.16197183098591555, "03T20@1": 0.0, "04T20@2": 0.0, "05T35@2": 0.7202380952380952, "06T20@3": 1.0, "07T23@3": 0.7289002557544757, "BUYER": 0.0, "SELLER": 0.0}