{"time_limit": 10800, "spot_discount": 0.9, "spot_market_global_loss": 0.2, "neg_quota_step": 264, "n_processes": 4, "n_products": 5, "n_steps": 66, "financial_reports_period": 5, "exogenous_horizon": 27, "max_productivity": 1.0, "catalog_prices": [10, 19, 27, 40, 55], "cash_availability": [1.5, 2.5], "expected_productivity": 0.9393939393939394, "expected_mean_profit": 0.08660400332282622, "initial_balance": [25658, 25658, 33204, 33204, 48070, 48070, 68822, 68822]}