{"00T35@0": 0.00546448087431693, "01T35@0": 0.0059347181008902, "02T06@1": 0.0, "03T19@1": 0.0, "04T22@2": 0.8429752066115702, "05T35@2": 0.9946808510638298, "06T23@3": 0.9294117647058824, "07T22@3": 0.2770137524557957, "08T22@4": 0.0, "09T22@4": 0.0, "BUYER": 0.0, "SELLER": 0.0}