{"00T29@0": 0.0, "01T41@0": 0.2494331065759638, "02T22@1": 0.36956521739130443, "03T23@1": 0.8023715415019763, "04T23@2": 0.6615384615384612, "05T23@2": 0.6446428571428569, "BUYER": 0.0, "SELLER": 0.0}