{"00T35@0": 0.37980769230769246, "01T35@0": 0.38349514563106796, "02T22@1": 0.571808510638298, "03T22@1": 0.5740740740740737, "04T41@2": 0.20844327176780994, "05T22@2": 0.06334841628959276, "06T29@3": 1.0, "07T35@3": 0.607748184019371, "BUYER": 0.0, "SELLER": 0.0}