{"time_limit": 10800, "spot_discount": 0.9, "spot_market_global_loss": 0.2, "neg_quota_step": 328, "n_processes": 4, "n_products": 5, "n_steps": 82, "financial_reports_period": 5, "exogenous_horizon": 20, "max_productivity": 1.0, "catalog_prices": [10, 21, 26, 33, 44], "cash_availability": [1.5, 2.5], "expected_productivity": 0.9512195121951219, "expected_mean_profit": 0.062382296400287626, "initial_balance": [34183, 34183, 41115, 41115, 58016, 58016, 71119, 71119]}