{"00T22@0": 0.052798310454065495, "01T22@0": 0.06578947368421062, "02T35@1": 0.5012345679012347, "03T22@1": 0.0, "04T12@2": 0.0, "05T37@2": 0.0, "06T20@3": 1.0, "07T29@3": 1.0, "BUYER": 0.0, "SELLER": 0.0}