{"time_limit": 10800, "spot_discount": 0.9, "spot_market_global_loss": 0.2, "neg_quota_step": 564, "n_processes": 4, "n_products": 5, "n_steps": 141, "financial_reports_period": 5, "exogenous_horizon": 48, "max_productivity": 1.0, "catalog_prices": [10, 17, 29, 41, 51], "cash_availability": [1.5, 2.5], "expected_productivity": 0.9716312056737588, "expected_mean_profit": 0.08768555830173864, "initial_balance": [39150, 39150, 66555, 66555, 98714, 98714, 122904, 122904]}