{"00T37@0": 0.11042944785276074, "01T23@0": 0.008032128514056224, "02T24@1": 0.0, "03T35@1": 0.6206896551724138, "04T37@2": 0.030303030303030283, "05T37@2": 0.008130081300813009, "06T24@3": 0.05999999999999999, "07T23@3": 0.5043103448275862, "08T24@4": 0.9930555555555556, "09T22@4": 0.0, "BUYER": 0.0, "SELLER": 0.0}