{"00T12@0": 0.0, "01T12@0": 0.0, "02T40@1": 0.638095238095238, "03T40@1": 0.6283185840707963, "04T12@2": 0.0, "05T40@2": 1.0, "BUYER": 0.0, "SELLER": 0.0}