{"time_limit": 10800, "spot_discount": 0.9, "spot_market_global_loss": 0.2, "neg_quota_step": 366, "n_processes": 3, "n_products": 4, "n_steps": 61, "financial_reports_period": 5, "exogenous_horizon": 14, "max_productivity": 1.0, "catalog_prices": [10, 17, 23, 30], "cash_availability": [1.5, 2.5], "expected_productivity": 1.1885245901639345, "expected_mean_profit": 0.06705184243005664, "initial_balance": [18125, 18125, 18125, 18125, 18125, 23419, 23419, 23419, 23419, 23419, 81683, 81683]}