{"00T35@0": 0.3026052104208417, "01T23@0": 0.5973451327433628, "02T22@1": 0.0, "03T22@1": 0.00546448087431694, "04T19@2": 1.0, "05T40@2": 0.03503184713375798, "BUYER": 0.0, "SELLER": 0.0}