{"00T37@0": 0.0, "01T37@0": 0.003921568627450977, "02T14@1": 0.0, "03T22@1": 0.18421052631578946, "04T37@2": 0.10294117647058823, "05T14@2": 0.0, "06T14@3": 1.0, "07T22@3": 0.09917355371900823, "BUYER": 0.0, "SELLER": 0.0}