{"time_limit": 10800, "spot_discount": 0.9, "spot_market_global_loss": 0.2, "neg_quota_step": 456, "n_processes": 4, "n_products": 5, "n_steps": 76, "financial_reports_period": 5, "exogenous_horizon": 21, "max_productivity": 1.0, "catalog_prices": [10, 17, 28, 39, 50], "cash_availability": [1.5, 2.5], "expected_productivity": 0.631578947368421, "expected_mean_profit": 0.08080967997285989, "initial_balance": [21691, 21691, 35403, 35403, 26223, 26223, 26223, 26223, 33660, 33660, 33660, 33660]}