{"00T35@0": 0.3533173461231017, "01T35@0": 0.32946058091286307, "02T35@1": 0.0, "03T22@1": 0.314880952380952, "04T35@2": 0.39412673879443605, "05T35@2": 0.37867078825347783, "06T37@3": 0.14685314685314677, "07T26@3": 0.0, "BUYER": 0.0, "SELLER": 0.0}