{"00T35@0": 0.04545454545454545, "01T22@0": 0.03466204506065854, "02T09@1": 0.0, "03T35@1": 0.7090909090909093, "04T06@2": 0.0, "05T35@2": 0.8533333333333323, "BUYER": 0.0, "SELLER": 0.0}