{"00T37@0": 0.0, "01T23@0": 0.4113090627420604, "02T20@1": 0.0, "03T12@1": 0.0008849557522123885, "04T29@2": 1.0, "05T23@2": 0.5924170616113732, "BUYER": 0.0, "SELLER": 0.0}