{"00T40@0": 0.053359683794466414, "01T22@0": 0.044660194174757285, "02T22@1": 0.5194444444444439, "03T35@1": 0.7722772277227723, "04T07@2": 0.16628701594533032, "05T35@2": 0.6554878048780485, "BUYER": 0.0, "SELLER": 0.0}