{"00T37@0": 0.058823529411764705, "01T22@0": 0.10810810810810811, "02T35@1": 0.631578947368421, "03T22@1": 0.3333333333333333, "04T16@2": 0.0, "05T35@2": 0.3076923076923077, "06T35@3": 0.9473684210526315, "07T35@3": 0.9393939393939394, "BUYER": 0.0, "SELLER": 0.0}