{"00T22@0": 0.08424908424908426, "01T23@0": 0.39423076923076916, "02T15@1": 0.2832618025751072, "03T23@1": 0.8901098901098901, "04T07@2": 0.25193798449612403, "05T35@2": 0.7157534246575341, "BUYER": 0.0, "SELLER": 0.0}