{"00T40@0": 0.05448154657293497, "01T41@0": 0.0, "02T40@1": 0.5555555555555556, "03T41@1": 0.08370044052863443, "04T41@2": 0.04621848739495803, "05T35@2": 0.8561151079136691, "06T40@3": 0.0, "07T35@3": 0.7928802588996757, "BUYER": 0.0, "SELLER": 0.0}