{"00T08@0": 0.08695652173913043, "01T36@0": 0.005952380952380952, "02T08@1": 0.8431372549019608, "03T22@1": 0.10989010989010989, "04T08@2": 0.9782608695652174, "05T36@2": 0.2658959537572253, "06T36@3": 0.0, "07T22@3": 0.019999999999999997, "BUYER": 0.0, "SELLER": 0.0}