{"00T35@0": 0.17623363544813697, "01T35@0": 0.1840168243953733, "02T35@1": 0.0, "03T22@1": 0.47293447293447277, "04T35@2": 0.7325227963525828, "05T35@2": 0.7485714285714282, "06T18@3": 0.15298184961106323, "07T37@3": 0.007462686567164151, "BUYER": 0.0, "SELLER": 0.0}