{"00T00@0": 0.0, "01T35@0": 0.16850828729281764, "02T35@1": 0.7621145374449342, "03T35@1": 0.7162790697674416, "04T08@2": 0.0, "05T35@2": 0.7056019070321816, "BUYER": 0.0, "SELLER": 0.0}