{"00T34@0": 0.09970674486803519, "01T34@0": 0.08238636363636365, "02T36@1": 0.14285714285714285, "03T34@1": 1.0, "04T23@2": 0.0, "05T23@2": 0.0, "06T35@3": 1.0, "07T35@3": 1.0, "08T36@4": 0.3877551020408164, "09T36@4": 0.504, "BUYER": 0.0, "SELLER": 0.0}