{"00T22@0": 0.13636363636363633, "01T23@0": 0.6208955223880598, "02T41@1": 0.057692307692307696, "03T23@1": 0.7847222222222223, "04T40@2": 0.0, "05T35@2": 0.7429378531073443, "BUYER": 0.0, "SELLER": 0.0}