{"00T35@0": 0.20608899297423888, "01T23@0": 0.2850877192982459, "02T24@1": 0.8823529411764706, "03T22@1": 0.3509127789046653, "04T26@2": 0.010498687664041979, "05T22@2": 0.02425876010781671, "BUYER": 0.0, "SELLER": 0.0}