{"00T10@0": 0.0076628352490421435, "01T29@0": 0.0, "02T10@1": 0.21951219512195122, "03T29@1": 0.0, "04T29@2": 1.0, "05T10@2": 0.08695652173913043, "BUYER": 0.0, "SELLER": 0.0}