{"00T29@0": 0.0, "01T35@0": 0.8039215686274509, "02T20@1": 0.45348837209302323, "03T22@1": 0.5714285714285714, "04T22@2": 0.0, "05T22@2": 0.004484304932735423, "BUYER": 0.0, "SELLER": 0.0}