{"00T37@0": 0.0, "01T22@0": 0.05063291139240508, "02T20@1": 0.0, "03T23@1": 0.5140845070422535, "04T22@2": 0.5204678362573101, "05T35@2": 0.9062500000000001, "06T35@3": 0.729857819905213, "07T22@3": 0.2841530054644809, "08T23@4": 0.5767195767195767, "09T23@4": 0.5546218487394956, "BUYER": 0.0, "SELLER": 0.0}