{"00T21@0": 0.0, "01T22@0": 0.3405017921146955, "02T35@1": 0.45263157894736844, "03T35@1": 0.4564102564102565, "04T15@2": 0.6725146198830413, "05T35@2": 0.8976377952755905, "06T22@3": 0.0, "07T22@3": 0.0, "BUYER": 0.0, "SELLER": 0.0}