{"00T19@0": 0.0, "01T23@0": 0.0, "02T19@1": 0.0, "03T19@1": 0.0, "04T34@2": 0.9557522123893806, "05T22@2": 0.9701492537313433, "06T23@3": 0.5022831050228311, "07T22@3": 0.0, "08T34@4": 0.5283687943262411, "09T34@4": 0.5089605734767025, "BUYER": 0.0, "SELLER": 0.0}