{"00T26@0": 0.11821705426356606, "01T35@0": 0.11685393258426939, "02T35@1": 0.5543766578249341, "03T35@1": 0.5674300254452926, "04T29@2": 1.0, "05T35@2": 0.6486486486486479, "BUYER": 0.0, "SELLER": 0.0}