{"00T35@0": 0.5182926829268294, "01T23@0": 0.5572519083969476, "02T22@1": 0.37209302325581395, "03T22@1": 0.39285714285714274, "04T37@2": 0.02680965147453082, "05T36@2": 0.0077319587628865896, "BUYER": 0.0, "SELLER": 0.0}