{"00T35@0": 0.18573551263001478, "01T35@0": 0.1731843575418993, "02T35@1": 1.0, "03T22@1": 0.46558704453441285, "04T35@2": 0.7172413793103449, "05T35@2": 0.6795865633074936, "06T18@3": 0.026136363636363635, "07T09@3": 0.0, "BUYER": 0.0, "SELLER": 0.0}