{"00T23@0": 0.291176470588235, "01T35@0": 0.29552238805970144, "02T35@1": 0.6869009584664537, "03T35@1": 0.6825396825396827, "04T38@2": 0.0, "05T22@2": 0.4768786127167631, "06T20@3": 0.3189964157706093, "07T22@3": 0.07526881720430112, "BUYER": 0.0, "SELLER": 0.0}