{"00T35@0": 0.37782340862423003, "01T22@0": 0.15366972477064203, "02T26@1": 0.15639810426540285, "03T35@1": 0.6376811594202898, "04T35@2": 0.6548223350253811, "05T35@2": 0.6616915422885572, "06T24@3": 1.0, "07T35@3": 0.6574344023323606, "BUYER": 0.0, "SELLER": 0.0}