{"00T29@0": 0.0, "01T24@0": 0.26666666666666666, "02T12@1": 0.1111111111111111, "03T41@1": 1.0, "04T29@1": 0.0, "05T24@1": 1.0, "06T41@2": 0.5, "07T24@2": 1.0, "08T12@2": 0.0625, "09T12@3": 0.0, "10T41@3": 0.5, "11T29@3": 1.0, "BUYER": 0.0, "SELLER": 0.0}