{"00T35@0": 0.1353065539112051, "01T22@0": 0.056644880174291895, "02T07@1": 0.03759398496240601, "03T35@1": 0.8103448275862069, "04T26@2": 0.1434108527131783, "05T35@2": 0.7721021611001966, "BUYER": 0.0, "SELLER": 0.0}