{"00T35@0": 0.0, "01T35@0": 0.0, "02T23@1": 1.0, "03T23@1": 1.0, "04T35@2": 0.7586206896551724, "05T22@2": 0.336734693877551, "06T26@3": 0.0, "07T36@3": 0.019011406844106463, "BUYER": 0.0, "SELLER": 0.0}