{"00T22@0": 0.05434782608695659, "01T22@0": 0.0539956803455723, "02T41@1": 0.19480519480519473, "03T16@1": 0.0, "04T22@2": 0.6690140845070424, "05T35@2": 0.876, "06T35@3": 0.6921944035346083, "07T35@3": 0.6913407821229061, "BUYER": 0.0, "SELLER": 0.0}