{"00T24@0": 0.0024271844660194147, "01T24@0": 0.0, "02T38@1": 0.8823529411764706, "03T24@1": 1.0, "04T38@2": 0.0, "05T38@2": 0.0, "BUYER": 0.0, "SELLER": 0.0}