{"00T02@0": 0.010438413361169102, "01T05@0": 0.0, "02T02@1": 1.0, "03T12@1": 0.5, "04T05@1": 0.0, "05T12@2": 0.0, "06T12@2": 0.06666666666666667, "07T05@2": 1.0, "08T02@2": 1.0, "BUYER": 0.0, "SELLER": 0.0}