{"00T35@0": 0.034482758620689655, "01T22@0": 0.16387959866220722, "02T00@1": 0.0, "03T35@1": 0.6532258064516127, "04T06@2": 0.0, "05T35@2": 0.7945670628183361, "BUYER": 0.0, "SELLER": 0.0}