{"00T34@0": 0.13084112149532706, "01T23@0": 0.25714285714285723, "02T22@1": 0.05521472392638035, "03T23@1": 0.8717948717948716, "04T22@2": 0.1485148514851485, "05T35@2": 0.8879310344827587, "06T41@3": 0.07386363636363638, "07T22@3": 0.23451327433628308, "08T22@4": 0.030042918454935643, "09T23@4": 0.7166123778501632, "BUYER": 0.0, "SELLER": 0.0}