{"time_limit": 10800, "spot_discount": 0.9, "spot_market_global_loss": 0.2, "neg_quota_step": 396, "n_processes": 4, "n_products": 5, "n_steps": 66, "financial_reports_period": 5, "exogenous_horizon": 16, "max_productivity": 1.0, "catalog_prices": [10, 16, 23, 33, 41], "cash_availability": [1.5, 2.5], "expected_productivity": 0.9393939393939394, "expected_mean_profit": 0.07205614299975663, "initial_balance": [17915, 17915, 17915, 20087, 20087, 20087, 20087, 39047, 39047, 39047, 75726, 75726]}