{"00T35@0": 0.053505535055350585, "01T22@0": 0.009578544061302678, "02T14@1": 0.0, "03T35@1": 0.7424242424242421, "04T04@2": 0.3854447439353099, "05T35@2": 0.8711864406779661, "BUYER": 0.0, "SELLER": 0.0}