{"00T29@0": 0.0, "01T29@0": 0.0, "02T12@0": 0.0, "03T02@1": 0.35294117647058826, "04T29@1": 0.0, "05T12@2": 0.056074766355140214, "06T02@2": 1.0, "07T12@3": 0.0, "08T02@3": 0.917910447761194, "BUYER": 0.0, "SELLER": 0.0}