{"time_limit": 10800, "spot_discount": 0.9, "spot_market_global_loss": 0.2, "neg_quota_step": 387, "n_processes": 4, "n_products": 5, "n_steps": 86, "financial_reports_period": 5, "exogenous_horizon": 19, "max_productivity": 1.0, "catalog_prices": [10, 17, 25, 36, 48], "cash_availability": [1.5, 2.5], "expected_productivity": 0.8475452196382429, "expected_mean_profit": 0.060997049106355034, "initial_balance": [30704, 30704, 46260, 46260, 42713, 42713, 42713, 82797, 82797]}