{"00T22@0": 0.07469879518072291, "01T35@0": 0.45041322314049576, "02T37@1": 0.06037735849056598, "03T35@1": 0.7452229299363057, "04T36@2": 0.0, "05T35@2": 0.7344753747323336, "BUYER": 0.0, "SELLER": 0.0}