{"00T35@0": 0.6140350877192978, "01T22@0": 0.09749303621169918, "02T20@1": 0.0, "03T41@1": 0.2787524366471735, "04T22@2": 0.6109839816933641, "05T23@2": 0.7635658914728684, "06T35@3": 0.5334420880913544, "07T22@3": 0.0, "BUYER": 0.0, "SELLER": 0.0}