{"time_limit": 10800, "spot_discount": 0.9, "spot_market_global_loss": 0.2, "neg_quota_step": 336, "n_processes": 4, "n_products": 5, "n_steps": 56, "financial_reports_period": 5, "exogenous_horizon": 24, "max_productivity": 1.0, "catalog_prices": [10, 16, 23, 33, 47], "cash_availability": [1.5, 2.5], "expected_productivity": 0.6190476190476191, "expected_mean_profit": 0.10086778968861664, "initial_balance": [12460, 12460, 21130, 21130, 19175, 19175, 19175, 16198, 16198, 16198, 16198, 16198]}