{"time_limit": 10800, "spot_discount": 0.9, "spot_market_global_loss": 0.2, "neg_quota_step": 260, "n_processes": 5, "n_products": 6, "n_steps": 52, "financial_reports_period": 5, "exogenous_horizon": 20, "max_productivity": 1.0, "catalog_prices": [10, 16, 21, 28, 30, 40], "cash_availability": [1.5, 2.5], "expected_productivity": 0.9038461538461539, "expected_mean_profit": 0.06055821718931475, "initial_balance": [16449, 16449, 21913, 21913, 28845, 28845, 32957, 32957, 37596, 37596]}