{"00T35@0": 0.09197651663405088, "01T22@0": 0.062381852551984904, "02T13@1": 0.0, "03T35@1": 0.5799999999999995, "04T29@2": 1.0, "05T35@2": 0.7759999999999998, "BUYER": 0.0, "SELLER": 0.0}