{"00T22@0": 0.1433998100664768, "01T22@0": 0.1553299492385786, "02T35@1": 0.44299674267100975, "03T35@1": 0.4290030211480362, "04T08@2": 0.3596153846153846, "05T34@2": 0.37751004016064255, "06T22@3": 0.026153846153846142, "07T35@3": 0.6857419980601366, "BUYER": 0.0, "SELLER": 0.0}