{"time_limit": 10800, "spot_discount": 0.9, "spot_market_global_loss": 0.2, "neg_quota_step": 260, "n_processes": 5, "n_products": 6, "n_steps": 52, "financial_reports_period": 5, "exogenous_horizon": 19, "max_productivity": 1.0, "catalog_prices": [10, 19, 29, 35, 44, 59], "cash_availability": [1.5, 2.5], "expected_productivity": 0.9038461538461539, "expected_mean_profit": 0.08143333581293859, "initial_balance": [17351, 17351, 24446, 24446, 31692, 31692, 38530, 38530, 49297, 49297]}