{"00T41@0": 0.05869074492099318, "01T22@0": 0.09147609147609152, "02T22@1": 0.48367952522255203, "03T35@1": 0.7445887445887448, "04T07@2": 0.16216216216216217, "05T35@2": 0.6692426584234932, "BUYER": 0.0, "SELLER": 0.0}