{"00T23@0": 0.6051660516605168, "01T22@0": 0.13043478260869573, "02T40@1": 0.23200000000000007, "03T36@1": 0.125, "04T23@2": 0.75, "05T35@2": 0.64, "06T22@3": 0.0, "07T22@3": 0.0, "BUYER": 0.0, "SELLER": 0.0}