{"00T34@0": 0.0, "01T16@0": 0.0, "02T34@1": 0.7692307692307693, "03T16@1": 0.0, "04T16@2": 0.0, "05T35@2": 0.8538011695906432, "06T34@3": 0.6245353159851301, "07T35@3": 0.8143712574850301, "BUYER": 0.0, "SELLER": 0.0}