{"00T35@0": 0.11809045226130653, "01T22@0": 0.21198156682027652, "02T00@1": 0.0, "03T35@1": 0.6015624999999998, "04T34@2": 0.6890756302521011, "05T35@2": 0.7494553376906318, "BUYER": 0.0, "SELLER": 0.0}