{"00T18@0": 0.0, "01T15@0": 0.048346055979643775, "02T18@1": 0.0, "03T15@1": 0.22627737226277372, "04T15@2": 0.010958904109589022, "05T18@2": 0.0, "BUYER": 0.0, "SELLER": 0.0}