{"00T35@0": 0.10280373831775702, "01T22@0": 0.0525, "02T09@1": 0.0, "03T35@1": 0.6779661016949157, "04T26@2": 0.6986301369863015, "05T35@2": 0.775210084033614, "BUYER": 0.0, "SELLER": 0.0}