{"00T23@0": 0.24830699774266368, "01T35@0": 0.19804400977995104, "02T37@1": 0.0, "03T35@1": 1.0, "04T20@2": 0.5513392857142866, "05T23@2": 0.7254901960784313, "06T35@3": 0.4733812949640289, "07T23@3": 0.6504065040650407, "BUYER": 0.0, "SELLER": 0.0}