{"00T24@0": 0.0, "01T22@0": 0.025848142164781894, "02T20@1": 0.0, "03T22@1": 0.4166666666666665, "04T23@2": 0.7191011235955057, "05T35@2": 0.7597173144876324, "06T22@3": 0.0, "07T23@3": 0.7095115681233934, "BUYER": 0.0, "SELLER": 0.0}