{"00T10@0": 0.4004329004329003, "01T22@0": 0.6942675159235665, "02T35@1": 0.4968553459119497, "03T35@1": 0.4861111111111111, "04T36@2": 0.5606936416184973, "05T35@2": 0.9215686274509806, "06T22@3": 0.0, "07T22@3": 0.0022573363431151214, "BUYER": 0.0, "SELLER": 0.0}