{"00T23@0": 0.0, "01T22@0": 0.0, "02T24@1": 1.0, "03T20@1": 0.0, "04T35@2": 1.0, "05T22@2": 0.911764705882353, "06T22@3": 0.10924369747899164, "07T35@3": 0.9368421052631579, "08T22@4": 0.0, "09T23@4": 0.7356687898089171, "BUYER": 0.0, "SELLER": 0.0}