{"00T35@0": 0.18709677419354834, "01T22@0": 0.2941176470588237, "02T36@1": 0.14666666666666664, "03T35@1": 0.5952380952380952, "04T13@2": 0.0, "05T35@2": 0.6191536748329624, "BUYER": 0.0, "SELLER": 0.0}