{"00T35@0": 0.3929159802306427, "01T35@0": 0.3239669421487606, "02T35@1": 0.0, "03T22@1": 0.25369822485207083, "04T35@2": 0.4690082644628099, "05T35@2": 0.45491803278688525, "06T26@3": 0.13916256157635465, "07T15@3": 0.0, "BUYER": 0.0, "SELLER": 0.0}