{"00T06@0": 0.15, "01T22@0": 0.21739130434782608, "02T35@1": 0.5, "03T22@1": 0.6666666666666666, "04T20@2": 0.10416666666666667, "05T35@2": 0.52, "06T35@3": 0.8571428571428571, "07T35@3": 0.9230769230769231, "BUYER": 0.0, "SELLER": 0.0}