{"00T26@0": 0.04048582995951417, "01T20@0": 0.1317365269461077, "02T23@1": 0.8222222222222222, "03T22@1": 0.1390374331550803, "04T35@2": 0.8426966292134831, "05T22@2": 0.29729729729729737, "06T35@3": 0.5364963503649639, "07T35@3": 0.5222222222222221, "BUYER": 0.0, "SELLER": 0.0}