{"00T22@0": 0.0933125972006222, "01T35@0": 0.2225519287833827, "02T35@1": 0.8983050847457628, "03T22@1": 0.2005208333333334, "04T36@2": 0.0, "05T22@2": 0.02066115702479339, "06T38@3": 0.03199999999999997, "07T22@3": 0.5489614243323445, "08T35@4": 0.7792553191489359, "09T35@4": 0.7575322812051644, "BUYER": 0.0, "SELLER": 0.0}