{"00T22@0": 0.0, "01T35@0": 0.004338394793926241, "02T06@1": 0.0, "03T29@1": 0.0, "04T35@2": 1.0, "05T35@2": 0.9977973568281938, "BUYER": 0.0, "SELLER": 0.0}