{"00T35@0": 0.6548323471400392, "01T35@0": 0.608786610878661, "02T22@1": 0.052795031055900644, "03T22@1": 0.042424242424242434, "04T23@2": 0.5085910652920962, "05T35@2": 0.339712918660287, "06T23@3": 0.9492753623188406, "07T22@3": 0.20105820105820113, "08T37@4": 0.0, "09T41@4": 0.3569553805774278, "BUYER": 0.0, "SELLER": 0.0}