{"00T35@0": 0.49155145929339494, "01T22@0": 0.17138364779874204, "02T36@1": 0.13086419753086406, "03T35@1": 0.6521739130434783, "04T07@2": 0.03184713375796178, "05T35@2": 0.7020905923344948, "BUYER": 0.0, "SELLER": 0.0}