{"00T13@0": 0.0, "01T13@0": 0.0, "02T04@1": 1.0, "03T22@1": 1.0, "04T13@2": 0.0, "05T04@2": 0.15238095238095234, "06T04@3": 0.3463035019455253, "07T22@3": 0.13772455089820357, "BUYER": 0.0, "SELLER": 0.0}