{"00T38@0": 0.0, "01T38@0": 0.0, "02T35@1": 0.3026634382566588, "03T23@1": 0.5756929637526645, "04T40@2": 0.00429184549356223, "05T38@2": 0.0, "06T40@3": 0.7923076923076923, "07T23@3": 0.6410256410256411, "08T40@4": 0.34177215189873417, "09T35@4": 0.6203522504892367, "BUYER": 0.0, "SELLER": 0.0}