{"00T22@0": 0.08591885441527446, "01T22@0": 0.1126760563380282, "02T10@1": 0.25, "03T36@1": 0.1575757575757576, "04T22@2": 0.6629213483146069, "05T35@2": 0.7393162393162394, "06T35@3": 0.6864244741873804, "07T35@3": 0.6548323471400392, "BUYER": 0.0, "SELLER": 0.0}