{"00T41@0": 0.09451795841209838, "01T22@0": 0.10934744268077598, "02T22@1": 0.6230769230769229, "03T35@1": 0.5701357466063347, "04T20@2": 0.7918552036199092, "05T35@2": 0.6171617161716173, "BUYER": 0.0, "SELLER": 0.0}