{"00T35@0": 0.5604575163398698, "01T22@0": 0.038929440389294356, "02T40@1": 0.2953181272509002, "03T35@1": 0.874074074074074, "04T41@2": 0.0, "05T35@2": 0.5118644067796623, "BUYER": 0.0, "SELLER": 0.0}