{"00T38@0": 0.0, "01T35@0": 0.2527472527472528, "02T34@1": 0.36607142857142866, "03T34@1": 0.3513513513513515, "04T38@2": 0.0, "05T23@2": 0.6749999999999999, "06T34@3": 0.6074380165289249, "07T38@3": 0.0, "BUYER": 0.0, "SELLER": 0.0}