{"00T41@0": 0.0555555555555556, "01T41@0": 0.024896265560165966, "02T41@1": 0.0, "03T22@1": 0.04999999999999998, "04T07@2": 0.017543859649122806, "05T07@2": 0.0, "06T07@3": 0.0, "07T22@3": 0.5853658536585366, "BUYER": 0.0, "SELLER": 0.0}