{"00T38@0": 0.0, "01T22@0": 0.14096916299559464, "02T22@1": 0.15873015873015878, "03T35@1": 0.5384615384615387, "04T09@2": 0.0, "05T35@2": 0.730140186915888, "BUYER": 0.0, "SELLER": 0.0}