{"00T20@0": 0.0, "01T41@0": 0.4278996865203761, "02T23@1": 0.2127659574468085, "03T23@1": 0.23353293413173645, "04T23@2": 0.8657243816254416, "05T23@2": 0.8551236749116605, "06T23@3": 0.5976821192052979, "07T23@3": 0.5960264900662249, "BUYER": 0.0, "SELLER": 0.0}