{"time_limit": 10800, "spot_discount": 0.9, "spot_market_global_loss": 0.2, "neg_quota_step": 360, "n_processes": 4, "n_products": 5, "n_steps": 90, "financial_reports_period": 5, "exogenous_horizon": 22, "max_productivity": 1.0, "catalog_prices": [10, 19, 33, 41, 54], "cash_availability": [1.5, 2.5], "expected_productivity": 0.9555555555555556, "expected_mean_profit": 0.12011609869601048, "initial_balance": [22635, 22635, 34085, 34085, 48797, 48797, 59515, 59515]}