{"time_limit": 10800, "spot_discount": 0.9, "spot_market_global_loss": 0.2, "neg_quota_step": 364, "n_processes": 4, "n_products": 5, "n_steps": 91, "financial_reports_period": 5, "exogenous_horizon": 25, "max_productivity": 1.0, "catalog_prices": [10, 23, 33, 42, 53], "cash_availability": [1.5, 2.5], "expected_productivity": 0.9560439560439561, "expected_mean_profit": 0.051834971058410034, "initial_balance": [37947, 37947, 63456, 63456, 79688, 79688, 101720, 101720]}