{"00T18@0": 0.06382978723404255, "01T18@0": 0.0, "02T26@1": 0.848101265822785, "03T26@1": 0.8289473684210528, "04T26@2": 0.0, "05T18@2": 0.4475524475524475, "BUYER": 0.0, "SELLER": 0.0}