{"time_limit": 10800, "spot_discount": 0.9, "spot_market_global_loss": 0.2, "neg_quota_step": 640, "n_processes": 5, "n_products": 6, "n_steps": 128, "financial_reports_period": 5, "exogenous_horizon": 52, "max_productivity": 1.0, "catalog_prices": [10, 21, 28, 40, 57, 67], "cash_availability": [1.5, 2.5], "expected_productivity": 0.9609375, "expected_mean_profit": 0.08810355493332465, "initial_balance": [42480, 42480, 54635, 54635, 76583, 76583, 114932, 114932, 141364, 141364]}