{"00T06@0": 0.13333333333333333, "01T35@0": 0.13402061855670105, "02T37@1": 0.013986013986013986, "03T23@1": 0.8773584905660378, "04T22@2": 0.004255319148936168, "05T35@2": 0.6857142857142852, "BUYER": 0.0, "SELLER": 0.0}