{"00T41@0": 0.0, "01T35@0": 0.35389610389610415, "02T38@1": 0.0, "03T22@1": 0.34013605442176875, "04T22@2": 0.05151515151515153, "05T22@2": 0.08521303258145363, "BUYER": 0.0, "SELLER": 0.0}