{"00T41@0": 0.1235955056179776, "01T41@0": 0.12356321839080461, "02T10@1": 0.2723577235772357, "03T22@1": 0.39795918367346955, "04T41@2": 0.20975609756097569, "05T35@2": 0.5193798449612405, "06T10@3": 0.37398373983739835, "07T23@3": 0.7924528301886791, "08T10@4": 0.0, "09T35@4": 0.5406360424028267, "BUYER": 0.0, "SELLER": 0.0}