{"00T22@0": 0.022950819672131154, "01T22@0": 0.07073954983922831, "02T40@1": 0.012422360248447204, "03T40@1": 0.012738853503184714, "04T19@2": 0.0, "05T40@2": 0.0, "06T19@3": 1.0, "07T19@3": 1.0, "BUYER": 0.0, "SELLER": 0.0}