{"00T24@0": 0.0, "01T22@0": 0.11048158640226628, "02T24@1": 1.0, "03T22@1": 0.1044776119402985, "04T38@2": 0.0263157894736842, "05T22@2": 0.0, "06T38@3": 0.053030303030303025, "07T24@3": 0.8285714285714286, "08T38@4": 0.0, "09T35@4": 0.839622641509434, "BUYER": 0.0, "SELLER": 0.0}