{"00T24@0": 0.01052631578947369, "01T10@0": 0.15094339622641506, "02T10@1": 0.2927927927927926, "03T24@1": 0.75, "04T24@2": 1.0, "05T10@2": 0.010695187165775385, "BUYER": 0.0, "SELLER": 0.0}