{"00T35@0": 0.24649298597194394, "01T22@0": 0.3407917383821, "02T36@1": 0.05610561056105612, "03T35@1": 0.5170068027210886, "04T20@2": 0.0, "05T36@2": 0.03355704697986576, "06T20@3": 0.0, "07T36@3": 0.22826086956521738, "08T20@4": 1.0, "09T23@4": 0.7817796610169494, "BUYER": 0.0, "SELLER": 0.0}