{"00T23@0": 0.30335097001763667, "01T35@0": 0.23105360443622933, "02T22@1": 0.002732240437158465, "03T35@1": 0.8456591639871385, "04T36@2": 0.04791666666666674, "05T20@2": 0.0, "06T23@3": 0.9523809523809523, "07T22@3": 0.42178770949720684, "08T23@4": 0.5993975903614459, "09T22@4": 0.0, "BUYER": 0.0, "SELLER": 0.0}