{"00T18@0": 0.0, "01T35@0": 0.3440860215053765, "02T36@1": 0.5537634408602155, "03T22@1": 0.4919093851132686, "04T22@2": 0.013833992094861658, "05T22@2": 0.003913894324853224, "BUYER": 0.0, "SELLER": 0.0}