{"00T19@0": 0.0, "01T35@0": 0.21495327102803752, "02T26@1": 0.38509316770186336, "03T35@1": 0.9, "04T35@2": 0.7178770949720676, "05T22@2": 0.0, "BUYER": 0.0, "SELLER": 0.0}