{"00T36@0": 0.0, "01T36@0": 0.007874015748031489, "02T36@1": 0.42541436464088406, "03T12@1": 0.12499999999999997, "04T35@2": 0.7574626865671643, "05T35@2": 0.7590361445783133, "06T12@3": 0.0, "07T12@3": 0.0, "BUYER": 0.0, "SELLER": 0.0}