{"00T22@0": 0.0, "01T23@0": 0.02097902097902096, "02T21@1": 0.0, "03T23@1": 0.8837209302325582, "04T15@2": 0.44036697247706436, "05T35@2": 0.7619047619047618, "BUYER": 0.0, "SELLER": 0.0}