{"00T35@0": 0.11590909090909086, "01T22@0": 0.02793296089385474, "02T13@1": 0.0, "03T35@1": 0.7490196078431368, "04T04@2": 0.05389221556886232, "05T35@2": 0.8056112224448899, "BUYER": 0.0, "SELLER": 0.0}