{"00T34@0": 0.1649484536082475, "01T23@0": 0.2986425339366513, "02T22@1": 0.18055555555555555, "03T35@1": 0.8888888888888888, "04T41@2": 0.0, "05T35@2": 0.5945945945945948, "BUYER": 0.0, "SELLER": 0.0}