{"time_limit": 10800, "spot_discount": 0.9, "spot_market_global_loss": 0.2, "neg_quota_step": 295, "n_processes": 5, "n_products": 6, "n_steps": 59, "financial_reports_period": 5, "exogenous_horizon": 23, "max_productivity": 1.0, "catalog_prices": [10, 20, 31, 40, 56, 71], "cash_availability": [1.5, 2.5], "expected_productivity": 0.9152542372881356, "expected_mean_profit": 0.10862942481539124, "initial_balance": [15969, 15969, 25849, 25849, 35231, 35231, 45660, 45660, 58485, 58485]}