{"00T23@0": 0.0, "01T35@0": 0.0, "02T35@1": 1.0, "03T35@1": 1.0, "04T26@2": 0.16847826086956522, "05T22@2": 0.0, "06T34@3": 0.7333333333333333, "07T22@3": 0.0, "BUYER": 0.0, "SELLER": 0.0}