{"00T23@0": 0.0, "01T23@0": 0.0, "02T29@1": 0.0, "03T23@1": 1.0, "04T35@2": 0.957983193277311, "05T22@2": 0.043478260869565216, "06T22@3": 0.1784511784511785, "07T35@3": 0.905982905982906, "08T40@4": 0.0, "09T23@4": 0.7238605898123329, "BUYER": 0.0, "SELLER": 0.0}