{"00T35@0": 0.16015252621544307, "01T35@0": 0.15462962962962953, "02T35@1": 0.96875, "03T22@1": 0.5479274611398962, "04T35@2": 0.6708715596330277, "05T35@2": 0.6767441860465109, "06T38@3": 0.0, "07T18@3": 0.19543509272467904, "BUYER": 0.0, "SELLER": 0.0}