{"00T36@0": 0.06040268456375839, "01T35@0": 0.0, "02T20@1": 0.0, "03T35@1": 0.6386554621848742, "04T23@2": 0.9274193548387096, "05T22@2": 0.40851063829787204, "06T22@3": 0.0, "07T23@3": 0.6116504854368932, "BUYER": 0.0, "SELLER": 0.0}