{"00T38@0": 0.0, "01T38@0": 0.0, "02T38@1": 0.010115606936416187, "03T06@1": 0.0, "04T06@2": 0.0, "05T35@2": 0.382051282051282, "06T06@3": 0.0, "07T35@3": 0.7569786535303775, "BUYER": 0.0, "SELLER": 0.0}