{"00T35@0": 0.19892473118279577, "01T35@0": 0.19550858652575948, "02T35@1": 0.9877300613496932, "03T22@1": 0.5266457680250785, "04T35@2": 0.4347826086956521, "05T35@2": 0.4543429844097995, "06T34@3": 0.3962900505902194, "07T18@3": 0.17092337917485265, "BUYER": 0.0, "SELLER": 0.0}