{"00T35@0": 0.2525423728813559, "01T35@0": 0.2508417508417512, "02T35@1": 0.6384180790960454, "03T22@1": 0.0040160642570281095, "04T38@2": 0.0, "05T29@2": 1.0, "BUYER": 0.0, "SELLER": 0.0}