{"00T24@0": 0.0, "01T24@0": 0.0, "02T34@1": 0.0, "03T22@1": 1.0, "04T34@2": 0.5319148936170215, "05T34@2": 0.6704545454545452, "06T24@3": 0.8504672897196262, "07T23@3": 0.6225165562913907, "BUYER": 0.0, "SELLER": 0.0}