{"00T10@0": 0.13793103448275862, "01T22@0": 0.0, "02T35@1": 0.9230769230769231, "03T22@1": 0.5, "04T40@2": 0.0, "05T35@2": 0.25, "06T35@3": 0.71875, "07T35@3": 0.725, "BUYER": 0.0, "SELLER": 0.0}