{"00T22@0": 0.17783505154639181, "01T23@0": 0.20111731843575412, "02T23@1": 0.5825242718446602, "03T22@1": 0.09826589595375726, "04T37@2": 0.10126582278481013, "05T23@2": 0.8363636363636363, "06T36@3": 0.0, "07T35@3": 0.7771883289124668, "BUYER": 0.0, "SELLER": 0.0}