,balance,assets,bankrupt,agent_id,step
0,1650.0,128.0,False,00T15@0,0.0
1,1806.0,51.39474787906435,False,00T15@0,5.0
2,1610.0,180.0,False,01T15@0,0.0
3,1993.0,0.0,False,01T15@0,5.0
4,2751.0,0.0,False,02T20@1,0.0
5,2280.0,513.9474787906436,False,02T20@1,5.0
6,2751.0,0.0,False,03T20@1,0.0
7,1185.0,1353.3950274820281,False,03T20@1,5.0
8,3801.0,0.0,False,04T20@2,0.0
9,3540.0,0.0,False,04T20@2,5.0
10,3801.0,0.0,False,05T15@2,0.0
11,3926.0,105.0,False,05T15@2,5.0
12,,,,,
13,,,,,
14,,,,,
15,,,,,
