{"00T41@0": 0.0, "01T22@0": 0.10256410256410256, "02T35@1": 0.8867924528301888, "03T22@1": 0.3125, "04T36@2": 0.0, "05T35@2": 0.0, "06T35@3": 0.75, "07T35@3": 0.75, "BUYER": 0.0, "SELLER": 0.0}