{"00T12@0": 0.03164556962025315, "01T05@0": 0.0, "02T29@1": 0.0, "03T12@1": 0.0, "04T02@1": 0.0, "05T05@2": 0.0, "06T05@2": 0.0, "07T29@2": 0.0, "08T02@2": 0.2531645569620254, "09T29@3": 1.0, "10T02@3": 1.0, "11T12@3": 0.0, "BUYER": 0.0, "SELLER": 0.0}