{"time_limit": 10800, "spot_discount": 0.9, "spot_market_global_loss": 0.2, "neg_quota_step": 312, "n_processes": 4, "n_products": 5, "n_steps": 52, "financial_reports_period": 5, "exogenous_horizon": 24, "max_productivity": 1.0, "catalog_prices": [10, 18, 29, 40, 59], "cash_availability": [1.5, 2.5], "expected_productivity": 0.6153846153846154, "expected_mean_profit": 0.09808468264959551, "initial_balance": [14567, 14567, 17065, 17065, 17065, 17689, 17689, 17689, 17689, 33158, 33158, 33158]}