{"00T04@0": 0.0581542351453856, "01T35@0": 0.11038107752956618, "02T35@1": 0.696551724137931, "03T35@1": 0.7178571428571426, "04T09@2": 0.0, "05T35@2": 0.6387387387387381, "BUYER": 0.0, "SELLER": 0.0}