{"00T23@0": 0.5184210526315788, "01T23@0": 0.507537688442211, "02T22@1": 0.004545454545454543, "03T22@1": 0.004115226337448557, "04T24@2": 0.9508196721311475, "05T36@2": 0.43190661478599224, "BUYER": 0.0, "SELLER": 0.0}