{"00T12@0": 0.07505518763796909, "01T02@0": 0.06060606060606061, "02T29@0": 0.0, "03T02@0": 0.07165109034267911, "04T29@0": 0.0, "05T12@1": 0.0, "06T05@1": 0.0, "07T12@1": 0.0, "08T05@2": 1.0, "09T29@2": 1.0, "10T02@2": 0.4592833876221502, "11T05@2": 1.0, "BUYER": 0.0, "SELLER": 0.0}