{"time_limit": 10800, "spot_discount": 0.9, "spot_market_global_loss": 0.2, "neg_quota_step": 432, "n_processes": 3, "n_products": 4, "n_steps": 72, "financial_reports_period": 5, "exogenous_horizon": 34, "max_productivity": 1.0, "catalog_prices": [10, 15, 22, 36], "cash_availability": [1.5, 2.5], "expected_productivity": 1.1979166666666667, "expected_mean_profit": 0.10539560243256468, "initial_balance": [17672, 17672, 17672, 17672, 17672, 37657, 37657, 37657, 46232, 46232, 46232, 46232]}