{"00T23@0": 0.0, "01T22@0": 0.06082725060827252, "02T20@1": 0.0, "03T35@1": 0.04166666666666666, "04T35@2": 1.0, "05T35@2": 0.8695652173913043, "06T24@3": 1.0, "07T35@3": 0.8047619047619045, "08T22@4": 0.0, "09T35@4": 0.8059360730593612, "BUYER": 0.0, "SELLER": 0.0}