{"00T36@0": 0.09282700421940929, "01T20@0": 0.0, "02T20@1": 0.0, "03T36@1": 0.328358208955224, "04T20@2": 1.0, "05T36@2": 0.030172413793103467, "BUYER": 0.0, "SELLER": 0.0}