{"00T34@0": 0.08441558441558442, "01T35@0": 0.13981762917933135, "02T36@1": 0.5388127853881274, "03T35@1": 0.8584070796460177, "04T35@2": 0.6736596736596735, "05T22@2": 0.0, "BUYER": 0.0, "SELLER": 0.0}