{"00T29@0": 0.0, "01T05@0": 0.0, "02T02@1": 1.0, "03T22@1": 0.9369369369369369, "04T23@2": 0.7912772585669784, "05T23@2": 0.7787610619469023, "06T12@3": 0.0, "07T23@3": 0.5909090909090913, "BUYER": 0.0, "SELLER": 0.0}