{"00T22@0": 0.0, "01T22@0": 0.0, "02T34@1": 0.41666666666666685, "03T37@1": 0.08387096774193549, "04T22@2": 0.5635738831615121, "05T35@2": 0.8489583333333331, "06T35@3": 0.7011494252873564, "07T35@3": 0.6807760141093483, "BUYER": 0.0, "SELLER": 0.0}