{"00T34@0": 0.17848410757946195, "01T23@0": 0.0, "02T35@1": 0.23809523809523808, "03T23@1": 0.2, "04T29@2": 0.0, "05T23@2": 0.8346456692913385, "06T35@3": 0.8, "07T22@3": 0.5510204081632655, "08T22@4": 0.0, "09T23@4": 0.6631016042780752, "BUYER": 0.0, "SELLER": 0.0}