{"00T16@0": 0.0, "01T35@0": 0.6334310850439888, "02T35@1": 0.9051987767584098, "03T35@1": 0.893312101910828, "04T03@2": 0.0, "05T35@2": 0.6862401402278708, "BUYER": 0.0, "SELLER": 0.0}