{"00T37@0": 0.0, "01T12@0": 0.006060606060606061, "02T37@1": 0.2204724409448819, "03T12@1": 0.0, "04T37@2": 0.14876033057851235, "05T22@2": 0.2357142857142857, "06T12@3": 0.18181818181818182, "07T35@3": 0.7128712871287132, "BUYER": 0.0, "SELLER": 0.0}