{"00T04@0": 0.12090680100755623, "01T35@0": 0.6830870279146142, "02T35@1": 0.5966850828729284, "03T35@1": 0.6253369272237198, "04T16@2": 1.0, "05T35@2": 0.5870967741935491, "BUYER": 0.0, "SELLER": 0.0}