{"00T29@0": 0.0, "01T24@0": 0.006451612903225803, "02T23@1": 0.0, "03T22@1": 0.947136563876652, "04T23@2": 0.4813084112149534, "05T35@2": 0.4146341463414634, "06T22@3": 0.0, "07T35@3": 0.9142857142857143, "08T35@4": 0.7250608272506085, "09T35@4": 0.7350230414746545, "BUYER": 0.0, "SELLER": 0.0}