{"00T32@0": 0.0023474178403755843, "01T23@0": 0.11956521739130435, "02T34@1": 0.5603448275862064, "03T23@1": 0.8888888888888888, "04T32@2": 0.2636363636363637, "05T22@2": 0.0, "06T32@3": 0.6855345911949687, "07T34@3": 0.44871794871794873, "08T34@4": 0.5886792452830186, "09T22@4": 0.0, "BUYER": 0.0, "SELLER": 0.0}