{"00T35@0": 0.22064056939501764, "01T22@0": 0.03870967741935485, "02T29@1": 0.0, "03T22@1": 0.2679245283018869, "04T23@2": 0.7914438502673797, "05T35@2": 0.6439790575916228, "06T07@3": 0.01716738197424892, "07T22@3": 0.0, "BUYER": 0.0, "SELLER": 0.0}