{"00T22@0": 0.08614232209737831, "01T23@0": 0.26633165829145716, "02T40@1": 0.14691943127962084, "03T23@1": 0.7299270072992701, "04T07@2": 0.2043010752688172, "05T35@2": 0.6984126984126988, "BUYER": 0.0, "SELLER": 0.0}