{"00T35@0": 0.03216374269005851, "01T23@0": 0.03437500000000003, "02T35@1": 0.9074074074074074, "03T35@1": 0.9104477611940299, "04T36@2": 0.0, "05T23@2": 0.7142857142857142, "06T20@3": 1.0, "07T23@3": 0.597560975609756, "BUYER": 0.0, "SELLER": 0.0}