{"00T34@0": 0.011655011655011647, "01T36@0": 0.05263157894736844, "02T34@1": 0.5, "03T36@1": 0.3965517241379311, "04T34@2": 1.0, "05T36@2": 0.014925373134328356, "BUYER": 0.0, "SELLER": 0.0}