{"00T02@0": 0.01587301587301587, "01T12@0": 0.0, "02T12@0": 0.0, "03T20@1": 0.0, "04T20@1": 0.0, "05T12@1": 0.0, "06T02@2": 0.7123287671232876, "07T20@2": 1.0, "08T02@2": 0.7320441988950279, "BUYER": 0.0, "SELLER": 0.0}