{"time_limit": 10800, "spot_discount": 0.9, "spot_market_global_loss": 0.2, "neg_quota_step": 400, "n_processes": 3, "n_products": 4, "n_steps": 89, "financial_reports_period": 5, "exogenous_horizon": 41, "max_productivity": 1.0, "catalog_prices": [10, 21, 31, 41], "cash_availability": [1.5, 2.5], "expected_productivity": 0.9662921348314607, "expected_mean_profit": 0.07493853670681232, "initial_balance": [28283, 28283, 28283, 44049, 44049, 44049, 56200, 56200, 56200]}