{"00T29@0": 0.0, "01T20@0": 0.0, "02T29@0": 0.0, "03T37@1": 0.0, "04T36@1": 0.0, "05T29@1": 0.0, "06T20@2": 0.0, "07T20@2": 0.0, "08T36@3": 1.0, "09T36@3": 1.0, "10T37@4": 0.8888888888888888, "11T37@4": 0.45454545454545453, "BUYER": 0.0, "SELLER": 0.0}