{"00T40@0": 0.0, "01T12@0": 0.0, "02T35@1": 0.6783625730994152, "03T23@1": 0.6862745098039216, "04T37@2": 0.40963855421686757, "05T35@2": 0.6018518518518515, "BUYER": 0.0, "SELLER": 0.0}