{"00T10@0": 0.08137715179968688, "01T22@0": 0.08669656203288492, "02T22@1": 0.17616580310880833, "03T35@1": 0.5425531914893618, "04T16@2": 1.0, "05T35@2": 0.7761627906976751, "BUYER": 0.0, "SELLER": 0.0}