{"00T37@0": 0.0, "01T35@0": 0.47043010752688175, "02T38@1": 0.0, "03T37@1": 0.0514285714285714, "04T37@2": 0.010752688172043008, "05T35@2": 0.5911949685534593, "06T38@3": 0.016077170418006423, "07T35@3": 0.6919431279620851, "08T38@4": 0.0, "09T22@4": 0.020304568527918777, "BUYER": 0.0, "SELLER": 0.0}