{"00T35@0": 0.6604729729729724, "01T35@0": 0.6388888888888894, "02T22@1": 0.0, "03T22@1": 0.0026525198938992, "04T22@2": 0.41901408450704225, "05T22@2": 0.4810126582278481, "06T37@3": 0.035555555555555535, "07T15@3": 0.34441087613293053, "08T22@4": 0.009803921568627439, "09T22@4": 0.0, "BUYER": 0.0, "SELLER": 0.0}