{"00T22@0": 0.11855670103092789, "01T23@0": 0.02564102564102564, "02T21@1": 0.0, "03T23@1": 0.8032786885245902, "04T07@2": 0.1592920353982301, "05T35@2": 0.7486910994764397, "BUYER": 0.0, "SELLER": 0.0}