{"00T35@0": 0.20361990950226244, "01T23@0": 0.14572864321608037, "02T34@1": 0.4285714285714285, "03T23@1": 0.963302752293578, "04T37@2": 0.020512820512820506, "05T23@2": 0.6219931271477666, "BUYER": 0.0, "SELLER": 0.0}