{"00T35@0": 0.22287390029325513, "01T22@0": 0.03987730061349694, "02T29@1": 0.0, "03T22@1": 0.4164222873900294, "04T40@2": 0.020202020202020193, "05T22@2": 0.019480519480519473, "BUYER": 0.0, "SELLER": 0.0}