{"time_limit": 10800, "spot_discount": 0.9, "spot_market_global_loss": 0.2, "neg_quota_step": 498, "n_processes": 5, "n_products": 6, "n_steps": 83, "financial_reports_period": 5, "exogenous_horizon": 24, "max_productivity": 1.0, "catalog_prices": [10, 16, 22, 30, 38, 58], "cash_availability": [1.5, 2.5], "expected_productivity": 0.7831325301204819, "expected_mean_profit": 0.0782877443888102, "initial_balance": [26883, 26883, 37540, 37540, 51269, 51269, 64422, 64422, 41956, 41956, 41956, 41956]}