{"00T35@0": 0.034111310592459594, "01T22@0": 0.03885480572597136, "02T24@1": 0.875, "03T35@1": 0.8468085106382979, "04T04@2": 0.015424164524421602, "05T35@2": 0.8787346221441125, "BUYER": 0.0, "SELLER": 0.0}