{"00T23@0": 0.5137931034482757, "01T35@0": 0.2818428184281842, "02T41@1": 0.014925373134328351, "03T23@1": 0.8110236220472441, "04T36@2": 0.30914826498422726, "05T23@2": 0.9097744360902256, "06T22@3": 0.0, "07T23@3": 0.6864608076009504, "BUYER": 0.0, "SELLER": 0.0}