{"00T03@0": 0.11627906976744186, "01T35@0": 0.3333333333333333, "02T35@1": 0.7, "03T35@1": 0.6808510638297872, "04T36@2": 0.04878048780487805, "05T35@2": 0.2641509433962264, "BUYER": 0.0, "SELLER": 0.0}