{"00T29@0": 0.0, "01T22@0": 0.11035653650254673, "02T22@1": 0.5240963855421686, "03T35@1": 0.8888888888888891, "04T15@2": 0.0, "05T35@2": 0.6735598227474147, "BUYER": 0.0, "SELLER": 0.0}