{"00T36@0": 0.0, "01T37@0": 0.0, "02T41@1": 0.6, "03T37@1": 0.0, "04T41@2": 0.0, "05T24@2": 1.0, "06T41@2": 0.6666666666666666, "07T24@2": 1.0, "08T36@2": 0.8, "09T24@3": 1.0, "10T36@3": 0.0, "11T37@3": 0.6666666666666666, "BUYER": 0.0, "SELLER": 0.0}