{"00T22@0": 0.18874172185430482, "01T35@0": 0.35802469135802484, "02T37@1": 0.09659090909090912, "03T22@1": 0.38709677419354854, "04T35@2": 0.13924050632911392, "05T22@2": 0.27338129496402885, "06T35@3": 0.7659574468085106, "07T23@3": 0.8115942028985508, "08T40@4": 0.0, "09T22@4": 0.0, "BUYER": 0.0, "SELLER": 0.0}