{"00T22@0": 0.14089347079037812, "01T35@0": 0.7870722433460078, "02T16@1": 0.0, "03T41@1": 0.3287292817679559, "04T35@2": 0.7109144542772858, "05T35@2": 0.7109144542772858, "BUYER": 0.0, "SELLER": 0.0}