{"00T41@0": 0.0, "01T34@0": 0.16455696202531653, "02T41@1": 0.13953488372093023, "03T34@1": 0.7692307692307693, "04T41@2": 0.0125, "05T35@2": 0.7708333333333334, "06T34@3": 0.6666666666666662, "07T35@3": 0.7240204429301532, "BUYER": 0.0, "SELLER": 0.0}