{"00T29@0": 0.0, "01T22@0": 0.6147058823529418, "02T24@1": 0.0, "03T35@1": 0.0, "04T29@2": 0.0, "05T29@2": 0.0, "06T24@3": 1.0, "07T22@3": 1.0, "08T24@4": 0.9186046511627907, "09T23@4": 0.7231920199501253, "BUYER": 0.0, "SELLER": 0.0}