{"00T29@0": 0.0, "01T22@0": 0.15267175572519096, "02T22@1": 0.545454545454545, "03T35@1": 0.7948717948717948, "04T26@2": 0.0, "05T35@2": 0.5893719806763287, "BUYER": 0.0, "SELLER": 0.0}