{"00T41@0": 0.37142857142857144, "01T12@0": 0.0, "02T41@1": 0.4107883817427386, "03T24@1": 0.045454545454545456, "04T24@2": 0.5915492957746477, "05T22@2": 0.06521739130434782, "06T24@3": 0.6875, "07T12@3": 0.05952380952380952, "08T12@4": 0.0, "09T41@4": 0.8994082840236687, "BUYER": 0.0, "SELLER": 0.0}