{"00T22@0": 0.14888337468982638, "01T22@0": 0.1977011494252874, "02T22@1": 0.20675105485232068, "03T22@1": 0.10917030567685593, "04T22@2": 0.2270916334661355, "05T22@2": 0.22173913043478255, "06T23@3": 0.211864406779661, "07T23@3": 0.2, "08T29@4": 1.0, "09T24@4": 0.9775280898876404, "BUYER": 0.0, "SELLER": 0.0}