{"00T34@0": 0.09473684210526316, "01T22@0": 0.22261484098939918, "02T23@1": 0.7232704402515724, "03T22@1": 0.4540229885057471, "04T22@2": 0.16774193548387098, "05T22@2": 0.10365853658536585, "06T06@3": 0.0, "07T35@3": 0.587301587301587, "08T22@4": 0.6829268292682927, "09T23@4": 0.7627118644067798, "BUYER": 0.0, "SELLER": 0.0}