{"time_limit": 10800, "spot_discount": 0.9, "spot_market_global_loss": 0.2, "neg_quota_step": 558, "n_processes": 4, "n_products": 5, "n_steps": 93, "financial_reports_period": 5, "exogenous_horizon": 26, "max_productivity": 1.0, "catalog_prices": [10, 17, 25, 29, 36], "cash_availability": [1.5, 2.5], "expected_productivity": 1.5949820788530467, "expected_mean_profit": 0.04555551450051838, "initial_balance": [26404, 26404, 26404, 26404, 26404, 107690, 107690, 130228, 130228, 104106, 104106, 104106]}