{"00T34@0": 0.1221719457013575, "01T22@0": 0.2975352112676056, "02T35@1": 0.45539906103286387, "03T35@1": 0.46636771300448415, "04T36@2": 0.6455399061032869, "05T35@2": 0.8677685950413223, "06T22@3": 0.0, "07T22@3": 0.0, "BUYER": 0.0, "SELLER": 0.0}