{"00T23@0": 0.12462908011869436, "01T35@0": 0.1314102564102564, "02T24@1": 1.0, "03T23@1": 0.7897574123989218, "04T38@2": 0.0, "05T23@2": 0.7318295739348373, "BUYER": 0.0, "SELLER": 0.0}