{"00T29@0": 0.0, "01T37@0": 0.0, "02T37@1": 0.09574468085106383, "03T29@1": 0.0, "04T29@2": 0.0, "05T35@2": 0.8513513513513512, "06T37@3": 0.5808383233532932, "07T35@3": 0.7327327327327332, "BUYER": 0.0, "SELLER": 0.0}