{"00T41@0": 0.057401812688821795, "01T36@0": 0.15909090909090895, "02T36@1": 0.3157894736842105, "03T36@1": 0.3032258064516128, "04T41@2": 0.34554973821989543, "05T41@2": 0.34000000000000014, "06T22@3": 0.036827195467422115, "07T22@3": 0.050704225352112706, "BUYER": 0.0, "SELLER": 0.0}