{"00T29@0": 0.0, "01T05@0": 0.0, "02T05@0": 0.0, "03T20@0": 0.0, "04T12@0": 0.018656716417910446, "05T29@1": 0.0, "06T20@1": 0.0, "07T12@1": 0.03215434083601286, "08T05@1": 0.0, "09T20@1": 0.0, "10T12@2": 0.0, "11T29@2": 1.0, "BUYER": 0.0, "SELLER": 0.0}