{"00T20@0": 0.0, "01T20@0": 0.0, "02T19@1": 0.0, "03T19@1": 0.0, "04T35@2": 0.902654867256637, "05T23@2": 0.9308943089430894, "06T20@3": 0.5673758865248228, "07T22@3": 0.0024330900243308973, "08T19@4": 1.0, "09T22@4": 0.0, "BUYER": 0.0, "SELLER": 0.0}