{"00T29@0": 0.0, "01T22@0": 0.1349009900990098, "02T22@1": 0.3448275862068966, "03T35@1": 0.6521739130434779, "04T06@2": 0.0, "05T35@2": 0.7155049786628738, "BUYER": 0.0, "SELLER": 0.0}