{"00T08@0": 0.07153284671532845, "01T35@0": 0.15021459227467793, "02T35@1": 0.6941580756013744, "03T35@1": 0.6933797909407668, "04T00@2": 0.0, "05T35@2": 0.6057494866529773, "BUYER": 0.0, "SELLER": 0.0}