{"00T22@0": 0.24295774647887325, "01T23@0": 0.5294117647058822, "02T22@1": 0.18032786885245902, "03T22@1": 0.22580645161290328, "04T23@2": 0.2345679012345679, "05T22@2": 0.3020833333333333, "06T23@3": 0.5, "07T23@3": 0.6074766355140185, "08T19@4": 1.0, "09T37@4": 0.0, "BUYER": 0.0, "SELLER": 0.0}