{"00T37@0": 0.012931034482758607, "01T35@0": 0.4769647696476967, "02T20@1": 0.6822429906542056, "03T22@1": 0.14009661835748793, "04T22@2": 0.002808988764044939, "05T22@2": 0.0, "BUYER": 0.0, "SELLER": 0.0}