{"00T35@0": 0.7813953488372087, "01T22@0": 0.25587467362924277, "02T26@1": 0.44630872483221495, "03T35@1": 0.5055555555555555, "04T00@2": 0.0, "05T35@2": 0.48640483383685784, "BUYER": 0.0, "SELLER": 0.0}