{"00T41@0": 0.0, "01T34@0": 0.0, "02T34@1": 0.6102564102564108, "03T34@1": 0.6968085106382982, "04T41@2": 0.04069767441860467, "05T41@2": 0.04985337243401759, "BUYER": 0.0, "SELLER": 0.0}