{"00T38@0": 0.0, "01T38@0": 0.0, "02T40@1": 0.5400000000000003, "03T38@1": 0.0, "04T40@2": 0.5932203389830507, "05T23@2": 0.6507936507936508, "06T40@3": 0.1487889273356402, "07T22@3": 0.0052770448548812585, "BUYER": 0.0, "SELLER": 0.0}