{"00T37@0": 0.0, "01T22@0": 0.018315018315018316, "02T20@1": 0.0, "03T35@1": 0.8482758620689657, "04T23@2": 0.8294314381270902, "05T23@2": 0.8225255972696248, "BUYER": 0.0, "SELLER": 0.0}