{"00T20@0": 0.11827956989247312, "01T34@0": 0.007662835249042139, "02T34@1": 1.0, "03T22@1": 0.020833333333333332, "04T20@2": 0.5600000000000003, "05T34@2": 1.0, "06T20@3": 0.8379446640316206, "07T22@3": 0.02074688796680498, "BUYER": 0.0, "SELLER": 0.0}