{"00T29@0": 0.0, "01T02@0": 0.026515151515151516, "02T12@0": 0.01702127659574468, "03T29@1": 0.0, "04T02@1": 0.0, "05T05@1": 0.0, "06T02@1": 0.0, "07T12@1": 0.0, "08T05@2": 0.0, "09T05@2": 0.0, "10T12@3": 0.0, "11T29@3": 1.0, "BUYER": 0.0, "SELLER": 0.0}