{"00T41@0": 0.11538461538461539, "01T22@0": 0.26, "02T35@1": 0.5897435897435898, "03T22@1": 0.5294117647058824, "04T37@2": 0.7142857142857143, "05T35@2": 0.26666666666666666, "06T35@3": 0.8571428571428571, "07T35@3": 0.7297297297297297, "BUYER": 0.0, "SELLER": 0.0}