{"00T23@0": 0.4010889292196006, "01T22@0": 0.267368421052632, "02T40@1": 0.02830188679245284, "03T22@1": 0.028846153846153834, "04T29@2": 0.0, "05T23@2": 0.7469135802469132, "06T22@3": 0.5929203539823011, "07T35@3": 0.8229665071770337, "BUYER": 0.0, "SELLER": 0.0}