{"00T35@0": 0.274685816876122, "01T23@0": 0.3970149253731341, "02T22@1": 0.20353982300884943, "03T23@1": 0.8511904761904765, "04T37@2": 0.02716049382716052, "05T22@2": 0.23021582733812965, "06T22@3": 0.0, "07T35@3": 0.5905511811023619, "08T29@4": 1.0, "09T12@4": 0.0, "BUYER": 0.0, "SELLER": 0.0}