{"00T37@0": 0.0, "01T22@0": 0.148936170212766, "02T35@1": 0.5882352941176471, "03T22@1": 0.7199999999999999, "04T07@2": 0.30434782608695654, "05T35@2": 0.0, "06T35@3": 0.9, "07T35@3": 0.8285714285714286, "BUYER": 0.0, "SELLER": 0.0}