{"00T23@0": 0.49152542372881347, "01T35@0": 0.40989399293286227, "02T36@1": 0.0, "03T34@1": 0.06593406593406594, "04T34@2": 0.875, "05T36@2": 0.2366412213740458, "06T34@3": 0.88, "07T36@3": 0.4974874371859298, "08T35@4": 0.6545454545454543, "09T23@4": 0.6981132075471698, "BUYER": 0.0, "SELLER": 0.0}