{"time_limit": 10800, "spot_discount": 0.9, "spot_market_global_loss": 0.2, "neg_quota_step": 520, "n_processes": 4, "n_products": 5, "n_steps": 130, "financial_reports_period": 5, "exogenous_horizon": 53, "max_productivity": 1.0, "catalog_prices": [10, 17, 21, 35, 48], "cash_availability": [1.5, 2.5], "expected_productivity": 0.9692307692307692, "expected_mean_profit": 0.0919405305298557, "initial_balance": [36866, 36866, 46574, 46574, 68571, 68571, 100152, 100152]}