{"00T24@0": 0.0, "01T22@0": 0.25844594594594583, "02T22@1": 0.15544041450777205, "03T35@1": 0.6134453781512605, "04T16@2": 1.0, "05T35@2": 0.6410256410256412, "BUYER": 0.0, "SELLER": 0.0}