{"00T34@0": 0.07366984993178728, "01T35@0": 0.722296395193592, "02T35@1": 0.6666666666666667, "03T35@1": 0.6756756756756755, "04T00@2": 0.0, "05T35@2": 0.6678352322524101, "BUYER": 0.0, "SELLER": 0.0}