{"00T23@0": 0.34860557768924305, "01T35@0": 0.24700239808153468, "02T20@1": 0.48, "03T37@1": 0.025974025974025976, "04T22@2": 0.007194244604316539, "05T35@2": 0.6942675159235664, "BUYER": 0.0, "SELLER": 0.0}