{"time_limit": 10800, "spot_discount": 0.9, "spot_market_global_loss": 0.2, "neg_quota_step": 416, "n_processes": 4, "n_products": 5, "n_steps": 104, "financial_reports_period": 5, "exogenous_horizon": 33, "max_productivity": 1.0, "catalog_prices": [10, 17, 25, 29, 39], "cash_availability": [1.5, 2.5], "expected_productivity": 0.9615384615384616, "expected_mean_profit": 0.05890795364479575, "initial_balance": [30179, 30179, 41213, 41213, 51587, 51587, 63753, 63753]}