{"00T16@0": 0.0, "01T22@0": 0.18601398601398603, "02T22@1": 0.11961722488038276, "03T35@1": 0.675889328063241, "04T09@2": 0.0, "05T35@2": 0.7085781433607523, "BUYER": 0.0, "SELLER": 0.0}