{"00T35@0": 0.3680709534368069, "01T35@0": 0.3752860411899314, "02T22@1": 0.0, "03T22@1": 0.0, "04T22@2": 0.5393586005830902, "05T22@2": 0.5090361445783133, "06T15@3": 0.4, "07T26@3": 0.09271523178807946, "08T22@4": 0.0, "09T22@4": 0.014925373134328353, "BUYER": 0.0, "SELLER": 0.0}