{"time_limit": 10800, "spot_discount": 0.9, "spot_market_global_loss": 0.2, "neg_quota_step": 475, "n_processes": 5, "n_products": 6, "n_steps": 95, "financial_reports_period": 5, "exogenous_horizon": 33, "max_productivity": 1.0, "catalog_prices": [10, 19, 25, 41, 60, 78], "cash_availability": [1.5, 2.5], "expected_productivity": 0.9473684210526315, "expected_mean_profit": 0.1568497527964776, "initial_balance": [22856, 22856, 33641, 33641, 45068, 45068, 64781, 64781, 88707, 88707]}