{"time_limit": 10800, "spot_discount": 0.9, "spot_market_global_loss": 0.2, "neg_quota_step": 540, "n_processes": 4, "n_products": 5, "n_steps": 90, "financial_reports_period": 5, "exogenous_horizon": 20, "max_productivity": 1.0, "catalog_prices": [10, 21, 28, 40, 53], "cash_availability": [1.5, 2.5], "expected_productivity": 0.6370370370370371, "expected_mean_profit": 0.10268643123217892, "initial_balance": [26877, 26877, 15432, 15432, 15432, 15432, 15432, 35363, 35363, 35363, 70355, 70355]}