{"00T23@0": 0.33165829145728615, "01T23@0": 0.2746113989637308, "02T22@1": 0.3583959899749373, "03T35@1": 0.8082191780821918, "04T35@2": 0.0, "05T22@2": 0.26903553299492405, "06T35@3": 0.0, "07T23@3": 0.0, "08T29@4": 1.0, "09T19@4": 1.0, "BUYER": 0.0, "SELLER": 0.0}