{"00T26@0": 0.0, "01T35@0": 0.019011406844106463, "02T26@1": 0.0, "03T29@1": 0.0, "04T29@2": 0.0, "05T35@2": 0.0, "06T29@3": 0.0, "07T35@3": 1.0, "08T26@4": 0.2579505300353356, "09T22@4": 0.009345794392523359, "BUYER": 0.0, "SELLER": 0.0}