{"00T26@0": 0.10940170940170939, "01T26@0": 0.07803992740471873, "02T26@1": 0.33187772925764186, "03T41@1": 0.40929203539823017, "04T41@2": 0.06590909090909094, "05T41@2": 0.04893617021276596, "BUYER": 0.0, "SELLER": 0.0}