{"00T40@0": 0.17897727272727265, "01T37@0": 0.040462427745664754, "02T37@1": 0.06521739130434782, "03T37@1": 0.0661764705882353, "04T35@2": 0.8728813559322034, "05T22@2": 0.11864406779661019, "06T40@3": 0.0, "07T40@3": 0.0, "BUYER": 0.0, "SELLER": 0.0}