,balance,assets,bankrupt,agent_id,step
0,1404.0,210.0,False,00T36@0,0.0
1,1404.0,395.69066147859917,False,00T36@0,5.0
2,1444.0,80.0,False,01T16@0,0.0
3,1064.0,460.0,False,01T16@0,5.0
4,2124.0,0.0,False,02T16@1,0.0
5,2124.0,0.0,False,02T16@1,5.0
6,2124.0,0.0,False,03T36@1,0.0
7,1938.0,267.17391304347825,False,03T36@1,5.0
8,3254.0,0.0,False,04T36@2,0.0
9,2914.0,40.0,False,04T36@2,5.0
10,3254.0,0.0,False,05T16@2,0.0
11,2744.0,0.0,False,05T16@2,5.0
12,,,,,
13,,,,,
14,,,,,
15,,,,,
