{"00T26@0": 0.10796915167095116, "01T23@0": 0.2797619047619046, "02T22@1": 0.11646586345381527, "03T23@1": 0.7032258064516127, "04T22@2": 0.2727272727272728, "05T35@2": 0.8362068965517241, "06T41@3": 0.10285714285714286, "07T22@3": 0.28440366972477066, "08T22@4": 0.016447368421052627, "09T23@4": 0.7738095238095232, "BUYER": 0.0, "SELLER": 0.0}