{"00T06@0": 0.0, "01T35@0": 0.08246073298429303, "02T35@1": 0.9635678391959799, "03T35@1": 0.9480840543881335, "04T03@2": 0.0, "05T35@2": 0.6379146919431283, "BUYER": 0.0, "SELLER": 0.0}