{"00T37@0": 0.0, "01T37@0": 0.0, "02T34@1": 0.30708661417322836, "03T34@1": 0.3346303501945525, "04T37@2": 0.09389671361502351, "05T35@2": 0.6572580645161294, "06T34@3": 0.5642458100558664, "07T35@3": 0.5767195767195763, "BUYER": 0.0, "SELLER": 0.0}