{"00T07@0": 0.07894736842105264, "01T22@0": 0.19246031746031744, "02T35@1": 0.48618784530386727, "03T35@1": 0.4705882352941175, "04T26@2": 0.26877470355731226, "05T35@2": 0.8870056497175139, "06T22@3": 0.007957559681697606, "07T22@3": 0.0, "BUYER": 0.0, "SELLER": 0.0}