{"00T16@0": 0.0, "01T35@0": 0.07161125319693097, "02T35@1": 0.8727272727272725, "03T35@1": 0.8733031674208143, "04T29@2": 1.0, "05T35@2": 0.6703767123287669, "BUYER": 0.0, "SELLER": 0.0}