{"00T40@0": 0.27186761229314427, "01T35@0": 0.2222222222222223, "02T37@1": 0.08152173913043483, "03T22@1": 0.35106382978723394, "04T22@2": 0.01432664756446991, "05T22@2": 0.010781671159029631, "BUYER": 0.0, "SELLER": 0.0}