{"00T14@0": 0.0, "01T08@0": 0.04838709677419354, "02T14@1": 0.0, "03T22@1": 0.15625, "04T08@2": 0.9325842696629213, "05T14@2": 0.0, "06T08@3": 1.0, "07T22@3": 0.0, "BUYER": 0.0, "SELLER": 0.0}