{"00T29@0": 0.0, "01T24@0": 0.0, "02T24@1": 1.0, "03T29@1": 0.0, "04T29@2": 0.0, "05T35@2": 0.9727272727272728, "06T24@3": 1.0, "07T23@3": 0.7482352941176466, "BUYER": 0.0, "SELLER": 0.0}