{"00T22@0": 0.055555555555555546, "01T23@0": 0.13235294117647065, "02T09@1": 0.0, "03T23@1": 0.764705882352941, "04T34@2": 0.7023809523809523, "05T35@2": 0.6559139784946233, "BUYER": 0.0, "SELLER": 0.0}