{"00T36@0": 0.06859205776173286, "01T40@0": 0.06015037593984957, "02T36@1": 0.2712765957446807, "03T40@1": 0.3561643835616438, "04T40@2": 0.6190476190476186, "05T36@2": 0.018315018315018316, "BUYER": 0.0, "SELLER": 0.0}