{"00T37@0": 0.058823529411764705, "01T22@0": 0.10909090909090909, "02T35@1": 0.59375, "03T22@1": 0.0, "04T29@2": 0.0, "05T35@2": 0.0, "06T35@3": 1.0, "07T35@3": 1.0, "BUYER": 0.0, "SELLER": 0.0}