{"00T35@0": 0.3983208955223881, "01T35@0": 0.41316793893129794, "02T35@1": 1.0, "03T22@1": 0.0016474464579901143, "04T35@2": 0.4244186046511626, "05T35@2": 0.08762886597938144, "06T06@3": 0.5771812080536908, "07T20@3": 0.6402116402116408, "BUYER": 0.0, "SELLER": 0.0}