{"00T22@0": 0.12916666666666665, "01T22@0": 0.13771186440677965, "02T35@1": 0.5277777777777778, "03T35@1": 0.5279503105590059, "04T22@2": 0.6925133689839567, "05T35@2": 0.7571428571428571, "06T35@3": 0.027522935779816515, "07T22@3": 0.031914893617021274, "08T29@4": 1.0, "09T20@4": 1.0, "BUYER": 0.0, "SELLER": 0.0}