{"time_limit": 10800, "spot_discount": 0.9, "spot_market_global_loss": 0.2, "neg_quota_step": 295, "n_processes": 5, "n_products": 6, "n_steps": 59, "financial_reports_period": 5, "exogenous_horizon": 23, "max_productivity": 1.0, "catalog_prices": [10, 24, 37, 49, 60, 72], "cash_availability": [1.5, 2.5], "expected_productivity": 0.9152542372881356, "expected_mean_profit": 0.09630527875306963, "initial_balance": [18104, 18104, 28347, 28347, 39304, 39304, 51119, 51119, 60218, 60218]}