{"00T35@0": 0.7409836065573772, "01T22@0": 0.24834437086092698, "02T17@1": 0.21523178807947033, "03T35@1": 0.6861313868613139, "04T36@2": 0.003891050583657584, "05T35@2": 0.4979166666666668, "BUYER": 0.0, "SELLER": 0.0}