{"00T40@0": 0.17287784679089035, "01T35@0": 0.6264534883720931, "02T35@1": 0.5828729281767953, "03T35@1": 0.5540166204986152, "04T34@2": 0.5902636916835695, "05T35@2": 0.7346153846153849, "BUYER": 0.0, "SELLER": 0.0}