{"00T22@0": 0.09493670886075946, "01T22@0": 0.08074534161490682, "02T41@1": 0.419811320754717, "03T24@1": 0.375, "04T22@2": 0.7474048442906573, "05T35@2": 0.865546218487395, "06T35@3": 0.6806358381502879, "07T35@3": 0.700973574408902, "BUYER": 0.0, "SELLER": 0.0}