{"time_limit": 10800, "spot_discount": 0.9, "spot_market_global_loss": 0.2, "neg_quota_step": 575, "n_processes": 5, "n_products": 6, "n_steps": 115, "financial_reports_period": 5, "exogenous_horizon": 28, "max_productivity": 1.0, "catalog_prices": [10, 17, 28, 44, 60, 81], "cash_availability": [1.5, 2.5], "expected_productivity": 0.9565217391304348, "expected_mean_profit": 0.13676100923106635, "initial_balance": [24573, 24573, 42300, 42300, 65557, 65557, 85478, 85478, 113473, 113473]}