{"00T22@0": 0.24159021406727837, "01T23@0": 0.043137254901960825, "02T20@1": 0.2972972972972973, "03T35@1": 0.39316239316239326, "04T06@2": 0.0, "05T23@2": 0.7861635220125787, "06T23@3": 0.7980132450331124, "07T35@3": 0.8026315789473681, "BUYER": 0.0, "SELLER": 0.0}