{"time_limit": 10800, "spot_discount": 0.9, "spot_market_global_loss": 0.2, "neg_quota_step": 370, "n_processes": 5, "n_products": 6, "n_steps": 74, "financial_reports_period": 5, "exogenous_horizon": 18, "max_productivity": 1.0, "catalog_prices": [10, 18, 25, 36, 52, 67], "cash_availability": [1.5, 2.5], "expected_productivity": 0.9324324324324325, "expected_mean_profit": 0.06788099212974004, "initial_balance": [23234, 23234, 32601, 32601, 45815, 45815, 65054, 65054, 84876, 84876]}