{"00T22@0": 0.07142857142857142, "01T23@0": 0.3357142857142856, "02T34@1": 0.6108108108108108, "03T22@1": 0.4897119341563786, "04T20@2": 0.47635135135135137, "05T35@2": 0.5532544378698225, "BUYER": 0.0, "SELLER": 0.0}