{"00T35@0": 0.28846153846153844, "01T35@0": 0.30683918669131266, "02T22@1": 0.0030959752321981383, "03T22@1": 0.006230529595015568, "04T22@2": 0.17674418604651163, "05T22@2": 0.2119815668202765, "06T37@3": 0.2534562211981564, "07T34@3": 0.9253731343283582, "08T22@4": 0.04584527220630366, "09T22@4": 0.04986149584487535, "BUYER": 0.0, "SELLER": 0.0}