{"00T12@0": 0.015005359056806002, "01T05@0": 0.0, "02T35@1": 0.2514450867052024, "03T35@1": 0.2614942528735635, "04T35@2": 0.7226890756302521, "05T23@2": 0.7870619946091646, "06T22@3": 0.01953818827708706, "07T35@3": 0.6261398176291803, "BUYER": 0.0, "SELLER": 0.0}