{"time_limit": 10800, "spot_discount": 0.9, "spot_market_global_loss": 0.2, "neg_quota_step": 380, "n_processes": 4, "n_products": 5, "n_steps": 95, "financial_reports_period": 5, "exogenous_horizon": 41, "max_productivity": 1.0, "catalog_prices": [10, 18, 26, 38, 47], "cash_availability": [1.5, 2.5], "expected_productivity": 0.9578947368421052, "expected_mean_profit": 0.056734892491104284, "initial_balance": [32121, 32121, 45873, 45873, 66350, 66350, 85823, 85823]}