{"00T40@0": 0.0, "01T22@0": 0.014164305949008494, "02T20@1": 0.0, "03T22@1": 0.17408906882591096, "04T23@2": 0.8009049773755651, "05T35@2": 0.8067632850241546, "06T22@3": 0.0, "07T23@3": 0.5934489402697489, "BUYER": 0.0, "SELLER": 0.0}