{"time_limit": 10800, "spot_discount": 0.9, "spot_market_global_loss": 0.2, "neg_quota_step": 416, "n_processes": 4, "n_products": 5, "n_steps": 104, "financial_reports_period": 5, "exogenous_horizon": 51, "max_productivity": 1.0, "catalog_prices": [10, 17, 31, 48, 62], "cash_availability": [1.5, 2.5], "expected_productivity": 0.9615384615384616, "expected_mean_profit": 0.08250955249216711, "initial_balance": [33653, 33653, 62257, 62257, 88337, 88337, 132686, 132686]}