{"00T34@0": 0.008368200836820078, "01T34@0": 0.004405286343612333, "02T34@1": 0.984251968503937, "03T40@1": 0.8526315789473683, "04T35@2": 0.5283950617283948, "05T23@2": 0.6701030927835053, "06T40@3": 0.01052631578947368, "07T22@3": 0.010309278350515462, "08T40@4": 0.7515527950310558, "09T22@4": 0.07225433526011561, "BUYER": 0.0, "SELLER": 0.0}