{"00T41@0": 0.01804123711340207, "01T23@0": 0.0, "02T19@1": 0.0, "03T23@1": 0.7222222222222221, "04T41@2": 0.225, "05T22@2": 0.049999999999999954, "06T19@3": 0.0, "07T41@3": 0.004405286343612333, "08T19@4": 1.0, "09T22@4": 0.011904761904761888, "BUYER": 0.0, "SELLER": 0.0}