{"00T35@0": 0.2700964630225081, "01T22@0": 0.04373757455268392, "02T34@1": 0.4008438818565401, "03T35@1": 0.6428571428571429, "04T07@2": 0.034482758620689655, "05T35@2": 0.6831683168316841, "BUYER": 0.0, "SELLER": 0.0}