{"00T22@0": 0.0, "01T35@0": 0.0, "02T24@1": 0.7272727272727273, "03T19@1": 0.0, "04T35@2": 0.9852216748768473, "05T23@2": 0.9809523809523809, "06T23@3": 0.6279926335174953, "07T23@3": 0.6342342342342346, "BUYER": 0.0, "SELLER": 0.0}