{"00T22@0": 0.0, "01T35@0": 0.34860557768924305, "02T12@1": 0.0, "03T22@1": 0.0, "04T29@2": 0.0, "05T20@2": 0.0, "06T02@3": 1.0, "07T23@3": 1.0, "08T23@4": 0.6060070671378092, "09T22@4": 0.037900874635568536, "BUYER": 0.0, "SELLER": 0.0}