{"00T37@0": 0.05802047781569961, "01T36@0": 0.2701949860724233, "02T41@1": 0.39453125, "03T36@1": 0.33476394849785424, "04T37@2": 0.053892215568862256, "05T37@2": 0.03999999999999996, "06T36@2": 0.37885462555066063, "07T41@3": 0.3808139534883721, "08T41@3": 0.4220183486238531, "BUYER": 0.0, "SELLER": 0.0}