{"00T41@0": 0.18730158730158727, "01T23@0": 0.5749318801089915, "02T29@1": 0.0, "03T22@1": 0.32152588555858314, "04T35@2": 0.7353846153846154, "05T23@2": 0.7216494845360825, "BUYER": 0.0, "SELLER": 0.0}