{"00T22@0": 0.08801498127340826, "01T35@0": 0.1402214022140221, "02T26@1": 0.37275064267352187, "03T16@1": 0.0, "04T35@2": 0.7985865724381624, "05T35@2": 0.7945670628183364, "BUYER": 0.0, "SELLER": 0.0}