{"00T40@0": 0.059740259740259746, "01T22@0": 0.08530805687203792, "02T36@1": 0.1590909090909092, "03T23@1": 0.6333333333333333, "04T22@2": 0.33222591362126236, "05T35@2": 0.7569060773480657, "06T22@3": 0.0, "07T23@3": 0.6680000000000001, "BUYER": 0.0, "SELLER": 0.0}