{"00T35@0": 0.06432748538011697, "01T22@0": 0.12545454545454546, "02T00@1": 0.0, "03T35@1": 0.6543778801843314, "04T41@2": 0.11885245901639344, "05T35@2": 0.7831325301204825, "BUYER": 0.0, "SELLER": 0.0}