{"00T06@0": 0.0, "01T19@0": 0.0, "02T35@1": 0.995475113122172, "03T23@1": 0.9840637450199203, "04T35@2": 0.6231671554252202, "05T22@2": 0.0, "BUYER": 0.0, "SELLER": 0.0}