{"00T06@0": 0.0, "01T35@0": 0.7626666666666664, "02T35@1": 0.8013937282229968, "03T35@1": 0.7845117845117843, "04T26@2": 0.3491124260355029, "05T35@2": 0.5869565217391303, "BUYER": 0.0, "SELLER": 0.0}