{"00T41@0": 0.11060948081264106, "01T22@0": 0.26444444444444437, "02T26@1": 0.24999999999999992, "03T22@1": 0.40585774058577395, "04T26@2": 0.20141342756183747, "05T22@2": 0.3264094955489614, "06T26@3": 0.19421487603305784, "07T41@3": 0.3715846994535522, "08T41@4": 0.004807692307692303, "09T35@4": 0.6078431372549016, "BUYER": 0.0, "SELLER": 0.0}