{"00T37@0": 0.07762557077625575, "01T37@0": 0.06373626373626384, "02T36@1": 0.4195804195804196, "03T37@1": 0.1421319796954314, "04T36@2": 0.029055690072639195, "05T36@2": 0.009153318077803193, "BUYER": 0.0, "SELLER": 0.0}