{"00T22@0": 0.13864306784660768, "01T23@0": 0.18507462686567153, "02T15@1": 0.052980132450331126, "03T23@1": 0.7129629629629632, "04T34@2": 0.6176470588235292, "05T35@2": 0.7707808564231732, "BUYER": 0.0, "SELLER": 0.0}