{"00T19@0": 0.0, "01T23@0": 0.19852941176470587, "02T22@1": 0.2608695652173913, "03T35@1": 0.8448275862068966, "04T40@2": 0.008658008658008655, "05T35@2": 0.7410714285714286, "BUYER": 0.0, "SELLER": 0.0}