{"00T19@0": 0.0, "01T19@0": 0.0, "02T36@1": 1.0, "03T35@1": 1.0, "04T36@2": 0.09340659340659341, "05T36@2": 0.10062893081761008, "06T19@3": 1.0, "07T35@3": 0.7849462365591398, "BUYER": 0.0, "SELLER": 0.0}