{"00T06@0": 0.0, "01T06@0": 0.0, "02T24@1": 0.0, "03T24@1": 0.3333333333333333, "04T06@2": 0.0, "05T35@2": 0.9924812030075187, "06T24@3": 1.0, "07T35@3": 0.7655417406749558, "BUYER": 0.0, "SELLER": 0.0}