{"00T35@0": 0.21346469622331696, "01T22@0": 0.028667790893760547, "02T34@1": 0.44339622641509435, "03T35@1": 0.6525821596244129, "04T26@2": 0.0070052539404553355, "05T35@2": 0.7002967359050444, "BUYER": 0.0, "SELLER": 0.0}