{"00T10@0": 0.4490238611713657, "01T10@0": 0.42035398230088455, "02T26@1": 0.23772609819121454, "03T26@1": 0.21818181818181817, "04T26@2": 0.07876712328767123, "05T10@2": 0.0, "BUYER": 0.0, "SELLER": 0.0}