{"00T35@0": 0.29322033898305067, "01T35@0": 0.2957264957264959, "02T35@1": 0.0, "03T22@1": 0.5086092715231784, "04T35@2": 0.5461346633416454, "05T35@2": 0.5450121654501227, "06T07@3": 0.03218390804597701, "07T37@3": 0.0, "BUYER": 0.0, "SELLER": 0.0}