{"00T41@0": 0.1505376344086022, "01T24@0": 0.004201680672268905, "02T22@1": 0.4686192468619247, "03T23@1": 0.8506493506493507, "04T22@2": 0.006309148264984219, "05T35@2": 0.6167512690355331, "BUYER": 0.0, "SELLER": 0.0}