{"00T40@0": 0.1902017291066282, "01T35@0": 0.5768261964735519, "02T41@1": 0.3838383838383838, "03T22@1": 0.24615384615384617, "04T40@2": 0.3076923076923076, "05T41@2": 0.3419689119170984, "06T41@3": 0.5138888888888888, "07T40@3": 0.01102941176470588, "BUYER": 0.0, "SELLER": 0.0}