{"00T37@0": 0.053380782918149544, "01T22@0": 0.1436950146627567, "02T35@1": 0.6708074534161488, "03T22@1": 0.29797979797979796, "04T22@2": 0.021505376344086023, "05T23@2": 0.754032258064516, "06T12@3": 0.06077348066298342, "07T23@3": 0.6638655462184874, "BUYER": 0.0, "SELLER": 0.0}