{"00T07@0": 0.0, "01T07@0": 0.0, "02T24@1": 0.0, "03T24@1": 1.0, "04T07@2": 1.0, "05T35@2": 0.9855072463768116, "06T24@3": 0.9162303664921466, "07T35@3": 0.5292153589315521, "BUYER": 0.0, "SELLER": 0.0}