{"00T35@0": 0.48355263157894746, "01T23@0": 0.6895424836601304, "02T40@1": 0.23381294964028776, "03T22@1": 0.2108843537414966, "04T24@2": 0.7821782178217824, "05T22@2": 0.012690355329949233, "BUYER": 0.0, "SELLER": 0.0}