{"00T20@0": 0.0, "01T20@0": 0.0, "02T37@1": 1.0, "03T35@1": 0.0, "04T20@2": 0.0, "05T35@2": 0.7184466019417476, "06T37@3": 0.10606060606060612, "07T37@3": 0.015267175572519083, "BUYER": 0.0, "SELLER": 0.0}