{"00T29@0": 0.0, "01T29@0": 0.0, "02T22@1": 1.0, "03T35@1": 1.0, "04T29@2": 0.0, "05T12@2": 0.014760147601476025, "06T12@3": 0.0, "07T12@3": 0.011764705882352941, "BUYER": 0.0, "SELLER": 0.0}