{"00T18@0": 0.0, "01T35@0": 0.2948073701842543, "02T26@1": 0.26492537313432823, "03T22@1": 0.5027027027027029, "04T22@2": 0.011013215859030832, "05T22@2": 0.021645021645021637, "BUYER": 0.0, "SELLER": 0.0}