{"00T35@0": 0.182370820668693, "01T22@0": 0.083955223880597, "02T07@1": 0.014084507042253521, "03T35@1": 0.6604477611940303, "04T06@2": 0.0, "05T35@2": 0.7872670807453414, "BUYER": 0.0, "SELLER": 0.0}