{"00T03@0": 0.07894736842105263, "01T35@0": 0.3253012048192771, "02T35@1": 0.5849056603773586, "03T35@1": 0.5423728813559321, "04T08@2": 0.0, "05T35@2": 0.4838709677419355, "BUYER": 0.0, "SELLER": 0.0}