{"00T38@0": 0.0, "01T23@0": 0.396600566572238, "02T38@1": 0.019047619047619042, "03T24@1": 0.547945205479452, "04T24@2": 0.08333333333333333, "05T38@2": 0.021857923497267763, "06T24@3": 0.8111888111888111, "07T23@3": 0.5585365853658536, "BUYER": 0.0, "SELLER": 0.0}