{"00T37@0": 0.024263431542460995, "01T22@0": 0.10384615384615388, "02T22@1": 0.28634361233480177, "03T35@1": 0.7160493827160492, "04T08@2": 0.23333333333333336, "05T35@2": 0.69894099848714, "BUYER": 0.0, "SELLER": 0.0}