{"00T23@0": 0.3570219966159055, "01T35@0": 0.31218697829716197, "02T34@1": 0.1458333333333334, "03T22@1": 0.1826484018264841, "04T22@2": 0.1290322580645161, "05T35@2": 0.7413793103448277, "06T38@3": 0.07883817427385892, "07T22@3": 0.0, "BUYER": 0.0, "SELLER": 0.0}