{"00T03@0": 0.11111111111111109, "01T35@0": 0.390625, "02T35@1": 0.6093750000000001, "03T35@1": 0.5999999999999998, "04T15@2": 0.0, "05T35@2": 0.3561643835616438, "BUYER": 0.0, "SELLER": 0.0}