{"00T35@0": 0.5203836930455633, "01T22@0": 0.22000000000000003, "02T22@1": 0.03355704697986578, "03T22@1": 0.058823529411764705, "04T19@2": 0.0, "05T35@2": 0.6788990825688074, "06T26@3": 0.49808429118773945, "07T22@3": 0.2339181286549708, "BUYER": 0.0, "SELLER": 0.0}