{"00T15@0": 0.14527845036319625, "01T35@0": 0.7814910025706938, "02T40@1": 0.2571428571428572, "03T22@1": 0.2962962962962964, "04T22@2": 0.01601830663615561, "05T22@2": 0.02708803611738146, "BUYER": 0.0, "SELLER": 0.0}