{"00T36@0": 0.1609403254972875, "01T36@0": 0.16981132075471694, "02T36@1": 0.23595505617977527, "03T10@1": 0.2968749999999999, "04T10@2": 0.005893909626719051, "05T10@2": 0.021459227467811152, "BUYER": 0.0, "SELLER": 0.0}