{"00T40@0": 0.02748414376321351, "01T07@0": 0.0, "02T40@1": 0.9121813031161473, "03T40@1": 0.943952802359882, "04T07@2": 0.2100396301188904, "05T07@2": 0.2334217506631299, "BUYER": 0.0, "SELLER": 0.0}