{"time_limit": 10800, "spot_discount": 0.9, "spot_market_global_loss": 0.2, "neg_quota_step": 348, "n_processes": 4, "n_products": 5, "n_steps": 87, "financial_reports_period": 5, "exogenous_horizon": 19, "max_productivity": 1.0, "catalog_prices": [10, 16, 23, 26, 32], "cash_availability": [1.5, 2.5], "expected_productivity": 0.9540229885057471, "expected_mean_profit": 0.054142039016323154, "initial_balance": [26470, 26470, 39801, 39801, 43865, 43865, 53129, 53129]}