{"00T10@0": 0.09558823529411767, "01T10@0": 0.11272727272727268, "02T37@1": 0.2658227848101266, "03T23@1": 0.7466666666666664, "04T10@2": 0.3333333333333333, "05T37@2": 0.08974358974358974, "06T37@3": 0.03942652329749108, "07T22@3": 0.02397260273972604, "BUYER": 0.0, "SELLER": 0.0}