{"00T20@0": 0.0, "01T41@0": 0.4166666666666667, "02T40@1": 1.0, "03T36@1": 0.3333333333333333, "04T36@1": 0.5, "05T36@1": 0.3333333333333333, "06T41@2": 0.0, "07T41@2": 0.0, "08T40@2": 0.0, "09T20@3": 1.0, "10T40@3": 1.0, "11T20@3": 1.0, "BUYER": 0.0, "SELLER": 0.0}