{"00T22@0": 0.007692307692307686, "01T22@0": 0.0038610038610038576, "02T10@1": 0.20588235294117652, "03T24@1": 1.0, "04T22@2": 0.4394904458598726, "05T35@2": 0.8888888888888888, "06T35@3": 0.5666666666666665, "07T35@3": 0.570694087403599, "BUYER": 0.0, "SELLER": 0.0}