{"00T37@0": 0.06250000000000001, "01T37@0": 0.07196969696969699, "02T37@1": 0.13836477987421383, "03T41@1": 0.5119363395225471, "04T41@2": 0.018306636155606387, "05T41@2": 0.014893617021276595, "BUYER": 0.0, "SELLER": 0.0}