{"00T40@0": 0.0, "01T24@0": 0.002631578947368421, "02T22@1": 0.8089887640449438, "03T23@1": 0.9642857142857143, "04T35@2": 0.7653061224489798, "05T35@2": 0.7810945273631837, "06T22@3": 0.0, "07T35@3": 0.7120622568093383, "BUYER": 0.0, "SELLER": 0.0}