{"00T40@0": 0.07239057239057244, "01T22@0": 0.07987220447284349, "02T22@1": 0.4783599088838269, "03T35@1": 0.7042801556420235, "04T36@2": 0.0, "05T35@2": 0.6984126984126987, "BUYER": 0.0, "SELLER": 0.0}