{"00T35@0": 0.3596268023748936, "01T35@0": 0.3527874564459929, "02T35@1": 1.0, "03T22@1": 0.0010080645161290307, "04T35@2": 0.5492537313432839, "05T35@2": 0.5619596541786742, "06T08@3": 0.0, "07T06@3": 0.5268817204301076, "BUYER": 0.0, "SELLER": 0.0}