{"00T20@0": 0.036036036036036036, "01T20@0": 0.024590163934426208, "02T20@1": 0.8372093023255811, "03T22@1": 1.0, "04T06@2": 0.0, "05T06@2": 0.0, "06T06@3": 0.0, "07T22@3": 0.7283950617283951, "BUYER": 0.0, "SELLER": 0.0}