{"time_limit": 10800, "spot_discount": 0.9, "spot_market_global_loss": 0.2, "neg_quota_step": 416, "n_processes": 4, "n_products": 5, "n_steps": 104, "financial_reports_period": 5, "exogenous_horizon": 45, "max_productivity": 1.0, "catalog_prices": [10, 17, 27, 34, 50], "cash_availability": [1.5, 2.5], "expected_productivity": 0.9615384615384616, "expected_mean_profit": 0.07058165127652555, "initial_balance": [32328, 32328, 52909, 52909, 66810, 66810, 87392, 87392]}