{"00T09@0": 0.0, "01T40@0": 0.00952380952380952, "02T09@1": 0.0, "03T22@1": 0.03875968992248062, "04T40@2": 0.35714285714285715, "05T40@2": 0.42528735632183917, "06T09@3": 0.0, "07T22@3": 0.02953586497890297, "BUYER": 0.0, "SELLER": 0.0}