{"00T14@0": 0.0, "01T07@0": 0.0, "02T14@1": 0.0, "03T22@1": 0.08695652173913043, "04T14@2": 0.0, "05T07@2": 0.032258064516129024, "06T07@3": 0.0, "07T22@3": 0.7888198757763976, "BUYER": 0.0, "SELLER": 0.0}