{"00T24@0": 0.0, "01T35@0": 0.2654320987654322, "02T34@1": 0.573333333333333, "03T34@1": 0.5886075949367089, "04T24@2": 0.0, "05T35@2": 0.32323232323232315, "06T34@3": 0.4015748031496063, "07T35@3": 1.0, "08T24@4": 0.9420289855072463, "09T22@4": 0.0, "BUYER": 0.0, "SELLER": 0.0}