{"00T36@0": 0.04529616724738676, "01T36@0": 0.035087719298245626, "02T17@1": 0.26875000000000004, "03T22@1": 0.14705882352941177, "04T36@2": 0.2580645161290322, "05T17@2": 0.19704433497536947, "06T17@3": 0.10994764397905757, "07T22@3": 0.021212121212121217, "BUYER": 0.0, "SELLER": 0.0}