{"00T37@0": 0.04491017964071856, "01T23@0": 0.3112244897959185, "02T40@1": 0.21428571428571427, "03T23@1": 0.7531645569620254, "04T35@2": 0.6608478802992519, "05T23@2": 0.6890951276102093, "BUYER": 0.0, "SELLER": 0.0}