{"00T36@0": 0.03816793893129765, "01T22@0": 0.029585798816568035, "02T22@1": 0.5829959514170046, "03T35@1": 0.8444444444444443, "04T41@2": 0.0, "05T35@2": 0.8028909329829175, "BUYER": 0.0, "SELLER": 0.0}