{"00T22@0": 0.0, "01T22@0": 0.0, "02T21@1": 0.0, "03T09@1": 0.0, "04T22@2": 0.9423076923076923, "05T35@2": 1.0, "06T35@3": 0.5893536121673006, "07T35@3": 0.5681818181818183, "BUYER": 0.0, "SELLER": 0.0}