{"00T10@0": 0.09569377990430636, "01T41@0": 0.011267605633802798, "02T22@1": 0.29166666666666663, "03T23@1": 0.7545454545454545, "04T10@2": 0.24870466321243534, "05T41@2": 0.28384279475982527, "06T41@3": 0.21235521235521243, "07T10@3": 0.2615384615384615, "08T35@4": 0.737864077669903, "09T22@4": 0.041994750656167916, "BUYER": 0.0, "SELLER": 0.0}