{"00T10@0": 0.1468812877263581, "01T22@0": 0.15049504950495043, "02T35@1": 0.6224489795918372, "03T35@1": 0.5520361990950228, "04T15@2": 0.2676056338028168, "05T35@2": 0.888, "06T22@3": 0.0, "07T22@3": 0.010822510822510819, "BUYER": 0.0, "SELLER": 0.0}