{"00T12@0": 0.0, "01T24@0": 0.0, "02T24@1": 0.6451612903225806, "03T24@1": 0.6666666666666667, "04T41@2": 0.9747899159663865, "05T12@2": 0.0, "06T41@3": 0.32432432432432434, "07T22@3": 0.18181818181818185, "08T12@4": 0.125, "09T41@4": 0.4778761061946903, "BUYER": 0.0, "SELLER": 0.0}