{"00T41@0": 0.13043478260869554, "01T22@0": 0.1788990825688072, "02T35@1": 0.5569620253164554, "03T22@1": 0.1278195488721805, "04T29@2": 1.0, "05T23@2": 0.739795918367347, "BUYER": 0.0, "SELLER": 0.0}