{"00T41@0": 0.018808777429467075, "01T22@0": 0.06267806267806272, "02T22@1": 0.2563025210084033, "03T35@1": 0.7884615384615384, "04T40@2": 0.0, "05T35@2": 0.7392947103274555, "BUYER": 0.0, "SELLER": 0.0}