{"00T20@0": 0.0, "01T12@0": 0.032188841201716736, "02T12@0": 0.02610441767068273, "03T29@1": 0.0, "04T29@1": 0.0, "05T12@1": 0.0, "06T29@2": 0.0, "07T02@2": 0.0, "08T20@2": 0.0, "09T02@2": 0.0, "10T20@3": 1.0, "11T02@3": 1.0, "BUYER": 0.0, "SELLER": 0.0}