{"00T35@0": 0.4977116704805492, "01T35@0": 0.48216340621403914, "02T35@1": 0.0, "03T22@1": 0.21192052980132417, "04T35@2": 0.4403669724770641, "05T35@2": 0.47465437788018433, "06T24@3": 1.0, "07T36@3": 0.0, "BUYER": 0.0, "SELLER": 0.0}