{"00T24@0": 0.0, "01T37@0": 0.0, "02T40@1": 0.0, "03T24@1": 1.0, "04T41@2": 1.0, "05T40@2": 1.0, "06T41@2": 0.6666666666666666, "07T37@2": 1.0, "08T41@3": 0.125, "09T40@3": 0.0, "10T24@4": 1.0, "11T37@4": 0.8461538461538461, "BUYER": 0.0, "SELLER": 0.0}