{"00T16@0": 0.0, "01T41@0": 0.0, "02T16@1": 0.0, "03T22@1": 0.31645569620253167, "04T41@2": 0.2735849056603774, "05T16@2": 0.0, "06T41@3": 0.08000000000000006, "07T22@3": 0.08429118773946369, "BUYER": 0.0, "SELLER": 0.0}