{"00T22@0": 0.27936507936507954, "01T23@0": 0.40502793296089384, "02T22@1": 0.11764705882352947, "03T22@1": 0.16279069767441862, "04T23@2": 0.43243243243243246, "05T22@2": 0.22981366459627328, "06T23@3": 0.7075471698113207, "07T23@3": 0.6831683168316829, "08T34@4": 0.5028248587570622, "09T36@4": 0.0, "BUYER": 0.0, "SELLER": 0.0}