{"00T08@0": 0.019438444924406034, "01T35@0": 0.5860566448801741, "02T06@1": 0.0, "03T22@1": 0.18644067796610173, "04T22@2": 0.056657223796033974, "05T22@2": 0.04204204204204205, "BUYER": 0.0, "SELLER": 0.0}