{"00T34@0": 0.1130063965884861, "01T35@0": 0.5077319587628866, "02T41@1": 0.4436090225563909, "03T22@1": 0.272108843537415, "04T22@2": 0.02788844621513944, "05T22@2": 0.020366598778004067, "BUYER": 0.0, "SELLER": 0.0}