{"00T40@0": 0.03756708407871197, "01T35@0": 0.2253289473684211, "02T40@1": 0.012121212121212121, "03T22@1": 0.009009009009009004, "04T34@2": 0.0, "05T40@2": 0.01851851851851851, "06T34@3": 0.9277777777777778, "07T34@3": 0.9385474860335196, "08T35@4": 0.7207062600321023, "09T35@4": 0.7426035502958575, "BUYER": 0.0, "SELLER": 0.0}