{"00T20@0": 0.0, "01T23@0": 0.0, "02T35@1": 1.0, "03T23@1": 1.0, "04T35@2": 1.0, "05T22@2": 0.017699115044247777, "06T35@3": 0.816, "07T23@3": 0.7463768115942029, "08T36@4": 0.0, "09T35@4": 0.7672811059907837, "BUYER": 0.0, "SELLER": 0.0}