{"time_limit": 10800, "spot_discount": 0.9, "spot_market_global_loss": 0.2, "neg_quota_step": 284, "n_processes": 4, "n_products": 5, "n_steps": 71, "financial_reports_period": 5, "exogenous_horizon": 23, "max_productivity": 1.0, "catalog_prices": [10, 16, 26, 36, 49], "cash_availability": [1.5, 2.5], "expected_productivity": 0.9436619718309859, "expected_mean_profit": 0.06117828232519264, "initial_balance": [22022, 22022, 32875, 32875, 50414, 50414, 69367, 69367]}