{"00T35@0": 0.7734375000000002, "01T22@0": 0.16163793103448262, "02T08@1": 0.2743362831858408, "03T35@1": 0.5024875621890548, "04T14@2": 1.0, "05T35@2": 0.6254416961130733, "BUYER": 0.0, "SELLER": 0.0}