{"00T40@0": 0.25635103926097025, "01T41@0": 0.1676136363636364, "02T40@1": 0.21787709497206717, "03T41@1": 0.39106145251396646, "04T40@2": 0.20329670329670332, "05T23@2": 0.6644295302013421, "06T41@3": 0.4622222222222222, "07T23@3": 0.7746478873239436, "08T35@4": 0.7578692493946734, "09T35@4": 0.7561576354679799, "BUYER": 0.0, "SELLER": 0.0}