{"00T41@0": 0.015151515151515136, "01T22@0": 0.11157894736842108, "02T22@1": 0.5013404825737272, "03T35@1": 0.7549019607843136, "04T15@2": 0.0, "05T35@2": 0.6079207920792076, "BUYER": 0.0, "SELLER": 0.0}