{"00T35@0": 0.36641221374045785, "01T22@0": 0.15714285714285714, "02T40@1": 0.2616279069767442, "03T22@1": 0.2798507462686567, "04T36@2": 0.04265402843601896, "05T36@2": 0.046948356807511735, "06T40@3": 0.27106227106227104, "07T40@3": 0.3167938931297711, "08T36@4": 0.026143790849673172, "09T35@4": 0.649082568807339, "BUYER": 0.0, "SELLER": 0.0}