{"00T07@0": 0.11646586345381534, "01T22@0": 0.27777777777777807, "02T35@1": 0.1566265060240964, "03T35@1": 0.1375, "04T09@2": 0.0, "05T35@2": 1.0, "06T22@3": 0.20689655172413796, "07T22@3": 0.1925675675675675, "BUYER": 0.0, "SELLER": 0.0}