,balance,assets,bankrupt,agent_id,step
0,1401.0,90.0,False,00T20@0,0.0
1,971.0,520.0,False,00T20@0,5.0
2,1381.0,110.0,False,01T20@0,0.0
3,1178.0,390.0,False,01T20@0,5.0
4,2077.0,0.0,False,02T15@1,0.0
5,1841.0,200.36733757139592,False,02T15@1,5.0
6,2077.0,0.0,False,03T15@1,0.0
7,2075.0,0.0,False,03T15@1,5.0
8,3182.0,0.0,False,04T15@2,0.0
9,3253.0,40.0,False,04T15@2,5.0
10,3182.0,0.0,False,05T20@2,0.0
11,2920.0,245.87171610202682,False,05T20@2,5.0
12,,,,,
13,,,,,
14,,,,,
15,,,,,
