{"00T35@0": 0.43640897755610975, "01T22@0": 0.1073825503355705, "02T07@1": 0.019138755980861236, "03T35@1": 0.5822784810126581, "04T20@2": 1.0, "05T35@2": 0.5961538461538463, "BUYER": 0.0, "SELLER": 0.0}