{"00T40@0": 0.1428571428571428, "01T29@0": 0.0, "02T29@1": 0.0, "03T35@1": 0.0, "04T29@2": 0.0, "05T35@2": 1.0, "06T40@3": 0.16083916083916086, "07T40@3": 0.19310344827586207, "BUYER": 0.0, "SELLER": 0.0}