{"00T22@0": 0.05040322580645166, "01T23@0": 0.04338842975206612, "02T32@1": 1.0, "03T23@1": 0.6241610738255037, "04T20@2": 0.8280254777070066, "05T35@2": 0.810526315789474, "BUYER": 0.0, "SELLER": 0.0}