{"00T02@0": 0.021052631578947368, "01T12@0": 0.029487179487179493, "02T12@1": 0.0, "03T02@1": 0.29962546816479413, "04T29@1": 0.0, "05T29@2": 1.0, "06T12@2": 0.0, "07T02@2": 0.3730407523510973, "08T29@2": 1.0, "BUYER": 0.0, "SELLER": 0.0}