{"time_limit": 10800, "spot_discount": 0.9, "spot_market_global_loss": 0.2, "neg_quota_step": 387, "n_processes": 3, "n_products": 4, "n_steps": 86, "financial_reports_period": 5, "exogenous_horizon": 25, "max_productivity": 1.0, "catalog_prices": [10, 22, 29, 39], "cash_availability": [1.5, 2.5], "expected_productivity": 0.6434108527131783, "expected_mean_profit": 0.0830065440843884, "initial_balance": [29368, 29368, 26999, 26999, 26999, 25312, 25312, 25312, 25312]}