{"00T41@0": 0.15677966101694915, "01T24@0": 0.0, "02T41@1": 0.14492753623188406, "03T22@1": 0.05714285714285713, "04T24@2": 0.14285714285714285, "05T41@2": 0.21739130434782608, "06T24@3": 1.0, "07T22@3": 0.03271028037383181, "BUYER": 0.0, "SELLER": 0.0}