{"00T22@0": 0.0019267822736030807, "01T22@0": 0.0, "02T16@1": 0.0, "03T15@1": 0.28191489361702143, "04T22@2": 0.6437125748502993, "05T35@2": 0.8235294117647061, "06T35@3": 0.6916167664670657, "07T35@3": 0.6933895921237689, "BUYER": 0.0, "SELLER": 0.0}