{"00T36@0": 0.0, "01T36@0": 0.0, "02T36@1": 0.4444444444444444, "03T10@1": 0.2, "04T10@2": 0.34615384615384615, "05T10@2": 0.5294117647058824, "BUYER": 0.0, "SELLER": 0.0}