{"00T35@0": 0.7133757961783439, "01T22@0": 0.31174089068825905, "02T07@1": 0.03225806451612903, "03T37@1": 0.13846153846153847, "04T22@2": 0.09009009009009009, "05T23@2": 0.764102564102564, "BUYER": 0.0, "SELLER": 0.0}