{"00T22@0": 0.03645833333333335, "01T23@0": 0.05232558139534882, "02T21@1": 0.0, "03T23@1": 0.8690476190476191, "04T09@2": 0.0, "05T35@2": 0.6956521739130436, "BUYER": 0.0, "SELLER": 0.0}