{"00T35@0": 0.4753246753246753, "01T22@0": 0.0, "02T12@1": 0.0, "03T22@1": 0.0, "04T05@2": 0.0, "05T23@2": 0.4910394265232973, "06T22@3": 0.2631578947368421, "07T23@3": 0.7666666666666664, "BUYER": 0.0, "SELLER": 0.0}