{"time_limit": 10800, "spot_discount": 0.9, "spot_market_global_loss": 0.2, "neg_quota_step": 224, "n_processes": 4, "n_products": 5, "n_steps": 56, "financial_reports_period": 5, "exogenous_horizon": 15, "max_productivity": 1.0, "catalog_prices": [10, 15, 22, 28, 35], "cash_availability": [1.5, 2.5], "expected_productivity": 0.9285714285714286, "expected_mean_profit": 0.04780290494576209, "initial_balance": [17867, 17867, 24056, 24056, 32096, 32096, 40200, 40200]}