{"00T35@0": 0.4473684210526314, "01T35@0": 0.46335078534031415, "02T22@1": 0.38888888888888895, "03T22@1": 0.4860050890585242, "04T22@2": 0.01533742331288343, "05T22@2": 0.021212121212121217, "06T00@3": 0.016949152542372874, "07T38@3": 0.0, "08T22@4": 0.34838709677419366, "09T22@4": 0.28823529411764703, "BUYER": 0.0, "SELLER": 0.0}