{"00T37@0": 0.0, "01T23@0": 0.25785340314136135, "02T29@1": 0.0, "03T22@1": 0.013089005235602094, "04T12@2": 0.0, "05T35@2": 0.8338368580060428, "BUYER": 0.0, "SELLER": 0.0}