{"time_limit": 10800, "spot_discount": 0.9, "spot_market_global_loss": 0.2, "neg_quota_step": 332, "n_processes": 4, "n_products": 5, "n_steps": 83, "financial_reports_period": 5, "exogenous_horizon": 34, "max_productivity": 1.0, "catalog_prices": [10, 18, 26, 39, 47], "cash_availability": [1.5, 2.5], "expected_productivity": 0.9518072289156626, "expected_mean_profit": 0.10561359575328351, "initial_balance": [22406, 22406, 31789, 31789, 40191, 40191, 58956, 58956]}