{"00T37@0": 0.0, "01T40@0": 0.08060453400503778, "02T37@1": 0.045454545454545456, "03T40@1": 0.2500000000000001, "04T37@2": 0.147887323943662, "05T23@2": 0.6190476190476187, "06T40@3": 0.4740061162079511, "07T23@3": 0.7687074829931972, "08T35@4": 0.6799999999999999, "09T35@4": 0.6771488469601675, "BUYER": 0.0, "SELLER": 0.0}