{"time_limit": 10800, "spot_discount": 0.9, "spot_market_global_loss": 0.2, "neg_quota_step": 485, "n_processes": 5, "n_products": 6, "n_steps": 97, "financial_reports_period": 5, "exogenous_horizon": 26, "max_productivity": 1.0, "catalog_prices": [10, 20, 28, 40, 51, 63], "cash_availability": [1.5, 2.5], "expected_productivity": 0.9484536082474226, "expected_mean_profit": 0.07485408267645466, "initial_balance": [35786, 35786, 52113, 52113, 72131, 72131, 98187, 98187, 124020, 124020]}