{"00T35@0": 0.5107655502392361, "01T35@0": 0.508196721311475, "02T35@1": 0.0, "03T22@1": 0.0, "04T35@2": 0.6764168190127975, "05T35@2": 0.6728280961182991, "06T36@3": 0.0, "07T06@3": 0.63258785942492, "BUYER": 0.0, "SELLER": 0.0}