{"00T22@0": 0.22222222222222213, "01T23@0": 0.3028169014084507, "02T15@1": 0.34296028880866425, "03T23@1": 0.6818181818181815, "04T20@2": 0.6315789473684208, "05T35@2": 0.5689655172413791, "BUYER": 0.0, "SELLER": 0.0}