{"time_limit": 10800, "spot_discount": 0.9, "spot_market_global_loss": 0.2, "neg_quota_step": 450, "n_processes": 5, "n_products": 6, "n_steps": 90, "financial_reports_period": 5, "exogenous_horizon": 27, "max_productivity": 1.0, "catalog_prices": [10, 19, 26, 35, 44, 55], "cash_availability": [1.5, 2.5], "expected_productivity": 0.9444444444444444, "expected_mean_profit": 0.07214824893899634, "initial_balance": [30301, 30301, 45554, 45554, 61108, 61108, 77874, 77874, 93833, 93833]}