{"00T35@0": 0.4937050359712229, "01T35@0": 0.48677248677248686, "02T35@1": 0.0, "03T22@1": 0.0022050716648291057, "04T35@2": 0.6875000000000001, "05T35@2": 0.6985645933014354, "06T09@3": 0.0, "07T40@3": 0.0, "BUYER": 0.0, "SELLER": 0.0}