{"00T35@0": 0.4379844961240311, "01T23@0": 0.5434083601286176, "02T38@1": 0.0, "03T23@1": 1.0, "04T19@2": 1.0, "05T23@2": 0.3689839572192514, "BUYER": 0.0, "SELLER": 0.0}