{"00T24@0": 0.0, "01T24@0": 0.0, "02T10@1": 1.0, "03T10@1": 1.0, "04T10@2": 0.00759013282732447, "05T24@2": 0.9490445859872612, "BUYER": 0.0, "SELLER": 0.0}