{"00T41@0": 0.15433070866141743, "01T35@0": 0.44105263157894736, "02T37@1": 0.022813688212927747, "03T12@1": 0.006518904823989567, "04T36@2": 0.5656565656565659, "05T35@2": 0.5486182190378706, "BUYER": 0.0, "SELLER": 0.0}