{"00T41@0": 0.3009950248756217, "01T41@0": 0.29156626506024125, "02T36@1": 0.469465648854962, "03T36@1": 0.4887218045112781, "04T41@2": 0.29683698296836997, "05T36@2": 0.01449275362318839, "BUYER": 0.0, "SELLER": 0.0}