{"00T37@0": 0.07062146892655373, "01T35@0": 0.3374083129584355, "02T15@1": 0.29900332225913623, "03T37@1": 0.08450704225352111, "04T15@2": 0.17763157894736842, "05T35@2": 0.349462365591398, "06T37@3": 0.09036144578313263, "07T35@3": 0.7874015748031497, "08T15@4": 0.0, "09T22@4": 0.0, "BUYER": 0.0, "SELLER": 0.0}