{"00T12@0": 0.0, "01T40@0": 0.0, "02T36@0": 0.0, "03T36@1": 0.3333333333333333, "04T36@1": 0.5, "05T40@1": 1.0, "06T40@2": 1.0, "07T20@2": 0.0, "08T20@2": 0.0, "09T12@2": 0.07142857142857142, "10T12@3": 0.12, "11T20@3": 1.0, "BUYER": 0.0, "SELLER": 0.0}