{"00T19@0": 0.0, "01T22@0": 0.27227722772277235, "02T26@1": 0.3254437869822485, "03T22@1": 0.52046783625731, "04T35@2": 0.6870967741935481, "05T35@2": 0.7362318840579705, "BUYER": 0.0, "SELLER": 0.0}