{"00T40@0": 0.08053691275167789, "01T22@0": 0.07993474714518758, "02T22@1": 0.2400000000000002, "03T35@1": 0.635922330097087, "04T29@2": 1.0, "05T35@2": 0.7468531468531465, "BUYER": 0.0, "SELLER": 0.0}