{"00T34@0": 0.0, "01T35@0": 0.3458213256484149, "02T34@1": 0.530054644808743, "03T34@1": 0.5081967213114753, "04T36@2": 0.2975206611570247, "05T35@2": 0.2984293193717278, "06T36@3": 0.34743202416918434, "07T35@3": 0.8623853211009175, "08T36@4": 0.0, "09T22@4": 0.0, "BUYER": 0.0, "SELLER": 0.0}