{"00T22@0": 0.1166666666666667, "01T22@0": 0.13636363636363633, "02T41@1": 0.23754789272030655, "03T06@1": 0.0, "04T22@2": 0.6443661971830988, "05T35@2": 0.8564356435643563, "06T35@3": 0.5565819861431872, "07T35@3": 0.5926773455377577, "BUYER": 0.0, "SELLER": 0.0}