{"00T15@0": 0.125, "01T15@0": 0.13846153846153844, "02T41@1": 0.47500000000000014, "03T15@1": 0.44537815126050434, "04T41@2": 0.05991735537190086, "05T41@2": 0.05145413870246085, "BUYER": 0.0, "SELLER": 0.0}