{"00T00@0": 0.0, "01T00@0": 0.0, "02T41@1": 0.1451612903225807, "03T22@1": 0.22857142857142856, "04T00@2": 0.0, "05T41@2": 0.07291666666666673, "06T41@3": 0.1778846153846154, "07T22@3": 0.06122448979591846, "BUYER": 0.0, "SELLER": 0.0}