{"00T35@0": 0.24999999999999967, "01T35@0": 0.2809917355371902, "02T22@1": 0.15121951219512209, "03T23@1": 0.898876404494382, "04T36@2": 0.1666666666666666, "05T37@2": 0.0, "06T23@3": 0.533527696793003, "07T22@3": 0.0481283422459893, "BUYER": 0.0, "SELLER": 0.0}