{"00T22@0": 0.13099041533546324, "01T35@0": 0.7420634920634919, "02T37@1": 0.14210526315789482, "03T40@1": 0.38575667655786344, "04T35@2": 0.6295264623955434, "05T35@2": 0.6063829787234046, "BUYER": 0.0, "SELLER": 0.0}