{"00T41@0": 0.17647058823529413, "01T41@0": 0.16143497757847536, "02T04@1": 0.3390804597701149, "03T22@1": 0.3712574850299404, "04T04@2": 0.23469387755102034, "05T41@2": 0.10666666666666667, "06T04@3": 0.11210762331838565, "07T22@3": 0.01818181818181817, "BUYER": 0.0, "SELLER": 0.0}