{"00T35@0": 0.4610169491525424, "01T35@0": 0.5082508250825083, "02T22@1": 0.0, "03T35@1": 0.0, "04T35@2": 0.0, "05T35@2": 0.0, "06T20@3": 0.0, "07T23@3": 1.0, "08T40@4": 0.039735099337748304, "09T22@4": 0.1111111111111111, "BUYER": 0.0, "SELLER": 0.0}