,balance,assets,bankrupt,agent_id,step
0,1329.0,60.0,False,00T29@0,0.0
1,929.0,460.0,False,00T29@0,5.0
2,1249.0,240.0,False,01T36@0,0.0
3,1139.0,499.80474198047415,False,01T36@0,5.0
4,2064.0,0.0,False,02T29@1,0.0
5,2064.0,0.0,False,02T29@1,5.0
6,2064.0,0.0,False,03T36@1,0.0
7,1866.0,384.46153846153845,False,03T36@1,5.0
8,2917.0,0.0,False,04T36@2,0.0
9,2821.0,42.0,False,04T36@2,5.0
10,2917.0,0.0,False,05T29@2,0.0
11,2466.0,0.0,False,05T29@2,5.0
12,,,,,
13,,,,,
14,,,,,
15,,,,,
