{"00T37@0": 0.06683804627249344, "01T35@0": 0.6819371727748691, "02T35@1": 0.6256410256410255, "03T35@1": 0.670792079207921, "04T15@2": 0.0, "05T35@2": 0.6476190476190476, "BUYER": 0.0, "SELLER": 0.0}