{"00T35@0": 0.045275590551181105, "01T22@0": 0.09395973154362423, "02T09@1": 0.0, "03T35@1": 0.5396825396825401, "04T29@2": 1.0, "05T35@2": 0.7860538827258318, "BUYER": 0.0, "SELLER": 0.0}