{"00T22@0": 0.0, "01T35@0": 0.3849129593810445, "02T18@1": 0.012024048096192381, "03T29@1": 0.0, "04T35@2": 0.8835978835978835, "05T35@2": 0.8508771929824561, "BUYER": 0.0, "SELLER": 0.0}