{"00T22@0": 0.0, "01T22@0": 0.0, "02T34@1": 0.16867469879518082, "03T10@1": 0.226600985221675, "04T22@2": 0.6268292682926825, "05T35@2": 0.7784090909090909, "06T35@3": 0.653495440729483, "07T35@3": 0.652960526315789, "BUYER": 0.0, "SELLER": 0.0}