{"00T20@0": 0.05463182897862231, "01T22@0": 0.09900990099009897, "02T22@1": 0.5895316804407714, "03T35@1": 0.8230088495575221, "04T07@2": 0.1820448877805487, "05T35@2": 0.5548686244204021, "BUYER": 0.0, "SELLER": 0.0}