{"00T06@0": 0.05, "01T22@0": 0.08665511265164652, "02T22@1": 0.5014084507042248, "03T35@1": 0.8732394366197183, "04T07@2": 0.16858237547892715, "05T35@2": 0.6852713178294577, "BUYER": 0.0, "SELLER": 0.0}