{"00T10@0": 0.14977973568281971, "01T41@0": 0.11024844720496908, "02T10@1": 0.4275862068965517, "03T41@1": 0.2895622895622895, "04T41@2": 0.03218884120171674, "05T10@2": 0.038387715930902094, "BUYER": 0.0, "SELLER": 0.0}