{"00T22@0": 0.21818181818181825, "01T23@0": 0.58984375, "02T36@1": 0.16666666666666663, "03T22@1": 0.11440677966101695, "04T22@2": 0.06, "05T22@2": 0.0742857142857143, "06T24@3": 0.9377593360995851, "07T23@3": 0.7971360381861572, "BUYER": 0.0, "SELLER": 0.0}