{"00T19@0": 0.0, "01T22@0": 0.22164948453608233, "02T23@1": 0.6190476190476193, "03T35@1": 0.5808823529411764, "04T22@2": 0.18390804597701155, "05T35@2": 0.7748344370860927, "06T36@3": 0.0, "07T23@3": 0.6830357142857145, "BUYER": 0.0, "SELLER": 0.0}