{"00T22@0": 0.18387909319899254, "01T22@0": 0.16624040920716093, "02T23@1": 0.2912621359223301, "03T35@1": 0.21153846153846154, "04T29@2": 0.0, "05T20@2": 0.0, "06T29@3": 0.0, "07T20@3": 0.0, "08T20@4": 1.0, "09T29@4": 1.0, "BUYER": 0.0, "SELLER": 0.0}