{"00T26@0": 0.05922551252847384, "01T35@0": 0.5068493150684928, "02T24@1": 0.8, "03T22@1": 0.08300395256916994, "04T22@2": 0.3046875, "05T23@2": 0.8198757763975153, "06T22@3": 0.0, "07T22@3": 0.0, "BUYER": 0.0, "SELLER": 0.0}