{"00T41@0": 0.24685138539042822, "01T23@0": 0.655430711610487, "02T41@1": 0.1535714285714286, "03T37@1": 0.09433962264150951, "04T23@2": 0.6822916666666664, "05T23@2": 0.6319018404907973, "06T41@3": 0.05909090909090908, "07T37@3": 0.04245283018867924, "08T37@4": 0.12616822429906538, "09T23@4": 0.57, "BUYER": 0.0, "SELLER": 0.0}