{"00T41@0": 0.0955585464333782, "01T22@0": 0.10041841004184086, "02T22@1": 0.20264317180616748, "03T35@1": 0.5069444444444444, "04T29@2": 1.0, "05T35@2": 0.7430730478589432, "BUYER": 0.0, "SELLER": 0.0}