{"00T29@0": 0.0, "01T35@0": 0.2513368983957218, "02T22@1": 0.4485294117647059, "03T22@1": 0.5939849624060151, "04T22@2": 0.289795918367347, "05T23@2": 0.7735849056603774, "06T37@3": 0.016611295681063124, "07T23@3": 0.6995073891625618, "BUYER": 0.0, "SELLER": 0.0}