{"00T35@0": 0.5807962529274006, "01T22@0": 0.12698412698412692, "02T22@1": 0.2206896551724138, "03T35@1": 0.8559322033898307, "04T36@2": 0.31875000000000003, "05T41@2": 0.37727272727272726, "06T35@3": 0.6336633663366341, "07T23@3": 0.6919191919191916, "08T23@4": 0.6892778993435452, "09T22@4": 0.0, "BUYER": 0.0, "SELLER": 0.0}