{"time_limit": 10800, "spot_discount": 0.9, "spot_market_global_loss": 0.2, "neg_quota_step": 318, "n_processes": 5, "n_products": 6, "n_steps": 53, "financial_reports_period": 5, "exogenous_horizon": 25, "max_productivity": 1.0, "catalog_prices": [10, 18, 23, 27, 37, 48], "cash_availability": [1.5, 2.5], "expected_productivity": 0.7547169811320755, "expected_mean_profit": 0.09250883330873608, "initial_balance": [13210, 13210, 17833, 17833, 22633, 22633, 12395, 12395, 12395, 12395, 36723, 36723]}