{"00T37@0": 0.0, "01T29@0": 0.0, "02T29@1": 0.0, "03T37@1": 0.2897727272727273, "04T37@2": 0.09016393442622953, "05T35@2": 0.7281105990783409, "06T29@3": 1.0, "07T35@3": 0.6696035242290754, "BUYER": 0.0, "SELLER": 0.0}