{"00T20@0": 0.0, "01T23@0": 0.20604914933837445, "02T23@1": 0.7757009345794392, "03T22@1": 0.5868421052631577, "04T35@2": 0.48264984227129337, "05T35@2": 0.45791245791245794, "06T29@3": 1.0, "07T35@3": 0.6477611940298503, "BUYER": 0.0, "SELLER": 0.0}