{"00T15@0": 0.05801526717557249, "01T22@0": 0.039619651347068165, "02T22@1": 0.5506329113924054, "03T35@1": 0.7382198952879583, "04T36@2": 0.0, "05T35@2": 0.7263157894736846, "BUYER": 0.0, "SELLER": 0.0}