{"time_limit": 10800, "spot_discount": 0.9, "spot_market_global_loss": 0.2, "neg_quota_step": 474, "n_processes": 5, "n_products": 6, "n_steps": 79, "financial_reports_period": 5, "exogenous_horizon": 23, "max_productivity": 1.0, "catalog_prices": [10, 23, 35, 49, 60, 76], "cash_availability": [1.5, 2.5], "expected_productivity": 0.7805907172995781, "expected_mean_profit": 0.09273807119940256, "initial_balance": [26013, 26013, 21538, 21538, 21538, 21538, 63347, 63347, 80791, 80791, 98770, 98770]}