{"00T22@0": 0.0, "01T22@0": 0.0, "02T29@1": 0.0, "03T37@1": 0.19463087248322153, "04T35@2": 0.908695652173913, "05T35@2": 0.9181818181818182, "06T35@3": 0.6909937888198754, "07T35@3": 0.7252440725244068, "BUYER": 0.0, "SELLER": 0.0}