{"00T22@0": 0.10355987055016169, "01T23@0": 0.2729885057471264, "02T10@1": 0.025157232704402517, "03T23@1": 0.7127659574468085, "04T09@2": 0.0, "05T35@2": 0.7499999999999997, "BUYER": 0.0, "SELLER": 0.0}