{"00T38@0": 0.0, "01T35@0": 0.724324324324324, "02T35@1": 0.6940874035989725, "03T35@1": 0.6961038961038962, "04T15@2": 0.0, "05T35@2": 0.5503048780487805, "BUYER": 0.0, "SELLER": 0.0}