{"00T24@0": 0.007194244604316539, "01T22@0": 0.19098143236074264, "02T23@1": 0.7142857142857145, "03T35@1": 0.6347826086956521, "04T22@2": 0.1498371335504886, "05T35@2": 0.8589743589743589, "06T20@3": 0.6156069364161855, "07T23@3": 0.6569506726457395, "BUYER": 0.0, "SELLER": 0.0}