{"00T40@0": 0.02090592334494773, "01T22@0": 0.01993355481727574, "02T29@1": 0.0, "03T35@1": 0.7734806629834251, "04T22@2": 0.4922279792746115, "05T35@2": 0.7740259740259737, "BUYER": 0.0, "SELLER": 0.0}