{"00T06@0": 0.0, "01T35@0": 0.7348837209302326, "02T35@1": 0.7751322751322748, "03T35@1": 0.7828418230563006, "04T40@2": 0.0, "05T35@2": 0.6023054755043221, "BUYER": 0.0, "SELLER": 0.0}