{"00T35@0": 0.6569646569646568, "01T22@0": 0.21903052064631967, "02T33@1": 0.28846153846153844, "03T35@1": 0.5276381909547739, "04T20@2": 0.7755555555555556, "05T35@2": 0.6475037821482601, "BUYER": 0.0, "SELLER": 0.0}