{"00T41@0": 0.15300546448087432, "01T22@0": 0.13432835820895528, "02T41@1": 0.1825726141078838, "03T41@1": 0.10328638497652586, "04T37@2": 0.17142857142857157, "05T22@2": 0.43209876543209874, "06T37@3": 0.012605042016806709, "07T37@3": 0.02521008403361346, "BUYER": 0.0, "SELLER": 0.0}