{"00T41@0": 0.15384615384615385, "01T36@0": 0.0, "02T20@0": 0.0, "03T20@1": 0.0, "04T29@1": 0.0, "05T36@1": 0.3333333333333333, "06T41@2": 0.6363636363636364, "07T29@2": 0.0, "08T29@2": 0.0, "09T20@2": 0.0, "10T36@3": 0.5555555555555556, "11T41@3": 0.5333333333333333, "BUYER": 0.0, "SELLER": 0.0}