{"00T40@0": 0.03546099290780145, "01T40@0": 0.07029478458049888, "02T41@1": 0.2600619195046439, "03T40@1": 0.8103448275862071, "04T41@2": 0.28008298755186756, "05T22@2": 0.36438356164383545, "06T41@3": 0.0423280423280423, "07T35@3": 0.6817359855334535, "BUYER": 0.0, "SELLER": 0.0}