{"time_limit": 10800, "spot_discount": 0.9, "spot_market_global_loss": 0.2, "neg_quota_step": 244, "n_processes": 4, "n_products": 5, "n_steps": 61, "financial_reports_period": 5, "exogenous_horizon": 17, "max_productivity": 1.0, "catalog_prices": [10, 21, 28, 42, 49], "cash_availability": [1.5, 2.5], "expected_productivity": 0.9344262295081968, "expected_mean_profit": 0.09021762168149156, "initial_balance": [21279, 21279, 31418, 31418, 40744, 40744, 52822, 52822]}