{"00T35@0": 0.638643067846608, "01T35@0": 0.6100981767180921, "02T22@1": 0.005181347150259061, "03T22@1": 0.0, "04T22@2": 0.27027027027027023, "05T22@2": 0.23148148148148148, "06T16@3": 0.0, "07T34@3": 0.39855072463768104, "08T22@4": 0.21052631578947367, "09T22@4": 0.23563218390804605, "BUYER": 0.0, "SELLER": 0.0}