{"00T20@0": 0.2107438016528925, "01T22@0": 0.21885521885521875, "02T26@1": 0.3592233009708738, "03T22@1": 0.3872549019607843, "04T35@2": 0.6422018348623854, "05T35@2": 0.6121794871794876, "BUYER": 0.0, "SELLER": 0.0}