{"00T24@0": 0.007722007722007715, "01T22@0": 0.05198776758409786, "02T12@1": 0.0, "03T22@1": 0.29464285714285715, "04T35@2": 0.8, "05T35@2": 0.8444444444444444, "06T22@3": 0.0, "07T35@3": 0.7350649350649348, "BUYER": 0.0, "SELLER": 0.0}