{"00T36@0": 0.0, "01T29@0": 0.0, "02T37@1": 0.0, "03T40@1": 0.0, "04T40@2": 0.0, "05T36@2": 0.7142857142857143, "06T29@3": 0.0, "07T36@3": 0.25, "08T37@3": 0.5, "09T29@4": 1.0, "10T40@4": 1.0, "11T37@4": 0.08333333333333333, "BUYER": 0.0, "SELLER": 0.0}