,balance,assets,bankrupt,agent_id,step
0,1186.0,114.0,False,00T06@0,0.0
1,1034.0,451.6363636363636,False,00T06@0,5.0
2,1246.0,0.0,False,01T06@0,0.0
3,1116.0,244.63636363636363,False,01T06@0,5.0
4,1736.0,0.0,False,02T06@1,0.0
5,1736.0,0.0,False,02T06@1,5.0
6,1736.0,0.0,False,03T20@1,0.0
7,1556.0,188.18181818181816,False,03T20@1,5.0
8,2659.0,0.0,False,04T20@2,0.0
9,2077.0,0.0,False,04T20@2,5.0
10,2659.0,0.0,False,05T20@2,0.0
11,2345.0,0.0,False,05T20@2,5.0
12,,,,,
13,,,,,
14,,,,,
15,,,,,
