{"00T40@0": 0.045528455284552814, "01T22@0": 0.0520504731861199, "02T22@1": 0.43174603174603154, "03T35@1": 0.7643979057591621, "04T37@2": 0.010309278350515469, "05T35@2": 0.7766497461928931, "BUYER": 0.0, "SELLER": 0.0}