{"00T08@0": 0.00529100529100529, "01T08@0": 0.004807692307692306, "02T08@1": 1.0, "03T22@1": 0.2962962962962963, "04T33@2": 0.3137254901960784, "05T33@2": 0.324022346368715, "06T33@3": 0.10606060606060609, "07T22@3": 0.018348623853210996, "BUYER": 0.0, "SELLER": 0.0}