{"00T36@0": 0.0989010989010989, "01T36@0": 0.08970099667774087, "02T37@1": 0.05319148936170213, "03T37@1": 0.08988764044943819, "04T35@2": 0.8181818181818182, "05T22@2": 0.32835820895522394, "06T37@3": 0.01818181818181818, "07T22@3": 0.2111111111111112, "08T36@4": 0.003984063745019917, "09T23@4": 0.7915407854984894, "BUYER": 0.0, "SELLER": 0.0}