{"00T24@0": 0.0, "01T41@0": 0.0, "02T24@1": 0.0, "03T35@1": 0.8027210884353737, "04T24@2": 0.0, "05T41@2": 0.0, "06T41@3": 0.2051282051282051, "07T35@3": 0.889763779527559, "BUYER": 0.0, "SELLER": 0.0}