{"00T22@0": 0.07838983050847459, "01T23@0": 0.09416195856873835, "02T24@1": 0.7878787878787877, "03T23@1": 0.5991561181434597, "04T32@2": 0.8793774319066148, "05T35@2": 0.7893890675241155, "BUYER": 0.0, "SELLER": 0.0}