{"00T35@0": 0.5254437869822483, "01T35@0": 0.5159453302961273, "02T35@1": 1.0, "03T22@1": 0.0009149130832570893, "04T35@2": 0.3606557377049179, "05T35@2": 0.0, "06T20@3": 0.5739549839228293, "07T29@3": 1.0, "BUYER": 0.0, "SELLER": 0.0}