{"00T36@0": 0.0, "01T40@0": 0.0, "02T41@1": 0.5, "03T24@1": 1.0, "04T36@1": 0.14285714285714285, "05T24@1": 1.0, "06T41@2": 0.16666666666666666, "07T40@2": 1.0, "08T41@2": 0.6666666666666666, "09T24@3": 1.0, "10T40@3": 1.0, "11T36@3": 0.0, "BUYER": 0.0, "SELLER": 0.0}