{"00T35@0": 0.0, "01T35@0": 0.0, "02T20@1": 0.0, "03T35@1": 1.0, "04T41@2": 0.6166666666666668, "05T22@2": 0.027932960893854747, "BUYER": 0.0, "SELLER": 0.0}