{"00T22@0": 0.044897959183673515, "01T35@0": 0.5095785440613027, "02T40@1": 0.5132275132275133, "03T35@1": 0.8947368421052632, "04T41@2": 0.3333333333333332, "05T35@2": 0.6825938566552904, "BUYER": 0.0, "SELLER": 0.0}