{"00T24@0": 0.0, "01T35@0": 0.6734992679355785, "02T35@1": 0.7727272727272725, "03T35@1": 0.7439446366782007, "04T29@2": 1.0, "05T35@2": 0.6047144152311872, "BUYER": 0.0, "SELLER": 0.0}