{"00T35@0": 0.20543806646525672, "01T23@0": 0.24324324324324326, "02T40@1": 0.11070110701107011, "03T23@1": 0.7499999999999999, "04T36@2": 0.010791366906474817, "05T23@2": 0.6317073170731712, "BUYER": 0.0, "SELLER": 0.0}