{"00T35@0": 0.44140624999999994, "01T35@0": 0.409714889123548, "02T35@1": 0.0, "03T22@1": 0.3137603795966789, "04T35@2": 0.3385826771653543, "05T35@2": 0.35986733001658355, "06T37@3": 0.013480392156862758, "07T09@3": 0.0, "BUYER": 0.0, "SELLER": 0.0}