{"00T16@0": 0.0, "01T22@0": 0.3103448275862069, "02T35@1": 0.5, "03T22@1": 0.0625, "04T40@2": 0.4, "05T35@2": 0.3076923076923077, "06T35@3": 0.6222222222222222, "07T35@3": 0.6666666666666665, "BUYER": 0.0, "SELLER": 0.0}