{"00T23@0": 0.21680672268907558, "01T23@0": 0.22948073701842547, "02T22@1": 0.16730769230769238, "03T35@1": 0.0, "04T23@2": 0.5017064846416381, "05T35@2": 0.5163043478260869, "06T40@3": 0.0, "07T29@3": 1.0, "BUYER": 0.0, "SELLER": 0.0}