{"00T22@0": 0.18987341772151914, "01T23@0": 0.3989898989898989, "02T37@1": 0.05333333333333336, "03T23@1": 0.7173913043478263, "04T06@2": 0.0, "05T35@2": 0.5446428571428574, "BUYER": 0.0, "SELLER": 0.0}