{"00T29@0": 0.0, "01T26@0": 0.10436893203883497, "02T35@1": 0.8181818181818182, "03T35@1": 0.8564814814814815, "04T22@2": 0.0, "05T23@2": 0.617549668874172, "BUYER": 0.0, "SELLER": 0.0}