,balance,assets,bankrupt,agent_id,step
0,1375.0,150.0,False,00T15@0,0.0
1,1210.0,324.1333333333333,False,00T15@0,5.0
2,1395.0,90.0,False,01T34@0,0.0
3,1005.0,480.0,False,01T34@0,5.0
4,2457.0,0.0,False,02T34@1,0.0
5,2485.0,0.0,False,02T34@1,5.0
6,2457.0,0.0,False,03T15@1,0.0
7,2406.0,283.17607876636237,False,03T15@1,5.0
8,3044.0,0.0,False,04T34@2,0.0
9,2934.0,0.0,False,04T34@2,5.0
10,3044.0,0.0,False,05T15@2,0.0
11,2990.0,30.0,False,05T15@2,5.0
12,,,,,
13,,,,,
14,,,,,
15,,,,,
