{"00T35@0": 0.4083333333333334, "01T35@0": 0.40192307692307677, "02T35@1": 0.0, "03T22@1": 0.2530206112295663, "04T35@2": 0.4468937875751503, "05T35@2": 0.4665314401622718, "06T36@3": 0.0, "07T15@3": 0.0, "BUYER": 0.0, "SELLER": 0.0}