{"00T24@0": 0.0, "01T24@0": 0.0, "02T07@1": 1.0, "03T07@1": 1.0, "04T24@2": 0.9626865671641791, "05T07@2": 0.30799999999999994, "BUYER": 0.0, "SELLER": 0.0}