{"00T22@0": 0.2180327868852459, "01T35@0": 0.6631944444444448, "02T07@1": 0.2400000000000001, "03T41@1": 0.27507163323782247, "04T35@2": 0.7538461538461535, "05T35@2": 0.7830508474576267, "BUYER": 0.0, "SELLER": 0.0}