{"00T37@0": 0.0, "01T35@0": 0.36585365853658525, "02T38@1": 0.014117647058823514, "03T37@1": 0.015384615384615379, "04T38@2": 0.04844290657439449, "05T35@2": 0.6350710900473931, "06T37@3": 0.22929936305732476, "07T38@3": 0.0, "BUYER": 0.0, "SELLER": 0.0}