{"00T17@0": 0.05483870967741938, "01T06@0": 0.0, "02T06@1": 0.0, "03T22@1": 0.0, "04T06@2": 0.0, "05T17@2": 0.6290322580645163, "06T17@3": 0.026402640264026393, "07T22@3": 0.07604562737642585, "BUYER": 0.0, "SELLER": 0.0}