{"00T37@0": 0.09124767225325885, "01T24@0": 0.009975062344139638, "02T22@1": 0.1801242236024845, "03T22@1": 0.12418300653594769, "04T35@2": 0.7738095238095237, "05T22@2": 0.4112903225806451, "06T23@3": 0.6571879936808848, "07T35@3": 0.6832, "BUYER": 0.0, "SELLER": 0.0}