{"00T32@0": 0.16621253405994563, "01T22@0": 0.2543859649122808, "02T35@1": 0.2028985507246377, "03T22@1": 0.019230769230769232, "04T19@2": 0.0, "05T32@2": 0.0, "06T19@3": 0.0, "07T32@3": 1.0, "08T19@4": 1.0, "09T35@4": 0.7770034843205572, "BUYER": 0.0, "SELLER": 0.0}