{"00T35@0": 0.10721247563352829, "01T22@0": 0.034482758620689676, "02T16@1": 0.0, "03T35@1": 0.6442687747035568, "04T36@2": 0.4413793103448275, "05T35@2": 0.7901234567901237, "BUYER": 0.0, "SELLER": 0.0}