{"00T35@0": 0.0, "01T23@0": 0.0, "02T35@1": 1.0, "03T35@1": 1.0, "04T20@2": 0.0, "05T35@2": 0.8031746031746032, "06T12@3": 0.0, "07T22@3": 0.3475409836065571, "BUYER": 0.0, "SELLER": 0.0}