{"00T29@0": 0.0, "01T35@0": 0.46008708272859206, "02T12@1": 0.0, "03T22@1": 0.6676557863501484, "04T37@2": 0.282051282051282, "05T35@2": 0.35436893203883496, "06T40@3": 0.9908256880733946, "07T35@3": 0.6532663316582911, "BUYER": 0.0, "SELLER": 0.0}