,balance,assets,bankrupt,agent_id,step
0,1136.0,170.0,False,00T21@0,0.0
1,996.0,48.013596193065936,False,00T21@0,5.0
2,1196.0,68.0,False,01T41@0,0.0
3,906.0,480.1359619306594,False,01T41@0,5.0
4,2057.0,0.0,False,02T21@1,0.0
5,1887.0,290.0,False,02T21@1,5.0
6,2057.0,0.0,False,03T41@1,0.0
7,1957.0,870.0,False,03T41@1,5.0
8,3054.0,0.0,False,04T41@2,0.0
9,2947.0,0.0,False,04T41@2,5.0
10,3054.0,0.0,False,05T21@2,0.0
11,2697.0,0.0,False,05T21@2,5.0
12,,,,,
13,,,,,
14,,,,,
15,,,,,
