{"00T38@0": 0.02481389578163771, "01T35@0": 0.5465425531914899, "02T38@1": 0.0, "03T38@1": 0.0, "04T29@2": 0.0, "05T23@2": 0.0, "06T29@3": 1.0, "07T29@3": 1.0, "BUYER": 0.0, "SELLER": 0.0}