{"00T09@0": 0.0, "01T22@0": 0.23214285714285715, "02T35@1": 0.4482758620689655, "03T22@1": 0.6, "04T20@2": 0.4482758620689655, "05T35@2": 0.0, "06T35@3": 0.5897435897435899, "07T35@3": 1.0, "BUYER": 0.0, "SELLER": 0.0}