{"00T29@0": 0.0, "01T33@0": 0.24825174825174826, "02T33@1": 0.02469135802469135, "03T22@1": 0.013888888888888886, "04T29@2": 0.0, "05T33@2": 0.07142857142857147, "06T29@3": 1.0, "07T22@3": 0.03879310344827586, "BUYER": 0.0, "SELLER": 0.0}