{"00T26@0": 0.07981220657276994, "01T26@0": 0.07614213197969544, "02T07@1": 0.032, "03T07@1": 0.008264462809917356, "04T26@2": 0.1984732824427481, "05T07@2": 0.40869565217391296, "BUYER": 0.0, "SELLER": 0.0}