{"00T29@0": 0.0, "01T35@0": 0.02197802197802198, "02T18@1": 0.0, "03T29@1": 0.0, "04T29@2": 0.0, "05T35@2": 0.1111111111111111, "06T18@3": 0.0, "07T35@3": 0.9894736842105263, "08T18@4": 0.4293785310734463, "09T22@4": 0.0, "BUYER": 0.0, "SELLER": 0.0}