{"00T29@0": 0.0, "01T35@0": 0.1825396825396826, "02T29@1": 0.0, "03T38@1": 0.043010752688172046, "04T38@2": 0.078125, "05T35@2": 0.6136363636363636, "06T29@3": 0.0, "07T35@3": 0.6629834254143646, "08T38@4": 0.0, "09T22@4": 0.016042780748663093, "BUYER": 0.0, "SELLER": 0.0}