{"00T38@0": 0.0, "01T20@0": 0.047970479704797064, "02T35@1": 0.8, "03T22@1": 0.5411764705882353, "04T22@2": 0.3346774193548387, "05T23@2": 0.8358974358974359, "06T22@3": 0.24840764331210186, "07T22@3": 0.23232323232323232, "08T22@4": 0.008356545961002783, "09T35@4": 0.6573816155988857, "BUYER": 0.0, "SELLER": 0.0}