{"time_limit": 10800, "spot_discount": 0.9, "spot_market_global_loss": 0.2, "neg_quota_step": 335, "n_processes": 5, "n_products": 6, "n_steps": 67, "financial_reports_period": 5, "exogenous_horizon": 19, "max_productivity": 1.0, "catalog_prices": [10, 19, 28, 38, 55, 68], "cash_availability": [1.5, 2.5], "expected_productivity": 0.9253731343283582, "expected_mean_profit": 0.062496788194787586, "initial_balance": [24951, 24951, 33129, 33129, 48169, 48169, 65149, 65149, 81575, 81575]}