{"00T40@0": 0.3646055437100214, "01T35@0": 0.3221052631578946, "02T22@1": 0.10416666666666681, "03T22@1": 0.09818181818181816, "04T35@2": 0.7135416666666662, "05T22@2": 0.2679245283018868, "06T35@3": 0.574561403508772, "07T22@3": 0.07834101382488481, "08T24@4": 0.9414893617021277, "09T23@4": 0.6177685950413228, "BUYER": 0.0, "SELLER": 0.0}