{"time_limit": 10800, "spot_discount": 0.9, "spot_market_global_loss": 0.2, "neg_quota_step": 460, "n_processes": 5, "n_products": 6, "n_steps": 92, "financial_reports_period": 5, "exogenous_horizon": 39, "max_productivity": 1.0, "catalog_prices": [10, 15, 27, 37, 52, 71], "cash_availability": [1.5, 2.5], "expected_productivity": 0.9456521739130435, "expected_mean_profit": 0.08670919885834644, "initial_balance": [25148, 25148, 44783, 44783, 58226, 58226, 84534, 84534, 114904, 114904]}