{"00T35@0": 0.5233494363929142, "01T22@0": 0.0828828828828829, "02T08@1": 0.2924187725631769, "03T35@1": 0.6615384615384614, "04T40@2": 0.0, "05T35@2": 0.6396866840731075, "BUYER": 0.0, "SELLER": 0.0}