{"00T22@0": 0.7166276346604219, "01T22@0": 0.4663382594417079, "02T35@1": 0.43010752688172044, "03T35@1": 0.4301075268817204, "04T17@2": 0.6310483870967739, "05T36@2": 0.6745362563237781, "06T22@3": 0.008423586040914569, "07T35@3": 0.5266418835192068, "BUYER": 0.0, "SELLER": 0.0}