{"00T37@0": 0.01501501501501501, "01T22@0": 0.06432748538011702, "02T36@1": 0.545945945945946, "03T35@1": 0.8838709677419355, "04T22@2": 0.0, "05T35@2": 0.6875, "BUYER": 0.0, "SELLER": 0.0}