{"00T35@0": 0.16011235955056183, "01T35@0": 0.15833333333333346, "02T22@1": 0.0, "03T23@1": 0.0, "04T20@2": 0.0, "05T29@2": 0.0, "06T23@3": 1.0, "07T22@3": 1.0, "BUYER": 0.0, "SELLER": 0.0}