{"00T08@0": 0.010703363914373085, "01T22@0": 0.05105105105105106, "02T22@1": 0.5510204081632656, "03T35@1": 0.7700534759358288, "04T07@2": 0.14143094841930115, "05T35@2": 0.732626619552415, "BUYER": 0.0, "SELLER": 0.0}