{"00T15@0": 0.27755102040816315, "01T35@0": 0.7744874715261959, "02T35@1": 0.5589887640449438, "03T35@1": 0.5693641618497107, "04T24@2": 1.0, "05T35@2": 0.5020689655172413, "BUYER": 0.0, "SELLER": 0.0}