{"00T24@0": 0.015463917525773203, "01T24@0": 0.015706806282722505, "02T13@1": 0.0, "03T22@1": 1.0, "04T24@2": 0.5813953488372093, "05T13@2": 0.0, "06T13@3": 0.0, "07T22@3": 1.0, "BUYER": 0.0, "SELLER": 0.0}