{"00T02@0": 0.04285714285714286, "01T12@0": 0.028455284552845593, "02T12@1": 0.029816513761467905, "03T02@1": 0.3594470046082949, "04T12@2": 0.017278617710583144, "05T02@2": 0.2954545454545454, "06T23@3": 0.45707656612529, "07T22@3": 0.6857142857142857, "BUYER": 0.0, "SELLER": 0.0}