{"time_limit": 10800, "spot_discount": 0.9, "spot_market_global_loss": 0.2, "neg_quota_step": 272, "n_processes": 4, "n_products": 5, "n_steps": 68, "financial_reports_period": 5, "exogenous_horizon": 18, "max_productivity": 1.0, "catalog_prices": [10, 21, 30, 35, 52], "cash_availability": [1.5, 2.5], "expected_productivity": 0.9411764705882353, "expected_mean_profit": 0.0946490992202205, "initial_balance": [23110, 23110, 36093, 36093, 41463, 41463, 55532, 55532]}