{"00T35@0": 0.0, "01T35@0": 0.0, "02T35@1": 1.0, "03T35@1": 1.0, "04T37@2": 0.0, "05T22@2": 0.07210031347962376, "06T24@3": 0.05063291139240506, "07T22@3": 0.34545454545454546, "08T23@4": 0.6982758620689653, "09T22@4": 0.027667984189723337, "BUYER": 0.0, "SELLER": 0.0}