{"00T12@0": 0.0, "01T22@0": 0.1704225352112678, "02T41@1": 0.4489795918367347, "03T35@1": 0.4820717131474103, "04T20@2": 0.0, "05T37@2": 0.002457002457002454, "06T35@3": 0.8569023569023567, "07T35@3": 0.8158783783783787, "BUYER": 0.0, "SELLER": 0.0}