{"00T36@0": 0.15081206496519728, "01T41@0": 0.18556701030927814, "02T22@1": 0.2937062937062937, "03T23@1": 0.33088235294117646, "04T23@2": 0.7862068965517243, "05T35@2": 0.7394366197183101, "06T22@3": 0.0, "07T23@3": 0.7317647058823528, "BUYER": 0.0, "SELLER": 0.0}