{"00T40@0": 0.0, "01T22@0": 0.0, "02T20@1": 0.0, "03T20@1": 0.0, "04T20@2": 0.0, "05T40@2": 0.9222222222222223, "06T22@3": 0.7482758620689653, "07T35@3": 0.9324324324324325, "08T40@4": 0.0, "09T22@4": 0.0, "BUYER": 0.0, "SELLER": 0.0}