{"00T06@0": 0.0, "01T35@0": 0.46875000000000006, "02T15@1": 0.25, "03T15@1": 0.2988505747126437, "04T15@2": 0.23478260869565207, "05T35@2": 0.23423423423423423, "06T06@3": 0.0, "07T35@3": 0.536, "08T06@4": 0.5027624309392266, "09T22@4": 0.06477732793522263, "BUYER": 0.0, "SELLER": 0.0}