{"time_limit": 10800, "spot_discount": 0.9, "spot_market_global_loss": 0.2, "neg_quota_step": 560, "n_processes": 4, "n_products": 5, "n_steps": 140, "financial_reports_period": 5, "exogenous_horizon": 59, "max_productivity": 1.0, "catalog_prices": [10, 18, 23, 30, 45], "cash_availability": [1.5, 2.5], "expected_productivity": 0.9714285714285714, "expected_mean_profit": 0.0809297268782548, "initial_balance": [44640, 44640, 62018, 62018, 88324, 88324, 115905, 115905]}