{"00T35@0": 0.4272930648769575, "01T35@0": 0.5227272727272728, "02T22@1": 0.024875621890547265, "03T23@1": 0.8870967741935485, "04T36@2": 0.0, "05T40@2": 0.0, "BUYER": 0.0, "SELLER": 0.0}