{"00T19@0": 0.0, "01T40@0": 0.0046082949308755726, "02T40@1": 0.9110169491525424, "03T19@1": 0.0, "04T23@2": 0.0, "05T23@2": 0.0, "06T35@3": 1.0, "07T35@3": 1.0, "08T40@4": 0.0, "09T19@4": 1.0, "BUYER": 0.0, "SELLER": 0.0}