{"time_limit": 10800, "spot_discount": 0.9, "spot_market_global_loss": 0.2, "neg_quota_step": 435, "n_processes": 5, "n_products": 6, "n_steps": 87, "financial_reports_period": 5, "exogenous_horizon": 42, "max_productivity": 1.0, "catalog_prices": [10, 18, 29, 40, 54, 67], "cash_availability": [1.5, 2.5], "expected_productivity": 0.9425287356321839, "expected_mean_profit": 0.07616480719877157, "initial_balance": [23020, 23020, 39594, 39594, 51871, 51871, 70670, 70670, 94226, 94226]}