{"00T35@0": 0.22443181818181818, "01T22@0": 0.2352941176470588, "02T22@1": 0.1040723981900453, "03T35@1": 0.5594405594405595, "04T24@2": 0.18518518518518517, "05T37@2": 0.10958904109589046, "06T35@3": 0.7724867724867724, "07T23@3": 0.7849462365591398, "08T23@4": 0.660377358490566, "09T22@4": 0.0, "BUYER": 0.0, "SELLER": 0.0}