{"00T22@0": 0.14492753623188417, "01T22@0": 0.1255605381165919, "02T22@1": 0.20164609053497945, "03T23@1": 0.5245901639344263, "04T22@2": 0.008733624454148468, "05T35@2": 0.820627802690583, "06T29@3": 0.0, "07T40@3": 0.275862068965517, "08T35@4": 0.7494949494949495, "09T23@4": 0.708, "BUYER": 0.0, "SELLER": 0.0}