{"00T26@0": 0.24437299035369783, "01T20@0": 0.0, "02T35@1": 0.5864197530864197, "03T35@1": 0.5106382978723408, "04T26@2": 0.27090301003344475, "05T20@2": 0.46511627906976755, "06T26@3": 0.0036363636363636333, "07T20@3": 0.6006711409395973, "BUYER": 0.0, "SELLER": 0.0}