{"00T22@0": 0.13432835820895522, "01T23@0": 0.1221374045801527, "02T06@1": 0.0, "03T23@1": 0.7009345794392524, "04T37@2": 0.6666666666666665, "05T35@2": 0.7058823529411763, "BUYER": 0.0, "SELLER": 0.0}