{"00T34@0": 0.09342560553633214, "01T34@0": 0.09310344827586205, "02T34@1": 1.0, "03T37@1": 0.2168674698795181, "04T37@2": 0.14610389610389607, "05T37@2": 0.09615384615384628, "BUYER": 0.0, "SELLER": 0.0}