{"time_limit": 10800, "spot_discount": 0.9, "spot_market_global_loss": 0.2, "neg_quota_step": 372, "n_processes": 4, "n_products": 5, "n_steps": 62, "financial_reports_period": 5, "exogenous_horizon": 26, "max_productivity": 1.0, "catalog_prices": [10, 17, 27, 42, 54], "cash_availability": [1.5, 2.5], "expected_productivity": 1.2473118279569892, "expected_mean_profit": 0.11093428511442369, "initial_balance": [15237, 15237, 15237, 15237, 46675, 46675, 66685, 66685, 47158, 47158, 47158, 47158]}