{"00T24@0": 0.007352941176470585, "01T24@0": 0.00390625, "02T37@1": 1.0, "03T23@1": 0.987012987012987, "04T22@2": 0.19195046439628485, "05T22@2": 0.14121037463976957, "06T37@3": 0.007905138339920946, "07T35@3": 0.3319502074688796, "08T24@4": 1.0, "09T37@4": 0.007389162561576359, "BUYER": 0.0, "SELLER": 0.0}