{"00T36@0": 0.09929078014184396, "01T22@0": 0.12074829931972789, "02T22@1": 0.5812807881773401, "03T35@1": 0.650205761316873, "04T26@2": 0.005905511811023616, "05T35@2": 0.723994452149791, "BUYER": 0.0, "SELLER": 0.0}