{"00T20@0": 0.0, "01T23@0": 0.0, "02T23@1": 1.0, "03T35@1": 1.0, "04T22@2": 0.003378378378378375, "05T22@2": 0.0, "06T29@3": 1.0, "07T35@3": 0.7030651340996167, "BUYER": 0.0, "SELLER": 0.0}