{"00T35@0": 0.32223903177004554, "01T35@0": 0.3014537107880645, "02T35@1": 0.976, "03T22@1": 0.24871134020618618, "04T35@2": 0.6397896581945663, "05T35@2": 0.6367634124890058, "06T40@3": 0.0, "07T38@3": 0.0, "BUYER": 0.0, "SELLER": 0.0}