{"00T35@0": 0.15754923413566732, "01T23@0": 0.21822033898305085, "02T22@1": 0.17468354430379746, "03T23@1": 1.0, "04T23@2": 0.5365853658536583, "05T35@2": 0.536312849162011, "06T37@3": 0.00529100529100529, "07T23@3": 0.6521739130434786, "08T34@4": 0.5945017182130582, "09T35@4": 0.6992619926199264, "BUYER": 0.0, "SELLER": 0.0}