{"00T22@0": 0.06761565836298933, "01T23@0": 0.2678571428571426, "02T40@1": 0.3237410071942446, "03T23@1": 0.7956204379562044, "04T10@2": 0.0, "05T35@2": 0.6411483253588516, "BUYER": 0.0, "SELLER": 0.0}