{"00T06@0": 0.0, "01T35@0": 0.09854014598540146, "02T35@1": 0.870662460567823, "03T35@1": 0.887459807073955, "04T15@2": 0.0, "05T35@2": 0.7020364415862803, "BUYER": 0.0, "SELLER": 0.0}