{"00T10@0": 0.09523809523809523, "01T34@0": 0.0, "02T34@1": 0.6363636363636364, "03T34@1": 0.7, "04T10@2": 0.30434782608695654, "05T10@2": 0.2, "BUYER": 0.0, "SELLER": 0.0}