{"00T29@0": 0.0, "01T35@0": 0.5276752767527686, "02T37@1": 0.025157232704402517, "03T12@1": 0.023255813953488382, "04T23@2": 0.5961995249406172, "05T23@2": 0.6027088036117381, "BUYER": 0.0, "SELLER": 0.0}