{"00T23@0": 0.0, "01T22@0": 0.18135593220338977, "02T35@1": 0.5123456790123458, "03T23@1": 0.5985915492957744, "04T06@2": 0.0, "05T41@2": 0.34550561797752827, "06T35@3": 0.7858439201451906, "07T22@3": 0.040685224839400416, "BUYER": 0.0, "SELLER": 0.0}