{"time_limit": 10800, "spot_discount": 0.9, "spot_market_global_loss": 0.2, "neg_quota_step": 328, "n_processes": 4, "n_products": 5, "n_steps": 82, "financial_reports_period": 5, "exogenous_horizon": 16, "max_productivity": 1.0, "catalog_prices": [10, 21, 30, 37, 46], "cash_availability": [1.5, 2.5], "expected_productivity": 0.9512195121951219, "expected_mean_profit": 0.06874349935108566, "initial_balance": [34055, 34055, 47109, 47109, 57041, 57041, 79081, 79081]}