{"00T41@0": 0.20566037735849038, "01T15@0": 0.2051282051282053, "02T41@1": 0.30205278592375356, "03T41@1": 0.38110749185667736, "04T15@2": 0.023758099352051858, "05T15@2": 0.01985111662531015, "BUYER": 0.0, "SELLER": 0.0}