{"00T34@0": 0.04537521815008722, "01T22@0": 0.11248285322359394, "02T22@1": 0.2, "03T35@1": 0.6236559139784944, "04T29@2": 1.0, "05T35@2": 0.7660738714090287, "BUYER": 0.0, "SELLER": 0.0}