{"00T12@0": 0.021786492374727667, "01T02@0": 0.024054982817869414, "02T12@0": 0.006211180124223602, "03T05@0": 0.0, "04T12@1": 0.0, "05T05@1": 0.0, "06T29@1": 0.0, "07T29@1": 0.0, "08T02@2": 0.4932432432432437, "09T29@2": 1.0, "10T02@2": 0.5099999999999999, "11T05@2": 1.0, "BUYER": 0.0, "SELLER": 0.0}