{"00T35@0": 0.04464285714285713, "01T22@0": 0.0440251572327044, "02T29@1": 0.0, "03T35@1": 0.6827309236947791, "04T37@2": 0.5776173285198551, "05T35@2": 0.776315789473684, "BUYER": 0.0, "SELLER": 0.0}