{"00T38@0": 0.0, "01T35@0": 0.2529880478087648, "02T35@1": 0.7763578274760387, "03T35@1": 0.7905604719764006, "04T41@2": 0.0, "05T35@2": 0.5707236842105264, "BUYER": 0.0, "SELLER": 0.0}