{"00T19@0": 0.0, "01T36@0": 0.13118811881188105, "02T35@1": 0.8352941176470586, "03T35@1": 0.8333333333333331, "04T22@2": 0.0, "05T23@2": 0.7442396313364056, "BUYER": 0.0, "SELLER": 0.0}