{"00T29@0": 0.0, "01T12@0": 0.0, "02T12@1": 0.05, "03T29@1": 0.0, "04T20@2": 0.0, "05T12@2": 0.0, "06T20@2": 0.0, "07T37@3": 0.6086956521739133, "08T37@3": 0.5272727272727273, "09T29@3": 0.0, "10T20@4": 1.0, "11T37@4": 0.08363636363636366, "BUYER": 0.0, "SELLER": 0.0}