{"time_limit": 10800, "spot_discount": 0.9, "spot_market_global_loss": 0.2, "neg_quota_step": 354, "n_processes": 5, "n_products": 6, "n_steps": 59, "financial_reports_period": 5, "exogenous_horizon": 18, "max_productivity": 1.0, "catalog_prices": [10, 16, 28, 38, 53, 63], "cash_availability": [1.5, 2.5], "expected_productivity": 0.7627118644067796, "expected_mean_profit": 0.09076485434074512, "initial_balance": [15469, 15469, 28438, 28438, 23877, 23877, 23877, 34388, 34388, 34388, 65027, 65027]}