{"00T26@0": 0.012102874432677761, "01T22@0": 0.100709219858156, "02T22@1": 0.11333333333333338, "03T35@1": 0.6338797814207651, "04T34@2": 0.6775147928994077, "05T35@2": 0.772, "BUYER": 0.0, "SELLER": 0.0}