{"00T22@0": 0.02536231884057972, "01T23@0": 0.032786885245901655, "02T09@1": 0.0, "03T23@1": 0.7768595041322314, "04T37@2": 0.4147727272727273, "05T35@2": 0.8063380281690141, "BUYER": 0.0, "SELLER": 0.0}