{"00T06@0": 0.0, "01T22@0": 0.19786096256684474, "02T22@1": 0.20634920634920634, "03T35@1": 0.6666666666666664, "04T29@2": 1.0, "05T35@2": 0.6661101836393987, "BUYER": 0.0, "SELLER": 0.0}