{"00T35@0": 0.0, "01T23@0": 0.0, "02T23@1": 1.0, "03T23@1": 1.0, "04T23@2": 0.676470588235294, "05T35@2": 0.682008368200837, "06T34@3": 0.3274021352313167, "07T22@3": 0.18306636155606407, "08T07@4": 0.21842105263157896, "09T35@4": 0.6672473867595821, "BUYER": 0.0, "SELLER": 0.0}