{"00T22@0": 0.11971830985915492, "01T35@0": 0.7647058823529415, "02T40@1": 0.0, "03T22@1": 0.011834319526627219, "04T34@2": 0.6979166666666666, "05T23@2": 0.4220183486238533, "06T35@3": 0.7358490566037739, "07T23@3": 0.8023952095808381, "08T35@4": 0.5925925925925924, "09T22@4": 0.0, "BUYER": 0.0, "SELLER": 0.0}