{"00T35@0": 0.03667953667953671, "01T22@0": 0.06924315619967802, "02T29@1": 0.0, "03T35@1": 0.5928853754940714, "04T14@2": 1.0, "05T35@2": 0.7821939586645466, "BUYER": 0.0, "SELLER": 0.0}