{"00T37@0": 0.10646387832699622, "01T35@0": 0.3372093023255809, "02T23@1": 0.0, "03T22@1": 0.18706293706293733, "04T23@2": 0.7146739130434776, "05T35@2": 0.6746411483253588, "06T41@3": 0.41913043478260875, "07T22@3": 0.30344827586206885, "08T22@4": 0.019117647058823496, "09T23@4": 0.6557203389830509, "BUYER": 0.0, "SELLER": 0.0}