{"00T20@0": 0.1111111111111111, "01T10@0": 0.0, "02T10@1": 0.3, "03T10@1": 0.5555555555555556, "04T20@2": 0.42857142857142855, "05T20@2": 0.5, "BUYER": 0.0, "SELLER": 0.0}