{"00T12@0": 0.0, "01T29@0": 0.0, "02T37@1": 0.9591836734693877, "03T20@1": 0.0, "04T37@1": 0.7547169811320755, "05T29@1": 0.0, "06T29@1": 0.0, "07T20@2": 1.0, "08T20@2": 1.0, "09T37@2": 0.0, "10T12@2": 0.05714285714285714, "11T12@2": 0.09090909090909091, "BUYER": 0.0, "SELLER": 0.0}