{"00T20@0": 0.0, "01T24@0": 0.0, "02T22@1": 1.0, "03T22@1": 1.0, "04T23@2": 0.6495726495726499, "05T22@2": 0.0215311004784689, "BUYER": 0.0, "SELLER": 0.0}