{"00T35@0": 0.18772563176895307, "01T35@0": 0.1897810218978102, "02T19@1": 0.0, "03T22@1": 0.006711409395973154, "04T34@2": 0.8571428571428571, "05T35@2": 0.8469387755102038, "06T22@3": 0.0, "07T35@3": 0.7129909365558909, "BUYER": 0.0, "SELLER": 0.0}