{"time_limit": 10800, "spot_discount": 0.9, "spot_market_global_loss": 0.2, "neg_quota_step": 212, "n_processes": 4, "n_products": 5, "n_steps": 53, "financial_reports_period": 5, "exogenous_horizon": 14, "max_productivity": 1.0, "catalog_prices": [10, 15, 22, 33, 45], "cash_availability": [1.5, 2.5], "expected_productivity": 0.9245283018867925, "expected_mean_profit": 0.08638459452129102, "initial_balance": [14457, 14457, 21017, 21017, 28191, 28191, 43258, 43258]}