{"00T37@0": 0.07183908045977012, "01T36@0": 0.27047146401985095, "02T22@1": 0.2874493927125505, "03T22@1": 0.2914798206278026, "04T23@2": 0.7176781002638519, "05T22@2": 0.05167173252279635, "BUYER": 0.0, "SELLER": 0.0}