{"00T24@0": 0.0, "01T23@0": 0.43768996960486306, "02T40@1": 0.0, "03T24@1": 1.0, "04T24@2": 0.24324324324324326, "05T40@2": 0.5964125560538116, "06T40@3": 0.05185185185185188, "07T23@3": 0.7187499999999992, "BUYER": 0.0, "SELLER": 0.0}