{"00T35@0": 0.6491803278688522, "01T35@0": 0.651960784313725, "02T22@1": 0.0, "03T22@1": 0.002777777777777773, "04T22@2": 0.22018348623853212, "05T22@2": 0.20814479638009056, "06T41@3": 0.6192893401015226, "07T29@3": 0.0, "08T22@4": 0.013303769401330363, "09T22@4": 0.03378378378378379, "BUYER": 0.0, "SELLER": 0.0}