{"00T40@0": 0.0, "01T29@0": 0.0, "02T23@1": 0.9846153846153847, "03T22@1": 0.905, "04T23@2": 0.6997245179063356, "05T35@2": 0.5229007633587786, "06T12@3": 0.0, "07T37@3": 0.0, "BUYER": 0.0, "SELLER": 0.0}