{"00T22@0": 0.0, "01T35@0": 0.19729729729729736, "02T34@1": 0.5273311897106109, "03T29@1": 0.0, "04T35@2": 0.7929292929292929, "05T35@2": 0.7765667574931882, "BUYER": 0.0, "SELLER": 0.0}