{"00T41@0": 0.04545454545454549, "01T22@0": 0.10986547085201799, "02T22@1": 0.4285714285714285, "03T35@1": 0.8099173553719009, "04T07@2": 0.17605633802816906, "05T35@2": 0.6067961165048544, "BUYER": 0.0, "SELLER": 0.0}