{"time_limit": 10800, "spot_discount": 0.9, "spot_market_global_loss": 0.2, "neg_quota_step": 380, "n_processes": 5, "n_products": 6, "n_steps": 76, "financial_reports_period": 5, "exogenous_horizon": 17, "max_productivity": 1.0, "catalog_prices": [10, 18, 25, 37, 46, 58], "cash_availability": [1.5, 2.5], "expected_productivity": 0.9342105263157895, "expected_mean_profit": 0.0601214209714414, "initial_balance": [26993, 26993, 36863, 36863, 55504, 55504, 69592, 69592, 82665, 82665]}