{"00T12@0": 0.0, "01T20@0": 0.0, "02T20@1": 0.0, "03T12@1": 0.052325581395348854, "04T12@2": 0.020895522388059706, "05T23@2": 0.5949367088607598, "06T20@3": 1.0, "07T35@3": 0.5751014884979704, "BUYER": 0.0, "SELLER": 0.0}