{"00T41@0": 0.31703470031545744, "01T22@0": 0.2562500000000001, "02T23@1": 0.32247557003257327, "03T35@1": 0.20833333333333318, "04T24@2": 0.9375, "05T23@2": 0.6624605678233441, "06T35@3": 0.8151408450704223, "07T23@3": 0.8231404958677682, "BUYER": 0.0, "SELLER": 0.0}