{"00T40@0": 0.0, "01T40@0": 0.0, "02T18@1": 0.0, "03T40@1": 0.0, "04T18@2": 0.42489270386266087, "05T18@2": 0.4782608695652174, "BUYER": 0.0, "SELLER": 0.0}