{"00T41@0": 0.16781609195402292, "01T23@0": 0.44763860369609854, "02T22@1": 0.043859649122807015, "03T22@1": 0.05188679245283024, "04T07@2": 0.0737704918032787, "05T35@2": 0.696969696969697, "06T35@3": 0.7701863354037267, "07T22@3": 0.20472440944881895, "08T35@4": 0.6873614190687352, "09T35@4": 0.6816143497757847, "BUYER": 0.0, "SELLER": 0.0}