{"00T22@0": 0.04888888888888891, "01T22@0": 0.03524229074889863, "02T06@1": 0.0, "03T35@1": 0.5496688741721855, "04T22@2": 0.43981481481481494, "05T35@2": 0.9464285714285714, "06T15@3": 0.34072022160664805, "07T35@3": 0.6589147286821702, "08T23@4": 0.7176470588235294, "09T23@4": 0.6982758620689655, "BUYER": 0.0, "SELLER": 0.0}