{"time_limit": 10800, "spot_discount": 0.9, "spot_market_global_loss": 0.2, "neg_quota_step": 395, "n_processes": 5, "n_products": 6, "n_steps": 79, "financial_reports_period": 5, "exogenous_horizon": 24, "max_productivity": 1.0, "catalog_prices": [10, 15, 24, 27, 34, 51], "cash_availability": [1.5, 2.5], "expected_productivity": 0.9367088607594937, "expected_mean_profit": 0.08211256746337703, "initial_balance": [19240, 19240, 28934, 28934, 37074, 37074, 46398, 46398, 60310, 60310]}