{"00T04@0": 0.03494623655913978, "01T04@0": 0.009230769230769225, "02T37@1": 0.027777777777777776, "03T22@1": 0.09047619047619047, "04T37@2": 0.25210084033613445, "05T37@2": 0.174496644295302, "06T04@3": 0.0369230769230769, "07T22@3": 0.033962264150943396, "BUYER": 0.0, "SELLER": 0.0}