{"00T35@0": 0.0, "01T35@0": 0.0, "02T35@1": 1.0, "03T35@1": 1.0, "04T20@2": 0.0, "05T22@2": 0.0, "06T40@3": 0.6525974025974024, "07T22@3": 0.630914826498423, "08T23@4": 0.6863517060367454, "09T22@4": 0.02255639097744362, "BUYER": 0.0, "SELLER": 0.0}