{"time_limit": 10800, "spot_discount": 0.9, "spot_market_global_loss": 0.2, "neg_quota_step": 228, "n_processes": 4, "n_products": 5, "n_steps": 57, "financial_reports_period": 5, "exogenous_horizon": 14, "max_productivity": 1.0, "catalog_prices": [10, 15, 21, 36, 49], "cash_availability": [1.5, 2.5], "expected_productivity": 0.9298245614035088, "expected_mean_profit": 0.0789290653050871, "initial_balance": [14266, 14266, 22350, 22350, 34238, 34238, 51357, 51357]}