{"00T14@0": 0.0, "01T14@0": 0.0, "02T33@1": 1.0, "03T22@1": 1.0, "04T33@2": 0.25619834710743805, "05T33@2": 0.2698412698412697, "06T14@3": 1.0, "07T22@3": 0.013937282229965143, "BUYER": 0.0, "SELLER": 0.0}