{"00T16@0": 0.0, "01T00@0": 0.0, "02T16@1": 0.0, "03T22@1": 0.2631578947368421, "04T00@2": 0.0, "05T16@2": 0.0, "06T00@3": 0.0, "07T22@3": 0.4020618556701031, "BUYER": 0.0, "SELLER": 0.0}