{"00T29@0": 0.0, "01T35@0": 0.0, "02T35@1": 1.0, "03T35@1": 1.0, "04T24@2": 1.0, "05T35@2": 0.6733333333333335, "06T23@3": 0.768, "07T35@3": 0.7896825396825394, "BUYER": 0.0, "SELLER": 0.0}