{"00T22@0": 0.11141304347826085, "01T35@0": 0.24999999999999994, "02T36@1": 0.39716312056737574, "03T15@1": 0.46825396825396814, "04T35@2": 0.7152777777777786, "05T35@2": 0.7570093457943928, "BUYER": 0.0, "SELLER": 0.0}