{"00T37@0": 0.08754208754208755, "01T24@0": 0.004587155963302749, "02T37@1": 0.3039215686274509, "03T23@1": 0.6283185840707962, "04T24@2": 0.047619047619047616, "05T37@2": 0.009661835748792268, "06T24@3": 0.9530201342281879, "07T22@3": 0.016597510373443973, "BUYER": 0.0, "SELLER": 0.0}