{"time_limit": 10800, "spot_discount": 0.9, "spot_market_global_loss": 0.2, "neg_quota_step": 268, "n_processes": 4, "n_products": 5, "n_steps": 67, "financial_reports_period": 5, "exogenous_horizon": 30, "max_productivity": 1.0, "catalog_prices": [10, 21, 26, 34, 50], "cash_availability": [1.5, 2.5], "expected_productivity": 0.9402985074626866, "expected_mean_profit": 0.10159048087858367, "initial_balance": [18936, 18936, 23460, 23460, 30614, 30614, 44816, 44816]}