{"00T19@0": 0.0, "01T38@0": 0.0, "02T19@1": 0.0, "03T23@1": 0.6534839924670434, "04T19@2": 0.0, "05T38@2": 0.017518248175182476, "06T35@3": 0.6173708920187803, "07T23@3": 0.7332214765100661, "08T38@4": 0.0, "09T23@4": 0.6633093525179861, "BUYER": 0.0, "SELLER": 0.0}