{"time_limit": 10800, "spot_discount": 0.9, "spot_market_global_loss": 0.2, "neg_quota_step": 373, "n_processes": 3, "n_products": 4, "n_steps": 83, "financial_reports_period": 5, "exogenous_horizon": 27, "max_productivity": 1.0, "catalog_prices": [10, 18, 26, 31], "cash_availability": [1.5, 2.5], "expected_productivity": 0.642570281124498, "expected_mean_profit": 0.051855674059796075, "initial_balance": [26094, 26094, 39402, 39402, 20701, 20701, 20701, 20701, 20701]}