{"00T35@0": 0.7713178294573644, "01T22@0": 0.3505154639175259, "02T40@1": 0.14330218068535827, "03T22@1": 0.07142857142857147, "04T22@2": 0.05303030303030306, "05T22@2": 0.06766917293233082, "06T20@3": 0.0, "07T23@3": 0.8418604651162791, "08T23@4": 0.7765667574931877, "09T35@4": 0.7804878048780491, "BUYER": 0.0, "SELLER": 0.0}