{"00T40@0": 0.0980891719745223, "01T35@0": 0.5057915057915056, "02T35@1": 0.6694214876033056, "03T35@1": 0.7011494252873564, "04T26@2": 0.6375176304654442, "05T35@2": 0.7694877505567931, "BUYER": 0.0, "SELLER": 0.0}