{"00T23@0": 0.6457564575645756, "01T22@0": 0.2981530343007919, "02T20@1": 0.515625, "03T35@1": 0.37426900584795353, "04T22@2": 0.007751937984496124, "05T23@2": 0.864734299516908, "06T19@3": 0.0, "07T22@3": 0.27212389380530977, "08T23@4": 0.703412073490813, "09T35@4": 0.7432432432432432, "BUYER": 0.0, "SELLER": 0.0}