,balance,assets,bankrupt,agent_id,step
0,1232.0,230.0,False,00T41@0,0.0
1,1038.0,572.1428571428571,False,00T41@0,5.0
2,1352.0,40.0,False,01T29@0,0.0
3,1002.0,390.0,False,01T29@0,5.0
4,2316.0,0.0,False,02T29@1,0.0
5,2316.0,0.0,False,02T29@1,5.0
6,2316.0,0.0,False,03T41@1,0.0
7,2090.0,106.54545454545456,False,03T41@1,5.0
8,3439.0,0.0,False,04T41@2,0.0
9,3178.0,390.0,False,04T41@2,5.0
10,3439.0,0.0,False,05T29@2,0.0
11,2904.0,0.0,False,05T29@2,5.0
12,,,,,
13,,,,,
14,,,,,
15,,,,,
