{"00T37@0": 0.0, "01T36@0": 0.0, "02T40@0": 0.0, "03T20@1": 0.0, "04T40@1": 0.0, "05T36@1": 0.16666666666666666, "06T37@2": 0.3333333333333333, "07T20@2": 0.0, "08T36@3": 0.6666666666666666, "09T20@3": 0.0, "10T37@4": 0.4166666666666667, "11T40@4": 1.0, "BUYER": 0.0, "SELLER": 0.0}