{"00T41@0": 0.3897849462365593, "01T24@0": 0.009090909090909085, "02T35@1": 0.4766355140186916, "03T23@1": 0.5520833333333334, "04T22@2": 0.3660933660933659, "05T35@2": 0.7727272727272726, "06T35@3": 0.5820224719101118, "07T35@3": 0.5692963752665248, "BUYER": 0.0, "SELLER": 0.0}