{"00T41@0": 0.3159851301115241, "01T41@0": 0.30483271375464677, "02T26@1": 0.2555066079295154, "03T26@1": 0.3026315789473683, "04T26@2": 0.2988505747126437, "05T41@2": 0.008888888888888884, "BUYER": 0.0, "SELLER": 0.0}