{"time_limit": 10800, "spot_discount": 0.9, "spot_market_global_loss": 0.2, "neg_quota_step": 270, "n_processes": 5, "n_products": 6, "n_steps": 54, "financial_reports_period": 5, "exogenous_horizon": 15, "max_productivity": 1.0, "catalog_prices": [10, 19, 27, 40, 49, 61], "cash_availability": [1.5, 2.5], "expected_productivity": 0.9074074074074074, "expected_mean_profit": 0.05783480456188239, "initial_balance": [16504, 16504, 22620, 22620, 33834, 33834, 44463, 44463, 53298, 53298]}