{"00T22@0": 0.07843137254901959, "01T22@0": 0.05445544554455451, "02T24@1": 0.42857142857142855, "03T36@1": 0.3200000000000001, "04T35@2": 0.9062500000000002, "05T22@2": 0.037037037037037014, "BUYER": 0.0, "SELLER": 0.0}