{"00T34@0": 0.05524861878453037, "01T22@0": 0.025423728813559338, "02T38@1": 0.0, "03T23@1": 0.588785046728972, "04T34@2": 0.7222222222222221, "05T22@2": 0.025862068965517217, "06T34@3": 0.0, "07T22@3": 0.009569377990430618, "08T38@4": 0.0, "09T38@4": 0.0, "BUYER": 0.0, "SELLER": 0.0}