{"00T06@0": 0.2, "01T20@0": 0.01265822784810126, "02T06@1": 0.0, "03T20@1": 0.25, "04T06@2": 0.0, "05T20@2": 0.9383259911894273, "BUYER": 0.0, "SELLER": 0.0}