{"00T04@0": 0.11285266457680251, "01T33@0": 0.10801393728223, "02T04@1": 0.46710526315789475, "03T22@1": 0.30508474576271194, "04T04@2": 0.27607361963190175, "05T33@2": 0.14948453608247425, "06T33@3": 0.011363636363636359, "07T22@3": 0.024489795918367335, "BUYER": 0.0, "SELLER": 0.0}