{"00T37@0": 0.10563380281690139, "01T41@0": 0.23552123552123558, "02T41@1": 0.450381679389313, "03T41@1": 0.4626865671641793, "04T35@2": 0.8345323741007195, "05T22@2": 0.3314917127071823, "06T37@3": 0.046511627906976744, "07T22@3": 0.2383419689119172, "08T37@4": 0.04700854700854706, "09T23@4": 0.7507246376811594, "BUYER": 0.0, "SELLER": 0.0}