{"time_limit": 10800, "spot_discount": 0.9, "spot_market_global_loss": 0.2, "neg_quota_step": 265, "n_processes": 5, "n_products": 6, "n_steps": 53, "financial_reports_period": 5, "exogenous_horizon": 22, "max_productivity": 1.0, "catalog_prices": [10, 16, 26, 35, 48, 58], "cash_availability": [1.5, 2.5], "expected_productivity": 0.9056603773584906, "expected_mean_profit": 0.07063024932213478, "initial_balance": [16253, 16253, 27050, 27050, 35060, 35060, 47075, 47075, 56014, 56014]}