{"00T29@0": 0.0, "01T35@0": 0.0, "02T35@1": 0.8292682926829268, "03T23@1": 0.9611650485436893, "04T22@2": 0.06530612244897961, "05T23@2": 0.89171974522293, "06T23@3": 0.8857142857142859, "07T22@3": 0.05673758865248225, "08T37@4": 0.0, "09T22@4": 0.0, "BUYER": 0.0, "SELLER": 0.0}