{"00T24@0": 0.0070754716981132, "01T35@0": 0.5831381733021079, "02T22@1": 0.3106995884773666, "03T23@1": 0.967741935483871, "04T35@2": 0.6065259117082534, "05T35@2": 0.5966228893058163, "06T12@3": 0.0, "07T23@3": 0.6795665634674927, "BUYER": 0.0, "SELLER": 0.0}