{"00T22@0": 0.0, "01T35@0": 0.6815068493150686, "02T18@1": 0.010330578512396682, "03T06@1": 0.0, "04T35@2": 0.8085106382978723, "05T35@2": 0.8177966101694916, "BUYER": 0.0, "SELLER": 0.0}