{"00T37@0": 0.07575757575757579, "01T35@0": 0.08522727272727283, "02T35@1": 0.7551020408163265, "03T23@1": 0.6111111111111112, "04T29@2": 1.0, "05T35@2": 0.6225296442687743, "BUYER": 0.0, "SELLER": 0.0}