{"00T23@0": 0.0, "01T22@0": 0.25961538461538497, "02T35@1": 0.6265060240963854, "03T23@1": 0.7988505747126436, "04T37@2": 0.0, "05T22@2": 0.0, "06T12@3": 0.0, "07T36@3": 0.25490196078431376, "BUYER": 0.0, "SELLER": 0.0}