{"00T09@0": 0.0, "01T22@0": 0.055800293685756286, "02T22@1": 0.4601063829787234, "03T35@1": 0.7971014492753623, "04T07@2": 0.17486338797814202, "05T35@2": 0.7144670050761421, "BUYER": 0.0, "SELLER": 0.0}