{"00T37@0": 0.032520325203252015, "01T22@0": 0.16068376068376064, "02T22@1": 0.17346938775510204, "03T35@1": 0.6040000000000002, "04T09@2": 0.0, "05T35@2": 0.7297979797979796, "BUYER": 0.0, "SELLER": 0.0}