{"00T10@0": 0.0, "01T08@0": 0.02, "02T10@1": 0.22065727699530516, "03T08@1": 0.9487179487179487, "04T10@2": 0.00538599640933572, "05T08@2": 1.0, "BUYER": 0.0, "SELLER": 0.0}