{"00T35@0": 0.43846153846153835, "01T22@0": 0.07614213197969544, "02T33@1": 0.10495626822157435, "03T35@1": 0.8541666666666666, "04T40@2": 0.0029850746268656717, "05T35@2": 0.8069306930693068, "BUYER": 0.0, "SELLER": 0.0}