{"00T35@0": 0.29454545454545444, "01T23@0": 0.36274509803921584, "02T22@1": 0.011061946902654864, "03T23@1": 0.0, "04T35@2": 0.6818181818181819, "05T23@2": 0.6844547563805103, "06T22@3": 0.0, "07T22@3": 0.0, "08T29@4": 1.0, "09T19@4": 1.0, "BUYER": 0.0, "SELLER": 0.0}