{"00T37@0": 0.12166172106824917, "01T35@0": 0.5103092783505154, "02T26@1": 0.25000000000000006, "03T22@1": 0.2296819787985865, "04T22@2": 0.01677852348993289, "05T22@2": 0.0032573289902280093, "BUYER": 0.0, "SELLER": 0.0}