{"00T36@0": 0.11731843575418996, "01T07@0": 0.022222222222222223, "02T07@1": 0.0, "03T22@1": 0.08620689655172414, "04T07@2": 0.016949152542372874, "05T36@2": 0.3333333333333333, "06T36@3": 0.09848484848484848, "07T22@3": 0.09271523178807951, "BUYER": 0.0, "SELLER": 0.0}