{"00T37@0": 0.0, "01T20@0": 0.0, "02T20@1": 0.0, "03T37@1": 0.171875, "04T35@2": 0.7641509433962262, "05T22@2": 0.13000000000000012, "06T20@3": 1.0, "07T37@3": 0.0076530612244898, "BUYER": 0.0, "SELLER": 0.0}