{"00T35@0": 0.25709515859766324, "01T22@0": 0.25233644859813087, "02T37@1": 0.0165016501650165, "03T35@1": 0.5550847457627124, "04T13@2": 0.0, "05T35@2": 0.7173579109062982, "BUYER": 0.0, "SELLER": 0.0}