{"00T41@0": 0.026627218934911243, "01T35@0": 0.7746913580246916, "02T41@1": 0.039800995024875614, "03T34@1": 0.8375, "04T41@2": 0.08737864077669903, "05T35@2": 0.3902439024390244, "06T34@3": 0.368, "07T35@3": 0.6521739130434782, "08T34@4": 0.6244541484716157, "09T22@4": 0.006688963210702334, "BUYER": 0.0, "SELLER": 0.0}