{"time_limit": 10800, "spot_discount": 0.9, "spot_market_global_loss": 0.2, "neg_quota_step": 225, "n_processes": 3, "n_products": 4, "n_steps": 50, "financial_reports_period": 5, "exogenous_horizon": 20, "max_productivity": 1.0, "catalog_prices": [10, 15, 23, 36], "cash_availability": [1.5, 2.5], "expected_productivity": 1.2533333333333334, "expected_mean_profit": 0.07707187378107512, "initial_balance": [12819, 12819, 12819, 12819, 26262, 26262, 26262, 60592, 60592]}