{"00T23@0": 0.3492647058823529, "01T22@0": 0.06451612903225809, "02T24@1": 0.8888888888888888, "03T22@1": 0.2959183673469388, "04T35@2": 0.11392405063291139, "05T22@2": 0.2578947368421054, "06T23@3": 0.6451612903225806, "07T23@3": 0.6272727272727275, "08T29@4": 1.0, "09T22@4": 0.0, "BUYER": 0.0, "SELLER": 0.0}