{"00T36@0": 0.18819188191881925, "01T36@0": 0.1843137254901961, "02T41@1": 0.41566265060240953, "03T22@1": 0.33082706766917286, "04T41@2": 0.40825688073394506, "05T23@2": 0.7799999999999999, "06T41@3": 0.37777777777777777, "07T36@3": 0.299145299145299, "08T35@4": 0.6211180124223604, "09T35@4": 0.6044303797468354, "BUYER": 0.0, "SELLER": 0.0}