{"00T22@0": 0.14075286415711932, "01T22@0": 0.15081967213114755, "02T23@1": 0.20300751879699247, "03T35@1": 0.14705882352941177, "04T20@2": 0.0, "05T24@2": 0.7647058823529411, "06T35@3": 0.9838187702265372, "07T23@3": 0.9807692307692307, "08T23@4": 0.6268472906403937, "09T23@4": 0.6195244055068838, "BUYER": 0.0, "SELLER": 0.0}