{"00T35@0": 0.6666666666666671, "01T22@0": 0.07339449541284404, "02T41@1": 0.262987012987013, "03T35@1": 0.8698224852071004, "04T04@2": 0.010344827586206895, "05T35@2": 0.613300492610837, "BUYER": 0.0, "SELLER": 0.0}