{"00T20@0": 0.20424403183023881, "01T22@0": 0.13981762917933135, "02T22@1": 0.04830917874396135, "03T35@1": 0.7254901960784311, "04T08@2": 0.4352331606217615, "05T35@2": 0.5508130081300817, "BUYER": 0.0, "SELLER": 0.0}