{"00T41@0": 0.0767754318618042, "01T22@0": 0.17001828153564894, "02T35@1": 0.44516129032258056, "03T35@1": 0.4088050314465407, "04T36@2": 0.47706422018348627, "05T35@2": 1.0, "06T22@3": 0.0, "07T22@3": 0.0, "BUYER": 0.0, "SELLER": 0.0}