{"00T34@0": 0.13058419243986263, "01T34@0": 0.12867647058823528, "02T37@1": 0.013333333333333327, "03T34@1": 1.0, "04T37@2": 0.2796352583586627, "05T37@2": 0.25396825396825395, "BUYER": 0.0, "SELLER": 0.0}