{"00T22@0": 0.0, "01T23@0": 0.06012024048096191, "02T06@1": 0.0, "03T23@1": 0.7195571955719557, "04T26@2": 0.23469387755102053, "05T35@2": 0.8029556650246307, "BUYER": 0.0, "SELLER": 0.0}