{"00T18@0": 0.0, "01T35@0": 0.23768115942028986, "02T06@1": 0.0, "03T22@1": 0.6327944572748264, "04T22@2": 0.02793296089385474, "05T22@2": 0.02332361516034982, "BUYER": 0.0, "SELLER": 0.0}