{"00T38@0": 0.03302752293577982, "01T23@0": 0.00858369098712446, "02T35@1": 0.07386363636363638, "03T23@1": 0.0740740740740741, "04T29@2": 0.0, "05T23@2": 0.7205882352941174, "06T35@3": 0.8704663212435233, "07T22@3": 0.5182186234817814, "08T22@4": 0.0, "09T23@4": 0.549261083743842, "BUYER": 0.0, "SELLER": 0.0}