{"00T35@0": 0.3229317851959358, "01T35@0": 0.3584905660377361, "02T35@1": 0.8969072164948454, "03T22@1": 0.1946308724832216, "04T35@2": 0.6196840826245448, "05T35@2": 0.6628787878787891, "06T37@3": 0.014457831325301188, "07T38@3": 0.0, "BUYER": 0.0, "SELLER": 0.0}