{"00T38@0": 0.0, "01T23@0": 0.06896551724137934, "02T19@1": 0.0, "03T23@1": 0.5789473684210525, "04T19@2": 0.0, "05T38@2": 0.012704174228675133, "06T19@3": 1.0, "07T38@3": 0.0, "BUYER": 0.0, "SELLER": 0.0}