{"00T18@0": 0.0, "01T22@0": 0.1739130434782611, "02T22@1": 0.1875, "03T35@1": 0.6363636363636368, "04T16@2": 1.0, "05T35@2": 0.7136294027565088, "BUYER": 0.0, "SELLER": 0.0}