{"time_limit": 10800, "spot_discount": 0.9, "spot_market_global_loss": 0.2, "neg_quota_step": 414, "n_processes": 5, "n_products": 6, "n_steps": 69, "financial_reports_period": 5, "exogenous_horizon": 15, "max_productivity": 1.0, "catalog_prices": [10, 15, 27, 35, 43, 54], "cash_availability": [1.5, 2.5], "expected_productivity": 1.1594202898550725, "expected_mean_profit": 0.10390789687043944, "initial_balance": [14514, 14514, 14514, 36062, 36062, 50966, 50966, 40192, 40192, 40192, 77593, 77593]}