{"00T32@0": 0.7635135135135135, "01T22@0": 0.1311475409836065, "02T35@1": 0.788135593220339, "03T22@1": 0.047619047619047644, "04T40@2": 0.0, "05T40@2": 0.0, "06T32@3": 1.0, "07T32@3": 1.0, "08T40@4": 0.21153846153846154, "09T35@4": 0.8050541516245486, "BUYER": 0.0, "SELLER": 0.0}