{"00T35@0": 0.2997481108312343, "01T22@0": 0.0363128491620112, "02T34@1": 0.40317460317460313, "03T35@1": 0.6896551724137928, "04T37@2": 0.09057971014492751, "05T35@2": 0.5961123110151191, "BUYER": 0.0, "SELLER": 0.0}