{"00T23@0": 0.5992714025500909, "01T35@0": 0.3228070175438597, "02T22@1": 0.05312500000000007, "03T22@1": 0.07384615384615383, "04T22@2": 0.16279069767441856, "05T35@2": 0.7136563876651981, "06T40@3": 0.2739420935412023, "07T24@3": 0.5, "08T23@4": 0.8, "09T22@4": 0.03361344537815125, "BUYER": 0.0, "SELLER": 0.0}