{"time_limit": 10800, "spot_discount": 0.9, "spot_market_global_loss": 0.2, "neg_quota_step": 260, "n_processes": 4, "n_products": 5, "n_steps": 65, "financial_reports_period": 5, "exogenous_horizon": 19, "max_productivity": 1.0, "catalog_prices": [10, 17, 26, 32, 41], "cash_availability": [1.5, 2.5], "expected_productivity": 0.9384615384615385, "expected_mean_profit": 0.05599869438381036, "initial_balance": [21520, 21520, 31636, 31636, 41319, 41319, 52582, 52582]}