{"00T22@0": 0.25333333333333347, "01T23@0": 0.03181818181818184, "02T35@1": 0.6797385620915034, "03T35@1": 0.6973684210526314, "04T41@2": 0.41016949152542365, "05T23@2": 0.6583333333333335, "06T24@3": 0.8045112781954887, "07T35@3": 0.5522727272727275, "BUYER": 0.0, "SELLER": 0.0}