{"00T08@0": 0.06122448979591836, "01T22@0": 0.0357142857142857, "02T35@1": 0.8703703703703701, "03T22@1": 0.125, "04T40@2": 0.0, "05T35@2": 0.0, "06T35@3": 0.775, "07T35@3": 0.7567567567567568, "BUYER": 0.0, "SELLER": 0.0}