{"00T06@0": 0.0, "01T06@0": 0.6, "02T10@1": 0.9459459459459459, "03T06@1": 0.0, "04T10@2": 0.03225806451612902, "05T10@2": 0.016611295681063124, "BUYER": 0.0, "SELLER": 0.0}