{"00T23@0": 0.35607675906183356, "01T23@0": 0.405189620758483, "02T40@1": 0.057803468208092464, "03T20@1": 0.47802197802197804, "04T40@2": 0.15859030837004406, "05T20@2": 0.7058823529411767, "06T20@3": 0.5642317380352648, "07T40@3": 0.0, "BUYER": 0.0, "SELLER": 0.0}