{"00T19@0": 0.0, "01T23@0": 0.18285714285714286, "02T22@1": 0.013986013986013986, "03T23@1": 0.9693877551020408, "04T22@2": 0.03292181069958848, "05T35@2": 0.8544303797468354, "06T26@3": 0.1845238095238096, "07T22@3": 0.10144927536231887, "08T22@4": 0.0, "09T23@4": 0.7146596858638743, "BUYER": 0.0, "SELLER": 0.0}