{"00T40@0": 0.10855263157894737, "01T22@0": 0.10666666666666669, "02T35@1": 0.7310924369747897, "03T35@1": 0.680672268907563, "04T35@2": 0.670157068062827, "05T35@2": 0.6810810810810813, "06T37@3": 0.18115942028985502, "07T23@3": 0.6112359550561796, "BUYER": 0.0, "SELLER": 0.0}