{"00T29@0": 0.0, "01T29@0": 0.0, "02T35@1": 1.0, "03T35@1": 1.0, "04T26@2": 0.30787589498806683, "05T23@2": 1.0, "06T26@3": 0.19502074688796683, "07T26@3": 0.17142857142857143, "08T29@4": 1.0, "09T35@4": 0.5816326530612248, "BUYER": 0.0, "SELLER": 0.0}