{"00T35@0": 0.28985507246376824, "01T22@0": 0.19554455445544555, "02T37@1": 0.03243243243243242, "03T22@1": 0.2775800711743771, "04T22@2": 0.05384615384615388, "05T22@2": 0.05405405405405408, "06T20@3": 0.0, "07T23@3": 0.8196721311475408, "08T23@4": 0.8114285714285713, "09T35@4": 0.8184357541899439, "BUYER": 0.0, "SELLER": 0.0}