{"00T41@0": 0.0, "01T37@0": 0.0, "02T41@1": 0.2, "03T37@1": 1.0, "04T41@2": 0.2857142857142857, "05T37@2": 0.7777777777777778, "BUYER": 0.0, "SELLER": 0.0}