,balance,assets,bankrupt,agent_id,step
0,1137.0,180.0,False,00T41@0,0.0
1,791.0,729.1954245831719,False,00T41@0,5.0
2,1157.0,153.0,False,01T37@0,0.0
3,1147.0,275.47382706475383,False,01T37@0,5.0
4,2075.0,0.0,False,02T41@1,0.0
5,1926.0,285.452865064695,False,02T41@1,5.0
6,2075.0,0.0,False,03T37@1,0.0
7,2107.0,0.0,False,03T37@1,5.0
8,3081.0,0.0,False,04T41@2,0.0
9,2880.0,195.0,False,04T41@2,5.0
10,3081.0,0.0,False,05T37@2,0.0
11,2673.0,195.0,False,05T37@2,5.0
12,,,,,
13,,,,,
14,,,,,
15,,,,,
