{"00T22@0": 0.16917293233082706, "01T35@0": 0.7755102040816326, "02T29@1": 0.0, "03T41@1": 0.3119777158774375, "04T35@2": 0.6587030716723552, "05T35@2": 0.6584507042253522, "BUYER": 0.0, "SELLER": 0.0}