{"00T29@0": 0.0, "01T35@0": 0.28448275862068967, "02T41@1": 0.0, "03T29@1": 0.0, "04T41@2": 0.4160583941605839, "05T35@2": 0.9789473684210527, "06T41@3": 0.0, "07T35@3": 0.8521126760563379, "08T29@4": 1.0, "09T22@4": 0.0, "BUYER": 0.0, "SELLER": 0.0}