{"00T20@0": 0.0, "01T40@0": 0.33870967741935476, "02T22@1": 0.013333333333333334, "03T23@1": 0.6009852216748769, "04T20@2": 0.0, "05T40@2": 0.023622047244094495, "06T20@3": 1.0, "07T40@3": 0.043668122270742356, "BUYER": 0.0, "SELLER": 0.0}