{"00T35@0": 0.4151898734177215, "01T35@0": 0.6083550913838118, "02T35@1": 0.875, "03T22@1": 0.0, "04T40@2": 0.002710027100270998, "05T34@2": 0.7152777777777777, "BUYER": 0.0, "SELLER": 0.0}