{"00T35@0": 0.2638297872340427, "01T23@0": 0.3540983606557377, "02T19@1": 0.0, "03T22@1": 0.0, "04T20@2": 0.6032388663967612, "05T22@2": 0.3128834355828221, "BUYER": 0.0, "SELLER": 0.0}