{"00T12@0": 0.0, "01T20@0": 0.0, "02T20@1": 0.0, "03T23@1": 0.6119402985074627, "04T12@2": 0.012765957446808505, "05T35@2": 0.8076923076923077, "06T12@3": 0.0, "07T20@3": 1.0, "BUYER": 0.0, "SELLER": 0.0}