{"00T41@0": 0.10739856801909307, "01T12@0": 0.029360967184801388, "02T12@1": 0.03526970954356845, "03T41@1": 0.6759259259259259, "04T36@1": 0.4108527131782946, "05T36@2": 0.46122448979591835, "06T12@2": 0.0, "07T36@2": 0.5439330543933057, "08T41@2": 0.5144032921810702, "BUYER": 0.0, "SELLER": 0.0}