{"00T36@0": 0.3190883190883193, "01T41@0": 0.0, "02T22@1": 0.23636363636363636, "03T22@1": 0.3022222222222224, "04T41@2": 0.3387622149837134, "05T36@2": 0.38461538461538464, "06T41@3": 0.0243161094224924, "07T36@3": 0.024999999999999967, "BUYER": 0.0, "SELLER": 0.0}