{"00T22@0": 0.0, "01T35@0": 0.4586129753914988, "02T29@1": 0.0, "03T18@1": 0.011976047904191614, "04T35@2": 0.826797385620915, "05T35@2": 0.8517241379310343, "BUYER": 0.0, "SELLER": 0.0}