{"00T06@0": 0.0, "01T35@0": 0.4642857142857143, "02T35@1": 0.8091603053435116, "03T35@1": 0.828125, "04T29@2": 1.0, "05T35@2": 0.5546218487394963, "BUYER": 0.0, "SELLER": 0.0}