{"00T35@0": 0.20057306590257873, "01T22@0": 0.03626220362622039, "02T22@1": 0.0, "03T22@1": 0.0, "04T12@2": 0.054878048780487805, "05T23@2": 0.598070739549839, "06T02@3": 0.7724719101123598, "07T23@3": 0.7245817245817244, "BUYER": 0.0, "SELLER": 0.0}