{"00T23@0": 0.005763688760806908, "01T22@0": 0.11680911680911683, "02T19@1": 0.0, "03T35@1": 0.5757575757575755, "04T35@2": 0.7637130801687764, "05T35@2": 0.771551724137931, "06T38@3": 0.0, "07T35@3": 0.6666666666666666, "08T22@4": 0.09361702127659574, "09T35@4": 0.5095541401273888, "BUYER": 0.0, "SELLER": 0.0}