{"00T06@0": 0.16666666666666666, "01T41@0": 0.22391857506361326, "02T41@1": 0.30346820809248537, "03T06@1": 0.0, "04T41@2": 0.07780979827089339, "05T06@2": 0.0, "BUYER": 0.0, "SELLER": 0.0}