{"00T24@0": 0.0, "01T35@0": 0.8303886925795054, "02T15@1": 0.608150470219436, "03T22@1": 0.5555555555555556, "04T22@2": 0.01788617886178865, "05T22@2": 0.010471204188481662, "BUYER": 0.0, "SELLER": 0.0}