{"00T36@0": 0.21084337349397592, "01T41@0": 0.018987341772151875, "02T41@1": 0.302250803858521, "03T36@1": 0.3571428571428572, "04T36@2": 0.018390804597701125, "05T41@2": 0.05787037037037042, "BUYER": 0.0, "SELLER": 0.0}