{"00T35@0": 0.158514492753623, "01T35@0": 0.16571969696969713, "02T35@1": 0.0, "03T22@1": 0.6969178082191778, "04T35@2": 0.304878048780488, "05T35@2": 0.30808080808080823, "06T41@3": 0.0, "07T16@3": 1.0, "BUYER": 0.0, "SELLER": 0.0}