{"00T09@0": 0.0, "01T35@0": 0.17687074829931973, "02T24@1": 0.5, "03T22@1": 0.30379746835443, "04T22@2": 0.04291845493562232, "05T22@2": 0.031674208144796406, "BUYER": 0.0, "SELLER": 0.0}