{"00T38@0": 0.0, "01T35@0": 0.37992831541218636, "02T15@1": 0.4092526690391459, "03T22@1": 0.39534883720930253, "04T22@2": 0.007915567282321893, "05T22@2": 0.017142857142857137, "BUYER": 0.0, "SELLER": 0.0}