{"00T29@0": 0.0, "01T37@0": 0.010582010582010585, "02T37@1": 0.31343283582089543, "03T12@1": 0.09090909090909091, "04T37@2": 0.0, "05T35@2": 0.6646341463414627, "06T29@3": 0.0, "07T12@3": 0.0, "08T12@4": 0.0, "09T29@4": 1.0, "BUYER": 0.0, "SELLER": 0.0}