{"00T22@0": 0.15065913370998119, "01T23@0": 0.09168443496801698, "02T26@1": 0.20363636363636373, "03T23@1": 0.7594936708860759, "04T37@2": 0.027227722772277255, "05T35@2": 0.737410071942446, "BUYER": 0.0, "SELLER": 0.0}