{"00T41@0": 0.1258741258741259, "01T40@0": 0.015873015873015872, "02T12@1": 0.19230769230769232, "03T12@1": 0.47619047619047616, "04T12@2": 0.0, "05T41@2": 0.9523809523809523, "06T40@2": 1.0, "07T40@2": 0.9827586206896551, "08T41@2": 1.0, "BUYER": 0.0, "SELLER": 0.0}