{"time_limit": 10800, "spot_discount": 0.9, "spot_market_global_loss": 0.2, "neg_quota_step": 247, "n_processes": 3, "n_products": 4, "n_steps": 55, "financial_reports_period": 5, "exogenous_horizon": 12, "max_productivity": 1.0, "catalog_prices": [10, 21, 30, 33], "cash_availability": [1.5, 2.5], "expected_productivity": 0.6303030303030303, "expected_mean_profit": 0.054668450051464965, "initial_balance": [20741, 20741, 30685, 30685, 15765, 15765, 15765, 15765, 15765]}