{"00T20@0": 0.1666666666666666, "01T20@0": 0.17204301075268819, "02T20@1": 1.0, "03T26@1": 0.5402843601895738, "04T26@2": 0.0, "05T26@2": 0.020146520146520172, "BUYER": 0.0, "SELLER": 0.0}