{"00T23@0": 0.5227272727272727, "01T22@0": 0.25, "02T22@1": 0.178743961352657, "03T22@1": 0.23243243243243247, "04T22@2": 0.4639175257731957, "05T35@2": 0.21296296296296297, "06T35@3": 0.7159763313609466, "07T35@3": 0.6892655367231638, "08T29@4": 1.0, "09T41@4": 0.2262996941896024, "BUYER": 0.0, "SELLER": 0.0}