{"00T35@0": 0.608843537414966, "01T35@0": 0.600358422939068, "02T22@1": 0.0028409090909090862, "03T22@1": 0.0, "04T22@2": 0.2081447963800905, "05T22@2": 0.2719298245614033, "06T41@3": 0.4583333333333333, "07T40@3": 0.8916666666666667, "08T22@4": 0.01221640488656195, "09T22@4": 0.017322834645669322, "BUYER": 0.0, "SELLER": 0.0}