{"00T07@0": 0.0, "01T35@0": 0.35331230283911674, "02T29@1": 0.0, "03T07@1": 0.0, "04T29@2": 0.0, "05T35@2": 0.0, "06T29@3": 0.0, "07T35@3": 1.0, "08T07@4": 0.4078212290502794, "09T22@4": 0.13978494623655927, "BUYER": 0.0, "SELLER": 0.0}