{"00T22@0": 0.26029654036243827, "01T23@0": 0.0, "02T35@1": 0.45283018867924557, "03T23@1": 0.4775280898876406, "04T23@2": 0.7714285714285717, "05T35@2": 0.6516129032258061, "06T29@3": 1.0, "07T12@3": 0.0, "BUYER": 0.0, "SELLER": 0.0}