{"00T34@0": 0.08514851485148511, "01T22@0": 0.15851602023608763, "02T35@1": 0.20652173913043476, "03T35@1": 0.17582417582417584, "04T24@2": 1.0, "05T35@2": 1.0, "06T22@3": 0.17064846416382254, "07T22@3": 0.0, "BUYER": 0.0, "SELLER": 0.0}