{"00T15@0": 0.1017241379310344, "01T22@0": 0.07992895204262875, "02T22@1": 0.1559633027522936, "03T35@1": 0.5344827586206897, "04T29@2": 1.0, "05T35@2": 0.7408585055643877, "BUYER": 0.0, "SELLER": 0.0}