{"00T34@0": 0.2237442922374429, "01T34@0": 0.2694063926940639, "02T32@1": 0.0175438596491228, "03T23@1": 0.1794871794871795, "04T32@2": 1.0, "05T23@2": 0.9565217391304348, "06T32@3": 1.0, "07T34@3": 0.45454545454545464, "BUYER": 0.0, "SELLER": 0.0}