{"00T35@0": 0.27109974424552424, "01T22@0": 0.030726256983240254, "02T34@1": 0.41463414634146345, "03T35@1": 0.7583892617449663, "04T40@2": 0.2474226804123711, "05T35@2": 0.609929078014184, "BUYER": 0.0, "SELLER": 0.0}