{"00T35@0": 0.1455223880597015, "01T23@0": 0.1591836734693877, "02T35@1": 0.6892430278884464, "03T35@1": 0.7111111111111114, "04T07@2": 0.15450643776824036, "05T34@2": 0.12145748987854248, "06T35@3": 0.7955555555555553, "07T35@3": 0.746341463414634, "08T35@4": 0.6548536209553165, "09T22@4": 0.11764705882352944, "BUYER": 0.0, "SELLER": 0.0}