{"00T37@0": 0.10661764705882351, "01T20@0": 0.0, "02T37@1": 0.07526881720430109, "03T22@1": 0.1111111111111111, "04T20@2": 0.0, "05T35@2": 0.48756218905472637, "06T35@3": 0.956989247311828, "07T22@3": 0.0625, "08T20@4": 1.0, "09T37@4": 0.0, "BUYER": 0.0, "SELLER": 0.0}