{"00T17@0": 0.0, "01T17@0": 0.0, "02T14@1": 0.0, "03T22@1": 0.11764705882352941, "04T17@2": 0.2222222222222222, "05T14@2": 0.0, "06T14@3": 1.0, "07T22@3": 0.06181818181818182, "BUYER": 0.0, "SELLER": 0.0}