{"00T23@0": 0.4137055837563452, "01T35@0": 0.33152173913043476, "02T22@1": 0.0, "03T22@1": 0.04597701149425287, "04T38@2": 0.0, "05T22@2": 0.008264462809917356, "06T34@3": 0.8604651162790697, "07T22@3": 0.5695364238410598, "08T23@4": 0.7568389057750758, "09T22@4": 0.00366300366300366, "BUYER": 0.0, "SELLER": 0.0}