{"00T35@0": 0.239247311827957, "01T35@0": 0.24250681198910093, "02T20@1": 0.49019607843137275, "03T36@1": 0.5393518518518516, "04T22@2": 0.11439114391143906, "05T35@2": 0.38487972508591045, "06T23@3": 0.8083832335329342, "07T22@3": 0.24637681159420285, "08T22@4": 0.0, "09T22@4": 0.0, "BUYER": 0.0, "SELLER": 0.0}