{"00T35@0": 0.39820359281437123, "01T23@0": 0.5988023952095803, "02T26@1": 0.18303571428571433, "03T22@1": 0.2605863192182411, "04T41@2": 0.0, "05T22@2": 0.024221453287197246, "BUYER": 0.0, "SELLER": 0.0}