{"00T22@0": 0.1086419753086419, "01T35@0": 0.6393805309734514, "02T36@1": 0.3688524590163932, "03T06@1": 0.0, "04T35@2": 0.8127572016460906, "05T35@2": 0.8366141732283463, "BUYER": 0.0, "SELLER": 0.0}