{"00T06@0": 0.0, "01T04@0": 0.14006514657980468, "02T04@1": 0.33333333333333337, "03T22@1": 0.1761006289308177, "04T06@2": 0.0, "05T04@2": 0.048275862068965544, "06T06@3": 0.0, "07T22@3": 0.12244897959183673, "BUYER": 0.0, "SELLER": 0.0}