{"00T29@0": 0.0, "01T35@0": 0.732307692307692, "02T35@1": 0.7597402597402597, "03T35@1": 0.7330827067669171, "04T20@2": 0.7917888563049853, "05T35@2": 0.636449480642115, "BUYER": 0.0, "SELLER": 0.0}