{"00T26@0": 0.04297994269340977, "01T22@0": 0.10714285714285711, "02T22@1": 0.09375000000000001, "03T35@1": 0.7531645569620252, "04T18@2": 0.5576923076923079, "05T35@2": 0.7535301668806161, "BUYER": 0.0, "SELLER": 0.0}