{"00T15@0": 0.14385150812064984, "01T35@0": 0.15620827770360482, "02T35@1": 0.626262626262626, "03T35@1": 0.5965517241379314, "04T06@2": 0.0, "05T35@2": 0.7156652360515017, "BUYER": 0.0, "SELLER": 0.0}