{"00T37@0": 0.0, "01T29@0": 0.0, "02T37@1": 0.0, "03T12@1": 0.0, "04T29@1": 0.0, "05T37@1": 1.0, "06T41@2": 0.6666666666666666, "07T41@2": 0.5, "08T12@2": 0.0, "09T41@3": 0.8571428571428571, "10T12@3": 0.25, "11T29@3": 1.0, "BUYER": 0.0, "SELLER": 0.0}