{"00T35@0": 0.8475177304964538, "01T22@0": 0.09415584415584417, "02T20@1": 0.6213592233009708, "03T35@1": 0.6170212765957446, "04T35@2": 0.7510917030567683, "05T35@2": 0.6521739130434778, "06T19@3": 1.0, "07T35@3": 0.5496323529411763, "BUYER": 0.0, "SELLER": 0.0}