{"00T18@0": 0.0, "01T36@0": 0.35909090909090907, "02T36@1": 0.0, "03T36@1": 0.0, "04T18@2": 0.14213197969543143, "05T18@2": 0.2727272727272727, "BUYER": 0.0, "SELLER": 0.0}