{"00T12@0": 0.0, "01T22@0": 0.1535714285714287, "02T22@1": 0.2777777777777777, "03T23@1": 0.5040983606557377, "04T41@2": 0.36982248520710065, "05T23@2": 0.8207547169811321, "06T23@3": 0.5354107648725214, "07T22@3": 0.0, "BUYER": 0.0, "SELLER": 0.0}