{"time_limit": 10800, "spot_discount": 0.9, "spot_market_global_loss": 0.2, "neg_quota_step": 385, "n_processes": 5, "n_products": 6, "n_steps": 77, "financial_reports_period": 5, "exogenous_horizon": 16, "max_productivity": 1.0, "catalog_prices": [10, 18, 25, 34, 49, 65], "cash_availability": [1.5, 2.5], "expected_productivity": 0.935064935064935, "expected_mean_profit": 0.08726520170736264, "initial_balance": [18897, 18897, 25699, 25699, 38864, 38864, 52217, 52217, 73066, 73066]}