{"00T37@0": 0.01188118811881187, "01T10@0": 0.19195612431444237, "02T10@1": 0.3694029850746268, "03T37@1": 0.22380952380952385, "04T10@2": 0.010504201680672265, "05T37@2": 0.051383399209486126, "BUYER": 0.0, "SELLER": 0.0}