{"00T41@0": 0.21176470588235297, "01T35@0": 0.6043478260869564, "02T15@1": 0.18402777777777773, "03T22@1": 0.1444444444444445, "04T22@2": 0.04719764011799404, "05T22@2": 0.03064066852367691, "BUYER": 0.0, "SELLER": 0.0}