{"00T35@0": 0.3596938775510203, "01T23@0": 0.44320712694877507, "02T22@1": 0.38642297650130547, "03T35@1": 0.9252336448598131, "04T36@2": 0.0, "05T41@2": 0.0, "BUYER": 0.0, "SELLER": 0.0}