{"00T40@0": 0.22505800464037123, "01T23@0": 0.32857142857142857, "02T36@1": 0.28623188405797106, "03T22@1": 0.26896551724137924, "04T35@2": 0.7376344086021508, "05T23@2": 0.7419354838709679, "BUYER": 0.0, "SELLER": 0.0}