{"00T35@0": 0.18193384223918574, "01T23@0": 0.40188679245283, "02T12@1": 0.0, "03T35@1": 0.2, "04T02@2": 0.12931034482758638, "05T29@2": 0.0, "06T35@3": 0.9520958083832335, "07T35@3": 0.9607250755287009, "08T23@4": 0.6613756613756614, "09T35@4": 0.671578947368421, "BUYER": 0.0, "SELLER": 0.0}