{"00T37@0": 0.0697674418604651, "01T37@0": 0.08115183246073308, "02T41@1": 0.556521739130435, "03T41@1": 0.5305164319248827, "04T41@2": 0.2508038585209004, "05T23@2": 0.5467289719626169, "06T37@3": 0.0, "07T23@3": 0.7657142857142853, "08T35@4": 0.7711670480549202, "09T35@4": 0.785547785547785, "BUYER": 0.0, "SELLER": 0.0}