{"00T38@0": 0.0, "01T23@0": 0.0, "02T35@1": 0.7203791469194313, "03T23@1": 0.012658227848101266, "04T20@2": 0.26540284360189575, "05T23@2": 0.9726027397260274, "06T35@3": 0.7443609022556391, "07T22@3": 0.06666666666666665, "08T22@4": 0.0, "09T23@4": 0.6826923076923082, "BUYER": 0.0, "SELLER": 0.0}