{"time_limit": 10800, "spot_discount": 0.9, "spot_market_global_loss": 0.2, "neg_quota_step": 325, "n_processes": 5, "n_products": 6, "n_steps": 65, "financial_reports_period": 5, "exogenous_horizon": 21, "max_productivity": 1.0, "catalog_prices": [10, 23, 33, 48, 52, 68], "cash_availability": [1.5, 2.5], "expected_productivity": 0.9230769230769231, "expected_mean_profit": 0.06035637989684675, "initial_balance": [27314, 27314, 40683, 40683, 57071, 57071, 74968, 74968, 81293, 81293]}