{"00T37@0": 0.008474576271186439, "01T29@0": 0.0, "02T37@1": 0.007407407407407408, "03T29@1": 0.0, "04T37@2": 0.0993150684931507, "05T29@2": 1.0, "BUYER": 0.0, "SELLER": 0.0}