{"time_limit": 10800, "spot_discount": 0.9, "spot_market_global_loss": 0.2, "neg_quota_step": 388, "n_processes": 4, "n_products": 5, "n_steps": 97, "financial_reports_period": 5, "exogenous_horizon": 20, "max_productivity": 1.0, "catalog_prices": [10, 19, 31, 40, 53], "cash_availability": [1.5, 2.5], "expected_productivity": 0.9587628865979382, "expected_mean_profit": 0.08432438373227215, "initial_balance": [30132, 30132, 48743, 48743, 60354, 60354, 79142, 79142]}