{"00T23@0": 0.0, "01T23@0": 0.0, "02T29@1": 0.0, "03T23@1": 0.8620689655172413, "04T35@2": 0.9645390070921985, "05T22@2": 0.3935483870967742, "06T22@3": 0.0, "07T35@3": 0.5902777777777778, "08T20@4": 1.0, "09T23@4": 0.6615384615384614, "BUYER": 0.0, "SELLER": 0.0}