,balance,assets,bankrupt,agent_id,step
0,1235.0,119.0,False,00T07@0,0.0
1,1240.0,371.92307692307685,False,00T07@0,5.0
2,1175.0,200.0,False,01T09@0,0.0
3,970.0,914.6923076923076,False,01T09@0,5.0
4,2172.0,0.0,False,02T07@1,0.0
5,1672.0,580.0,False,02T07@1,5.0
6,2172.0,0.0,False,03T09@1,0.0
7,2172.0,0.0,False,03T09@1,5.0
8,3225.0,0.0,False,04T09@2,0.0
9,3225.0,0.0,False,04T09@2,5.0
10,3225.0,0.0,False,05T07@2,0.0
11,2800.0,0.0,False,05T07@2,5.0
12,,,,,
13,,,,,
14,,,,,
15,,,,,
