{"00T22@0": 0.23270440251572325, "01T22@0": 0.23743718592964824, "02T35@1": 0.18777292576419213, "03T35@1": 0.14999999999999997, "04T14@2": 0.0, "05T06@2": 0.0, "06T22@3": 0.8789625360230544, "07T35@3": 0.9767827529021559, "BUYER": 0.0, "SELLER": 0.0}