{"00T26@0": 0.022494887525562383, "01T34@0": 0.14933333333333337, "02T34@1": 0.36363636363636365, "03T26@1": 0.27247956403269785, "04T35@2": 0.5227272727272727, "05T23@2": 0.47876447876447886, "06T26@3": 0.052109181141439205, "07T34@3": 0.4579124579124581, "BUYER": 0.0, "SELLER": 0.0}