{"00T29@0": 0.0, "01T35@0": 0.2475961538461539, "02T12@1": 0.0, "03T23@1": 0.975, "04T23@2": 0.6428571428571428, "05T23@2": 0.6424242424242422, "06T23@3": 0.6084656084656088, "07T35@3": 0.6311475409836067, "08T35@4": 0.6991150442477876, "09T35@4": 0.7100456621004568, "BUYER": 0.0, "SELLER": 0.0}