{"00T29@0": 0.0, "01T41@0": 0.17460317460317454, "02T29@1": 0.0, "03T41@1": 0.5074626865671642, "04T29@2": 1.0, "05T41@2": 0.5147540983606558, "BUYER": 0.0, "SELLER": 0.0}