{"00T22@0": 0.06548672566371681, "01T22@0": 0.09433962264150941, "02T15@1": 0.15254237288135597, "03T10@1": 0.15882352941176475, "04T22@2": 0.4936708860759494, "05T35@2": 0.76, "06T35@3": 0.7659235668789811, "07T35@3": 0.7536704730831975, "BUYER": 0.0, "SELLER": 0.0}