{"00T40@0": 0.026246719160104976, "01T35@0": 0.12467532467532455, "02T06@1": 0.0, "03T22@1": 0.41463414634146334, "04T22@2": 0.035294117647058795, "05T22@2": 0.03133903133903136, "BUYER": 0.0, "SELLER": 0.0}