{"00T26@0": 0.0508849557522124, "01T22@0": 0.0874439461883408, "02T22@1": 0.3287197231833911, "03T35@1": 0.7630057803468204, "04T08@2": 0.145748987854251, "05T35@2": 0.5555555555555559, "BUYER": 0.0, "SELLER": 0.0}