{"00T37@0": 0.0164705882352941, "01T40@0": 0.02105263157894736, "02T37@1": 0.09756097560975613, "03T40@1": 0.10638297872340426, "04T37@2": 0.04421052631578947, "05T40@2": 0.4370078740157479, "BUYER": 0.0, "SELLER": 0.0}