{"00T06@0": 0.1, "01T22@0": 0.16777041942604867, "02T22@1": 0.4725609756097559, "03T35@1": 0.8550724637681156, "04T07@2": 0.19904076738609114, "05T35@2": 0.6348949919224556, "BUYER": 0.0, "SELLER": 0.0}