{"00T35@0": 0.0, "01T23@0": 0.0, "02T23@1": 1.0, "03T23@1": 1.0, "04T22@2": 0.004237288135593218, "05T23@2": 0.9504132231404959, "06T40@3": 0.0, "07T23@3": 0.6458333333333336, "08T06@4": 0.0, "09T35@4": 0.6149732620320851, "BUYER": 0.0, "SELLER": 0.0}