{"time_limit": 10800, "spot_discount": 0.9, "spot_market_global_loss": 0.2, "neg_quota_step": 660, "n_processes": 5, "n_products": 6, "n_steps": 132, "financial_reports_period": 5, "exogenous_horizon": 60, "max_productivity": 1.0, "catalog_prices": [10, 18, 27, 36, 49, 66], "cash_availability": [1.5, 2.5], "expected_productivity": 0.9621212121212122, "expected_mean_profit": 0.10919028464396476, "initial_balance": [32528, 32528, 48574, 48574, 69067, 69067, 87824, 87824, 120244, 120244]}