{"00T37@0": 0.027568922305764437, "01T22@0": 0.15082644628099176, "02T22@1": 0.22164948453608252, "03T35@1": 0.6282051282051282, "04T29@2": 1.0, "05T35@2": 0.6902834008097167, "BUYER": 0.0, "SELLER": 0.0}