{"00T36@0": 0.1289398280802293, "01T40@0": 0.15503875968992248, "02T40@1": 0.034482758620689655, "03T36@1": 0.10204081632653068, "04T40@2": 0.32178217821782173, "05T35@2": 0.8723404255319148, "06T36@3": 0.0, "07T23@3": 0.7765957446808506, "BUYER": 0.0, "SELLER": 0.0}