{"00T10@0": 0.07142857142857142, "01T22@0": 0.0619946091644205, "02T23@1": 0.7640449438202247, "03T23@1": 0.6799999999999997, "04T40@2": 0.5953307392996108, "05T35@2": 0.8242424242424241, "06T35@3": 0.682008368200837, "07T35@3": 0.6631130063965883, "BUYER": 0.0, "SELLER": 0.0}