{"00T37@0": 0.08823529411764704, "01T35@0": 0.5187713310580208, "02T15@1": 0.17279411764705885, "03T22@1": 0.1885245901639344, "04T22@2": 0.03671706263498921, "05T22@2": 0.04376367614879648, "BUYER": 0.0, "SELLER": 0.0}