{"00T29@0": 0.0, "01T22@0": 0.1282051282051282, "02T35@1": 0.4117647058823529, "03T22@1": 0.7407407407407407, "04T40@2": 0.53125, "05T35@2": 0.2777777777777778, "06T35@3": 0.7837837837837838, "07T35@3": 0.717948717948718, "BUYER": 0.0, "SELLER": 0.0}