{"time_limit": 10800, "spot_discount": 0.9, "spot_market_global_loss": 0.2, "neg_quota_step": 366, "n_processes": 4, "n_products": 5, "n_steps": 61, "financial_reports_period": 5, "exogenous_horizon": 16, "max_productivity": 1.0, "catalog_prices": [10, 19, 29, 35, 45], "cash_availability": [1.5, 2.5], "expected_productivity": 0.6229508196721312, "expected_mean_profit": 0.05999060996126609, "initial_balance": [18965, 18965, 13918, 13918, 13918, 13918, 36648, 36648, 22173, 22173, 22173, 22173]}