{"00T22@0": 0.0, "01T23@0": 0.6139860139860143, "02T12@1": 0.024691358024691353, "03T35@1": 0.6340206185567008, "04T20@2": 1.0, "05T35@2": 0.518102372034956, "BUYER": 0.0, "SELLER": 0.0}