{"00T22@0": 0.12606837606837595, "01T23@0": 0.15521064301552112, "02T24@1": 0.8125, "03T22@1": 0.23928571428571419, "04T22@2": 0.27314814814814814, "05T22@2": 0.33760683760683763, "06T40@3": 0.037406483790523734, "07T23@3": 0.7411971830985918, "BUYER": 0.0, "SELLER": 0.0}