{"00T20@0": 0.0, "01T02@0": 0.10666666666666667, "02T20@1": 0.0, "03T23@1": 0.3650793650793651, "04T02@2": 0.0, "05T29@2": 0.0, "06T20@3": 0.0, "07T29@3": 0.0, "08T29@4": 1.0, "09T02@4": 1.0, "BUYER": 0.0, "SELLER": 0.0}