{"00T07@0": 0.0, "01T15@0": 0.10714285714285714, "02T15@1": 0.3, "03T15@1": 0.2, "04T07@2": 0.7368421052631579, "05T07@2": 0.48, "BUYER": 0.0, "SELLER": 0.0}