{"00T34@0": 0.13144329896907214, "01T19@0": 0.0, "02T19@1": 0.0, "03T23@1": 0.4803921568627452, "04T19@2": 0.0, "05T34@2": 0.5420560747663551, "06T34@3": 1.0, "07T22@3": 0.5756457564575648, "BUYER": 0.0, "SELLER": 0.0}