{"00T22@0": 0.0, "01T22@0": 0.0, "02T06@1": 0.0, "03T10@1": 0.28310502283105043, "04T22@2": 0.5879120879120883, "05T35@2": 0.8309859154929577, "06T35@3": 0.5936329588014986, "07T35@3": 0.5695488721804508, "BUYER": 0.0, "SELLER": 0.0}