{"00T40@0": 0.12720848056537104, "01T41@0": 0.012048192771084343, "02T41@1": 0.03846153846153844, "03T22@1": 0.05223880597014928, "04T40@2": 0.6915887850467293, "05T40@2": 0.6912442396313362, "06T41@3": 0.0030581039755351643, "07T22@3": 0.038461538461538505, "BUYER": 0.0, "SELLER": 0.0}