{"00T37@0": 0.07471264367816097, "01T35@0": 0.6739659367396585, "02T36@1": 0.0995260663507109, "03T37@1": 0.03816793893129771, "04T37@2": 0.05844155844155844, "05T35@2": 0.769230769230769, "06T36@3": 0.2594752186588921, "07T35@3": 0.8148148148148148, "08T36@4": 0.0, "09T22@4": 0.0, "BUYER": 0.0, "SELLER": 0.0}