{"00T20@0": 0.0, "01T35@0": 0.0125, "02T35@1": 0.9428571428571428, "03T23@1": 1.0, "04T36@2": 0.7570621468926554, "05T23@2": 0.7209302325581395, "06T23@3": 0.5318471337579617, "07T35@3": 0.5589225589225593, "BUYER": 0.0, "SELLER": 0.0}