{"00T34@0": 0.022471910112359557, "01T22@0": 0.2474747474747475, "02T22@1": 0.1421052631578947, "03T22@1": 0.19902912621359223, "04T41@2": 0.005847953216374269, "05T22@2": 0.14594594594594595, "06T22@3": 0.35164835164835173, "07T35@3": 0.8571428571428571, "08T35@4": 0.7665952890792288, "09T22@4": 0.0, "BUYER": 0.0, "SELLER": 0.0}