{"00T26@0": 0.1705685618729096, "01T36@0": 0.3289036544850498, "02T36@1": 0.30833333333333335, "03T26@1": 0.1796116504854369, "04T36@2": 0.04182509505703426, "05T26@2": 0.013745704467353936, "BUYER": 0.0, "SELLER": 0.0}