{"00T06@0": 0.11764705882352941, "01T22@0": 0.11904761904761904, "02T35@1": 0.4827586206896552, "03T22@1": 0.3888888888888889, "04T10@2": 0.0, "05T35@2": 0.0, "06T35@3": 0.775, "07T35@3": 0.8181818181818182, "BUYER": 0.0, "SELLER": 0.0}