{"00T22@0": 0.05750798722044733, "01T23@0": 0.0037593984962405983, "02T21@1": 0.0, "03T23@1": 0.6823529411764705, "04T06@2": 0.0, "05T35@2": 0.8416149068322981, "BUYER": 0.0, "SELLER": 0.0}