{"00T35@0": 0.1520417028670722, "01T35@0": 0.14957264957264949, "02T35@1": 0.0, "03T22@1": 0.0014204545454545453, "04T35@2": 0.49572649572649574, "05T35@2": 0.49572649572649574, "06T26@3": 0.0, "07T29@3": 1.0, "BUYER": 0.0, "SELLER": 0.0}