{"00T06@0": 0.024, "01T35@0": 0.5204359673024525, "02T06@1": 0.0, "03T37@1": 0.0, "04T37@2": 0.16260162601626016, "05T35@2": 0.2935779816513764, "06T06@3": 0.0, "07T35@3": 0.7045454545454546, "08T37@4": 0.11940298507462681, "09T22@4": 0.01265822784810126, "BUYER": 0.0, "SELLER": 0.0}