{"00T34@0": 0.08883248730964469, "01T35@0": 0.09448818897637795, "02T18@1": 0.0, "03T22@1": 0.5919282511210758, "04T22@2": 0.039772727272727286, "05T22@2": 0.03672316384180793, "BUYER": 0.0, "SELLER": 0.0}