{"00T29@0": 0.0, "01T22@0": 0.16167664670658696, "02T22@1": 0.17326732673267325, "03T35@1": 0.8303030303030301, "04T38@2": 0.07142857142857142, "05T35@2": 0.7238095238095238, "BUYER": 0.0, "SELLER": 0.0}