{"00T22@0": 0.06143344709897611, "01T22@0": 0.0253164556962025, "02T40@1": 0.44615384615384623, "03T37@1": 0.17475728155339806, "04T35@2": 0.8149350649350653, "05T22@2": 0.03767123287671237, "BUYER": 0.0, "SELLER": 0.0}