{"00T22@0": 0.1784452296819788, "01T23@0": 0.2980599647266316, "02T35@1": 0.5706806282722509, "03T22@1": 0.24083769633507857, "04T35@2": 0.37583892617449643, "05T22@2": 0.0372340425531915, "06T19@3": 0.0, "07T36@3": 0.4146341463414634, "08T35@4": 0.9549763033175356, "09T35@4": 0.8827433628318584, "BUYER": 0.0, "SELLER": 0.0}