{"00T22@0": 0.028225806451612913, "01T35@0": 0.014084507042253506, "02T29@1": 0.0, "03T23@1": 0.5760869565217392, "04T20@2": 1.0, "05T23@2": 0.8023483365949116, "BUYER": 0.0, "SELLER": 0.0}