{"00T22@0": 0.05278592375366571, "01T22@0": 0.0614035087719298, "02T41@1": 0.12556053811659199, "03T34@1": 0.7142857142857143, "04T22@2": 0.574603174603175, "05T35@2": 0.87012987012987, "06T35@3": 0.6306306306306305, "07T35@3": 0.6146993318485521, "BUYER": 0.0, "SELLER": 0.0}