{"00T26@0": 0.044155844155844136, "01T29@0": 0.0, "02T22@1": 0.530864197530864, "03T23@1": 0.9349112426035503, "04T22@2": 0.0, "05T35@2": 0.6722846441947569, "BUYER": 0.0, "SELLER": 0.0}