{"00T36@0": 0.08571428571428573, "01T40@0": 0.06083650190114063, "02T40@1": 0.37714285714285717, "03T36@1": 0.38636363636363635, "04T36@2": 0.020408163265306114, "05T40@2": 0.014184397163120553, "BUYER": 0.0, "SELLER": 0.0}