{"00T41@0": 0.15717092337917485, "01T06@0": 0.0, "02T41@1": 0.12903225806451613, "03T06@1": 0.0, "04T41@2": 0.04417670682730928, "05T06@2": 0.0, "BUYER": 0.0, "SELLER": 0.0}