{"00T29@0": 0.0, "01T35@0": 0.6193293885601578, "02T35@1": 0.8098591549295776, "03T35@1": 0.8120567375886524, "04T16@2": 1.0, "05T35@2": 0.5268041237113402, "BUYER": 0.0, "SELLER": 0.0}