{"00T26@0": 0.10822510822510832, "01T35@0": 0.7556390977443607, "02T35@1": 0.5701754385964911, "03T35@1": 0.6132075471698113, "04T24@2": 1.0, "05T35@2": 0.6057529610829102, "BUYER": 0.0, "SELLER": 0.0}