{"time_limit": 10800, "spot_discount": 0.9, "spot_market_global_loss": 0.2, "neg_quota_step": 300, "n_processes": 5, "n_products": 6, "n_steps": 60, "financial_reports_period": 5, "exogenous_horizon": 23, "max_productivity": 1.0, "catalog_prices": [10, 16, 24, 32, 39, 54], "cash_availability": [1.5, 2.5], "expected_productivity": 0.9166666666666666, "expected_mean_profit": 0.08751068651531395, "initial_balance": [14577, 14577, 22802, 22802, 28737, 28737, 35662, 35662, 45604, 45604]}