{"00T40@0": 0.16340621403912542, "01T35@0": 0.540612516644474, "02T35@1": 0.5765765765765761, "03T35@1": 0.5753012048192772, "04T20@2": 0.8053435114503814, "05T35@2": 0.6975609756097562, "BUYER": 0.0, "SELLER": 0.0}