{"00T35@0": 0.0758620689655173, "01T22@0": 0.01727861771058313, "02T29@1": 0.0, "03T35@1": 0.7533039647577096, "04T08@2": 0.014367816091954018, "05T35@2": 0.8350168350168355, "BUYER": 0.0, "SELLER": 0.0}