{"00T23@0": 0.0, "01T22@0": 0.15538847117794485, "02T35@1": 0.8040540540540541, "03T35@1": 0.7430555555555556, "04T10@2": 0.012578616352201243, "05T23@2": 0.9552238805970149, "06T37@3": 0.01700680272108844, "07T22@3": 0.0, "BUYER": 0.0, "SELLER": 0.0}