{"time_limit": 10800, "spot_discount": 0.9, "spot_market_global_loss": 0.2, "neg_quota_step": 234, "n_processes": 4, "n_products": 5, "n_steps": 52, "financial_reports_period": 5, "exogenous_horizon": 13, "max_productivity": 1.0, "catalog_prices": [10, 18, 24, 35, 42], "cash_availability": [1.5, 2.5], "expected_productivity": 0.8205128205128205, "expected_mean_profit": 0.0477646023382771, "initial_balance": [17772, 17772, 23162, 23162, 38209, 38209, 31317, 31317, 31317]}