{"00T06@0": 0.25, "01T20@0": 0.17674418604651163, "02T22@1": 0.6564102564102564, "03T23@1": 0.9147286821705426, "04T23@2": 0.6380952380952383, "05T35@2": 0.5527156549520764, "BUYER": 0.0, "SELLER": 0.0}