{"00T19@0": 0.0, "01T35@0": 0.1592039800995023, "02T20@1": 0.45185185185185184, "03T35@1": 1.0, "04T20@2": 0.4527027027027027, "05T19@2": 0.0, "06T22@3": 0.18269230769230768, "07T22@3": 0.0119047619047619, "08T19@4": 1.0, "09T20@4": 0.5291375291375291, "BUYER": 0.0, "SELLER": 0.0}