{"00T29@0": 0.0, "01T37@0": 0.0, "02T29@1": 0.0, "03T35@1": 0.7935483870967742, "04T37@2": 0.0, "05T22@2": 0.0, "06T29@3": 1.0, "07T37@3": 0.19133574007220222, "BUYER": 0.0, "SELLER": 0.0}