{"00T35@0": 0.041753653444676395, "01T22@0": 0.03326810176125245, "02T29@1": 0.0, "03T35@1": 0.7178217821782178, "04T06@2": 0.0, "05T35@2": 0.8435251798561153, "BUYER": 0.0, "SELLER": 0.0}