{"time_limit": 10800, "spot_discount": 0.9, "spot_market_global_loss": 0.2, "neg_quota_step": 400, "n_processes": 4, "n_products": 5, "n_steps": 89, "financial_reports_period": 5, "exogenous_horizon": 24, "max_productivity": 1.0, "catalog_prices": [10, 17, 28, 37, 52], "cash_availability": [1.5, 2.5], "expected_productivity": 0.8489388264669163, "expected_mean_profit": 0.06888424230426606, "initial_balance": [31807, 31807, 53754, 53754, 64673, 64673, 61492, 61492, 61492]}