{"00T20@0": 0.0, "01T23@0": 0.19642857142857145, "02T41@1": 0.7242647058823528, "03T23@1": 0.9381443298969072, "04T35@2": 0.6418511066398389, "05T23@2": 0.6114180478821364, "BUYER": 0.0, "SELLER": 0.0}