{"00T12@0": 0.0, "01T37@0": 0.0, "02T29@1": 0.0, "03T37@1": 0.0, "04T29@2": 0.0, "05T12@2": 0.047619047619047616, "06T37@3": 0.8791208791208791, "07T12@3": 0.046153846153846136, "08T29@4": 1.0, "09T23@4": 0.6795952782462055, "BUYER": 0.0, "SELLER": 0.0}