{"00T38@0": 0.0, "01T35@0": 0.43842364532019706, "02T34@1": 0.38167938931297724, "03T38@1": 0.0, "04T34@2": 1.0, "05T35@2": 0.3349514563106798, "06T34@3": 0.43442622950819676, "07T35@3": 0.5568862275449099, "08T38@4": 0.0, "09T22@4": 0.023809523809523798, "BUYER": 0.0, "SELLER": 0.0}