{"00T12@0": 0.0, "01T37@0": 0.0, "02T12@1": 0.0, "03T37@1": 0.0, "04T40@2": 0.5425531914893615, "05T40@2": 0.48314606741573035, "06T12@3": 0.0, "07T23@3": 1.0, "08T40@4": 0.8186274509803922, "09T37@4": 0.09543568464730295, "BUYER": 0.0, "SELLER": 0.0}