{"00T35@0": 0.7127371273712734, "01T22@0": 0.12799999999999992, "02T41@1": 0.2060810810810811, "03T35@1": 0.7237569060773479, "04T37@2": 0.06878306878306878, "05T35@2": 0.7209302325581395, "BUYER": 0.0, "SELLER": 0.0}