{"time_limit": 10800, "spot_discount": 0.9, "spot_market_global_loss": 0.2, "neg_quota_step": 264, "n_processes": 4, "n_products": 5, "n_steps": 66, "financial_reports_period": 5, "exogenous_horizon": 25, "max_productivity": 1.0, "catalog_prices": [10, 15, 26, 39, 50], "cash_availability": [1.5, 2.5], "expected_productivity": 0.9393939393939394, "expected_mean_profit": 0.10557231011924094, "initial_balance": [13513, 13513, 21476, 21476, 29921, 29921, 42855, 42855]}