{"00T37@0": 0.0, "01T22@0": 0.012578616352201245, "02T22@1": 0.624, "03T35@1": 0.9488636363636364, "04T41@2": 0.0, "05T35@2": 0.755490483162519, "BUYER": 0.0, "SELLER": 0.0}