{"00T37@0": 0.0066079295154184954, "01T19@0": 0.0, "02T37@1": 0.029411764705882353, "03T19@1": 0.0, "04T19@2": 1.0, "05T37@2": 0.10109289617486344, "BUYER": 0.0, "SELLER": 0.0}