{"time_limit": 10800, "spot_discount": 0.9, "spot_market_global_loss": 0.2, "neg_quota_step": 279, "n_processes": 4, "n_products": 5, "n_steps": 62, "financial_reports_period": 5, "exogenous_horizon": 17, "max_productivity": 1.0, "catalog_prices": [10, 15, 20, 29, 43], "cash_availability": [1.5, 2.5], "expected_productivity": 0.8315412186379928, "expected_mean_profit": 0.08883734107730991, "initial_balance": [16369, 16369, 22224, 22224, 30849, 30849, 29004, 29004, 29004]}