{"00T34@0": 0.15745192307692307, "01T35@0": 0.07958921694480106, "02T35@1": 0.674496644295302, "03T35@1": 0.6989619377162628, "04T09@2": 0.0, "05T35@2": 0.6425925925925923, "BUYER": 0.0, "SELLER": 0.0}