{"00T26@0": 0.041501976284584984, "01T22@0": 0.1405622489959839, "02T22@1": 0.2465753424657534, "03T35@1": 0.673003802281369, "04T08@2": 0.2768166089965398, "05T35@2": 0.670955882352941, "BUYER": 0.0, "SELLER": 0.0}