{"00T34@0": 0.03863987635239567, "01T22@0": 0.10039630118890364, "02T22@1": 0.3554216867469884, "03T35@1": 0.6184971098265898, "04T20@2": 0.6585014409221904, "05T35@2": 0.6552901023890784, "BUYER": 0.0, "SELLER": 0.0}