{"00T09@0": 0.0, "01T37@0": 0.0, "02T09@1": 0.0, "03T37@1": 0.007575757575757576, "04T37@2": 0.0634005763688761, "05T09@2": 0.0, "BUYER": 0.0, "SELLER": 0.0}