{"00T20@0": 0.0, "01T35@0": 0.19762845849802374, "02T36@1": 0.17021276595744678, "03T20@1": 0.0, "04T36@2": 0.5769230769230772, "05T20@2": 0.0, "06T36@3": 0.04455445544554455, "07T23@3": 0.7756653992395437, "BUYER": 0.0, "SELLER": 0.0}