{"00T35@0": 0.0, "01T23@0": 0.0, "02T23@1": 1.0, "03T35@1": 1.0, "04T24@2": 1.0, "05T22@2": 0.0029673590504451, "06T34@3": 1.0, "07T22@3": 0.12312312312312308, "BUYER": 0.0, "SELLER": 0.0}