{"00T41@0": 0.08450704225352108, "01T35@0": 0.6938502673796791, "02T35@1": 0.6446991404011456, "03T35@1": 0.6407185628742519, "04T08@2": 0.0, "05T35@2": 0.6865261228230983, "BUYER": 0.0, "SELLER": 0.0}