{"00T34@0": 0.16666666666666666, "01T22@0": 0.024390243902439025, "02T35@1": 0.8181818181818182, "03T22@1": 0.6, "04T15@2": 0.0, "05T35@2": 0.0, "06T35@3": 0.7777777777777778, "07T35@3": 0.813953488372093, "BUYER": 0.0, "SELLER": 0.0}