{"00T18@0": 0.0, "01T22@0": 0.0277136258660508, "02T18@1": 0.0, "03T22@1": 0.5169082125603865, "04T41@2": 0.0, "05T22@2": 0.11818181818181818, "06T18@3": 0.0, "07T41@3": 0.3914728682170542, "08T41@4": 0.08203125000000001, "09T35@4": 0.8275862068965517, "BUYER": 0.0, "SELLER": 0.0}