{"time_limit": 10800, "spot_discount": 0.9, "spot_market_global_loss": 0.2, "neg_quota_step": 279, "n_processes": 4, "n_products": 5, "n_steps": 62, "financial_reports_period": 5, "exogenous_horizon": 23, "max_productivity": 1.0, "catalog_prices": [10, 20, 26, 36, 45], "cash_availability": [1.5, 2.5], "expected_productivity": 0.8315412186379928, "expected_mean_profit": 0.07639218165533955, "initial_balance": [18938, 18938, 25065, 25065, 34645, 34645, 29819, 29819, 29819]}