{"00T37@0": 0.0, "01T35@0": 0.11501597444089455, "02T16@1": 0.0, "03T37@1": 0.023076923076923057, "04T16@2": 0.0, "05T35@2": 0.0, "06T16@3": 0.0, "07T35@3": 1.0, "08T37@4": 0.43455497382198954, "09T22@4": 0.0875576036866359, "BUYER": 0.0, "SELLER": 0.0}