{"00T06@0": 0.0, "01T41@0": 0.1242603550295858, "02T41@1": 0.013157894736842103, "03T23@1": 0.04819277108433733, "04T06@2": 0.043478260869565216, "05T06@2": 0.0, "06T23@3": 0.983957219251337, "07T35@3": 0.9867549668874173, "08T41@4": 0.0, "09T23@4": 0.6938053097345133, "BUYER": 0.0, "SELLER": 0.0}