{"00T23@0": 0.11463414634146342, "01T35@0": 0.19534883720930232, "02T34@1": 0.2303370786516855, "03T35@1": 0.7419354838709677, "04T29@2": 0.0, "05T23@2": 0.7527272727272726, "06T35@3": 0.7792792792792798, "07T23@3": 0.7847826086956526, "BUYER": 0.0, "SELLER": 0.0}