{"00T22@0": 0.0, "01T22@0": 0.0, "02T06@1": 0.0, "03T34@1": 0.9391304347826087, "04T22@2": 0.7198795180722894, "05T35@2": 0.8798449612403101, "06T35@3": 0.6407185628742514, "07T35@3": 0.6583210603829162, "BUYER": 0.0, "SELLER": 0.0}