{"00T35@0": 0.19999999999999993, "01T22@0": 0.1417910447761194, "02T17@1": 0.33599999999999997, "03T35@1": 0.8647058823529412, "04T08@2": 0.15819209039548024, "05T35@2": 0.5974358974358974, "BUYER": 0.0, "SELLER": 0.0}