{"time_limit": 10800, "spot_discount": 0.9, "spot_market_global_loss": 0.2, "neg_quota_step": 552, "n_processes": 4, "n_products": 5, "n_steps": 138, "financial_reports_period": 5, "exogenous_horizon": 44, "max_productivity": 1.0, "catalog_prices": [10, 19, 24, 31, 48], "cash_availability": [1.5, 2.5], "expected_productivity": 0.9710144927536232, "expected_mean_profit": 0.05721567735277341, "initial_balance": [47281, 47281, 66193, 66193, 78847, 78847, 110970, 110970]}