{"00T24@0": 0.02972972972972969, "01T22@0": 0.0, "02T38@1": 0.03846153846153847, "03T38@1": 0.06578947368421052, "04T24@2": 0.8536585365853661, "05T23@2": 0.5982142857142856, "06T24@3": 0.9699570815450643, "07T38@3": 0.0, "BUYER": 0.0, "SELLER": 0.0}