{"time_limit": 10800, "spot_discount": 0.9, "spot_market_global_loss": 0.2, "neg_quota_step": 316, "n_processes": 4, "n_products": 5, "n_steps": 79, "financial_reports_period": 5, "exogenous_horizon": 34, "max_productivity": 1.0, "catalog_prices": [10, 23, 30, 39, 53], "cash_availability": [1.5, 2.5], "expected_productivity": 0.9493670886075949, "expected_mean_profit": 0.09153081979777732, "initial_balance": [27291, 27291, 34865, 34865, 46191, 46191, 61268, 61268]}