{"00T35@0": 0.34873323397913564, "01T22@0": 0.0377019748653501, "02T02@1": 0.4401913875598087, "03T22@1": 0.06801007556675072, "04T23@2": 0.8170289855072465, "05T23@2": 0.784499054820416, "06T12@3": 0.0, "07T23@3": 0.5246913580246915, "BUYER": 0.0, "SELLER": 0.0}