{"00T20@0": 0.0, "01T35@0": 0.2767857142857143, "02T20@1": 0.7065217391304348, "03T34@1": 0.28888888888888903, "04T34@2": 0.5661375661375659, "05T35@2": 0.8301886792452831, "06T20@3": 0.38721804511278196, "07T35@3": 0.5802469135802468, "08T34@4": 0.4010152284263959, "09T22@4": 0.0, "BUYER": 0.0, "SELLER": 0.0}