{"00T22@0": 0.0, "01T35@0": 0.0, "02T29@1": 0.0, "03T19@1": 0.0, "04T35@2": 1.0, "05T23@2": 1.0, "06T23@3": 0.5367647058823528, "07T23@3": 0.5657276995305166, "BUYER": 0.0, "SELLER": 0.0}