{"00T20@0": 0.04534606205250595, "01T22@0": 0.15594541910331378, "02T22@1": 0.4184782608695653, "03T35@1": 0.5919282511210765, "04T06@2": 0.0, "05T35@2": 0.6431159420289853, "BUYER": 0.0, "SELLER": 0.0}