{"00T22@0": 0.0, "01T22@0": 0.0, "02T37@1": 0.12621359223300974, "03T29@1": 0.0, "04T23@2": 0.7155963302752295, "05T35@2": 0.746753246753247, "06T22@3": 0.0, "07T23@3": 0.7938144329896907, "08T22@4": 0.0, "09T35@4": 0.7754777070063689, "BUYER": 0.0, "SELLER": 0.0}