{"00T20@0": 0.0, "01T29@0": 0.0, "02T22@1": 0.6875, "03T23@1": 1.0, "04T23@2": 0.6645962732919253, "05T35@2": 0.6733333333333335, "06T35@3": 0.6872852233676975, "07T35@3": 0.6890459363957595, "08T35@4": 0.5490981963927856, "09T22@4": 0.0, "BUYER": 0.0, "SELLER": 0.0}