{"00T37@0": 0.036585365853658555, "01T15@0": 0.161904761904762, "02T15@1": 0.3103448275862069, "03T15@1": 0.3157894736842106, "04T37@2": 0.019027484143763214, "05T37@2": 0.07444668008048291, "BUYER": 0.0, "SELLER": 0.0}