{"00T26@0": 0.04109589041095892, "01T27@0": 0.0, "02T23@1": 0.8861788617886179, "03T22@1": 0.2666666666666666, "04T35@2": 0.6637168141592917, "05T22@2": 0.46355685131195346, "06T35@3": 0.6812749003984065, "07T35@3": 0.6572008113590255, "BUYER": 0.0, "SELLER": 0.0}