{"00T40@0": 0.2685185185185183, "01T35@0": 0.27083333333333337, "02T37@1": 0.06369426751592357, "03T22@1": 0.05789473684210532, "04T37@2": 0.05056179775280899, "05T40@2": 0.2666666666666667, "06T40@3": 0.7903225806451613, "07T37@3": 0.22272727272727283, "08T35@4": 0.5827338129496399, "09T35@4": 0.5741626794258374, "BUYER": 0.0, "SELLER": 0.0}