{"time_limit": 10800, "spot_discount": 0.9, "spot_market_global_loss": 0.2, "neg_quota_step": 445, "n_processes": 5, "n_products": 6, "n_steps": 89, "financial_reports_period": 5, "exogenous_horizon": 35, "max_productivity": 1.0, "catalog_prices": [10, 21, 32, 48, 55, 66], "cash_availability": [1.5, 2.5], "expected_productivity": 0.9438202247191011, "expected_mean_profit": 0.08284430265196252, "initial_balance": [29190, 29190, 44644, 44644, 63703, 63703, 86712, 86712, 101736, 101736]}