{"00T23@0": 0.44404332129963914, "01T35@0": 0.24810606060606072, "02T22@1": 0.002702702702702698, "03T35@1": 0.8320312500000002, "04T29@2": 0.0, "05T36@2": 0.04245283018867924, "06T23@3": 0.8820512820512822, "07T22@3": 0.484375, "08T23@4": 0.650847457627119, "09T22@4": 0.0, "BUYER": 0.0, "SELLER": 0.0}