{"time_limit": 10800, "spot_discount": 0.9, "spot_market_global_loss": 0.2, "neg_quota_step": 372, "n_processes": 4, "n_products": 5, "n_steps": 62, "financial_reports_period": 5, "exogenous_horizon": 28, "max_productivity": 1.0, "catalog_prices": [10, 15, 23, 32, 45], "cash_availability": [1.5, 2.5], "expected_productivity": 1.2473118279569892, "expected_mean_profit": 0.08022098312197937, "initial_balance": [18168, 18168, 18168, 18168, 52426, 52426, 69101, 69101, 47594, 47594, 47594, 47594]}