{"00T35@0": 0.0, "01T35@0": 0.0, "02T23@1": 0.8279569892473119, "03T23@1": 0.9010989010989011, "04T35@2": 0.9504132231404959, "05T22@2": 0.0, "06T37@3": 0.0, "07T19@3": 1.0, "BUYER": 0.0, "SELLER": 0.0}