{"00T12@0": 0.0, "01T02@0": 0.11711711711711716, "02T29@1": 0.0, "03T35@1": 0.1742424242424243, "04T12@2": 0.0, "05T12@2": 0.0, "06T29@3": 0.0, "07T29@3": 0.0, "08T02@4": 1.0, "09T02@4": 1.0, "BUYER": 0.0, "SELLER": 0.0}