{"00T35@0": 0.2709284627092846, "01T35@0": 0.2644873699851411, "02T35@1": 1.0, "03T22@1": 0.3321739130434784, "04T35@2": 0.776470588235294, "05T35@2": 0.7744186046511625, "06T41@3": 0.0, "07T18@3": 0.3557692307692306, "BUYER": 0.0, "SELLER": 0.0}