{"00T29@0": 0.0, "01T35@0": 0.24621212121212122, "02T23@1": 1.0, "03T22@1": 0.6899224806201552, "04T35@2": 0.24793388429752078, "05T23@2": 0.21656050955414013, "06T24@3": 1.0, "07T23@3": 0.7142857142857145, "08T23@4": 0.7279411764705884, "09T35@4": 0.7655677655677652, "BUYER": 0.0, "SELLER": 0.0}