{"00T35@0": 0.36649659863945566, "01T35@0": 0.3719723183391001, "02T35@1": 0.0, "03T22@1": 0.3056668574699479, "04T35@2": 0.0, "05T35@2": 0.0, "06T29@3": 1.0, "07T24@3": 1.0, "BUYER": 0.0, "SELLER": 0.0}