,balance,assets,bankrupt,agent_id,step
0,1727.0,160.0,False,00T09@0,0.0
1,1357.0,974.7169811320756,False,00T09@0,5.0
2,1687.0,220.0,False,01T36@0,0.0
3,1725.0,541.5094339622642,False,01T36@0,5.0
4,2908.0,0.0,False,02T09@1,0.0
5,2908.0,0.0,False,02T09@1,5.0
6,2908.0,0.0,False,03T36@1,0.0
7,2832.0,120.57142857142857,False,03T36@1,5.0
8,3554.0,0.0,False,04T36@2,0.0
9,3301.0,0.0,False,04T36@2,5.0
10,3554.0,0.0,False,05T09@2,0.0
11,3554.0,0.0,False,05T09@2,5.0
12,,,,,
13,,,,,
14,,,,,
15,,,,,
