{"00T15@0": 0.16534653465346544, "01T35@0": 0.11547619047619058, "02T35@1": 0.7804487179487177, "03T35@1": 0.7702265372168283, "04T03@2": 0.15474209650582352, "05T35@2": 0.725912067352666, "BUYER": 0.0, "SELLER": 0.0}