{"00T05@0": 0.0, "01T12@0": 0.0, "02T23@1": 0.4707520891364899, "03T35@1": 0.13953488372093015, "04T12@2": 0.0, "05T35@2": 0.0, "06T05@3": 0.0, "07T05@3": 0.0, "08T12@4": 0.0, "09T35@4": 1.0, "BUYER": 0.0, "SELLER": 0.0}