{"time_limit": 10800, "spot_discount": 0.9, "spot_market_global_loss": 0.2, "neg_quota_step": 340, "n_processes": 5, "n_products": 6, "n_steps": 68, "financial_reports_period": 5, "exogenous_horizon": 23, "max_productivity": 1.0, "catalog_prices": [10, 17, 30, 43, 58, 70], "cash_availability": [1.5, 2.5], "expected_productivity": 0.9264705882352942, "expected_mean_profit": 0.08620327225589461, "initial_balance": [19669, 19669, 33648, 33648, 50788, 50788, 63501, 63501, 89281, 89281]}