{"00T19@0": 0.0, "01T22@0": 0.0, "02T24@1": 0.7, "03T19@1": 0.0, "04T24@2": 0.0, "05T23@2": 0.2222222222222222, "06T19@3": 1.0, "07T24@3": 0.9478260869565217, "BUYER": 0.0, "SELLER": 0.0}