{"00T40@0": 0.0, "01T12@0": 0.0, "02T22@1": 0.9904761904761905, "03T35@1": 0.9012345679012346, "04T35@2": 0.6644736842105265, "05T23@2": 0.6488549618320612, "BUYER": 0.0, "SELLER": 0.0}