{"00T20@0": 0.0, "01T37@0": 0.0947867298578199, "02T23@1": 0.020202020202020197, "03T35@1": 0.08333333333333333, "04T35@2": 0.9090909090909091, "05T23@2": 1.0, "06T23@3": 0.7716535433070866, "07T35@3": 0.7962962962962963, "08T12@4": 0.0, "09T29@4": 1.0, "BUYER": 0.0, "SELLER": 0.0}