{"00T22@0": 0.14159292035398224, "01T35@0": 0.1597938144329897, "02T22@1": 0.3925233644859813, "03T23@1": 0.565573770491803, "04T35@2": 0.6785714285714286, "05T35@2": 0.6653846153846156, "06T38@3": 0.0, "07T36@3": 0.5433333333333333, "08T22@4": 0.15555555555555567, "09T22@4": 0.023746701846965697, "BUYER": 0.0, "SELLER": 0.0}