{"00T26@0": 0.0, "01T40@0": 0.0, "02T26@1": 0.42857142857142855, "03T40@1": 0.3333333333333333, "04T40@2": 0.6666666666666666, "05T26@2": 0.7619047619047619, "BUYER": 0.0, "SELLER": 0.0}