{"time_limit": 10800, "spot_discount": 0.9, "spot_market_global_loss": 0.2, "neg_quota_step": 265, "n_processes": 5, "n_products": 6, "n_steps": 53, "financial_reports_period": 5, "exogenous_horizon": 11, "max_productivity": 1.0, "catalog_prices": [10, 17, 21, 34, 48, 54], "cash_availability": [1.5, 2.5], "expected_productivity": 0.9056603773584906, "expected_mean_profit": 0.07222347408285056, "initial_balance": [12564, 12564, 15929, 15929, 24275, 24275, 38005, 38005, 46800, 46800]}