{"00T35@0": 0.33460076045627374, "01T35@0": 0.3412698412698414, "02T22@1": 0.5183246073298425, "03T22@1": 0.38978494623655924, "04T22@2": 0.010791366906474817, "05T22@2": 0.0, "06T29@3": 0.0, "07T38@3": 0.0, "08T22@4": 0.777310924369748, "09T22@4": 0.8287037037037038, "BUYER": 0.0, "SELLER": 0.0}