{"00T41@0": 0.19230769230769232, "01T35@0": 0.6767485822306241, "02T36@1": 0.24822695035460987, "03T22@1": 0.339622641509434, "04T22@2": 0.011160714285714282, "05T22@2": 0.01612903225806452, "BUYER": 0.0, "SELLER": 0.0}