{"time_limit": 10800, "spot_discount": 0.9, "spot_market_global_loss": 0.2, "neg_quota_step": 480, "n_processes": 5, "n_products": 6, "n_steps": 96, "financial_reports_period": 5, "exogenous_horizon": 24, "max_productivity": 1.0, "catalog_prices": [10, 20, 31, 42, 62, 75], "cash_availability": [1.5, 2.5], "expected_productivity": 0.9479166666666666, "expected_mean_profit": 0.1148422582772539, "initial_balance": [25451, 25451, 40348, 40348, 54571, 54571, 70514, 70514, 98735, 98735]}