{"time_limit": 10800, "spot_discount": 0.9, "spot_market_global_loss": 0.2, "neg_quota_step": 408, "n_processes": 4, "n_products": 5, "n_steps": 102, "financial_reports_period": 5, "exogenous_horizon": 50, "max_productivity": 1.0, "catalog_prices": [10, 18, 24, 32, 40], "cash_availability": [1.5, 2.5], "expected_productivity": 0.9607843137254902, "expected_mean_profit": 0.08899548269920365, "initial_balance": [23966, 23966, 30482, 30482, 42839, 42839, 53024, 53024]}