{"00T23@0": 0.0, "01T22@0": 0.3389830508474577, "02T35@1": 0.5948275862068965, "03T35@1": 0.5938864628820963, "04T22@2": 0.08309455587392552, "05T23@2": 0.811715481171548, "06T22@3": 0.291089108910891, "07T35@3": 0.7672413793103449, "08T37@4": 0.012690355329949233, "09T36@4": 0.0, "BUYER": 0.0, "SELLER": 0.0}