{"00T34@0": 0.11961722488038293, "01T22@0": 0.25641025641025667, "02T35@1": 0.1565217391304348, "03T35@1": 0.04716981132075472, "04T16@2": 0.0, "05T35@2": 1.0, "06T22@3": 0.003367003367003364, "07T22@3": 0.0062893081761006215, "BUYER": 0.0, "SELLER": 0.0}