{"00T36@0": 0.1592039800995023, "01T22@0": 0.15700483091787426, "02T22@1": 0.29276315789473684, "03T35@1": 0.6271186440677965, "04T06@2": 0.0, "05T35@2": 0.5437392795883363, "BUYER": 0.0, "SELLER": 0.0}