{"00T22@0": 0.2661596958174904, "01T35@0": 0.3568627450980392, "02T22@1": 0.3461538461538461, "03T23@1": 0.0684931506849315, "04T35@2": 0.5154639175257731, "05T35@2": 0.514018691588785, "06T41@3": 0.014705882352941176, "07T29@3": 0.0, "08T22@4": 0.2180451127819549, "09T22@4": 0.3888888888888889, "BUYER": 0.0, "SELLER": 0.0}