{"time_limit": 10800, "spot_discount": 0.9, "spot_market_global_loss": 0.2, "neg_quota_step": 340, "n_processes": 5, "n_products": 6, "n_steps": 68, "financial_reports_period": 5, "exogenous_horizon": 27, "max_productivity": 1.0, "catalog_prices": [10, 20, 29, 41, 52, 58], "cash_availability": [1.5, 2.5], "expected_productivity": 0.9264705882352942, "expected_mean_profit": 0.08224543080939947, "initial_balance": [19072, 19072, 26758, 26758, 38256, 38256, 52672, 52672, 58955, 58955]}