{"00T34@0": 0.06204379562043796, "01T34@0": 0.07973421926910301, "02T26@1": 0.16981132075471697, "03T22@1": 0.1836734693877551, "04T34@2": 0.9090909090909091, "05T26@2": 0.20800000000000002, "06T26@3": 0.07357859531772576, "07T22@3": 0.0, "BUYER": 0.0, "SELLER": 0.0}