{"00T10@0": 0.15384615384615385, "01T22@0": 0.19230769230769232, "02T35@1": 0.86046511627907, "03T22@1": 0.0, "04T36@2": 0.0, "05T35@2": 0.3333333333333333, "06T35@3": 0.6206896551724138, "07T35@3": 0.6896551724137931, "BUYER": 0.0, "SELLER": 0.0}