{"00T23@0": 0.03649635036496352, "01T22@0": 0.2849829351535836, "02T35@1": 0.655913978494624, "03T35@1": 0.6957928802588992, "04T36@2": 0.0, "05T23@2": 0.6322580645161289, "06T34@3": 0.5547703180212014, "07T35@3": 0.6423841059602651, "BUYER": 0.0, "SELLER": 0.0}