{"00T22@0": 0.03316326530612244, "01T22@0": 0.0515463917525773, "02T24@1": 1.0, "03T35@1": 0.6299212598425197, "04T22@2": 0.16993464052287585, "05T35@2": 0.9038461538461539, "06T07@3": 0.0263157894736842, "07T35@3": 0.6772486772486769, "08T23@4": 0.7385620915032681, "09T23@4": 0.7533039647577088, "BUYER": 0.0, "SELLER": 0.0}