{"time_limit": 10800, "spot_discount": 0.9, "spot_market_global_loss": 0.2, "neg_quota_step": 395, "n_processes": 5, "n_products": 6, "n_steps": 79, "financial_reports_period": 5, "exogenous_horizon": 24, "max_productivity": 1.0, "catalog_prices": [10, 19, 30, 40, 53, 68], "cash_availability": [1.5, 2.5], "expected_productivity": 0.9367088607594937, "expected_mean_profit": 0.11342043644751097, "initial_balance": [18991, 18991, 25917, 25917, 38373, 38373, 50438, 50438, 66580, 66580]}