{"00T14@0": 0.0, "01T14@0": 0.0, "02T17@1": 1.0, "03T22@1": 1.0, "04T14@2": 0.0, "05T17@2": 0.35080645161290336, "06T17@3": 0.06451612903225802, "07T22@3": 0.02717391304347826, "BUYER": 0.0, "SELLER": 0.0}