{"00T22@0": 0.0, "01T22@0": 0.0022421524663677104, "02T20@1": 0.15591397849462374, "03T34@1": 0.6764705882352942, "04T22@2": 0.7557003257328989, "05T35@2": 0.8666666666666667, "06T35@3": 0.676829268292683, "07T35@3": 0.6825153374233125, "BUYER": 0.0, "SELLER": 0.0}