{"00T22@0": 0.223529411764706, "01T22@0": 0.21593090211132443, "02T35@1": 0.2793296089385473, "03T35@1": 0.319209039548023, "04T36@2": 0.49843260188087773, "05T16@2": 0.0, "06T22@3": 0.014254385964912247, "07T35@3": 0.9152016546018614, "BUYER": 0.0, "SELLER": 0.0}