{"time_limit": 10800, "spot_discount": 0.9, "spot_market_global_loss": 0.2, "neg_quota_step": 505, "n_processes": 5, "n_products": 6, "n_steps": 101, "financial_reports_period": 5, "exogenous_horizon": 37, "max_productivity": 1.0, "catalog_prices": [10, 17, 29, 41, 50, 67], "cash_availability": [1.5, 2.5], "expected_productivity": 0.9504950495049505, "expected_mean_profit": 0.12787069395906142, "initial_balance": [21133, 21133, 38567, 38567, 51096, 51096, 66945, 66945, 78643, 78643]}