{"00T20@0": 0.1749049429657795, "01T35@0": 0.2679245283018868, "02T29@1": 0.0, "03T35@1": 0.7190082644628103, "04T23@2": 0.7482014388489205, "05T23@2": 0.7482014388489212, "BUYER": 0.0, "SELLER": 0.0}