{"00T33@0": 0.03375527426160335, "01T06@0": 0.0, "02T06@1": 0.0, "03T22@1": 0.09782608695652174, "04T06@2": 0.0, "05T33@2": 0.27067669172932335, "06T33@3": 0.06030150753768842, "07T22@3": 0.0601092896174864, "BUYER": 0.0, "SELLER": 0.0}