{"00T36@0": 0.16402116402116415, "01T20@0": 0.15873015873015878, "02T20@1": 0.6526315789473682, "03T22@1": 0.2923076923076924, "04T36@2": 0.05042016806722689, "05T36@2": 0.04672897196261682, "06T20@3": 0.9745222929936306, "07T22@3": 0.059633027522935804, "BUYER": 0.0, "SELLER": 0.0}