{"00T29@0": 0.0, "01T22@0": 0.18303571428571427, "02T35@1": 0.6796116504854369, "03T22@1": 0.2857142857142857, "04T35@2": 0.6703910614525143, "05T23@2": 0.7530864197530862, "06T40@3": 0.02909090909090909, "07T35@3": 0.7154150197628458, "BUYER": 0.0, "SELLER": 0.0}