{"00T12@0": 0.018912529550827423, "01T02@0": 0.06382978723404253, "02T12@1": 0.00748129675810473, "03T22@1": 0.684782608695652, "04T02@2": 0.23297491039426524, "05T22@2": 0.00909090909090909, "06T12@3": 0.04142011834319529, "07T35@3": 0.6609195402298849, "08T02@4": 0.702127659574468, "09T35@4": 0.6553911205073996, "BUYER": 0.0, "SELLER": 0.0}