{"00T22@0": 0.053125, "01T35@0": 0.23017902813299226, "02T15@1": 0.47272727272727283, "03T29@1": 0.0, "04T35@2": 0.7513966480446924, "05T35@2": 0.7474999999999994, "BUYER": 0.0, "SELLER": 0.0}