{"00T23@0": 0.5104022191400837, "01T23@0": 0.5110192837465565, "02T36@1": 0.0, "03T12@1": 0.0, "04T36@2": 0.22580645161290325, "05T12@2": 0.034, "06T36@3": 0.3597122302158272, "07T12@3": 0.0, "BUYER": 0.0, "SELLER": 0.0}