{"00T23@0": 0.2006920415224914, "01T35@0": 0.17391304347826098, "02T37@1": 0.007575757575757576, "03T23@1": 0.9178082191780822, "04T36@2": 0.1971153846153846, "05T35@2": 0.8426966292134831, "06T22@3": 0.0, "07T23@3": 0.6768292682926829, "BUYER": 0.0, "SELLER": 0.0}