{"time_limit": 10800, "spot_discount": 0.9, "spot_market_global_loss": 0.2, "neg_quota_step": 212, "n_processes": 4, "n_products": 5, "n_steps": 53, "financial_reports_period": 5, "exogenous_horizon": 20, "max_productivity": 1.0, "catalog_prices": [10, 20, 26, 35, 44], "cash_availability": [1.5, 2.5], "expected_productivity": 0.9245283018867925, "expected_mean_profit": 0.062357544446132805, "initial_balance": [16983, 16983, 22598, 22598, 30334, 30334, 35381, 35381]}