{"00T22@0": 0.07958477508650522, "01T23@0": 0.05479452054794523, "02T24@1": 0.9090909090909091, "03T23@1": 0.6688311688311687, "04T34@2": 0.6666666666666665, "05T35@2": 0.7754491017964074, "BUYER": 0.0, "SELLER": 0.0}