{"00T41@0": 0.08618504435994932, "01T35@0": 0.7114285714285714, "02T35@1": 0.7388663967611339, "03T35@1": 0.7450199203187249, "04T38@2": 0.08281053952321205, "05T35@2": 0.6835326586936531, "BUYER": 0.0, "SELLER": 0.0}