{"00T26@0": 0.02850356294536819, "01T19@0": 0.0, "02T35@1": 0.9337748344370861, "03T22@1": 0.46017699115044225, "04T35@2": 0.6292585170340685, "05T22@2": 0.0, "BUYER": 0.0, "SELLER": 0.0}