{"00T12@0": 0.0, "01T35@0": 0.0, "02T05@1": 0.0, "03T35@1": 0.39303482587064675, "04T22@2": 0.4664429530201342, "05T22@2": 0.4558303886925797, "BUYER": 0.0, "SELLER": 0.0}