{"00T34@0": 0.08736349453978155, "01T35@0": 0.7763779527559054, "02T35@1": 0.6788079470198676, "03T35@1": 0.6666666666666666, "04T24@2": 1.0, "05T35@2": 0.6449480642115202, "BUYER": 0.0, "SELLER": 0.0}