{"00T22@0": 0.6779411764705887, "01T22@0": 0.604081632653061, "02T35@1": 0.17647058823529405, "03T35@1": 0.16915422885572132, "04T24@2": 1.0, "05T06@2": 0.0, "06T22@3": 0.9870967741935484, "07T35@3": 0.9692671394799054, "BUYER": 0.0, "SELLER": 0.0}