{"time_limit": 10800, "spot_discount": 0.9, "spot_market_global_loss": 0.2, "neg_quota_step": 620, "n_processes": 4, "n_products": 5, "n_steps": 155, "financial_reports_period": 5, "exogenous_horizon": 64, "max_productivity": 1.0, "catalog_prices": [10, 20, 30, 44, 49], "cash_availability": [1.5, 2.5], "expected_productivity": 0.9741935483870968, "expected_mean_profit": 0.06518988283983149, "initial_balance": [44433, 44433, 69134, 69134, 101544, 101544, 120754, 120754]}