{"00T37@0": 0.0, "01T23@0": 0.22715404699738903, "02T37@1": 0.005988023952095809, "03T29@1": 0.0, "04T37@2": 0.10227272727272728, "05T29@2": 0.0, "06T29@3": 1.0, "07T22@3": 0.15053763440860204, "BUYER": 0.0, "SELLER": 0.0}