{"time_limit": 10800, "spot_discount": 0.9, "spot_market_global_loss": 0.2, "neg_quota_step": 480, "n_processes": 5, "n_products": 6, "n_steps": 96, "financial_reports_period": 5, "exogenous_horizon": 20, "max_productivity": 1.0, "catalog_prices": [10, 19, 28, 39, 52, 68], "cash_availability": [1.5, 2.5], "expected_productivity": 0.9479166666666666, "expected_mean_profit": 0.0687022383426993, "initial_balance": [35201, 35201, 48765, 48765, 70507, 70507, 91627, 91627, 122789, 122789]}