{"00T23@0": 0.0, "01T23@0": 0.0, "02T35@1": 1.0, "03T23@1": 1.0, "04T37@2": 0.048951048951048945, "05T22@2": 0.2849315068493151, "06T35@3": 0.551569506726457, "07T35@3": 0.4926829268292683, "08T36@4": 0.0, "09T22@4": 0.0, "BUYER": 0.0, "SELLER": 0.0}