{"00T29@0": 0.0, "01T22@0": 0.2903225806451613, "02T35@1": 0.7058823529411765, "03T22@1": 0.6666666666666666, "04T20@2": 0.45714285714285713, "05T35@2": 0.25, "06T35@3": 0.6086956521739131, "07T35@3": 0.9285714285714286, "BUYER": 0.0, "SELLER": 0.0}