{"00T24@0": 0.0, "01T22@0": 0.16811594202898555, "02T24@1": 0.0, "03T35@1": 0.552, "04T34@2": 0.09090909090909091, "05T34@2": 0.09090909090909091, "06T24@3": 0.9192546583850931, "07T34@3": 1.0, "BUYER": 0.0, "SELLER": 0.0}