{"00T16@0": 0.0, "01T35@0": 0.0694645441389291, "02T35@1": 0.9004739336492891, "03T35@1": 0.8761467889908257, "04T24@2": 1.0, "05T35@2": 0.6286549707602335, "BUYER": 0.0, "SELLER": 0.0}