{"00T34@0": 0.041884816753926704, "01T35@0": 0.16081540203850503, "02T35@1": 0.7682119205298015, "03T35@1": 0.8206896551724135, "04T15@2": 0.0, "05T35@2": 0.7564717162032599, "BUYER": 0.0, "SELLER": 0.0}