{"00T35@0": 0.23315363881401624, "01T35@0": 0.24027777777777778, "02T35@1": 0.0, "03T22@1": 0.5424354243542441, "04T35@2": 0.5295454545454545, "05T35@2": 0.513215859030837, "06T41@3": 0.0, "07T37@3": 0.011009174311926611, "BUYER": 0.0, "SELLER": 0.0}