{"00T36@0": 0.0036900369003689997, "01T38@0": 0.023809523809523808, "02T38@1": 0.08231707317073171, "03T36@1": 0.0, "04T36@2": 0.14364640883977906, "05T38@2": 0.0, "BUYER": 0.0, "SELLER": 0.0}