{"00T22@0": 0.1666666666666667, "01T23@0": 0.23893805309734514, "02T23@1": 0.7094594594594594, "03T22@1": 0.2900432900432902, "04T41@2": 0.4941176470588233, "05T23@2": 0.636363636363636, "06T24@3": 0.8309859154929579, "07T35@3": 0.5720524017467249, "BUYER": 0.0, "SELLER": 0.0}