{"00T10@0": 0.09177215189873425, "01T22@0": 0.07974481658692188, "02T22@1": 0.578680203045685, "03T35@1": 0.6238532110091748, "04T26@2": 0.0, "05T35@2": 0.7702349869451695, "BUYER": 0.0, "SELLER": 0.0}