{"00T40@0": 0.020689655172413775, "01T06@0": 0.0, "02T06@1": 0.0, "03T40@1": 0.08571428571428572, "04T40@2": 0.39622641509433965, "05T06@2": 0.0, "BUYER": 0.0, "SELLER": 0.0}