{"00T40@0": 0.1402214022140221, "01T23@0": 0.2713414634146341, "02T24@1": 0.6666666666666666, "03T40@1": 0.023255813953488365, "04T40@2": 0.349112426035503, "05T24@2": 0.3684210526315789, "06T24@3": 0.9862068965517241, "07T23@3": 0.706703910614526, "BUYER": 0.0, "SELLER": 0.0}