{"time_limit": 10800, "spot_discount": 0.9, "spot_market_global_loss": 0.2, "neg_quota_step": 272, "n_processes": 4, "n_products": 5, "n_steps": 68, "financial_reports_period": 5, "exogenous_horizon": 33, "max_productivity": 1.0, "catalog_prices": [10, 17, 23, 34, 50], "cash_availability": [1.5, 2.5], "expected_productivity": 0.9411764705882353, "expected_mean_profit": 0.0602710644522401, "initial_balance": [22586, 22586, 27456, 27456, 44325, 44325, 60135, 60135]}