{"00T35@0": 0.2325268817204301, "01T35@0": 0.23221476510067113, "02T35@1": 0.9777777777777777, "03T22@1": 0.6401960784313718, "04T35@2": 0.4388714733542319, "05T35@2": 0.35067437379576105, "06T20@3": 0.6055900621118006, "07T07@3": 0.07237813884785821, "BUYER": 0.0, "SELLER": 0.0}