{"00T35@0": 0.25925925925925936, "01T35@0": 0.26475037821482583, "02T35@1": 0.0, "03T22@1": 0.6942783945345863, "04T35@2": 0.3076923076923077, "05T35@2": 0.31333333333333324, "06T41@3": 0.0, "07T29@3": 1.0, "BUYER": 0.0, "SELLER": 0.0}