{"00T35@0": 0.0, "01T35@0": 0.0, "02T19@1": 0.0, "03T24@1": 1.0, "04T23@2": 0.972318339100346, "05T23@2": 0.9585987261146497, "BUYER": 0.0, "SELLER": 0.0}