{"00T40@0": 0.03181818181818184, "01T17@0": 0.0, "02T40@1": 0.1403508771929824, "03T22@1": 0.12857142857142856, "04T17@2": 0.41176470588235314, "05T40@2": 0.7380952380952381, "06T17@3": 0.11538461538461543, "07T22@3": 0.0, "BUYER": 0.0, "SELLER": 0.0}