{"00T36@0": 0.004705882352941172, "01T34@0": 0.0, "02T34@1": 0.5999999999999998, "03T34@1": 0.5984848484848484, "04T36@2": 0.3707865168539329, "05T36@2": 0.3093922651933702, "06T35@3": 0.9193899782135077, "07T35@3": 0.6965648854961831, "BUYER": 0.0, "SELLER": 0.0}