{"00T29@0": 0.0, "01T37@0": 0.0, "02T29@1": 0.0, "03T37@1": 0.028368794326241134, "04T29@2": 1.0, "05T37@2": 0.13849765258215962, "BUYER": 0.0, "SELLER": 0.0}