{"00T36@0": 0.06028368794326242, "01T35@0": 0.23875432525951568, "02T18@1": 0.0, "03T36@1": 0.3598615916955015, "04T36@2": 0.036585365853658514, "05T35@2": 0.14285714285714285, "06T18@3": 0.0, "07T35@3": 0.8923076923076924, "08T18@4": 0.26737967914438504, "09T22@4": 0.0, "BUYER": 0.0, "SELLER": 0.0}