{"00T24@0": 0.007389162561576359, "01T35@0": 0.694677871148459, "02T36@1": 0.0056179775280898875, "03T22@1": 0.020942408376963345, "04T22@2": 0.4571428571428571, "05T22@2": 0.44324324324324327, "BUYER": 0.0, "SELLER": 0.0}