{"00T23@0": 0.2547332185886405, "01T23@0": 0.26570915619389585, "02T22@1": 0.22977941176470587, "03T23@1": 0.8823529411764702, "04T22@2": 0.1150234741784038, "05T22@2": 0.11791383219954639, "06T41@3": 0.35413153456998325, "07T40@3": 0.9877551020408163, "BUYER": 0.0, "SELLER": 0.0}