,balance,assets,bankrupt,agent_id,step
0,1140.0,98.0,False,00T06@0,0.0
1,1119.0,138.1818181818182,False,00T06@0,5.0
2,1170.0,56.0,False,01T21@0,0.0
3,890.0,442.1818181818182,False,01T21@0,5.0
4,2002.0,0.0,False,02T21@1,0.0
5,1872.0,210.0,False,02T21@1,5.0
6,2002.0,0.0,False,03T06@1,0.0
7,2002.0,0.0,False,03T06@1,5.0
8,2479.0,0.0,False,04T21@2,0.0
9,2233.0,0.0,False,04T21@2,5.0
10,2479.0,0.0,False,05T06@2,0.0
11,2479.0,0.0,False,05T06@2,5.0
12,,,,,
13,,,,,
14,,,,,
15,,,,,
