{"00T35@0": 0.11974110032362464, "01T23@0": 0.20320855614973254, "02T35@1": 0.8666666666666667, "03T22@1": 0.0078125, "04T05@2": 0.0, "05T22@2": 0.0, "06T12@3": 0.4666666666666667, "07T35@3": 0.8212560386473429, "08T35@4": 0.7826086956521741, "09T23@4": 0.7684210526315792, "BUYER": 0.0, "SELLER": 0.0}