{"00T37@0": 0.0787037037037037, "01T29@0": 0.0, "02T35@1": 0.8, "03T23@1": 0.8814432989690721, "04T12@2": 0.0, "05T35@2": 0.6301886792452839, "BUYER": 0.0, "SELLER": 0.0}