{"00T40@0": 0.007936507936507929, "01T22@0": 0.02822580645161292, "02T20@1": 0.0, "03T35@1": 0.8597560975609756, "04T23@2": 0.7967213114754096, "05T23@2": 0.8136645962732912, "BUYER": 0.0, "SELLER": 0.0}