{"00T08@0": 0.12333333333333335, "01T35@0": 0.748815165876777, "02T41@1": 0.28076923076923077, "03T22@1": 0.33950617283950607, "04T22@2": 0.016483516483516477, "05T22@2": 0.014204545454545449, "BUYER": 0.0, "SELLER": 0.0}