{"00T41@0": 0.050359712230215826, "01T41@0": 0.034883720930232565, "02T40@1": 0.1, "03T41@1": 0.004424778761061944, "04T40@2": 0.11965811965811969, "05T40@2": 0.23651452282157667, "BUYER": 0.0, "SELLER": 0.0}