{"00T37@0": 0.0, "01T37@0": 0.005479452054794511, "02T19@1": 0.0, "03T23@1": 0.37931034482758613, "04T37@2": 0.4120603015075377, "05T23@2": 0.0, "06T23@3": 0.0, "07T23@3": 0.0, "08T19@4": 1.0, "09T19@4": 1.0, "BUYER": 0.0, "SELLER": 0.0}