{"00T20@0": 0.22456140350877188, "01T15@0": 0.1914191419141914, "02T15@1": 0.27235772357723576, "03T15@1": 0.228, "04T20@2": 0.44502617801047123, "05T20@2": 0.42970822281167126, "BUYER": 0.0, "SELLER": 0.0}