{"00T18@0": 0.0, "01T35@0": 0.6819012797074957, "02T36@1": 0.46923076923076923, "03T18@1": 0.020671834625323005, "04T18@2": 0.0, "05T35@2": 0.32394366197183116, "06T36@3": 0.005405405405405406, "07T35@3": 1.0, "08T36@4": 0.005208333333333333, "09T22@4": 0.0, "BUYER": 0.0, "SELLER": 0.0}