{"00T22@0": 0.08055555555555559, "01T35@0": 0.2986111111111107, "02T10@1": 0.1191709844559586, "03T40@1": 0.11594202898550725, "04T35@2": 0.8433734939759037, "05T35@2": 0.845679012345679, "06T23@3": 0.7421686746987949, "07T35@3": 0.7356608478802995, "BUYER": 0.0, "SELLER": 0.0}