{"00T15@0": 0.14509803921568631, "01T22@0": 0.13333333333333328, "02T22@1": 0.17224880382775126, "03T35@1": 0.6220472440944882, "04T38@2": 0.025, "05T35@2": 0.7061538461538454, "BUYER": 0.0, "SELLER": 0.0}