{"00T41@0": 0.0, "01T38@0": 0.01070336391437309, "02T38@1": 0.08137715179968705, "03T41@1": 0.019607843137254898, "04T41@2": 0.09178743961352658, "05T38@2": 0.0, "BUYER": 0.0, "SELLER": 0.0}