{"00T22@0": 0.1879699248120301, "01T22@0": 0.17164179104477606, "02T40@1": 0.32472324723247226, "03T41@1": 0.43969849246231185, "04T23@2": 0.48606811145510836, "05T35@2": 0.4603174603174605, "06T22@3": 0.43911439114391154, "07T23@3": 0.719230769230769, "08T22@4": 0.0, "09T35@4": 0.579375848032564, "BUYER": 0.0, "SELLER": 0.0}