{"00T23@0": 0.2738853503184715, "01T35@0": 0.16190476190476188, "02T37@1": 0.0, "03T23@1": 0.8325791855203621, "04T29@2": 0.0, "05T22@2": 0.0, "06T20@3": 1.0, "07T12@3": 0.018518518518518517, "BUYER": 0.0, "SELLER": 0.0}