{"time_limit": 10800, "spot_discount": 0.9, "spot_market_global_loss": 0.2, "neg_quota_step": 472, "n_processes": 4, "n_products": 5, "n_steps": 118, "financial_reports_period": 5, "exogenous_horizon": 31, "max_productivity": 1.0, "catalog_prices": [10, 13, 19, 33, 44], "cash_availability": [1.5, 2.5], "expected_productivity": 0.9661016949152542, "expected_mean_profit": 0.09355754824571211, "initial_balance": [29599, 29599, 40205, 40205, 65488, 65488, 88303, 88303]}