{"00T41@0": 0.2611940298507465, "01T41@0": 0.29274611398963707, "02T10@1": 0.3203124999999999, "03T41@1": 0.17431192660550462, "04T10@2": 0.24505928853754957, "05T22@2": 0.2760180995475115, "06T10@3": 0.0064516129032257995, "07T35@3": 0.6892655367231639, "BUYER": 0.0, "SELLER": 0.0}