{"00T22@0": 0.03358208955223882, "01T35@0": 0.8101851851851849, "02T41@1": 0.0777777777777778, "03T29@1": 0.0, "04T35@2": 0.8872180451127819, "05T35@2": 0.8787878787878788, "06T35@3": 0.6547945205479446, "07T22@3": 0.09216589861751152, "BUYER": 0.0, "SELLER": 0.0}