{"00T38@0": 0.024390243902439015, "01T34@0": 0.0, "02T34@1": 0.0, "03T38@1": 0.024011299435028218, "04T34@2": 1.0, "05T38@2": 0.0, "BUYER": 0.0, "SELLER": 0.0}