{"00T36@0": 0.36137071651090347, "01T35@0": 0.0, "02T35@1": 0.6467065868263472, "03T35@1": 0.6467065868263469, "04T37@2": 0.2647058823529413, "05T22@2": 0.3953488372093022, "06T35@3": 0.6550000000000001, "07T35@3": 0.7150837988826814, "08T22@4": 0.0, "09T22@4": 0.0, "BUYER": 0.0, "SELLER": 0.0}