{"time_limit": 10800, "spot_discount": 0.9, "spot_market_global_loss": 0.2, "neg_quota_step": 385, "n_processes": 5, "n_products": 6, "n_steps": 77, "financial_reports_period": 5, "exogenous_horizon": 17, "max_productivity": 1.0, "catalog_prices": [10, 14, 21, 30, 41, 48], "cash_availability": [1.5, 2.5], "expected_productivity": 0.935064935064935, "expected_mean_profit": 0.101934215970211, "initial_balance": [14052, 14052, 19263, 19263, 28514, 28514, 42565, 42565, 50294, 50294]}