{"00T22@0": 0.057142857142857176, "01T22@0": 0.05225653206650834, "02T12@1": 0.0075187969924811965, "03T23@1": 0.44936708860759494, "04T23@2": 0.7932489451476792, "05T22@2": 0.0, "06T20@3": 1.0, "07T37@3": 0.011881188118811888, "BUYER": 0.0, "SELLER": 0.0}