{"00T22@0": 0.018691588785046717, "01T22@0": 0.004651162790697672, "02T38@1": 0.10000000000000003, "03T36@1": 0.010416666666666664, "04T36@2": 0.06382978723404255, "05T38@2": 0.11206896551724138, "06T38@3": 0.0, "07T36@3": 0.27692307692307694, "BUYER": 0.0, "SELLER": 0.0}