{"00T35@0": 0.3782991202346042, "01T35@0": 0.36033519553072624, "02T22@1": 0.05789473684210532, "03T22@1": 0.10416666666666667, "04T19@2": 0.0, "05T22@2": 0.3999999999999999, "06T26@3": 0.3387096774193548, "07T22@3": 0.4598930481283421, "08T35@4": 0.6819571865443431, "09T23@4": 0.7299035369774921, "BUYER": 0.0, "SELLER": 0.0}