{"time_limit": 10800, "spot_discount": 0.9, "spot_market_global_loss": 0.2, "neg_quota_step": 340, "n_processes": 5, "n_products": 6, "n_steps": 68, "financial_reports_period": 5, "exogenous_horizon": 24, "max_productivity": 1.0, "catalog_prices": [10, 17, 27, 38, 44, 57], "cash_availability": [1.5, 2.5], "expected_productivity": 0.9264705882352942, "expected_mean_profit": 0.0993578701008637, "initial_balance": [16141, 16141, 23673, 23673, 32173, 32173, 44817, 44817, 51542, 51542]}