{"00T26@0": 0.016055045871559637, "01T19@0": 0.0, "02T19@1": 0.0, "03T26@1": 0.015306122448979585, "04T19@2": 1.0, "05T26@2": 0.02229299363057325, "BUYER": 0.0, "SELLER": 0.0}