{"00T20@0": 0.0, "01T22@0": 0.21390374331550818, "02T36@1": 0.257309941520468, "03T23@1": 0.6709677419354837, "04T22@2": 0.13191489361702124, "05T35@2": 0.7183098591549293, "06T35@3": 0.746887966804979, "07T22@3": 0.3125, "08T23@4": 0.667364016736402, "09T23@4": 0.6554621848739495, "BUYER": 0.0, "SELLER": 0.0}