{"00T35@0": 0.34766214177978905, "01T35@0": 0.3253105590062108, "02T35@1": 0.9619047619047619, "03T22@1": 0.2430647291941878, "04T35@2": 0.6194871794871802, "05T35@2": 0.6018237082066867, "06T15@3": 0.0, "07T38@3": 0.0, "BUYER": 0.0, "SELLER": 0.0}