{"00T22@0": 0.018518518518518493, "01T35@0": 0.15509259259259275, "02T09@1": 0.0, "03T10@1": 0.5259433962264153, "04T35@2": 0.7127272727272728, "05T35@2": 0.7007874015748029, "BUYER": 0.0, "SELLER": 0.0}