{"00T35@0": 0.5335968379446643, "01T22@0": 0.07614213197969544, "02T41@1": 0.0, "03T35@1": 0.7664974619289342, "04T06@2": 0.0, "05T35@2": 0.7467948717948715, "BUYER": 0.0, "SELLER": 0.0}