{"00T22@0": 0.02821316614420063, "01T23@0": 0.10000000000000002, "02T32@1": 1.0, "03T23@1": 0.6329113924050633, "04T24@2": 1.0, "05T35@2": 0.6975609756097564, "BUYER": 0.0, "SELLER": 0.0}