{"00T16@0": 0.0, "01T15@0": 0.036697247706422034, "02T16@1": 0.0, "03T15@1": 0.29896907216494845, "04T15@2": 0.13385826771653547, "05T35@2": 0.7121212121212123, "06T16@3": 1.0, "07T35@3": 0.7829716193656093, "BUYER": 0.0, "SELLER": 0.0}