{"00T22@0": 0.1876019575856445, "01T23@0": 0.22871452420701177, "02T35@1": 0.5633802816901409, "03T22@1": 0.08955223880597014, "04T35@2": 0.8055555555555556, "05T22@2": 0.00495049504950495, "06T29@3": 0.0, "07T40@3": 0.06976744186046516, "08T35@4": 0.8481012658227844, "09T35@4": 0.8333333333333337, "BUYER": 0.0, "SELLER": 0.0}