{"time_limit": 10800, "spot_discount": 0.9, "spot_market_global_loss": 0.2, "neg_quota_step": 455, "n_processes": 5, "n_products": 6, "n_steps": 91, "financial_reports_period": 5, "exogenous_horizon": 34, "max_productivity": 1.0, "catalog_prices": [10, 22, 28, 45, 54, 71], "cash_availability": [1.5, 2.5], "expected_productivity": 0.945054945054945, "expected_mean_profit": 0.10684995430771324, "initial_balance": [25982, 25982, 35828, 35828, 48956, 48956, 65571, 65571, 80818, 80818]}