{"00T38@0": 0.0, "01T35@0": 0.582655826558266, "02T38@1": 0.0, "03T22@1": 0.0, "04T36@2": 0.8205128205128205, "05T38@2": 0.0, "06T36@3": 0.04975124378109453, "07T36@3": 0.05128205128205126, "BUYER": 0.0, "SELLER": 0.0}