{"00T35@0": 0.26057529610829105, "01T23@0": 0.3554502369668247, "02T36@1": 0.12569832402234632, "03T22@1": 0.0, "04T19@2": 1.0, "05T22@2": 0.014900662251655629, "BUYER": 0.0, "SELLER": 0.0}