{"00T20@0": 0.0, "01T40@0": 0.04395604395604396, "02T40@1": 0.23648648648648649, "03T20@1": 0.0, "04T20@2": 1.0, "05T40@2": 0.047619047619047596, "BUYER": 0.0, "SELLER": 0.0}