{"00T35@0": 0.0, "01T22@0": 0.18687872763419483, "02T24@1": 0.46153846153846156, "03T35@1": 0.23333333333333334, "04T23@2": 0.96875, "05T35@2": 1.0, "06T26@3": 0.0, "07T22@3": 0.0, "BUYER": 0.0, "SELLER": 0.0}