{"time_limit": 10800, "spot_discount": 0.9, "spot_market_global_loss": 0.2, "neg_quota_step": 332, "n_processes": 4, "n_products": 5, "n_steps": 83, "financial_reports_period": 5, "exogenous_horizon": 39, "max_productivity": 1.0, "catalog_prices": [10, 18, 28, 43, 59], "cash_availability": [1.5, 2.5], "expected_productivity": 0.9518072289156626, "expected_mean_profit": 0.10706453982813126, "initial_balance": [21796, 21796, 34438, 34438, 52165, 52165, 71273, 71273]}