{"00T37@0": 0.05115089514066498, "01T35@0": 0.5285913528591352, "02T35@1": 0.6625000000000003, "03T35@1": 0.6697530864197527, "04T34@2": 0.532921810699588, "05T35@2": 0.701271186440677, "BUYER": 0.0, "SELLER": 0.0}