{"00T41@0": 0.06312292358803985, "01T22@0": 0.07692307692307693, "02T40@1": 0.5266272189349112, "03T22@1": 0.3499999999999999, "04T41@2": 0.1019417475728156, "05T22@2": 0.14285714285714285, "06T40@3": 0.6091954022988506, "07T41@3": 0.0, "08T40@4": 0.865853658536585, "09T35@4": 0.7243107769423565, "BUYER": 0.0, "SELLER": 0.0}