{"00T35@0": 0.2994652406417113, "01T35@0": 0.3032490974729243, "02T22@1": 0.3962848297213622, "03T22@1": 0.2435530085959885, "04T22@2": 0.012765957446808505, "05T22@2": 0.01304347826086956, "06T36@3": 0.5050505050505051, "07T34@3": 0.6808510638297872, "08T22@4": 0.022222222222222213, "09T22@4": 0.019138755980861226, "BUYER": 0.0, "SELLER": 0.0}