{"00T24@0": 0.006349206349206341, "01T35@0": 0.6073752711496744, "02T37@1": 0.2952380952380952, "03T22@1": 0.3993993993993992, "04T22@2": 0.012722646310432566, "05T22@2": 0.01449275362318839, "BUYER": 0.0, "SELLER": 0.0}