{"00T16@0": 0.0, "01T22@0": 0.24242424242424243, "02T35@1": 0.3333333333333333, "03T22@1": 0.5, "04T34@2": 0.5217391304347826, "05T35@2": 0.3076923076923077, "06T35@3": 0.7619047619047619, "07T35@3": 0.7142857142857143, "BUYER": 0.0, "SELLER": 0.0}