{"00T09@0": 0.0, "01T09@0": 0.0, "02T33@1": 0.036363636363636355, "03T22@1": 0.36363636363636365, "04T09@2": 0.0, "05T33@2": 0.2714285714285716, "06T33@3": 0.23287671232876717, "07T22@3": 0.06666666666666665, "BUYER": 0.0, "SELLER": 0.0}