{"00T35@0": 0.6463157894736844, "01T22@0": 0.18, "02T26@1": 0.36098654708520184, "03T35@1": 0.8761061946902652, "04T04@2": 0.017456359102244395, "05T35@2": 0.6000000000000004, "BUYER": 0.0, "SELLER": 0.0}