{"time_limit": 10800, "spot_discount": 0.9, "spot_market_global_loss": 0.2, "neg_quota_step": 332, "n_processes": 4, "n_products": 5, "n_steps": 83, "financial_reports_period": 5, "exogenous_horizon": 37, "max_productivity": 1.0, "catalog_prices": [10, 19, 26, 33, 42], "cash_availability": [1.5, 2.5], "expected_productivity": 0.9518072289156626, "expected_mean_profit": 0.09119464540173189, "initial_balance": [24057, 24057, 31840, 31840, 39128, 39128, 50943, 50943]}