{"00T26@0": 0.1345565749235473, "01T19@0": 0.0, "02T23@1": 0.6821705426356589, "03T22@1": 0.09271523178807951, "04T23@2": 0.7612612612612613, "05T35@2": 0.7288888888888889, "06T35@3": 0.5924932975871318, "07T23@3": 0.5812672176308544, "BUYER": 0.0, "SELLER": 0.0}