{"00T06@0": 0.0, "01T35@0": 0.6961770623742458, "02T35@1": 0.8109965635738832, "03T35@1": 0.7918088737201374, "04T09@2": 0.0, "05T35@2": 0.57842248413418, "BUYER": 0.0, "SELLER": 0.0}