{"00T26@0": 0.10505050505050507, "01T22@0": 0.227272727272727, "02T35@1": 0.3990610328638498, "03T35@1": 0.41747572815533995, "04T10@2": 0.3799999999999999, "05T35@2": 0.9926470588235294, "06T22@3": 0.0, "07T22@3": 0.0, "BUYER": 0.0, "SELLER": 0.0}