{"00T23@0": 0.6035087719298246, "01T22@0": 0.324786324786325, "02T22@1": 0.1507537688442211, "03T22@1": 0.18229166666666666, "04T22@2": 0.20967741935483872, "05T35@2": 0.30927835051546393, "06T35@3": 0.8347107438016529, "07T35@3": 0.8095238095238095, "08T37@4": 0.0, "09T40@4": 0.0, "BUYER": 0.0, "SELLER": 0.0}