{"00T26@0": 0.10309278350515463, "01T26@0": 0.10594315245478034, "02T26@1": 0.1386138613861387, "03T37@1": 0.006211180124223602, "04T37@2": 0.057750759878419496, "05T37@2": 0.06521739130434781, "BUYER": 0.0, "SELLER": 0.0}