{"00T23@0": 0.08794788273615634, "01T23@0": 0.08064516129032256, "02T19@1": 0.0, "03T35@1": 0.6941176470588235, "04T06@2": 0.0, "05T23@2": 0.7022900763358785, "BUYER": 0.0, "SELLER": 0.0}