{"00T12@0": 0.0, "01T22@0": 0.1857585139318885, "02T37@1": 0.04123711340206185, "03T35@1": 0.547872340425532, "04T29@2": 1.0, "05T23@2": 0.6885245901639347, "BUYER": 0.0, "SELLER": 0.0}