{"00T40@0": 0.054507337526205464, "01T35@0": 0.10297482837528611, "02T24@1": 0.8333333333333334, "03T22@1": 0.43137254901960786, "04T22@2": 0.03926701570680633, "05T22@2": 0.02356020942408377, "BUYER": 0.0, "SELLER": 0.0}