{"time_limit": 10800, "spot_discount": 0.9, "spot_market_global_loss": 0.2, "neg_quota_step": 255, "n_processes": 5, "n_products": 6, "n_steps": 51, "financial_reports_period": 5, "exogenous_horizon": 17, "max_productivity": 1.0, "catalog_prices": [10, 20, 26, 35, 50, 61], "cash_availability": [1.5, 2.5], "expected_productivity": 0.9019607843137255, "expected_mean_profit": 0.06779615349381099, "initial_balance": [18033, 18033, 24232, 24232, 34319, 34319, 48013, 48013, 60974, 60974]}