{"00T22@0": 0.04792332268370606, "01T35@0": 0.6604938271604937, "02T10@1": 0.41597796143250715, "03T29@1": 0.0, "04T35@2": 0.72609819121447, "05T35@2": 0.7075000000000001, "BUYER": 0.0, "SELLER": 0.0}