{"00T38@0": 0.0, "01T22@0": 0.19184652278177453, "02T22@1": 0.15882352941176475, "03T35@1": 0.4703703703703704, "04T16@2": 1.0, "05T35@2": 0.632754342431762, "BUYER": 0.0, "SELLER": 0.0}