{"00T35@0": 0.17173699705593706, "01T35@0": 0.17309594460929792, "02T35@1": 1.0, "03T22@1": 0.0014204545454545453, "04T35@2": 0.30104712041884807, "05T35@2": 0.0, "06T16@3": 1.0, "07T20@3": 0.6542553191489364, "BUYER": 0.0, "SELLER": 0.0}