{"time_limit": 10800, "spot_discount": 0.9, "spot_market_global_loss": 0.2, "neg_quota_step": 712, "n_processes": 4, "n_products": 5, "n_steps": 178, "financial_reports_period": 5, "exogenous_horizon": 74, "max_productivity": 1.0, "catalog_prices": [10, 17, 24, 33, 44], "cash_availability": [1.5, 2.5], "expected_productivity": 0.9775280898876404, "expected_mean_profit": 0.09864090822081192, "initial_balance": [51580, 51580, 67569, 67569, 90264, 90264, 130152, 130152]}