{"00T34@0": 0.04121475054229933, "01T35@0": 0.3950617283950617, "02T35@1": 0.8137254901960784, "03T35@1": 0.8020304568527918, "04T41@2": 0.0, "05T35@2": 0.7180327868852457, "BUYER": 0.0, "SELLER": 0.0}