{"00T20@0": 0.0, "01T12@0": 0.0, "02T02@1": 0.3179190751445087, "03T12@1": 0.11165048543689321, "04T20@2": 0.0, "05T12@2": 0.05084745762711865, "06T02@3": 0.0, "07T23@3": 0.15000000000000002, "08T02@4": 0.8256410256410256, "09T20@4": 1.0, "BUYER": 0.0, "SELLER": 0.0}