{"00T35@0": 0.2819237147595356, "01T35@0": 0.2809364548494983, "02T22@1": 0.5319693094629154, "03T22@1": 0.4063400576368875, "04T22@2": 0.07346938775510205, "05T22@2": 0.04382470119521917, "06T15@3": 0.4457142857142859, "07T24@3": 0.17647058823529413, "08T22@4": 0.044303797468354444, "09T22@4": 0.03058103975535167, "BUYER": 0.0, "SELLER": 0.0}