{"00T22@0": 0.17672413793103448, "01T23@0": 0.257142857142857, "02T37@1": 0.18589743589743593, "03T23@1": 0.7477477477477474, "04T26@2": 0.0, "05T35@2": 0.6810344827586206, "BUYER": 0.0, "SELLER": 0.0}