{"00T23@0": 0.5307917888563048, "01T23@0": 0.5266106442577032, "02T41@1": 0.47706422018348643, "03T40@1": 0.14285714285714285, "04T23@2": 0.527377521613833, "05T22@2": 0.06756756756756753, "BUYER": 0.0, "SELLER": 0.0}