{"00T26@0": 0.0, "01T26@0": 0.0, "02T34@1": 0.4067164179104479, "03T34@1": 0.4015151515151514, "04T26@2": 0.13418530351437696, "05T35@2": 0.7809523809523811, "06T34@3": 0.5718654434250761, "07T35@3": 0.6766091051805335, "BUYER": 0.0, "SELLER": 0.0}