{"00T41@0": 0.037542662116040994, "01T22@0": 0.0849056603773585, "02T35@1": 0.7520661157024793, "03T22@1": 0.32484076433121034, "04T41@2": 0.0, "05T41@2": 0.036585365853658534, "06T06@3": 0.0, "07T06@3": 0.0, "08T06@4": 0.0, "09T35@4": 1.0, "BUYER": 0.0, "SELLER": 0.0}