{"00T40@0": 0.07202216066481998, "01T22@0": 0.08256880733944955, "02T35@1": 0.6732673267326733, "03T23@1": 0.7288135593220336, "04T37@2": 0.16999999999999996, "05T22@2": 0.0, "BUYER": 0.0, "SELLER": 0.0}