{"00T37@0": 0.0, "01T22@0": 0.0, "02T35@1": 0.8974358974358975, "03T22@1": 0.6875, "04T41@2": 0.2, "05T35@2": 0.0, "06T35@3": 0.6785714285714286, "07T35@3": 0.84, "BUYER": 0.0, "SELLER": 0.0}