{"00T37@0": 0.007812499999999992, "01T22@0": 0.04381443298969073, "02T22@1": 0.5251256281407034, "03T35@1": 0.9259259259259259, "04T41@2": 0.0, "05T35@2": 0.6280373831775696, "BUYER": 0.0, "SELLER": 0.0}