{"00T36@0": 0.10603588907014687, "01T22@0": 0.09408194233687407, "02T22@1": 0.14705882352941177, "03T35@1": 0.5429864253393667, "04T09@2": 0.0, "05T35@2": 0.7401129943502819, "BUYER": 0.0, "SELLER": 0.0}