{"00T22@0": 0.07453416149068319, "01T22@0": 0.03355704697986578, "02T36@1": 0.3129770992366413, "03T24@1": 1.0, "04T35@2": 0.751824817518248, "05T22@2": 0.1764705882352941, "BUYER": 0.0, "SELLER": 0.0}