{"00T06@0": 0.0, "01T22@0": 0.31914893617021284, "02T35@1": 0.4411764705882353, "03T22@1": 0.07692307692307693, "04T09@2": 0.0, "05T35@2": 0.3076923076923077, "06T35@3": 0.9411764705882353, "07T35@3": 0.9393939393939394, "BUYER": 0.0, "SELLER": 0.0}