{"00T29@0": 0.0, "01T35@0": 0.0, "02T35@1": 1.0, "03T23@1": 1.0, "04T24@2": 1.0, "05T23@2": 0.9452054794520548, "06T23@3": 0.7377622377622378, "07T35@3": 0.7499999999999997, "BUYER": 0.0, "SELLER": 0.0}