{"00T22@0": 0.29865125240847784, "01T35@0": 0.8450704225352115, "02T36@1": 0.2318840579710146, "03T41@1": 0.29411764705882365, "04T35@2": 0.7935871743486977, "05T35@2": 0.7759259259259261, "BUYER": 0.0, "SELLER": 0.0}