{"00T35@0": 0.21670428893905205, "01T35@0": 0.22818791946308734, "02T38@1": 0.0, "03T35@1": 1.0, "04T06@2": 0.0, "05T22@2": 0.010600706713780916, "BUYER": 0.0, "SELLER": 0.0}