{"00T20@0": 0.05394990366088638, "01T22@0": 0.2055267702936097, "02T37@1": 0.1203703703703704, "03T37@1": 0.12612612612612623, "04T20@2": 0.06944444444444445, "05T35@2": 0.34567901234567894, "06T37@3": 0.49754901960784326, "07T20@3": 1.0, "BUYER": 0.0, "SELLER": 0.0}