{"time_limit": 10800, "spot_discount": 0.9, "spot_market_global_loss": 0.2, "neg_quota_step": 372, "n_processes": 4, "n_products": 5, "n_steps": 93, "financial_reports_period": 5, "exogenous_horizon": 41, "max_productivity": 1.0, "catalog_prices": [10, 15, 20, 26, 38], "cash_availability": [1.5, 2.5], "expected_productivity": 0.956989247311828, "expected_mean_profit": 0.06889630274091785, "initial_balance": [21638, 21638, 30543, 30543, 36369, 36369, 57423, 57423]}