{"00T22@0": 0.1643454038997214, "01T23@0": 0.30102040816326564, "02T37@1": 0.004424778761061944, "03T23@1": 0.6168831168831167, "04T20@2": 1.0, "05T35@2": 0.6262376237623762, "BUYER": 0.0, "SELLER": 0.0}