{"00T26@0": 0.02332361516034982, "01T41@0": 0.030303030303030293, "02T23@1": 0.8508771929824561, "03T22@1": 0.36551724137931046, "04T23@2": 0.683962264150944, "05T22@2": 0.0, "BUYER": 0.0, "SELLER": 0.0}