{"00T35@0": 0.1730769230769231, "01T35@0": 0.17518248175182496, "02T29@1": 0.0, "03T40@1": 0.36585365853658525, "04T23@2": 0.6127167630057804, "05T22@2": 0.4476190476190475, "06T22@3": 0.32212885154061627, "07T35@3": 0.6887755102040813, "08T35@4": 0.6993736951983295, "09T23@4": 0.7216890595009597, "BUYER": 0.0, "SELLER": 0.0}