,balance,assets,bankrupt,agent_id,step
0,880.0,45.0,False,00T06@0,0.0
1,766.0,142.19635708566852,False,00T06@0,5.0
2,890.0,30.0,False,01T06@0,0.0
3,844.0,77.56164931945557,False,01T06@0,5.0
4,1271.0,0.0,False,02T06@1,0.0
5,1177.0,242.3854961832061,False,02T06@1,5.0
6,1271.0,0.0,False,03T40@1,0.0
7,1156.0,0.0,False,03T40@1,5.0
8,1706.0,0.0,False,04T40@2,0.0
9,1580.0,52.0,False,04T40@2,5.0
10,1706.0,0.0,False,05T40@2,0.0
11,1526.0,104.0,False,05T40@2,5.0
12,,,,,
13,,,,,
14,,,,,
15,,,,,
