{"00T22@0": 0.13821138211382114, "01T23@0": 0.2755905511811025, "02T15@1": 0.2113402061855669, "03T23@1": 0.852941176470588, "04T08@2": 0.04123711340206185, "05T35@2": 0.664233576642336, "BUYER": 0.0, "SELLER": 0.0}