{"00T06@0": 0.0, "01T41@0": 0.04384133611691023, "02T23@1": 0.8663101604278075, "03T23@1": 0.8829787234042552, "04T35@2": 0.6651785714285712, "05T35@2": 0.6908315565031983, "06T23@3": 0.6075471698113203, "07T23@3": 0.6139476961394771, "BUYER": 0.0, "SELLER": 0.0}