{"00T10@0": 0.05940594059405938, "01T22@0": 0.1, "02T22@1": 0.3636363636363632, "03T35@1": 0.7167381974248928, "04T37@2": 0.010398613518197571, "05T35@2": 0.7400990099009908, "BUYER": 0.0, "SELLER": 0.0}