{"00T09@0": 0.0, "01T35@0": 0.5682704811443432, "02T18@1": 0.030456852791878174, "03T18@1": 0.031088082901554417, "04T18@2": 0.0, "05T35@2": 0.013513513513513514, "06T09@3": 0.0, "07T35@3": 1.0, "08T09@4": 0.0, "09T22@4": 0.0, "BUYER": 0.0, "SELLER": 0.0}