{"time_limit": 10800, "spot_discount": 0.9, "spot_market_global_loss": 0.2, "neg_quota_step": 345, "n_processes": 5, "n_products": 6, "n_steps": 69, "financial_reports_period": 5, "exogenous_horizon": 24, "max_productivity": 1.0, "catalog_prices": [10, 20, 30, 44, 54, 66], "cash_availability": [1.5, 2.5], "expected_productivity": 0.927536231884058, "expected_mean_profit": 0.08790789996030171, "initial_balance": [21062, 21062, 32506, 32506, 51461, 51461, 65292, 65292, 81579, 81579]}