{"00T23@0": 0.0, "01T22@0": 0.2855113636363633, "02T23@1": 0.0916030534351145, "03T23@1": 0.12403100775193798, "04T20@2": 0.0, "05T23@2": 1.0, "06T40@3": 0.535168195718654, "07T35@3": 0.93359375, "08T23@4": 0.6515151515151518, "09T35@4": 0.6687402799377922, "BUYER": 0.0, "SELLER": 0.0}