{"00T36@0": 0.17812499999999998, "01T22@0": 0.17981072555205047, "02T22@1": 0.24019607843137267, "03T22@1": 0.24875621890547261, "04T22@2": 0.25233644859813076, "05T35@2": 0.2814814814814815, "06T35@3": 0.7177914110429446, "07T23@3": 0.7177914110429446, "08T26@4": 0.12944983818770225, "09T22@4": 0.0, "BUYER": 0.0, "SELLER": 0.0}