{"00T35@0": 0.4493670886075947, "01T22@0": 0.0688836104513064, "02T36@1": 0.33333333333333326, "03T35@1": 0.8492063492063492, "04T37@2": 0.03914590747330965, "05T35@2": 0.7176220806794058, "BUYER": 0.0, "SELLER": 0.0}