{"time_limit": 10800, "spot_discount": 0.9, "spot_market_global_loss": 0.2, "neg_quota_step": 456, "n_processes": 3, "n_products": 4, "n_steps": 76, "financial_reports_period": 5, "exogenous_horizon": 16, "max_productivity": 1.0, "catalog_prices": [10, 17, 22, 36], "cash_availability": [1.5, 2.5], "expected_productivity": 0.7203947368421053, "expected_mean_profit": 0.10764150631184524, "initial_balance": [20591, 20591, 20591, 17444, 17444, 17444, 17444, 17444, 30739, 30739, 30739, 30739]}