{"00T22@0": 0.10648148148148145, "01T35@0": 0.6199616122840689, "02T40@1": 0.12134831460674157, "03T23@1": 0.0, "04T23@2": 0.5156794425087109, "05T35@2": 0.5, "06T23@3": 0.89937106918239, "07T22@3": 0.010273972602739724, "08T19@4": 1.0, "09T22@4": 0.0, "BUYER": 0.0, "SELLER": 0.0}