{"time_limit": 10800, "spot_discount": 0.9, "spot_market_global_loss": 0.2, "neg_quota_step": 335, "n_processes": 5, "n_products": 6, "n_steps": 67, "financial_reports_period": 5, "exogenous_horizon": 20, "max_productivity": 1.0, "catalog_prices": [10, 19, 30, 36, 48, 59], "cash_availability": [1.5, 2.5], "expected_productivity": 0.9253731343283582, "expected_mean_profit": 0.058045457893492226, "initial_balance": [27663, 27663, 38113, 38113, 48332, 48332, 61165, 61165, 82680, 82680]}