{"00T21@0": 0.0, "01T22@0": 0.1282051282051282, "02T35@1": 0.3888888888888889, "03T22@1": 0.5, "04T15@2": 0.0, "05T35@2": 0.0, "06T35@3": 0.8, "07T35@3": 0.7567567567567568, "BUYER": 0.0, "SELLER": 0.0}