{"00T06@0": 0.21428571428571427, "01T24@0": 0.017543859649122806, "02T23@1": 0.967391304347826, "03T22@1": 0.9703703703703703, "04T23@2": 0.459546925566343, "05T22@2": 0.0, "BUYER": 0.0, "SELLER": 0.0}