{"00T24@0": 0.0, "01T22@0": 0.330188679245283, "02T35@1": 0.5222929936305732, "03T35@1": 0.5266272189349112, "04T41@2": 0.010471204188481673, "05T35@2": 0.9101123595505618, "06T22@3": 0.004524886877828051, "07T22@3": 0.0, "BUYER": 0.0, "SELLER": 0.0}