{"00T19@0": 0.0, "01T23@0": 0.21406727828746178, "02T22@1": 0.7358490566037733, "03T35@1": 0.8839285714285714, "04T41@2": 0.0, "05T35@2": 0.5542725173210168, "BUYER": 0.0, "SELLER": 0.0}