{"00T37@0": 0.05329153605015674, "01T22@0": 0.22162162162162158, "02T22@1": 0.3348416289592761, "03T35@1": 0.5743589743589743, "04T06@2": 0.0, "05T35@2": 0.5384615384615385, "BUYER": 0.0, "SELLER": 0.0}