{"00T19@0": 0.0, "01T22@0": 0.23768736616702363, "02T36@1": 0.1262135922330097, "03T36@1": 0.13592233009708746, "04T19@2": 0.0, "05T35@2": 0.5725806451612901, "06T36@3": 0.6503067484662574, "07T23@3": 0.8611111111111108, "08T19@4": 1.0, "09T35@4": 0.6232394366197187, "BUYER": 0.0, "SELLER": 0.0}