{"00T22@0": 0.0, "01T23@0": 0.19831223628691982, "02T34@1": 0.45695364238410585, "03T23@1": 0.7391304347826086, "04T41@2": 0.0, "05T35@2": 0.654237288135593, "BUYER": 0.0, "SELLER": 0.0}