{"00T34@0": 0.07980049875311725, "01T34@0": 0.07250000000000006, "02T34@1": 1.0, "03T10@1": 0.49999999999999967, "04T10@2": 0.025700934579439276, "05T10@2": 0.023696682464454968, "BUYER": 0.0, "SELLER": 0.0}