{"time_limit": 10800, "spot_discount": 0.9, "spot_market_global_loss": 0.2, "neg_quota_step": 435, "n_processes": 5, "n_products": 6, "n_steps": 87, "financial_reports_period": 5, "exogenous_horizon": 24, "max_productivity": 1.0, "catalog_prices": [10, 14, 24, 35, 50, 61], "cash_availability": [1.5, 2.5], "expected_productivity": 0.9425287356321839, "expected_mean_profit": 0.08704634919599996, "initial_balance": [18644, 18644, 29364, 29364, 47386, 47386, 63311, 63311, 86693, 86693]}