{"time_limit": 10800, "spot_discount": 0.9, "spot_market_global_loss": 0.2, "neg_quota_step": 380, "n_processes": 5, "n_products": 6, "n_steps": 76, "financial_reports_period": 5, "exogenous_horizon": 33, "max_productivity": 1.0, "catalog_prices": [10, 19, 28, 33, 51, 57], "cash_availability": [1.5, 2.5], "expected_productivity": 0.9342105263157895, "expected_mean_profit": 0.08173594975923494, "initial_balance": [22183, 22183, 34236, 34236, 42221, 42221, 62110, 62110, 76826, 76826]}