{"00T35@0": 0.4470588235294118, "01T22@0": 0.26526315789473714, "02T04@1": 0.0970873786407767, "03T35@1": 0.5966850828729282, "04T24@2": 1.0, "05T35@2": 0.6666666666666666, "BUYER": 0.0, "SELLER": 0.0}