{"00T09@0": 0.0, "01T34@0": 0.07305936073059364, "02T34@1": 0.0, "03T22@1": 0.0, "04T34@2": 0.6515151515151516, "05T09@2": 0.0, "06T09@3": 0.0, "07T22@3": 0.3210526315789474, "BUYER": 0.0, "SELLER": 0.0}