{"00T09@0": 0.0, "01T22@0": 0.2004608294930875, "02T22@1": 0.6256684491978609, "03T35@1": 0.7177033492822965, "04T26@2": 0.005037783375314854, "05T35@2": 0.5418803418803417, "BUYER": 0.0, "SELLER": 0.0}