{"00T12@0": 0.017412935323383075, "01T37@0": 0.0, "02T37@1": 0.020408163265306103, "03T12@1": 0.026170798898071626, "04T37@2": 0.2162921348314607, "05T12@2": 0.0, "BUYER": 0.0, "SELLER": 0.0}