{"00T22@0": 0.0, "01T22@0": 0.0, "02T21@1": 0.0, "03T24@1": 0.0, "04T22@2": 1.0, "05T35@2": 1.0, "06T35@3": 0.5714285714285706, "07T35@3": 0.5685039370078747, "BUYER": 0.0, "SELLER": 0.0}