{"00T23@0": 0.24717514124293793, "01T22@0": 0.10147058823529413, "02T23@1": 0.0, "03T22@1": 0.0, "04T35@2": 0.7249999999999999, "05T23@2": 0.6611111111111113, "06T35@3": 0.6322188449848023, "07T35@3": 0.6555891238670696, "08T12@4": 0.0, "09T02@4": 0.6884422110552764, "BUYER": 0.0, "SELLER": 0.0}