{"time_limit": 10800, "spot_discount": 0.9, "spot_market_global_loss": 0.2, "neg_quota_step": 515, "n_processes": 5, "n_products": 6, "n_steps": 103, "financial_reports_period": 5, "exogenous_horizon": 45, "max_productivity": 1.0, "catalog_prices": [10, 17, 26, 37, 49, 60], "cash_availability": [1.5, 2.5], "expected_productivity": 0.9514563106796117, "expected_mean_profit": 0.1364374809619395, "initial_balance": [21708, 21708, 35150, 35150, 50846, 50846, 64037, 64037, 84325, 84325]}