{"00T23@0": 0.6149193548387103, "01T35@0": 0.26797385620915026, "02T12@1": 0.0, "03T37@1": 0.024242424242424242, "04T35@2": 0.8176470588235294, "05T22@2": 0.44444444444444453, "06T22@3": 0.2239583333333333, "07T23@3": 0.7716049382716049, "08T23@4": 0.645, "09T35@4": 0.5947368421052636, "BUYER": 0.0, "SELLER": 0.0}