{"00T35@0": 0.5284974093264247, "01T22@0": 0.04918032786885248, "02T03@1": 0.029850746268656716, "03T35@1": 0.693396226415094, "04T33@2": 0.4876543209876543, "05T35@2": 0.6592797783933516, "BUYER": 0.0, "SELLER": 0.0}