{"00T35@0": 0.6887052341597798, "01T22@0": 0.29370629370629364, "02T22@1": 0.0, "03T22@1": 0.006097560975609756, "04T24@2": 0.14285714285714285, "05T35@2": 0.8828125, "06T36@3": 0.0, "07T22@3": 0.0, "BUYER": 0.0, "SELLER": 0.0}