{"00T06@0": 0.0, "01T22@0": 0.0, "02T35@1": 1.0, "03T22@1": 0.5, "04T41@2": 0.16666666666666666, "05T35@2": 0.25, "06T35@3": 0.8157894736842105, "07T35@3": 0.7894736842105263, "BUYER": 0.0, "SELLER": 0.0}