{"00T26@0": 0.0, "01T22@0": 0.0, "02T34@1": 0.4903474903474903, "03T34@1": 0.48828125000000033, "04T26@2": 0.12499999999999997, "05T26@2": 0.1, "06T34@3": 0.6196319018404907, "07T22@3": 0.0, "BUYER": 0.0, "SELLER": 0.0}