{"00T41@0": 0.2783505154639176, "01T41@0": 0.32673267326732675, "02T41@1": 0.10891089108910891, "03T24@1": 0.0, "04T24@2": 0.85, "05T24@2": 0.8928571428571429, "BUYER": 0.0, "SELLER": 0.0}