{"00T26@0": 0.09220985691573935, "01T35@0": 0.7408163265306125, "02T35@1": 0.6468646864686467, "03T35@1": 0.6388888888888891, "04T06@2": 0.0, "05T35@2": 0.637178051511759, "BUYER": 0.0, "SELLER": 0.0}