{"00T24@0": 0.0, "01T22@0": 0.04375000000000001, "02T34@1": 0.6839622641509434, "03T35@1": 0.8176100628930814, "04T22@2": 0.04391891891891892, "05T35@2": 0.5932203389830507, "BUYER": 0.0, "SELLER": 0.0}