{"00T18@0": 0.0, "01T22@0": 0.1419009370816603, "02T22@1": 0.15625, "03T35@1": 0.6960784313725489, "04T09@2": 0.0, "05T35@2": 0.7643540669856456, "BUYER": 0.0, "SELLER": 0.0}