{"00T26@0": 0.12925170068027209, "01T26@0": 0.19230769230769224, "02T26@1": 0.2707182320441988, "03T36@1": 0.12056737588652477, "04T36@2": 0.0, "05T36@2": 0.03557312252964427, "BUYER": 0.0, "SELLER": 0.0}