{"00T10@0": 0.10015898251192372, "01T22@0": 0.09813084112149537, "02T22@1": 0.46153846153846123, "03T35@1": 0.6795366795366793, "04T36@2": 0.0, "05T35@2": 0.7023661270236613, "BUYER": 0.0, "SELLER": 0.0}