{"00T34@0": 0.006896551724137925, "01T22@0": 0.23260073260073255, "02T37@1": 0.015748031496062992, "03T22@1": 0.10416666666666673, "04T34@2": 0.20833333333333337, "05T22@2": 0.32460732984293195, "06T37@3": 0.06299212598425197, "07T37@3": 0.06306306306306311, "08T34@4": 0.6992481203007519, "09T35@4": 0.8476953907815632, "BUYER": 0.0, "SELLER": 0.0}