{"00T24@0": 0.0, "01T41@0": 0.05507246376811598, "02T22@1": 0.5336538461538466, "03T23@1": 0.9009009009009009, "04T22@2": 0.0, "05T35@2": 0.7033898305084755, "BUYER": 0.0, "SELLER": 0.0}