{"00T08@0": 0.0, "01T35@0": 0.475308641975309, "02T16@1": 0.0, "03T08@1": 0.08133971291866032, "04T16@2": 0.0, "05T35@2": 0.0, "06T16@3": 0.0, "07T35@3": 1.0, "08T08@4": 0.0, "09T22@4": 0.0, "BUYER": 0.0, "SELLER": 0.0}