{"00T29@0": 0.0, "01T02@0": 0.03558718861209965, "02T29@1": 0.0, "03T12@1": 0.3225806451612903, "04T02@1": 1.0, "05T29@1": 0.0, "06T12@2": 0.14285714285714285, "07T12@2": 0.125, "08T02@2": 1.0, "BUYER": 0.0, "SELLER": 0.0}