{"time_limit": 10800, "spot_discount": 0.9, "spot_market_global_loss": 0.2, "neg_quota_step": 234, "n_processes": 3, "n_products": 4, "n_steps": 52, "financial_reports_period": 5, "exogenous_horizon": 19, "max_productivity": 1.0, "catalog_prices": [10, 16, 22, 31], "cash_availability": [1.5, 2.5], "expected_productivity": 0.6282051282051282, "expected_mean_profit": 0.06055715490418448, "initial_balance": [15915, 15915, 11085, 11085, 11085, 11085, 20462, 20462, 20462]}