{"00T15@0": 0.0, "01T22@0": 0.0, "02T29@1": 0.0, "03T22@1": 0.335, "04T15@2": 0.08108108108108109, "05T22@2": 0.07843137254901959, "06T29@3": 0.0, "07T15@3": 0.14375, "08T29@4": 1.0, "09T35@4": 0.8181818181818182, "BUYER": 0.0, "SELLER": 0.0}