{"00T16@0": 0.0, "01T22@0": 0.26133909287256996, "02T22@1": 0.2048780487804879, "03T35@1": 0.7248908296943232, "04T34@2": 0.6260869565217392, "05T35@2": 0.587878787878787, "BUYER": 0.0, "SELLER": 0.0}