{"00T35@0": 0.3250000000000001, "01T35@0": 0.33527131782945724, "02T22@1": 0.466124661246612, "03T22@1": 0.5077319587628866, "04T22@2": 0.17, "05T22@2": 0.1960132890365448, "06T00@3": 0.0, "07T41@3": 0.15625000000000008, "08T22@4": 0.013377926421404668, "09T22@4": 0.1750972762645913, "BUYER": 0.0, "SELLER": 0.0}