{"00T10@0": 0.0, "01T22@0": 0.3235294117647059, "02T35@1": 0.09090909090909091, "03T22@1": 0.07692307692307693, "04T06@2": 0.0, "05T35@2": 0.0, "06T35@3": 0.9130434782608695, "07T35@3": 0.8787878787878788, "BUYER": 0.0, "SELLER": 0.0}