{"00T29@0": 0.0, "01T41@0": 0.3380281690140846, "02T41@1": 0.4947916666666667, "03T29@1": 0.0, "04T29@2": 1.0, "05T41@2": 0.36637931034482757, "BUYER": 0.0, "SELLER": 0.0}