{"00T36@0": 0.1002386634844869, "01T24@0": 0.0, "02T24@1": 1.0, "03T36@1": 0.11842105263157894, "04T36@2": 0.47513812154696133, "05T24@2": 0.0, "06T35@3": 0.8199052132701424, "07T35@3": 0.8781094527363181, "BUYER": 0.0, "SELLER": 0.0}