{"00T41@0": 0.0, "01T22@0": 0.04379562043795622, "02T24@1": 0.576923076923077, "03T22@1": 0.45000000000000007, "04T41@2": 0.28042328042328035, "05T22@2": 0.27499999999999986, "06T41@3": 0.08396946564885496, "07T24@3": 0.15555555555555559, "08T24@4": 1.0, "09T35@4": 0.8592750533049041, "BUYER": 0.0, "SELLER": 0.0}