{"00T22@0": 0.024242424242424242, "01T23@0": 0.006172839506172839, "02T29@1": 0.0, "03T23@1": 0.8333333333333334, "04T10@2": 0.3181818181818182, "05T35@2": 0.7777777777777778, "BUYER": 0.0, "SELLER": 0.0}