{"00T23@0": 0.23202614379084963, "01T35@0": 0.11867704280155641, "02T37@1": 0.002881844380403454, "03T35@1": 0.9736842105263158, "04T36@2": 0.06840390879478825, "05T37@2": 0.0, "06T36@3": 0.2692307692307694, "07T36@3": 0.34304207119741054, "08T37@4": 0.04832713754646836, "09T22@4": 0.02237136465324384, "BUYER": 0.0, "SELLER": 0.0}