{"00T36@0": 0.04154302670623145, "01T35@0": 0.2584856396866841, "02T09@1": 0.0, "03T22@1": 0.34069400630914803, "04T22@2": 0.04528301886792451, "05T22@2": 0.026402640264026375, "BUYER": 0.0, "SELLER": 0.0}