{"time_limit": 10800, "spot_discount": 0.9, "spot_market_global_loss": 0.2, "neg_quota_step": 232, "n_processes": 4, "n_products": 5, "n_steps": 58, "financial_reports_period": 5, "exogenous_horizon": 11, "max_productivity": 1.0, "catalog_prices": [10, 16, 19, 33, 39], "cash_availability": [1.5, 2.5], "expected_productivity": 0.9310344827586207, "expected_mean_profit": 0.109111070042506, "initial_balance": [11646, 11646, 15275, 15275, 23785, 23785, 30459, 30459]}