{"00T12@0": 0.0, "01T23@0": 0.3677419354838707, "02T12@1": 0.0, "03T20@1": 0.0, "04T12@2": 0.013358778625954196, "05T20@2": 0.0, "06T20@3": 1.0, "07T23@3": 0.6182572614107892, "BUYER": 0.0, "SELLER": 0.0}