{"time_limit": 10800, "spot_discount": 0.9, "spot_market_global_loss": 0.2, "neg_quota_step": 380, "n_processes": 4, "n_products": 5, "n_steps": 95, "financial_reports_period": 5, "exogenous_horizon": 22, "max_productivity": 1.0, "catalog_prices": [10, 17, 24, 36, 53], "cash_availability": [1.5, 2.5], "expected_productivity": 0.9578947368421052, "expected_mean_profit": 0.13283099258324127, "initial_balance": [21771, 21771, 33358, 33358, 44320, 44320, 65313, 65313]}