{"00T24@0": 0.0056818181818181724, "01T24@0": 0.0, "02T19@1": 0.0, "03T23@1": 0.5, "04T19@2": 0.0, "05T24@2": 0.3333333333333333, "06T19@3": 1.0, "07T22@3": 0.9842105263157894, "BUYER": 0.0, "SELLER": 0.0}