{"00T15@0": 0.1489841986455982, "01T22@0": 0.14705882352941177, "02T35@1": 0.512987012987013, "03T35@1": 0.43939393939393945, "04T26@2": 0.2019704433497537, "05T35@2": 0.9013157894736842, "06T22@3": 0.0, "07T22@3": 0.0, "BUYER": 0.0, "SELLER": 0.0}