{"00T36@0": 0.21951219512195122, "01T22@0": 0.0, "02T35@1": 0.7857142857142857, "03T22@1": 0.55, "04T07@2": 0.4666666666666667, "05T35@2": 0.23529411764705882, "06T35@3": 0.8, "07T35@3": 0.8125, "BUYER": 0.0, "SELLER": 0.0}