{"00T37@0": 0.06758832565284173, "01T35@0": 0.07184466019417476, "02T23@1": 0.3381294964028776, "03T23@1": 0.38255033557046964, "04T29@2": 0.0, "05T23@2": 0.6666666666666665, "06T23@3": 0.853448275862069, "07T35@3": 0.8523725834797892, "BUYER": 0.0, "SELLER": 0.0}