{"00T37@0": 0.11186440677966107, "01T37@0": 0.09967845659163996, "02T15@1": 0.16292134831460683, "03T15@1": 0.18823529411764706, "04T37@2": 0.2678571428571428, "05T35@2": 0.766497461928934, "06T15@3": 0.0, "07T35@3": 0.5945945945945946, "BUYER": 0.0, "SELLER": 0.0}