{"00T41@0": 0.04276985743380855, "01T22@0": 0.1339622641509434, "02T22@1": 0.1410788381742739, "03T35@1": 0.6848249027237354, "04T18@2": 0.5294117647058822, "05T35@2": 0.6949999999999994, "BUYER": 0.0, "SELLER": 0.0}