{"00T36@0": 0.1278538812785388, "01T37@0": 0.0052770448548812585, "02T37@1": 0.08064516129032258, "03T36@1": 0.12962962962962968, "04T35@2": 0.8034188034188032, "05T22@2": 0.31279620853080564, "06T36@3": 0.0, "07T37@3": 0.0, "BUYER": 0.0, "SELLER": 0.0}