{"00T34@0": 0.0, "01T40@0": 0.0, "02T34@1": 0.8865979381443299, "03T34@1": 0.8958333333333334, "04T35@2": 0.595454545454546, "05T23@2": 0.7069767441860464, "06T40@3": 0.0, "07T40@3": 0.0, "BUYER": 0.0, "SELLER": 0.0}