{"time_limit": 10800, "spot_discount": 0.9, "spot_market_global_loss": 0.2, "neg_quota_step": 352, "n_processes": 4, "n_products": 5, "n_steps": 88, "financial_reports_period": 5, "exogenous_horizon": 39, "max_productivity": 1.0, "catalog_prices": [10, 21, 30, 41, 56], "cash_availability": [1.5, 2.5], "expected_productivity": 0.9545454545454546, "expected_mean_profit": 0.08898164397856093, "initial_balance": [26704, 26704, 37386, 37386, 52147, 52147, 73510, 73510]}