{"00T16@0": 0.0, "01T22@0": 0.09813084112149537, "02T22@1": 0.42424242424242425, "03T35@1": 0.8375634517766497, "04T07@2": 0.16257088846880907, "05T35@2": 0.7265861027190345, "BUYER": 0.0, "SELLER": 0.0}