{"00T22@0": 0.5488069414316702, "01T35@0": 0.0, "02T35@1": 0.36559139784946254, "03T35@1": 0.44021739130434784, "04T24@2": 1.0, "05T22@2": 0.16119402985074632, "06T23@3": 0.5928853754940712, "07T35@3": 0.724137931034483, "08T29@4": 1.0, "09T35@4": 0.5403949730700179, "BUYER": 0.0, "SELLER": 0.0}