{"time_limit": 10800, "spot_discount": 0.9, "spot_market_global_loss": 0.2, "neg_quota_step": 350, "n_processes": 5, "n_products": 6, "n_steps": 70, "financial_reports_period": 5, "exogenous_horizon": 23, "max_productivity": 1.0, "catalog_prices": [10, 19, 31, 41, 55, 69], "cash_availability": [1.5, 2.5], "expected_productivity": 0.9285714285714286, "expected_mean_profit": 0.08825891832623607, "initial_balance": [20567, 20567, 31816, 31816, 46019, 46019, 61573, 61573, 75327, 75327]}