{"00T22@0": 0.03134796238244513, "01T23@0": 0.2526595744680852, "02T29@1": 0.0, "03T22@1": 0.06278026905829599, "04T34@2": 1.0, "05T35@2": 0.7890173410404626, "BUYER": 0.0, "SELLER": 0.0}