{"00T34@0": 0.11014492753623188, "01T35@0": 0.2853982300884953, "02T34@1": 0.393939393939394, "03T26@1": 0.1842105263157894, "04T34@2": 0.4225352112676057, "05T35@2": 0.3125, "06T26@3": 0.13452914798206275, "07T35@3": 0.8396946564885496, "08T26@4": 0.12014134275618377, "09T22@4": 0.0, "BUYER": 0.0, "SELLER": 0.0}