{"00T35@0": 0.5035629453681714, "01T35@0": 0.5113500597371574, "02T35@1": 0.0, "03T22@1": 0.30704394942805435, "04T35@2": 0.4047244094488187, "05T35@2": 0.3917851500789889, "06T37@3": 0.1167048054919908, "07T40@3": 0.0, "BUYER": 0.0, "SELLER": 0.0}