{"00T18@0": 0.0, "01T35@0": 0.2587859424920127, "02T24@1": 0.0, "03T22@1": 0.004329004329004327, "04T22@2": 0.6086956521739131, "05T22@2": 0.5882352941176472, "BUYER": 0.0, "SELLER": 0.0}