{"00T15@0": 0.11797752808988758, "01T22@0": 0.14313725490196083, "02T22@1": 0.16393442622950818, "03T35@1": 0.7485714285714279, "04T18@2": 0.42136498516320475, "05T35@2": 0.6818830242510706, "BUYER": 0.0, "SELLER": 0.0}