{"00T22@0": 0.23076923076923098, "01T22@0": 0.19156414762741641, "02T35@1": 0.12418300653594772, "03T23@1": 0.2198952879581152, "04T35@2": 0.0, "05T35@2": 0.0, "06T20@3": 1.0, "07T24@3": 1.0, "BUYER": 0.0, "SELLER": 0.0}