{"00T15@0": 0.1622276029055689, "01T35@0": 0.5334190231362467, "02T35@1": 0.5420560747663551, "03T35@1": 0.5824915824915824, "04T09@2": 0.0, "05T35@2": 0.6983184965380816, "BUYER": 0.0, "SELLER": 0.0}