{"00T37@0": 0.05501618122977346, "01T12@0": 0.0, "02T37@1": 0.0, "03T37@1": 0.0, "04T12@2": 0.0, "05T12@2": 0.10526315789473684, "BUYER": 0.0, "SELLER": 0.0}