{"00T06@0": 0.05263157894736842, "01T22@0": 0.13308687615526812, "02T22@1": 0.6263157894736844, "03T35@1": 0.6545454545454548, "04T20@2": 0.7448979591836737, "05T35@2": 0.6181818181818177, "BUYER": 0.0, "SELLER": 0.0}