{"00T22@0": 0.05725190839694655, "01T23@0": 0.2151515151515152, "02T07@1": 0.10071942446043165, "03T23@1": 0.7569444444444444, "04T10@2": 0.0, "05T35@2": 0.7531645569620254, "BUYER": 0.0, "SELLER": 0.0}