{"00T29@0": 0.0, "01T22@0": 0.19354838709677424, "02T22@1": 0.39705882352941174, "03T35@1": 0.78125, "04T37@2": 0.046511627906976744, "05T35@2": 0.6094224924012156, "BUYER": 0.0, "SELLER": 0.0}