{"00T38@0": 0.0, "01T32@0": 0.4807692307692308, "02T22@1": 0.3303964757709251, "03T23@1": 0.6858638743455497, "04T22@2": 0.0, "05T35@2": 0.6363636363636362, "BUYER": 0.0, "SELLER": 0.0}