{"00T23@0": 0.5376884422110548, "01T23@0": 0.5990220048899756, "02T22@1": 0.01975308641975306, "03T22@1": 0.002457002457002454, "04T40@2": 0.3727810650887572, "05T23@2": 0.45882352941176463, "06T35@3": 0.7104072398190048, "07T22@3": 0.018115942028985508, "08T29@4": 1.0, "09T22@4": 0.0, "BUYER": 0.0, "SELLER": 0.0}