{"00T40@0": 0.139269406392694, "01T23@0": 0.1898454746136865, "02T22@1": 0.13103448275862073, "03T35@1": 0.7610619469026552, "04T38@2": 0.10723860589812334, "05T35@2": 0.7406639004149376, "BUYER": 0.0, "SELLER": 0.0}