{"00T10@0": 0.040697674418604654, "01T34@0": 0.03383458646616541, "02T10@1": 0.23270440251572327, "03T34@1": 0.48484848484848486, "04T10@2": 0.043333333333333335, "05T34@2": 0.9107142857142857, "BUYER": 0.0, "SELLER": 0.0}