{"00T37@0": 0.003795066413662235, "01T36@0": 0.10110294117647059, "02T36@1": 0.30660377358490565, "03T36@1": 0.33962264150943394, "04T37@2": 0.06851851851851855, "05T37@2": 0.06177606177606179, "BUYER": 0.0, "SELLER": 0.0}