{"00T41@0": 0.44841269841269843, "01T35@0": 0.0, "02T35@1": 0.51685393258427, "03T23@1": 0.44881889763779514, "04T24@2": 0.9824561403508771, "05T22@2": 0.0, "BUYER": 0.0, "SELLER": 0.0}