{"00T38@0": 0.029038112522686014, "01T32@0": 0.0, "02T38@1": 0.04669703872437356, "03T32@1": 0.0, "04T23@2": 0.310734463276836, "05T35@2": 0.30799999999999983, "06T32@3": 1.0, "07T22@3": 0.0, "08T38@4": 0.0425531914893617, "09T22@4": 0.0, "BUYER": 0.0, "SELLER": 0.0}