{"00T32@0": 0.0, "01T22@0": 0.20689655172413796, "02T23@1": 0.6867469879518072, "03T35@1": 0.6142857142857145, "04T22@2": 0.005050505050505049, "05T35@2": 0.7978142076502732, "06T38@3": 0.1056338028169014, "07T22@3": 0.0, "BUYER": 0.0, "SELLER": 0.0}