{"00T35@0": 0.15500442869796288, "01T35@0": 0.16233766233766223, "02T35@1": 0.0, "03T22@1": 0.6876663708961844, "04T35@2": 0.3514938488576451, "05T35@2": 0.31864406779661014, "06T06@3": 0.6607142857142857, "07T07@3": 0.08846584546472565, "BUYER": 0.0, "SELLER": 0.0}