{"00T36@0": 0.09698996655518397, "01T23@0": 0.2682926829268293, "02T36@1": 0.33529411764705885, "03T19@1": 0.0, "04T23@2": 0.10843373493975904, "05T23@2": 0.15053763440860213, "06T19@3": 0.0, "07T19@3": 0.0, "08T36@4": 1.0, "09T23@4": 1.0, "BUYER": 0.0, "SELLER": 0.0}