{"00T35@0": 0.06914893617021274, "01T22@0": 0.011342155009451802, "02T13@1": 0.0, "03T35@1": 0.7818181818181821, "04T03@2": 0.0, "05T35@2": 0.8752166377816291, "BUYER": 0.0, "SELLER": 0.0}