{"00T40@0": 0.1118012422360248, "01T22@0": 0.11046511627906985, "02T22@1": 0.3584905660377361, "03T35@1": 0.5797101449275363, "04T20@2": 0.5666666666666663, "05T35@2": 0.5092024539877302, "BUYER": 0.0, "SELLER": 0.0}