{"00T32@0": 0.6481481481481487, "01T32@0": 0.583524027459954, "02T41@1": 0.0, "03T41@1": 0.0, "04T32@2": 0.6518771331058022, "05T41@2": 0.011396011396011377, "BUYER": 0.0, "SELLER": 0.0}