{"00T34@0": 0.023684210526315766, "01T36@0": 0.04121475054229935, "02T36@1": 0.1428571428571429, "03T34@1": 0.5333333333333333, "04T34@2": 0.9115044247787609, "05T36@2": 0.05759162303664927, "BUYER": 0.0, "SELLER": 0.0}