{"00T26@0": 0.08143322475570026, "01T37@0": 0.06505576208178439, "02T37@1": 0.09900990099009901, "03T26@1": 0.20769230769230781, "04T37@2": 0.045356371490280725, "05T26@2": 0.009960159362549797, "BUYER": 0.0, "SELLER": 0.0}