{"00T37@0": 0.0438799076212471, "01T22@0": 0.1916299559471365, "02T22@1": 0.453924914675768, "03T35@1": 0.6472868217054266, "04T24@2": 0.9899497487437185, "05T35@2": 0.5395348837209301, "BUYER": 0.0, "SELLER": 0.0}