{"00T23@0": 0.3206751054852321, "01T23@0": 0.31263383297644526, "02T22@1": 0.24475524475524477, "03T23@1": 0.9006410256410257, "04T22@2": 0.0, "05T22@2": 0.00277008310249307, "06T29@3": 1.0, "07T41@3": 0.39344262295081983, "BUYER": 0.0, "SELLER": 0.0}