{"00T32@0": 0.3333333333333333, "01T23@0": 0.10847457627118649, "02T22@1": 0.0, "03T35@1": 0.0, "04T29@2": 0.0, "05T29@2": 0.0, "06T32@3": 1.0, "07T32@3": 1.0, "08T29@4": 1.0, "09T23@4": 0.7585139318885448, "BUYER": 0.0, "SELLER": 0.0}