{"00T08@0": 0.030368763557483726, "01T22@0": 0.06958250497017891, "02T22@1": 0.8485915492957744, "03T35@1": 0.656626506024096, "04T06@2": 0.0, "05T35@2": 0.5892634207240955, "BUYER": 0.0, "SELLER": 0.0}