{"00T12@0": 0.0, "01T35@0": 0.15972222222222227, "02T12@1": 0.0, "03T02@1": 0.21186440677966092, "04T20@2": 0.0, "05T12@2": 0.0, "06T20@3": 0.0, "07T20@3": 0.0, "08T02@4": 1.0, "09T02@4": 1.0, "BUYER": 0.0, "SELLER": 0.0}