{"time_limit": 10800, "spot_discount": 0.9, "spot_market_global_loss": 0.2, "neg_quota_step": 465, "n_processes": 5, "n_products": 6, "n_steps": 93, "financial_reports_period": 5, "exogenous_horizon": 45, "max_productivity": 1.0, "catalog_prices": [10, 15, 24, 29, 33, 39], "cash_availability": [1.5, 2.5], "expected_productivity": 0.946236559139785, "expected_mean_profit": 0.04102868789893013, "initial_balance": [26365, 26365, 38982, 38982, 51882, 51882, 56213, 56213, 68925, 68925]}