{"00T38@0": 0.0, "01T22@0": 0.04961240310077523, "02T22@1": 0.5026041666666671, "03T35@1": 0.7817258883248731, "04T15@2": 0.0, "05T35@2": 0.7341772151898741, "BUYER": 0.0, "SELLER": 0.0}