{"00T18@0": 0.0, "01T22@0": 0.06382978723404253, "02T09@1": 0.0, "03T22@1": 0.08256880733944952, "04T18@2": 0.0, "05T22@2": 0.0, "06T09@3": 0.0, "07T09@3": 0.0, "08T18@4": 0.0, "09T35@4": 0.9970760233918129, "BUYER": 0.0, "SELLER": 0.0}