{"00T08@0": 0.042553191489361715, "01T35@0": 0.4851694915254236, "02T35@1": 0.7027027027027027, "03T35@1": 0.6885245901639346, "04T34@2": 0.5231958762886594, "05T35@2": 0.7152974504249289, "BUYER": 0.0, "SELLER": 0.0}