{"00T23@0": 0.3633217993079585, "01T35@0": 0.2924901185770751, "02T40@1": 0.0, "03T23@1": 0.9370629370629371, "04T20@2": 0.40259740259740273, "05T23@2": 0.7477064220183482, "06T22@3": 0.0, "07T23@3": 0.5986842105263158, "BUYER": 0.0, "SELLER": 0.0}