{"time_limit": 10800, "spot_discount": 0.9, "spot_market_global_loss": 0.2, "neg_quota_step": 292, "n_processes": 4, "n_products": 5, "n_steps": 73, "financial_reports_period": 5, "exogenous_horizon": 32, "max_productivity": 1.0, "catalog_prices": [10, 16, 27, 34, 40], "cash_availability": [1.5, 2.5], "expected_productivity": 0.9452054794520548, "expected_mean_profit": 0.07137120327102804, "initial_balance": [21366, 21366, 37884, 37884, 48073, 48073, 57029, 57029]}