{"00T41@0": 0.12676056338028166, "01T35@0": 0.7874999999999998, "02T36@1": 0.34636871508379874, "03T41@1": 0.16019417475728157, "04T41@2": 0.11059907834101387, "05T35@2": 0.5679999999999996, "06T36@3": 0.36923076923076925, "07T35@3": 0.7978723404255319, "08T36@4": 0.0, "09T22@4": 0.0, "BUYER": 0.0, "SELLER": 0.0}