{"00T22@0": 0.00434782608695652, "01T23@0": 0.07335907335907337, "02T16@1": 0.0, "03T23@1": 0.719298245614035, "04T41@2": 0.19780219780219777, "05T35@2": 0.8137254901960778, "BUYER": 0.0, "SELLER": 0.0}