{"00T07@0": 0.02631578947368421, "01T22@0": 0.0, "02T35@1": 0.7906976744186046, "03T22@1": 0.75, "04T34@2": 0.5882352941176471, "05T35@2": 0.0, "06T35@3": 0.8333333333333335, "07T35@3": 0.875, "BUYER": 0.0, "SELLER": 0.0}