{"00T22@0": 0.034582132564841515, "01T35@0": 0.09498680738786276, "02T36@1": 0.5384615384615385, "03T29@1": 0.0, "04T35@2": 0.7220338983050851, "05T35@2": 0.8914285714285715, "BUYER": 0.0, "SELLER": 0.0}