{"00T09@0": 0.0, "01T22@0": 0.17254901960784316, "02T22@1": 0.34049079754601236, "03T35@1": 0.6146341463414635, "04T06@2": 0.0, "05T35@2": 0.5788712011577425, "BUYER": 0.0, "SELLER": 0.0}