{"00T41@0": 0.28368794326241137, "01T40@0": 0.1669941060903732, "02T41@1": 0.38518518518518535, "03T35@1": 0.5582191780821918, "04T40@2": 0.2609819121447029, "05T35@2": 0.8421052631578949, "06T41@3": 0.43764705882352956, "07T40@3": 0.0, "BUYER": 0.0, "SELLER": 0.0}