{"00T20@0": 0.13636363636363635, "01T22@0": 0.13559322033898308, "02T35@1": 0.6666666666666666, "03T22@1": 0.75, "04T08@2": 0.4444444444444444, "05T35@2": 0.0, "06T35@3": 0.6470588235294118, "07T35@3": 0.6500000000000001, "BUYER": 0.0, "SELLER": 0.0}