{"00T22@0": 0.247104247104247, "01T35@0": 0.38691588785046727, "02T15@1": 0.35603715170278627, "03T36@1": 0.36250000000000004, "04T35@2": 0.6981132075471698, "05T35@2": 0.6918489065606364, "BUYER": 0.0, "SELLER": 0.0}