{"00T35@0": 0.04166666666666667, "01T22@0": 0.009900990099009898, "02T09@1": 0.0, "03T35@1": 0.8507462686567161, "04T04@2": 0.2834224598930482, "05T35@2": 0.8808290155440414, "BUYER": 0.0, "SELLER": 0.0}