{"time_limit": 10800, "spot_discount": 0.9, "spot_market_global_loss": 0.2, "neg_quota_step": 320, "n_processes": 5, "n_products": 6, "n_steps": 64, "financial_reports_period": 5, "exogenous_horizon": 25, "max_productivity": 1.0, "catalog_prices": [10, 19, 28, 38, 49, 58], "cash_availability": [1.5, 2.5], "expected_productivity": 0.921875, "expected_mean_profit": 0.07618116304573043, "initial_balance": [19021, 19021, 28769, 28769, 39528, 39528, 48682, 48682, 61877, 61877]}