{"00T37@0": 0.07258064516129033, "01T22@0": 0.27777777777777785, "02T35@1": 0.36923076923076925, "03T35@1": 0.4029850746268655, "04T34@2": 0.5783132530120482, "05T35@2": 1.0, "06T22@3": 0.0, "07T22@3": 0.0, "BUYER": 0.0, "SELLER": 0.0}