{"00T37@0": 0.04415011037527594, "01T22@0": 0.171875, "02T23@1": 0.19863013698630136, "03T22@1": 0.10062893081761003, "04T29@2": 0.0, "05T23@2": 0.5328947368421051, "06T29@3": 0.0, "07T37@3": 0.008130081300813009, "08T37@4": 0.4258064516129032, "09T29@4": 1.0, "BUYER": 0.0, "SELLER": 0.0}