{"00T34@0": 0.10273972602739734, "01T22@0": 0.23970944309927367, "02T22@1": 0.20725388601036276, "03T35@1": 0.5555555555555557, "04T09@2": 0.0, "05T35@2": 0.6593186372745493, "BUYER": 0.0, "SELLER": 0.0}