{"00T23@0": 0.007490636704119843, "01T23@0": 0.0075187969924811965, "02T35@1": 1.0, "03T23@1": 0.8, "04T24@2": 0.9285714285714286, "05T23@2": 0.852941176470588, "06T40@3": 0.0, "07T23@3": 0.7338709677419352, "BUYER": 0.0, "SELLER": 0.0}