{"00T36@0": 0.0, "01T12@0": 0.0, "02T20@1": 0.0, "03T37@1": 1.0, "04T12@1": 0.0, "05T20@2": 0.0, "06T36@2": 0.0, "07T20@3": 0.0, "08T37@3": 0.5, "09T36@4": 0.7692307692307693, "10T12@4": 0.0, "11T37@4": 0.7272727272727273, "BUYER": 0.0, "SELLER": 0.0}