{"time_limit": 10800, "spot_discount": 0.9, "spot_market_global_loss": 0.2, "neg_quota_step": 373, "n_processes": 3, "n_products": 4, "n_steps": 83, "financial_reports_period": 5, "exogenous_horizon": 41, "max_productivity": 1.0, "catalog_prices": [10, 14, 24, 31], "cash_availability": [1.5, 2.5], "expected_productivity": 0.642570281124498, "expected_mean_profit": 0.09184051351684977, "initial_balance": [16284, 16284, 26596, 26596, 15252, 15252, 15252, 15252, 15252]}