{"00T22@0": 0.0703125, "01T23@0": 0.06944444444444448, "02T21@1": 0.0, "03T23@1": 0.6548672566371682, "04T29@2": 1.0, "05T35@2": 0.7952522255192879, "BUYER": 0.0, "SELLER": 0.0}