{"00T26@0": 0.2608695652173913, "01T22@0": 0.08333333333333333, "02T35@1": 0.125, "03T22@1": 0.058823529411764705, "04T06@2": 0.0, "05T35@2": 0.3076923076923077, "06T35@3": 0.8260869565217391, "07T35@3": 0.85, "BUYER": 0.0, "SELLER": 0.0}