{"00T41@0": 0.0, "01T22@0": 0.11999999999999998, "02T35@1": 0.7727272727272727, "03T22@1": 0.64, "04T15@2": 0.6976744186046512, "05T35@2": 0.0, "06T35@3": 0.625, "07T35@3": 0.5833333333333334, "BUYER": 0.0, "SELLER": 0.0}