{"00T26@0": 0.046979865771812096, "01T35@0": 0.5162037037037036, "02T36@1": 0.17401960784313725, "03T35@1": 0.8674698795180723, "04T35@2": 0.7122507122507125, "05T22@2": 0.0, "BUYER": 0.0, "SELLER": 0.0}