{"00T20@0": 0.0, "01T24@0": 0.0, "02T20@1": 1.0, "03T22@1": 1.0, "04T24@2": 0.0, "05T20@2": 0.019417475728155335, "06T24@3": 1.0, "07T22@3": 0.2169811320754718, "BUYER": 0.0, "SELLER": 0.0}