{"00T23@0": 0.3847926267281106, "01T22@0": 0.3571428571428573, "02T23@1": 0.08633093525179855, "03T22@1": 0.0, "04T20@2": 0.0, "05T29@2": 0.0, "06T23@3": 1.0, "07T35@3": 1.0, "BUYER": 0.0, "SELLER": 0.0}