{"00T29@0": 0.0, "01T35@0": 0.22378716744913932, "02T38@1": 0.0, "03T23@1": 0.9523809523809523, "04T29@2": 0.0, "05T22@2": 0.005681818181818182, "06T38@3": 0.0, "07T38@3": 0.0, "08T29@4": 1.0, "09T22@4": 0.6239782016348776, "BUYER": 0.0, "SELLER": 0.0}