{"time_limit": 10800, "spot_discount": 0.9, "spot_market_global_loss": 0.2, "neg_quota_step": 475, "n_processes": 5, "n_products": 6, "n_steps": 95, "financial_reports_period": 5, "exogenous_horizon": 33, "max_productivity": 1.0, "catalog_prices": [10, 13, 23, 36, 46, 57], "cash_availability": [1.5, 2.5], "expected_productivity": 0.9473684210526315, "expected_mean_profit": 0.06809196075560112, "initial_balance": [24006, 24006, 40811, 40811, 62416, 62416, 83803, 83803, 116756, 116756]}