,balance,assets,bankrupt,agent_id,step
0,1460.0,180.0,False,00T36@0,0.0
1,1613.0,283.02401795735136,False,00T36@0,5.0
2,1500.0,128.0,False,01T36@0,0.0
3,1866.0,17.68900112233446,False,01T36@0,5.0
4,2252.0,0.0,False,02T20@1,0.0
5,1258.0,866.7610549943886,False,02T20@1,5.0
6,2252.0,0.0,False,03T36@1,0.0
7,2407.0,0.0,False,03T36@1,5.0
8,3114.0,0.0,False,04T20@2,0.0
9,2766.0,93.0,False,04T20@2,5.0
10,3114.0,0.0,False,05T20@2,0.0
11,2853.0,0.0,False,05T20@2,5.0
12,,,,,
13,,,,,
14,,,,,
15,,,,,
