{"time_limit": 10800, "spot_discount": 0.9, "spot_market_global_loss": 0.2, "neg_quota_step": 387, "n_processes": 3, "n_products": 4, "n_steps": 86, "financial_reports_period": 5, "exogenous_horizon": 28, "max_productivity": 1.0, "catalog_prices": [10, 20, 29, 41], "cash_availability": [1.5, 2.5], "expected_productivity": 0.6434108527131783, "expected_mean_profit": 0.10456895590950278, "initial_balance": [24121, 24121, 22915, 22915, 22915, 22346, 22346, 22346, 22346]}