{"00T17@0": 0.16334661354581678, "01T41@0": 0.0, "02T41@1": 0.012499999999999995, "03T22@1": 0.2352941176470588, "04T17@2": 0.551948051948052, "05T41@2": 0.056818181818181816, "06T17@3": 0.057777777777777796, "07T22@3": 0.04081632653061224, "BUYER": 0.0, "SELLER": 0.0}