{"00T41@0": 0.13953488372093018, "01T16@0": 0.0, "02T41@1": 0.09259259259259259, "03T22@1": 0.07142857142857142, "04T16@2": 0.0, "05T41@2": 0.04878048780487803, "06T16@3": 1.0, "07T22@3": 0.09795918367346942, "BUYER": 0.0, "SELLER": 0.0}