{"00T35@0": 0.28225806451612895, "01T35@0": 0.29752066115702475, "02T22@1": 0.2469879518072289, "03T23@1": 0.8906882591093117, "04T12@2": 0.09090909090909091, "05T40@2": 0.20599250936329588, "06T23@3": 0.5040214477211796, "07T22@3": 0.06206896551724138, "BUYER": 0.0, "SELLER": 0.0}