{"00T26@0": 0.02777777777777776, "01T22@0": 0.1580246913580245, "02T41@1": 0.28448275862068984, "03T35@1": 0.8536585365853661, "04T22@2": 0.011695906432748522, "05T35@2": 0.6681127982646415, "BUYER": 0.0, "SELLER": 0.0}