{"00T15@0": 0.1459459459459459, "01T06@0": 0.009803921568627449, "02T06@1": 0.0, "03T15@1": 0.2816901408450704, "04T06@2": 0.48823529411764705, "05T15@2": 0.027624309392265185, "BUYER": 0.0, "SELLER": 0.0}