{"00T36@0": 0.0, "01T35@0": 0.0, "02T29@1": 0.0, "03T29@1": 0.0, "04T29@2": 0.0, "05T35@2": 0.8947368421052632, "06T36@3": 0.9320388349514563, "07T35@3": 0.9411764705882353, "08T36@4": 0.0, "09T22@4": 0.0, "BUYER": 0.0, "SELLER": 0.0}