{"00T26@0": 0.02876106194690263, "01T22@0": 0.09761388286334058, "02T35@1": 0.848314606741573, "03T22@1": 0.35812672176308546, "04T36@2": 0.20930232558139542, "05T22@2": 0.21140939597315445, "06T26@3": 0.28906250000000017, "07T36@3": 0.452, "08T26@4": 0.0, "09T36@4": 0.0, "BUYER": 0.0, "SELLER": 0.0}