{"time_limit": 10800, "spot_discount": 0.9, "spot_market_global_loss": 0.2, "neg_quota_step": 366, "n_processes": 4, "n_products": 5, "n_steps": 61, "financial_reports_period": 5, "exogenous_horizon": 20, "max_productivity": 1.0, "catalog_prices": [10, 20, 24, 35, 47], "cash_availability": [1.5, 2.5], "expected_productivity": 0.6229508196721312, "expected_mean_profit": 0.0900624692624023, "initial_balance": [14649, 14649, 9803, 9803, 9803, 9803, 25420, 25420, 17946, 17946, 17946, 17946]}