{"00T36@0": 0.13725490196078438, "01T22@0": 0.09090909090909091, "02T35@1": 0.7872340425531915, "03T22@1": 0.058823529411764705, "04T24@2": 0.0, "05T35@2": 0.3076923076923077, "06T35@3": 0.9459459459459459, "07T35@3": 0.9444444444444444, "BUYER": 0.0, "SELLER": 0.0}