{"00T34@0": 0.12290502793296101, "01T22@0": 0.25403225806451596, "02T35@1": 0.6410256410256407, "03T22@1": 0.0, "04T34@2": 0.0, "05T34@2": 0.0, "06T19@3": 0.0, "07T19@3": 0.0, "08T19@4": 1.0, "09T35@4": 1.0, "BUYER": 0.0, "SELLER": 0.0}