{"00T29@0": 0.0, "01T23@0": 0.4061810154525384, "02T36@1": 0.1366906474820144, "03T22@1": 0.21014492753623187, "04T29@2": 0.0, "05T36@2": 0.12121212121212127, "06T36@3": 0.5116279069767441, "07T29@3": 0.0, "08T22@4": 0.03525641025641028, "09T35@4": 0.7836538461538463, "BUYER": 0.0, "SELLER": 0.0}