{"00T40@0": 0.06896551724137934, "01T41@0": 0.0, "02T40@1": 0.6833333333333335, "03T41@1": 0.004854368932038834, "04T40@2": 0.8598484848484849, "05T41@2": 0.024024024024023993, "BUYER": 0.0, "SELLER": 0.0}