{"00T22@0": 0.017241379310344834, "01T23@0": 0.02651515151515153, "02T29@1": 0.0, "03T23@1": 0.7567567567567569, "04T34@2": 0.6604938271604934, "05T35@2": 0.833846153846154, "BUYER": 0.0, "SELLER": 0.0}