{"00T35@0": 0.34473684210526345, "01T22@0": 0.03436426116838489, "02T34@1": 0.41543026706231456, "03T35@1": 0.6858407079646015, "04T36@2": 0.023346303501945515, "05T35@2": 0.5272727272727272, "BUYER": 0.0, "SELLER": 0.0}