{"00T22@0": 0.3516699410609039, "01T35@0": 0.5833333333333334, "02T26@1": 0.2547770700636944, "03T36@1": 0.36440677966101664, "04T35@2": 0.6906077348066303, "05T35@2": 0.6972111553784862, "BUYER": 0.0, "SELLER": 0.0}