{"00T26@0": 0.04639175257731959, "01T26@0": 0.07337883959044371, "02T37@1": 0.02985074626865669, "03T37@1": 0.022556390977443597, "04T35@2": 0.7186311787072246, "05T23@2": 0.6428571428571427, "06T26@3": 0.2331288343558284, "07T22@3": 0.1306532663316583, "08T37@4": 0.0, "09T22@4": 0.0, "BUYER": 0.0, "SELLER": 0.0}