{"00T41@0": 0.17901234567901234, "01T22@0": 0.08704061895551254, "02T40@1": 0.4224422442244222, "03T35@1": 0.7027027027027027, "04T35@2": 0.7341772151898738, "05T35@2": 0.7361853832442068, "BUYER": 0.0, "SELLER": 0.0}