{"00T22@0": 0.04417670682730921, "01T35@0": 0.13878326996197726, "02T29@1": 0.0, "03T36@1": 0.3268698060941828, "04T35@2": 0.8464223385689356, "05T35@2": 0.8444816053511706, "BUYER": 0.0, "SELLER": 0.0}