{"time_limit": 10800, "spot_discount": 0.9, "spot_market_global_loss": 0.2, "neg_quota_step": 408, "n_processes": 4, "n_products": 5, "n_steps": 68, "financial_reports_period": 5, "exogenous_horizon": 24, "max_productivity": 1.0, "catalog_prices": [10, 18, 30, 37, 53], "cash_availability": [1.5, 2.5], "expected_productivity": 1.2549019607843137, "expected_mean_profit": 0.08851099272935502, "initial_balance": [18303, 18303, 18303, 18303, 62778, 62778, 40815, 40815, 40815, 40815, 107131, 107131]}