{"00T34@0": 0.020725388601036242, "01T22@0": 0.05811138014527843, "02T34@1": 0.8404255319148937, "03T22@1": 0.3958333333333333, "04T26@2": 0.2966360856269113, "05T22@2": 0.6205357142857141, "06T26@3": 0.12745098039215685, "07T26@3": 0.0897009966777409, "08T34@4": 0.580952380952381, "09T35@4": 0.7121951219512193, "BUYER": 0.0, "SELLER": 0.0}