{"00T23@0": 0.17666666666666675, "01T35@0": 0.17041800643086819, "02T23@1": 0.5227272727272729, "03T35@1": 0.525925925925926, "04T34@2": 0.398406374501992, "05T35@2": 0.9393939393939394, "06T22@3": 0.37362637362637374, "07T35@3": 0.4166666666666667, "08T24@4": 0.9300699300699301, "09T35@4": 0.5402843601895735, "BUYER": 0.0, "SELLER": 0.0}