{"00T09@0": 0.0, "01T35@0": 0.14502164502164502, "02T29@1": 0.0, "03T22@1": 0.2615894039735099, "04T22@2": 0.026865671641791045, "05T22@2": 0.017699115044247773, "BUYER": 0.0, "SELLER": 0.0}