{"00T22@0": 0.0, "01T22@0": 0.0, "02T29@1": 0.0, "03T37@1": 0.2727272727272727, "04T23@2": 0.8, "05T22@2": 0.11042944785276074, "BUYER": 0.0, "SELLER": 0.0}