{"00T29@0": 0.0, "01T35@0": 0.23224043715846995, "02T37@1": 0.6777251184834121, "03T37@1": 0.666666666666667, "04T23@2": 0.0, "05T22@2": 0.225, "06T29@3": 0.0, "07T35@3": 0.35156249999999994, "08T37@4": 0.41509433962264175, "09T29@4": 1.0, "BUYER": 0.0, "SELLER": 0.0}