{"00T34@0": 0.17603911980440098, "01T26@0": 0.2896081771720611, "02T26@1": 0.0, "03T26@1": 0.0037453183520599217, "04T34@2": 0.5272108843537416, "05T34@2": 0.5321428571428578, "BUYER": 0.0, "SELLER": 0.0}