{"00T37@0": 0.012750455373406192, "01T34@0": 0.02974828375286039, "02T23@1": 0.9006622516556292, "03T23@1": 0.8910256410256411, "04T35@2": 0.705, "05T35@2": 0.6751269035532992, "06T23@3": 0.6386333771353484, "07T23@3": 0.6578947368421064, "BUYER": 0.0, "SELLER": 0.0}