{"00T22@0": 0.16740088105726886, "01T23@0": 0.30859375, "02T15@1": 0.01910828025477707, "03T23@1": 0.5959595959595958, "04T16@2": 1.0, "05T35@2": 0.6232394366197185, "BUYER": 0.0, "SELLER": 0.0}