{"00T29@0": 0.0, "01T37@0": 0.008733624454148468, "02T29@1": 0.0, "03T35@1": 0.7249999999999999, "04T41@2": 0.45794392523364486, "05T41@2": 0.46788990825688076, "06T29@3": 0.0, "07T37@3": 0.23563218390804597, "08T37@4": 0.23529411764705904, "09T41@4": 0.5460526315789473, "BUYER": 0.0, "SELLER": 0.0}