{"00T36@0": 0.10989010989010999, "01T36@0": 0.13725490196078424, "02T22@1": 0.09868421052631578, "03T23@1": 0.5310734463276836, "04T36@2": 0.0, "05T29@2": 0.0, "06T29@3": 1.0, "07T29@3": 1.0, "BUYER": 0.0, "SELLER": 0.0}