{"time_limit": 10800, "spot_discount": 0.9, "spot_market_global_loss": 0.2, "neg_quota_step": 344, "n_processes": 4, "n_products": 5, "n_steps": 86, "financial_reports_period": 5, "exogenous_horizon": 24, "max_productivity": 1.0, "catalog_prices": [10, 18, 26, 33, 44], "cash_availability": [1.5, 2.5], "expected_productivity": 0.9534883720930233, "expected_mean_profit": 0.08191743070644973, "initial_balance": [27708, 27708, 39807, 39807, 54769, 54769, 66406, 66406]}