{"00T16@0": 0.0, "01T41@0": 0.0, "02T16@1": 0.0, "03T41@1": 0.017964071856287407, "04T16@2": 1.0, "05T41@2": 0.022222222222222223, "BUYER": 0.0, "SELLER": 0.0}