{"00T40@0": 0.07357859531772577, "01T35@0": 0.19148936170212755, "02T18@1": 0.0, "03T22@1": 0.4358974358974359, "04T22@2": 0.04081632653061224, "05T22@2": 0.022140221402214017, "BUYER": 0.0, "SELLER": 0.0}