{"time_limit": 10800, "spot_discount": 0.9, "spot_market_global_loss": 0.2, "neg_quota_step": 364, "n_processes": 4, "n_products": 5, "n_steps": 91, "financial_reports_period": 5, "exogenous_horizon": 43, "max_productivity": 1.0, "catalog_prices": [10, 19, 26, 41, 52], "cash_availability": [1.5, 2.5], "expected_productivity": 0.9560439560439561, "expected_mean_profit": 0.07881346131606337, "initial_balance": [27856, 27856, 39869, 39869, 58237, 58237, 81566, 81566]}