{"00T40@0": 0.050000000000000044, "01T22@0": 0.057657657657657596, "02T22@1": 0.46629213483146076, "03T35@1": 0.7954545454545453, "04T07@2": 0.2026515151515151, "05T35@2": 0.7246753246753249, "BUYER": 0.0, "SELLER": 0.0}