{"00T35@0": 0.43181818181818166, "01T35@0": 0.4086378737541528, "02T35@1": 0.601941747572815, "03T22@1": 0.0, "04T02@2": 0.7424242424242424, "05T12@2": 0.0, "BUYER": 0.0, "SELLER": 0.0}