{"00T07@0": 0.02631578947368421, "01T22@0": 0.15555555555555559, "02T35@1": 0.7428571428571429, "03T22@1": 0.0, "04T21@2": 0.0, "05T35@2": 1.0, "06T35@3": 0.9512195121951219, "07T35@3": 0.9310344827586207, "BUYER": 0.0, "SELLER": 0.0}