{"00T38@0": 0.0, "01T22@0": 0.024054982817869403, "02T16@1": 0.0, "03T22@1": 0.049180327868852416, "04T38@2": 0.0, "05T22@2": 0.0, "06T16@3": 0.0, "07T16@3": 0.0, "08T38@4": 0.0, "09T35@4": 1.0, "BUYER": 0.0, "SELLER": 0.0}