{"00T35@0": 0.6987522281639931, "01T22@0": 0.08097928436911483, "02T40@1": 0.2953020134228186, "03T35@1": 0.5868544600938967, "04T24@2": 0.9619377162629758, "05T35@2": 0.6019955654101993, "BUYER": 0.0, "SELLER": 0.0}