{"00T35@0": 0.2827988338192419, "01T23@0": 0.33333333333333326, "02T22@1": 0.003367003367003364, "03T23@1": 0.9179487179487179, "04T24@2": 0.0, "05T22@2": 0.0, "06T19@3": 0.0, "07T35@3": 0.7375, "08T22@4": 0.00952380952380952, "09T35@4": 0.7176470588235293, "BUYER": 0.0, "SELLER": 0.0}