{"00T37@0": 0.03947368421052633, "01T22@0": 0.13043478260869545, "02T22@1": 0.15348837209302327, "03T35@1": 0.5934065934065933, "04T16@2": 1.0, "05T35@2": 0.7324999999999997, "BUYER": 0.0, "SELLER": 0.0}