{"00T35@0": 0.17625231910946187, "01T23@0": 0.17560073937153425, "02T19@1": 0.0, "03T26@1": 0.22994652406417113, "04T26@2": 0.010638297872340424, "05T23@2": 0.0, "06T19@3": 0.0, "07T35@3": 0.4999999999999996, "08T19@4": 1.0, "09T26@4": 0.3380281690140843, "BUYER": 0.0, "SELLER": 0.0}