{"00T22@0": 0.20970266040688582, "01T23@0": 0.0743944636678201, "02T40@1": 0.9609375, "03T23@1": 0.6116504854368927, "04T12@2": 0.0, "05T29@2": 1.0, "BUYER": 0.0, "SELLER": 0.0}