{"00T20@0": 0.08043478260869567, "01T22@0": 0.15756302521008414, "02T22@1": 0.17391304347826086, "03T35@1": 0.6215139442231074, "04T16@2": 1.0, "05T35@2": 0.6419753086419749, "BUYER": 0.0, "SELLER": 0.0}