{"00T41@0": 0.033994334277620414, "01T35@0": 0.785714285714286, "02T41@1": 0.008849557522123888, "03T38@1": 0.2222222222222222, "04T41@2": 0.1176470588235294, "05T35@2": 0.7040498442367604, "06T38@3": 0.008498583569405103, "07T35@3": 0.764227642276423, "08T38@4": 0.0, "09T22@4": 0.03717472118959108, "BUYER": 0.0, "SELLER": 0.0}