{"00T26@0": 0.010830324909747288, "01T17@0": 0.22847682119205293, "02T26@1": 0.14285714285714285, "03T22@1": 0.15624999999999997, "04T17@2": 0.1978021978021978, "05T17@2": 0.28828828828828834, "06T26@3": 0.0, "07T22@3": 0.019762845849802372, "BUYER": 0.0, "SELLER": 0.0}