{"00T13@0": 0.0, "01T13@0": 0.0, "02T17@1": 1.0, "03T22@1": 1.0, "04T13@2": 0.0, "05T17@2": 0.3170731707317073, "06T17@3": 0.11229946524064172, "07T22@3": 0.0652173913043478, "BUYER": 0.0, "SELLER": 0.0}