{"00T10@0": 0.20618556701030927, "01T22@0": 0.1921768707482995, "02T35@1": 0.3645320197044335, "03T35@1": 0.35593220338983034, "04T34@2": 0.44221105527638177, "05T35@2": 0.95, "06T22@3": 0.0, "07T22@3": 0.01396648044692737, "BUYER": 0.0, "SELLER": 0.0}