{"00T02@0": 0.03508771929824561, "01T20@0": 0.0, "02T29@1": 0.0, "03T29@1": 0.0, "04T12@1": 0.3448275862068966, "05T02@1": 1.0, "06T12@2": 0.07142857142857142, "07T12@2": 0.05555555555555555, "08T20@2": 0.0, "09T20@2": 0.0, "10T29@3": 1.0, "11T02@3": 0.8303571428571429, "BUYER": 0.0, "SELLER": 0.0}