{"time_limit": 10800, "spot_discount": 0.9, "spot_market_global_loss": 0.2, "neg_quota_step": 420, "n_processes": 4, "n_products": 5, "n_steps": 70, "financial_reports_period": 5, "exogenous_horizon": 31, "max_productivity": 1.0, "catalog_prices": [10, 23, 36, 50, 75], "cash_availability": [1.5, 2.5], "expected_productivity": 0.6285714285714286, "expected_mean_profit": 0.12936168780914567, "initial_balance": [23927, 23927, 17586, 17586, 17586, 17586, 24286, 24286, 24286, 24286, 70643, 70643]}