{"00T40@0": 0.016556291390728478, "01T38@0": 0.0, "02T38@1": 0.015624999999999993, "03T23@1": 0.46288209606986885, "04T22@2": 0.032467532467532464, "05T22@2": 0.08510638297872333, "06T40@3": 0.032258064516129024, "07T35@3": 0.4850498338870432, "08T38@4": 0.0, "09T40@4": 0.0, "BUYER": 0.0, "SELLER": 0.0}