{"00T35@0": 0.26726342710997436, "01T35@0": 0.27368421052631564, "02T22@1": 0.20351758793969837, "03T22@1": 0.3027989821882951, "04T41@2": 0.24621212121212127, "05T22@2": 0.01459854014598539, "06T20@3": 1.0, "07T22@3": 0.0, "BUYER": 0.0, "SELLER": 0.0}