{"time_limit": 10800, "spot_discount": 0.9, "spot_market_global_loss": 0.2, "neg_quota_step": 428, "n_processes": 4, "n_products": 5, "n_steps": 107, "financial_reports_period": 5, "exogenous_horizon": 23, "max_productivity": 1.0, "catalog_prices": [10, 21, 33, 44, 62], "cash_availability": [1.5, 2.5], "expected_productivity": 0.9626168224299065, "expected_mean_profit": 0.08406730104203201, "initial_balance": [38389, 38389, 60970, 60970, 90665, 90665, 115053, 115053]}