{"time_limit": 10800, "spot_discount": 0.9, "spot_market_global_loss": 0.2, "neg_quota_step": 384, "n_processes": 4, "n_products": 5, "n_steps": 96, "financial_reports_period": 5, "exogenous_horizon": 42, "max_productivity": 1.0, "catalog_prices": [10, 17, 28, 36, 45], "cash_availability": [1.5, 2.5], "expected_productivity": 0.9583333333333334, "expected_mean_profit": 0.07687461180644614, "initial_balance": [29200, 29200, 44842, 44842, 68931, 68931, 80820, 80820]}