{"00T23@0": 0.36464968152866206, "01T23@0": 0.30533117932148635, "02T22@1": 0.267889908256881, "03T23@1": 0.91, "04T22@2": 0.18912529550827423, "05T22@2": 0.18952618453865336, "06T41@3": 0.38825757575757586, "07T37@3": 0.021276595744680823, "BUYER": 0.0, "SELLER": 0.0}