{"00T15@0": 0.0, "01T15@0": 0.0, "02T34@1": 0.27074235807860275, "03T34@1": 0.25751072961373395, "04T15@2": 0.04175824175824174, "05T34@2": 1.0, "BUYER": 0.0, "SELLER": 0.0}