{"00T16@0": 0.0, "01T22@0": 0.0850202429149799, "02T22@1": 0.2760416666666666, "03T35@1": 0.7999999999999998, "04T08@2": 0.28240740740740766, "05T35@2": 0.7061143984220905, "BUYER": 0.0, "SELLER": 0.0}