{"00T35@0": 0.0, "01T22@0": 0.2310177705977383, "02T24@1": 0.0, "03T35@1": 0.125, "04T20@2": 0.0, "05T24@2": 0.0, "06T20@3": 0.0, "07T24@3": 1.0, "08T20@4": 1.0, "09T23@4": 0.9746835443037974, "BUYER": 0.0, "SELLER": 0.0}