{"00T12@0": 0.035398230088495575, "01T29@0": 0.0, "02T02@1": 0.26666666666666666, "03T12@1": 0.06341463414634149, "04T02@1": 0.2612612612612612, "05T02@1": 0.26896551724137935, "06T29@1": 0.0, "07T29@2": 1.0, "08T12@2": 0.0, "BUYER": 0.0, "SELLER": 0.0}