{"time_limit": 10800, "spot_discount": 0.9, "spot_market_global_loss": 0.2, "neg_quota_step": 292, "n_processes": 3, "n_products": 4, "n_steps": 65, "financial_reports_period": 5, "exogenous_horizon": 18, "max_productivity": 1.0, "catalog_prices": [10, 21, 31, 42], "cash_availability": [1.5, 2.5], "expected_productivity": 0.6358974358974359, "expected_mean_profit": 0.14359001979344796, "initial_balance": [17406, 17406, 8762, 8762, 8762, 8762, 8762, 34956, 34956]}