{"00T41@0": 0.08213552361396306, "01T41@0": 0.07878787878787877, "02T35@1": 0.45, "03T23@1": 0.5, "04T06@2": 0.0, "05T41@2": 0.0, "06T06@3": 0.0, "07T23@3": 0.49473684210526314, "08T06@4": 0.0, "09T22@4": 0.0, "BUYER": 0.0, "SELLER": 0.0}