{"00T37@0": 0.00732600732600732, "01T37@0": 0.003846153846153843, "02T16@1": 0.0, "03T22@1": 0.08974358974358976, "04T16@2": 0.0, "05T37@2": 0.062499999999999986, "06T16@3": 1.0, "07T22@3": 0.1004566210045663, "BUYER": 0.0, "SELLER": 0.0}