{"00T07@0": 0.03501400560224091, "01T35@0": 0.6967370441458732, "02T35@1": 0.6640000000000003, "03T35@1": 0.6603053435114506, "04T29@2": 1.0, "05T35@2": 0.6606189967982917, "BUYER": 0.0, "SELLER": 0.0}