{"00T16@0": 0.0, "01T35@0": 0.6725352112676061, "02T35@1": 0.7954022988505745, "03T35@1": 0.8004434589800449, "04T26@2": 0.0, "05T35@2": 0.6357560568086881, "BUYER": 0.0, "SELLER": 0.0}