{"00T35@0": 0.34810126582278494, "01T35@0": 0.39787395596051617, "02T35@1": 1.0, "03T22@1": 0.0009082652134423239, "04T35@2": 0.7201492537313432, "05T35@2": 0.6346938775510201, "06T20@3": 0.6683621566632768, "07T40@3": 0.0, "BUYER": 0.0, "SELLER": 0.0}