{"00T35@0": 0.18384697130712, "01T35@0": 0.1761710794297352, "02T35@1": 0.0, "03T22@1": 0.6077630234933604, "04T35@2": 0.3665943600867679, "05T35@2": 0.3773987206823029, "06T29@3": 1.0, "07T07@3": 0.001396648044692737, "BUYER": 0.0, "SELLER": 0.0}