{"00T40@0": 0.018292682926829274, "01T35@0": 0.10179640718562874, "02T29@1": 0.0, "03T22@1": 0.45906432748538, "04T22@2": 0.020408163265306114, "05T22@2": 0.022267206477732816, "BUYER": 0.0, "SELLER": 0.0}