{"00T41@0": 0.29198473282442755, "01T35@0": 0.6201372997711676, "02T41@1": 0.4732142857142857, "03T35@1": 0.704225352112676, "04T41@2": 0.3299232736572893, "05T36@2": 0.12459016393442618, "06T36@3": 0.37329700272479577, "07T35@3": 0.6619718309859157, "08T36@4": 0.0, "09T23@4": 0.62877030162413, "BUYER": 0.0, "SELLER": 0.0}