{"00T38@0": 0.0, "01T22@0": 0.0409711684370258, "02T22@1": 0.44666666666666677, "03T35@1": 0.8202247191011236, "04T36@2": 0.0, "05T35@2": 0.7814569536423842, "BUYER": 0.0, "SELLER": 0.0}