{"00T36@0": 0.14285714285714296, "01T22@0": 0.12171837708830544, "02T35@1": 0.5517241379310345, "03T35@1": 0.6097560975609755, "04T41@2": 0.5413533834586465, "05T35@2": 0.8000000000000002, "06T22@3": 0.0, "07T22@3": 0.0, "BUYER": 0.0, "SELLER": 0.0}