{"00T24@0": 0.0, "01T40@0": 0.039301310043668124, "02T40@1": 0.0, "03T40@1": 0.0, "04T24@2": 0.9540229885057471, "05T24@2": 0.8913043478260868, "BUYER": 0.0, "SELLER": 0.0}