{"00T20@0": 0.0, "01T35@0": 0.3186119873817033, "02T22@1": 0.45348837209302323, "03T22@1": 0.4966442953020134, "04T22@2": 0.0, "05T23@2": 0.4943181818181818, "06T29@3": 1.0, "07T23@3": 0.6375404530744341, "BUYER": 0.0, "SELLER": 0.0}