{"00T36@0": 0.11513859275053304, "01T22@0": 0.07158351409978311, "02T36@1": 0.0, "03T22@1": 0.0, "04T38@2": 0.04430379746835442, "05T22@2": 0.008064516129032258, "06T36@3": 0.05970149253731343, "07T38@3": 0.08144796380090498, "08T38@4": 0.0, "09T35@4": 0.8940677966101694, "BUYER": 0.0, "SELLER": 0.0}