{"time_limit": 10800, "spot_discount": 0.9, "spot_market_global_loss": 0.2, "neg_quota_step": 390, "n_processes": 5, "n_products": 6, "n_steps": 78, "financial_reports_period": 5, "exogenous_horizon": 31, "max_productivity": 1.0, "catalog_prices": [10, 20, 33, 46, 52, 62], "cash_availability": [1.5, 2.5], "expected_productivity": 0.9358974358974359, "expected_mean_profit": 0.05950718516327415, "initial_balance": [26110, 26110, 42314, 42314, 63277, 63277, 76024, 76024, 83013, 83013]}