{"00T29@0": 0.0, "01T12@0": 0.0, "02T37@1": 0.8321678321678321, "03T22@1": 0.9320754716981132, "04T35@2": 0.4043478260869565, "05T22@2": 0.17291066282420733, "06T40@3": 1.0, "07T35@3": 0.5563549160671463, "BUYER": 0.0, "SELLER": 0.0}