{"time_limit": 10800, "spot_discount": 0.9, "spot_market_global_loss": 0.2, "neg_quota_step": 528, "n_processes": 4, "n_products": 5, "n_steps": 132, "financial_reports_period": 5, "exogenous_horizon": 27, "max_productivity": 1.0, "catalog_prices": [10, 18, 27, 33, 46], "cash_availability": [1.5, 2.5], "expected_productivity": 0.9696969696969697, "expected_mean_profit": 0.08868179768525478, "initial_balance": [29231, 29231, 46282, 46282, 59630, 59630, 77753, 77753]}