{"00T23@0": 0.13235294117647056, "01T23@0": 0.1174785100286533, "02T06@1": 0.0, "03T34@1": 0.31645569620253167, "04T23@2": 0.8924050632911392, "05T22@2": 0.6356877323420072, "06T23@3": 0.6194331983805663, "07T35@3": 0.6505494505494505, "BUYER": 0.0, "SELLER": 0.0}