{"00T35@0": 0.08181818181818179, "01T23@0": 0.05714285714285722, "02T29@1": 0.0, "03T02@1": 0.5135135135135135, "04T22@2": 0.6153846153846151, "05T23@2": 0.9422110552763819, "06T12@3": 0.01578947368421053, "07T22@3": 0.0, "08T05@4": 1.0, "09T23@4": 0.40394973070017937, "BUYER": 0.0, "SELLER": 0.0}