{"time_limit": 10800, "spot_discount": 0.9, "spot_market_global_loss": 0.2, "neg_quota_step": 261, "n_processes": 3, "n_products": 4, "n_steps": 58, "financial_reports_period": 5, "exogenous_horizon": 25, "max_productivity": 1.0, "catalog_prices": [10, 22, 31, 41], "cash_availability": [1.5, 2.5], "expected_productivity": 1.264367816091954, "expected_mean_profit": 0.06881512165467321, "initial_balance": [23658, 23658, 23658, 23658, 46178, 46178, 46178, 95616, 95616]}