{"00T36@0": 0.6511111111111111, "01T35@0": 0.15641025641025652, "02T35@1": 0.6766595289079229, "03T35@1": 0.6638477801268504, "04T26@2": 0.07678883071553225, "05T35@2": 0.47965116279069775, "BUYER": 0.0, "SELLER": 0.0}