{"00T21@0": 0.0, "01T22@0": 0.7669376693766932, "02T35@1": 0.5566502463054186, "03T35@1": 0.5121951219512194, "04T40@2": 0.3114035087719302, "05T35@2": 0.9606299212598425, "06T22@3": 0.0, "07T22@3": 0.0, "BUYER": 0.0, "SELLER": 0.0}