{"00T35@0": 0.24827586206896557, "01T35@0": 0.26638772663877275, "02T35@1": 1.0, "03T22@1": 0.37825421133231235, "04T35@2": 0.8477801268498943, "05T35@2": 0.8669064748201442, "06T18@3": 0.013852813852813853, "07T41@3": 0.0, "BUYER": 0.0, "SELLER": 0.0}