{"00T23@0": 0.24444444444444433, "01T22@0": 0.2544247787610624, "02T23@1": 0.5000000000000002, "03T22@1": 0.27910447761194057, "04T37@2": 0.0611246943765282, "05T35@2": 0.3869863013698631, "06T23@3": 0.7150837988826816, "07T35@3": 0.6804511278195489, "08T12@4": 0.0, "09T40@4": 1.0, "BUYER": 0.0, "SELLER": 0.0}