{"00T35@0": 0.25331369661266573, "01T35@0": 0.2650231124807391, "02T35@1": 0.0, "03T22@1": 0.6702508960573479, "04T35@2": 0.3225255972696246, "05T35@2": 0.3365200764818356, "06T41@3": 0.0, "07T24@3": 1.0, "BUYER": 0.0, "SELLER": 0.0}