{"00T35@0": 0.20555555555555546, "01T22@0": 0.18197278911564646, "02T33@1": 0.11877394636015325, "03T35@1": 0.5801886792452832, "04T29@2": 1.0, "05T35@2": 0.7026143790849679, "BUYER": 0.0, "SELLER": 0.0}