{"00T23@0": 0.2227138643067846, "01T23@0": 0.22429906542056074, "02T22@1": 0.01856148491879348, "03T23@1": 0.8982456140350875, "04T22@2": 0.0, "05T22@2": 0.0, "06T24@3": 0.9713261648745519, "07T29@3": 1.0, "BUYER": 0.0, "SELLER": 0.0}