{"00T12@0": 0.029411764705882353, "01T41@0": 0.08778625954198475, "02T41@1": 0.36363636363636365, "03T12@1": 0.09039548022598874, "04T24@2": 0.0, "05T12@2": 0.0, "06T41@2": 0.0, "07T24@3": 0.8282208588957057, "08T24@3": 0.7633136094674556, "BUYER": 0.0, "SELLER": 0.0}