{"00T26@0": 0.19607843137254893, "01T32@0": 0.01716738197424892, "02T32@1": 0.06542056074766359, "03T26@1": 0.30061349693251543, "04T26@2": 0.0, "05T32@2": 0.32191780821917804, "BUYER": 0.0, "SELLER": 0.0}