{"00T19@0": 0.0, "01T23@0": 0.1258741258741259, "02T19@1": 0.0, "03T34@1": 0.0, "04T34@2": 1.0, "05T34@2": 1.0, "06T22@3": 0.2551724137931035, "07T35@3": 0.4583333333333334, "08T19@4": 1.0, "09T23@4": 0.6463104325699743, "BUYER": 0.0, "SELLER": 0.0}