{"00T37@0": 0.04221635883905007, "01T22@0": 0.11910112359550588, "02T23@1": 0.7262569832402236, "03T22@1": 0.3963963963963963, "04T40@2": 0.0, "05T23@2": 0.7265469061876252, "BUYER": 0.0, "SELLER": 0.0}