{"00T29@0": 0.0, "01T23@0": 0.4902216427640154, "02T12@1": 0.02739726027397262, "03T23@1": 0.7658227848101267, "04T23@2": 0.5927419354838712, "05T23@2": 0.6977491961414787, "06T35@3": 0.7060869565217391, "07T35@3": 0.7043478260869563, "BUYER": 0.0, "SELLER": 0.0}