{"time_limit": 10800, "spot_discount": 0.9, "spot_market_global_loss": 0.2, "neg_quota_step": 520, "n_processes": 4, "n_products": 5, "n_steps": 130, "financial_reports_period": 5, "exogenous_horizon": 44, "max_productivity": 1.0, "catalog_prices": [10, 18, 26, 30, 45], "cash_availability": [1.5, 2.5], "expected_productivity": 0.9692307692307692, "expected_mean_profit": 0.0969041848166918, "initial_balance": [35101, 35101, 50429, 50429, 65405, 65405, 85061, 85061]}