{"time_limit": 10800, "spot_discount": 0.9, "spot_market_global_loss": 0.2, "neg_quota_step": 620, "n_processes": 4, "n_products": 5, "n_steps": 155, "financial_reports_period": 5, "exogenous_horizon": 63, "max_productivity": 1.0, "catalog_prices": [10, 18, 28, 41, 48], "cash_availability": [1.5, 2.5], "expected_productivity": 0.9741935483870968, "expected_mean_profit": 0.05995035389949108, "initial_balance": [51700, 51700, 87030, 87030, 115293, 115293, 155274, 155274]}