{"00T21@0": 0.0, "01T22@0": 0.4186046511627907, "02T35@1": 0.43333333333333335, "03T22@1": 0.04, "04T20@2": 0.5625, "05T35@2": 0.36363636363636365, "06T35@3": 0.64, "07T35@3": 0.92, "BUYER": 0.0, "SELLER": 0.0}