{"00T20@0": 0.0037037037037037004, "01T06@0": 0.0625, "02T20@1": 0.8181818181818182, "03T06@1": 0.0, "04T20@2": 0.8082191780821917, "05T06@2": 0.0, "BUYER": 0.0, "SELLER": 0.0}