{"00T41@0": 0.282485875706215, "01T22@0": 0.21680216802168029, "02T22@1": 0.10810810810810811, "03T23@1": 0.3167701863354037, "04T40@2": 0.0, "05T23@2": 0.7450980392156861, "06T23@3": 0.8176638176638173, "07T22@3": 0.029069767441860465, "BUYER": 0.0, "SELLER": 0.0}