{"00T41@0": 0.0, "01T41@0": 0.0, "02T06@1": 0.0, "03T22@1": 0.0396039603960396, "04T41@2": 0.2967032967032968, "05T06@2": 0.0, "06T06@3": 0.0, "07T22@3": 0.0858895705521473, "BUYER": 0.0, "SELLER": 0.0}