{"00T37@0": 0.03058103975535167, "01T22@0": 0.1711229946524063, "02T35@1": 0.5147058823529411, "03T23@1": 0.5254237288135595, "04T06@2": 0.0, "05T22@2": 0.0, "BUYER": 0.0, "SELLER": 0.0}