{"00T32@0": 0.8007380073800736, "01T35@0": 0.3346228239845263, "02T41@1": 0.05882352941176473, "03T41@1": 0.07964601769911504, "04T32@2": 0.1794871794871795, "05T32@2": 0.6962025316455697, "06T23@3": 0.8226950354609929, "07T23@3": 0.8225255972696248, "08T41@4": 0.0, "09T23@4": 0.5884244372990353, "BUYER": 0.0, "SELLER": 0.0}