{"00T38@0": 0.04421052631578947, "01T38@0": 0.02186878727634196, "02T26@1": 0.2348993288590604, "03T38@1": 0.0734094616639477, "04T26@2": 0.016949152542372888, "05T26@2": 0.017777777777777757, "BUYER": 0.0, "SELLER": 0.0}