{"time_limit": 10800, "spot_discount": 0.9, "spot_market_global_loss": 0.2, "neg_quota_step": 292, "n_processes": 4, "n_products": 5, "n_steps": 73, "financial_reports_period": 5, "exogenous_horizon": 17, "max_productivity": 1.0, "catalog_prices": [10, 16, 25, 36, 46], "cash_availability": [1.5, 2.5], "expected_productivity": 0.9452054794520548, "expected_mean_profit": 0.07246212385673392, "initial_balance": [22928, 22928, 33736, 33736, 49705, 49705, 65507, 65507]}