{"time_limit": 10800, "spot_discount": 0.9, "spot_market_global_loss": 0.2, "neg_quota_step": 395, "n_processes": 5, "n_products": 6, "n_steps": 79, "financial_reports_period": 5, "exogenous_horizon": 37, "max_productivity": 1.0, "catalog_prices": [10, 21, 30, 40, 47, 57], "cash_availability": [1.5, 2.5], "expected_productivity": 0.9367088607594937, "expected_mean_profit": 0.07688191223688905, "initial_balance": [21526, 21526, 30674, 30674, 41855, 41855, 51960, 51960, 61407, 61407]}