{"00T29@0": 0.0, "01T22@0": 0.24647887323943687, "02T35@1": 0.63855421686747, "03T35@1": 0.6947791164658634, "04T10@2": 0.24027072758037235, "05T35@2": 0.8692307692307693, "06T22@3": 0.0, "07T22@3": 0.0, "BUYER": 0.0, "SELLER": 0.0}