{"00T37@0": 0.06250000000000006, "01T41@0": 0.02912621359223302, "02T41@1": 0.41208791208791207, "03T37@1": 0.28888888888888903, "04T37@2": 0.0657894736842106, "05T41@2": 0.0821917808219178, "BUYER": 0.0, "SELLER": 0.0}