{"00T14@0": 0.0, "01T40@0": 0.16111111111111112, "02T40@1": 0.09523809523809523, "03T22@1": 0.07792207792207789, "04T40@2": 0.3010752688172043, "05T14@2": 0.0, "06T14@3": 1.0, "07T22@3": 0.3287671232876712, "BUYER": 0.0, "SELLER": 0.0}