{"00T23@0": 0.41614906832298143, "01T35@0": 0.32203389830508466, "02T40@1": 0.0987654320987653, "03T23@1": 0.9133858267716536, "04T41@2": 0.1827586206896552, "05T23@2": 0.7751196172248801, "06T22@3": 0.0, "07T23@3": 0.5609065155807369, "BUYER": 0.0, "SELLER": 0.0}