{"00T29@0": 0.0, "01T35@0": 0.1686182669789228, "02T29@1": 0.0, "03T37@1": 0.0, "04T37@2": 0.5340909090909091, "05T23@2": 0.5523012552301261, "06T37@3": 0.005037783375314854, "07T29@3": 1.0, "BUYER": 0.0, "SELLER": 0.0}