{"00T22@0": 0.27083333333333354, "01T23@0": 0.2125237191650854, "02T35@1": 0.19834710743801653, "03T22@1": 0.22190201729106637, "04T35@2": 0.7282608695652173, "05T35@2": 0.7327935222672067, "06T35@3": 0.6737588652482268, "07T22@3": 0.0029673590504451, "08T19@4": 1.0, "09T38@4": 0.0, "BUYER": 0.0, "SELLER": 0.0}