{"00T23@0": 0.3345656192236599, "01T35@0": 0.23354564755838636, "02T22@1": 0.12352941176470582, "03T35@1": 0.8595890410958901, "04T37@2": 0.007017543859649116, "05T36@2": 0.09397590361445782, "06T23@3": 0.7286432160804023, "07T22@3": 0.4718498659517424, "08T23@4": 0.6733212341197821, "09T22@4": 0.0, "BUYER": 0.0, "SELLER": 0.0}