{"00T23@0": 0.2527964205816555, "01T35@0": 0.18041237113402062, "02T37@1": 0.020512820512820506, "03T23@1": 0.7661290322580643, "04T40@2": 0.007434944237918209, "05T23@2": 0.6320000000000006, "BUYER": 0.0, "SELLER": 0.0}