{"00T37@0": 0.0, "01T12@0": 0.0, "02T12@1": 0.0, "03T37@1": 1.0, "04T29@2": 0.0, "05T29@2": 0.0, "06T29@2": 0.0, "07T37@2": 0.6, "08T12@2": 0.0, "09T36@3": 0.8181818181818182, "10T36@3": 0.9166666666666666, "11T36@3": 0.7857142857142857, "BUYER": 0.0, "SELLER": 0.0}