{"00T35@0": 0.5148026315789475, "01T22@0": 0.1727574750830565, "02T33@1": 0.258258258258258, "03T35@1": 0.5492957746478871, "04T24@2": 0.9809885931558935, "05T35@2": 0.6305031446540877, "BUYER": 0.0, "SELLER": 0.0}