{"00T35@0": 0.15634837355718778, "01T35@0": 0.15991471215351813, "02T35@1": 1.0, "03T22@1": 0.4703891708967851, "04T35@2": 0.7014314928425363, "05T35@2": 0.6718750000000001, "06T40@3": 0.0, "07T18@3": 0.14057507987220447, "BUYER": 0.0, "SELLER": 0.0}