{"00T34@0": 0.11538461538461543, "01T34@0": 0.12804878048780488, "02T07@1": 0.06060606060606061, "03T07@1": 0.06451612903225806, "04T07@2": 0.3617021276595746, "05T34@2": 1.0, "BUYER": 0.0, "SELLER": 0.0}