{"00T19@0": 0.0, "01T35@0": 0.07012195121951222, "02T37@1": 0.6435643564356432, "03T19@1": 0.0, "04T37@2": 0.3086419753086419, "05T23@2": 0.7368421052631579, "06T37@3": 0.033132530120481965, "07T19@3": 1.0, "BUYER": 0.0, "SELLER": 0.0}