{"time_limit": 10800, "spot_discount": 0.9, "spot_market_global_loss": 0.2, "neg_quota_step": 354, "n_processes": 3, "n_products": 4, "n_steps": 59, "financial_reports_period": 5, "exogenous_horizon": 25, "max_productivity": 1.0, "catalog_prices": [10, 21, 28, 35], "cash_availability": [1.5, 2.5], "expected_productivity": 0.4745762711864407, "expected_mean_profit": 0.0763025003079197, "initial_balance": [14692, 14692, 8350, 8350, 8350, 8350, 8350, 11754, 11754, 11754, 11754, 11754]}