{"00T20@0": 0.0, "01T12@0": 0.018881626724764025, "02T23@1": 0.1282051282051281, "03T23@1": 0.12500000000000003, "04T23@2": 0.7881944444444444, "05T23@2": 0.8191489361702126, "06T23@3": 0.6522781774580332, "07T22@3": 0.0, "08T35@4": 0.7505910165484635, "09T23@4": 0.7240184757505773, "BUYER": 0.0, "SELLER": 0.0}