{"time_limit": 10800, "spot_discount": 0.9, "spot_market_global_loss": 0.2, "neg_quota_step": 705, "n_processes": 5, "n_products": 6, "n_steps": 141, "financial_reports_period": 5, "exogenous_horizon": 50, "max_productivity": 1.0, "catalog_prices": [10, 21, 27, 39, 52, 70], "cash_availability": [1.5, 2.5], "expected_productivity": 0.9645390070921985, "expected_mean_profit": 0.10390716491003939, "initial_balance": [47238, 47238, 64187, 64187, 90168, 90168, 119344, 119344, 158106, 158106]}