{"00T37@0": 0.0, "01T35@0": 0.5783132530120488, "02T37@1": 0.005263157894736841, "03T18@1": 0.0883534136546185, "04T18@2": 0.8571428571428571, "05T35@2": 0.0, "06T18@3": 0.0, "07T35@3": 0.8592592592592592, "08T37@4": 0.018099547511312205, "09T22@4": 0.0, "BUYER": 0.0, "SELLER": 0.0}