{"00T41@0": 0.20057720057720055, "01T09@0": 0.0, "02T41@1": 0.09333333333333334, "03T41@1": 0.0, "04T09@2": 0.0, "05T09@2": 0.0, "BUYER": 0.0, "SELLER": 0.0}