{"00T20@0": 0.09090909090909091, "01T20@0": 0.10059171597633136, "02T36@1": 0.5244755244755243, "03T36@1": 0.9454545454545454, "04T20@2": 0.45454545454545453, "05T36@2": 0.031141868512110725, "BUYER": 0.0, "SELLER": 0.0}