{"00T41@0": 0.3227016885553471, "01T35@0": 0.8409893992932861, "02T37@1": 0.2052238805970149, "03T41@1": 0.3424657534246576, "04T41@2": 0.39875389408099715, "05T22@2": 0.2718446601941747, "06T23@3": 0.5410447761194028, "07T35@3": 0.49372384937238495, "08T37@4": 0.0, "09T37@4": 0.006535947712418293, "BUYER": 0.0, "SELLER": 0.0}