{"00T40@0": 0.0, "01T40@0": 0.0, "02T34@1": 0.40816326530612246, "03T34@1": 0.40816326530612246, "04T34@2": 1.0, "05T35@2": 0.807017543859649, "06T40@3": 0.1794871794871795, "07T35@3": 0.7469879518072292, "BUYER": 0.0, "SELLER": 0.0}