{"00T40@0": 0.16871165644171773, "01T35@0": 0.17625899280575538, "02T41@1": 0.4409937888198758, "03T23@1": 0.7901234567901234, "04T40@2": 0.4584717607973421, "05T40@2": 0.4166666666666666, "06T41@3": 0.3722627737226279, "07T41@3": 0.3677884615384618, "BUYER": 0.0, "SELLER": 0.0}