{"00T41@0": 0.0, "01T22@0": 0.07547169811320752, "02T35@1": 0.696969696969697, "03T22@1": 0.6923076923076923, "04T16@2": 0.0, "05T35@2": 0.0, "06T35@3": 1.0, "07T35@3": 1.0, "BUYER": 0.0, "SELLER": 0.0}