{"00T35@0": 0.2617283950617284, "01T22@0": 0.12500000000000008, "02T22@1": 0.3903133903133901, "03T23@1": 0.85, "04T37@2": 0.010810810810810792, "05T41@2": 0.2716346153846157, "BUYER": 0.0, "SELLER": 0.0}