{"time_limit": 10800, "spot_discount": 0.9, "spot_market_global_loss": 0.2, "neg_quota_step": 350, "n_processes": 5, "n_products": 6, "n_steps": 70, "financial_reports_period": 5, "exogenous_horizon": 32, "max_productivity": 1.0, "catalog_prices": [10, 16, 27, 41, 49, 62], "cash_availability": [1.5, 2.5], "expected_productivity": 0.9285714285714286, "expected_mean_profit": 0.08351700027550041, "initial_balance": [17549, 17549, 27515, 27515, 40927, 40927, 56471, 56471, 68064, 68064]}