{"00T36@0": 0.2727272727272727, "01T22@0": 0.18181818181818182, "02T35@1": 0.0, "03T22@1": 0.0, "04T21@2": 0.0, "05T35@2": 1.0, "06T35@3": 0.9090909090909091, "07T35@3": 0.9, "BUYER": 0.0, "SELLER": 0.0}