{"00T22@0": 0.03947368421052631, "01T22@0": 0.061224489795918366, "02T19@1": 0.0, "03T35@1": 0.5483870967741934, "04T19@2": 0.0, "05T41@2": 0.15492957746478872, "06T41@3": 0.041095890410958895, "07T23@3": 0.9814814814814815, "08T41@4": 0.0, "09T19@4": 1.0, "BUYER": 0.0, "SELLER": 0.0}