{"00T29@0": 0.0, "01T22@0": 0.41176470588235303, "02T35@1": 0.3103448275862069, "03T22@1": 0.6470588235294118, "04T06@2": 0.0, "05T35@2": 0.26666666666666666, "06T35@3": 0.8484848484848485, "07T35@3": 0.9259259259259259, "BUYER": 0.0, "SELLER": 0.0}