{"00T35@0": 0.2998585572843, "01T23@0": 0.3732782369146002, "02T40@1": 0.017632241813602022, "03T22@1": 0.057220708446866525, "04T41@2": 0.47587719298245607, "05T35@2": 0.8009950248756215, "BUYER": 0.0, "SELLER": 0.0}