{"00T22@0": 0.09236947791164662, "01T23@0": 0.09166666666666666, "02T21@1": 0.0, "03T23@1": 0.8070175438596491, "04T34@2": 0.6274509803921569, "05T35@2": 0.7, "BUYER": 0.0, "SELLER": 0.0}