{"time_limit": 10800, "spot_discount": 0.9, "spot_market_global_loss": 0.2, "neg_quota_step": 480, "n_processes": 5, "n_products": 6, "n_steps": 96, "financial_reports_period": 5, "exogenous_horizon": 42, "max_productivity": 1.0, "catalog_prices": [10, 17, 27, 38, 44, 54], "cash_availability": [1.5, 2.5], "expected_productivity": 0.9479166666666666, "expected_mean_profit": 0.05329744202283888, "initial_balance": [32555, 32555, 51329, 51329, 71947, 71947, 88549, 88549, 102222, 102222]}