{"00T22@0": 0.04029850746268656, "01T35@0": 0.13342898134863707, "02T23@1": 0.7500000000000002, "03T22@1": 0.030042918454935643, "04T22@2": 0.0, "05T35@2": 0.8803088803088803, "06T22@3": 0.0, "07T23@3": 0.7786259541984734, "08T12@4": 0.0, "09T29@4": 1.0, "BUYER": 0.0, "SELLER": 0.0}