{"time_limit": 10800, "spot_discount": 0.9, "spot_market_global_loss": 0.2, "neg_quota_step": 535, "n_processes": 5, "n_products": 6, "n_steps": 107, "financial_reports_period": 5, "exogenous_horizon": 25, "max_productivity": 1.0, "catalog_prices": [10, 23, 35, 43, 56, 71], "cash_availability": [1.5, 2.5], "expected_productivity": 0.9532710280373832, "expected_mean_profit": 0.10596980415192911, "initial_balance": [29581, 29581, 49465, 49465, 60147, 60147, 78963, 78963, 101888, 101888]}