{"00T35@0": 0.0, "01T23@0": 0.0, "02T35@1": 1.0, "03T35@1": 1.0, "04T29@2": 0.0, "05T23@2": 0.9090909090909092, "06T36@3": 0.5144032921810702, "07T23@3": 0.8111332007952284, "BUYER": 0.0, "SELLER": 0.0}