{"00T24@0": 0.0, "01T35@0": 0.7685589519650653, "02T35@1": 0.9174757281553398, "03T35@1": 0.905, "04T03@2": 0.08031088082901555, "05T35@2": 0.5936981757877279, "BUYER": 0.0, "SELLER": 0.0}