{"00T40@0": 0.2477064220183487, "01T35@0": 0.0, "02T35@1": 0.6333333333333333, "03T35@1": 0.6687116564417176, "04T20@2": 0.0, "05T22@2": 0.004032258064516126, "06T35@3": 0.8763440860215055, "07T35@3": 0.8366336633663366, "08T22@4": 0.0, "09T22@4": 0.0, "BUYER": 0.0, "SELLER": 0.0}