{"time_limit": 10800, "spot_discount": 0.9, "spot_market_global_loss": 0.2, "neg_quota_step": 385, "n_processes": 5, "n_products": 6, "n_steps": 77, "financial_reports_period": 5, "exogenous_horizon": 31, "max_productivity": 1.0, "catalog_prices": [10, 16, 24, 35, 48, 61], "cash_availability": [1.5, 2.5], "expected_productivity": 0.935064935064935, "expected_mean_profit": 0.10095584937672569, "initial_balance": [16394, 16394, 23244, 23244, 37237, 37237, 47131, 47131, 61065, 61065]}