{"00T36@0": 0.2702702702702703, "01T35@0": 0.32867132867132864, "02T06@1": 0.0, "03T36@1": 0.28282828282828276, "04T36@2": 0.22872340425531903, "05T35@2": 0.36842105263157904, "06T06@3": 0.0, "07T35@3": 0.7000000000000001, "08T06@4": 0.5797101449275363, "09T22@4": 0.0, "BUYER": 0.0, "SELLER": 0.0}