{"00T04@0": 0.04383561643835609, "01T04@0": 0.01818181818181819, "02T08@1": 0.20476190476190478, "03T22@1": 0.14009661835748793, "04T08@2": 0.907563025210084, "05T04@2": 0.20105820105820105, "06T08@3": 0.7452229299363055, "07T22@3": 0.0, "BUYER": 0.0, "SELLER": 0.0}