{"00T41@0": 0.5474006116207946, "01T35@0": 0.7702702702702701, "02T40@1": 0.19354838709677413, "03T22@1": 0.1885964912280701, "04T23@2": 0.12790697674418605, "05T22@2": 0.26785714285714285, "06T35@3": 0.7522123893805311, "07T23@3": 0.703125, "08T22@4": 0.0, "09T22@4": 0.0, "BUYER": 0.0, "SELLER": 0.0}