{"time_limit": 10800, "spot_discount": 0.9, "spot_market_global_loss": 0.2, "neg_quota_step": 275, "n_processes": 5, "n_products": 6, "n_steps": 55, "financial_reports_period": 5, "exogenous_horizon": 19, "max_productivity": 1.0, "catalog_prices": [10, 13, 23, 32, 43, 49], "cash_availability": [1.5, 2.5], "expected_productivity": 0.9090909090909091, "expected_mean_profit": 0.05741130668770158, "initial_balance": [12182, 12182, 22481, 22481, 29679, 29679, 40255, 40255, 52602, 52602]}