{"00T41@0": 0.26050420168067223, "01T20@0": 0.0, "02T23@1": 0.0, "03T22@1": 0.37848605577689254, "04T23@2": 0.5414634146341466, "05T35@2": 0.5328947368421051, "06T22@3": 0.4395604395604396, "07T35@3": 0.963855421686747, "08T35@4": 0.6211849192100537, "09T35@4": 0.6033834586466171, "BUYER": 0.0, "SELLER": 0.0}