{"00T34@0": 0.18539325842696622, "01T23@0": 0.0, "02T35@1": 0.0, "03T23@1": 0.0, "04T19@2": 0.0, "05T23@2": 1.0, "06T35@3": 0.968944099378882, "07T22@3": 0.4298780487804879, "08T22@4": 0.0, "09T23@4": 0.5717131474103591, "BUYER": 0.0, "SELLER": 0.0}