{"00T29@0": 0.0, "01T22@0": 0.28830645161290325, "02T35@1": 0.5980861244019133, "03T22@1": 0.13071895424836602, "04T29@2": 0.0, "05T22@2": 0.0, "06T34@3": 0.0, "07T34@3": 0.0, "08T34@4": 1.0, "09T29@4": 1.0, "BUYER": 0.0, "SELLER": 0.0}