{"time_limit": 10800, "spot_discount": 0.9, "spot_market_global_loss": 0.2, "neg_quota_step": 455, "n_processes": 5, "n_products": 6, "n_steps": 91, "financial_reports_period": 5, "exogenous_horizon": 21, "max_productivity": 1.0, "catalog_prices": [10, 18, 26, 39, 49, 59], "cash_availability": [1.5, 2.5], "expected_productivity": 0.945054945054945, "expected_mean_profit": 0.04079332517088438, "initial_balance": [31997, 31997, 51408, 51408, 68366, 68366, 96843, 96843, 121373, 121373]}