{"00T19@0": 0.0, "01T37@0": 0.0031055900621117997, "02T37@1": 0.035398230088495575, "03T19@1": 0.0, "04T19@2": 1.0, "05T37@2": 0.09160305343511455, "BUYER": 0.0, "SELLER": 0.0}