{"00T12@0": 0.0, "01T20@0": 0.0, "02T29@1": 0.0, "03T37@1": 0.9051724137931034, "04T22@2": 0.3333333333333333, "05T23@2": 0.36666666666666675, "06T23@3": 0.7683615819209044, "07T23@3": 0.7707006369426752, "08T23@4": 0.5724137931034483, "09T23@4": 0.5773195876288657, "BUYER": 0.0, "SELLER": 0.0}