{"00T38@0": 0.02613636363636364, "01T35@0": 0.6269070735090153, "02T35@1": 0.5880952380952378, "03T35@1": 0.5675057208237988, "04T07@2": 0.19796954314720813, "05T35@2": 0.7017892644135186, "BUYER": 0.0, "SELLER": 0.0}