{"00T12@0": 0.026448362720403008, "01T35@0": 0.3413173652694612, "02T12@1": 0.0, "03T23@1": 0.1585760517799353, "04T05@2": 0.0, "05T22@2": 0.0, "06T05@3": 0.0, "07T22@3": 0.0, "08T12@4": 0.0, "09T05@4": 1.0, "BUYER": 0.0, "SELLER": 0.0}