{"00T23@0": 0.03928571428571433, "01T35@0": 0.04029304029304033, "02T29@1": 0.0, "03T23@1": 0.6390977443609022, "04T07@2": 0.24113475177304955, "05T35@2": 0.927461139896373, "06T22@3": 0.0, "07T23@3": 0.721763085399449, "BUYER": 0.0, "SELLER": 0.0}