{"00T23@0": 0.36036036036036023, "01T23@0": 0.42009132420091333, "02T36@1": 0.13588850174216022, "03T23@1": 0.8253968253968254, "04T35@2": 0.743455497382199, "05T22@2": 0.206405693950178, "06T22@3": 0.0, "07T35@3": 0.616, "08T29@4": 1.0, "09T23@4": 0.6051502145922749, "BUYER": 0.0, "SELLER": 0.0}