{"00T06@0": 0.0, "01T36@0": 0.5498575498575501, "02T35@1": 0.2571428571428571, "03T35@1": 0.23, "04T23@2": 0.84, "05T35@2": 0.8666666666666668, "06T35@3": 0.827906976744186, "07T35@3": 0.7990867579908676, "08T23@4": 0.5297619047619049, "09T22@4": 0.0, "BUYER": 0.0, "SELLER": 0.0}