{"00T05@0": 0.0, "01T22@0": 0.0, "02T12@1": 0.0, "03T12@1": 0.0, "04T05@2": 0.0, "05T05@2": 0.0, "06T12@3": 0.0, "07T35@3": 1.0, "08T22@4": 0.04081632653061224, "09T23@4": 0.7869822485207103, "BUYER": 0.0, "SELLER": 0.0}