{"00T38@0": 0.0, "01T23@0": 0.10610079575596817, "02T22@1": 0.45454545454545436, "03T23@1": 0.6989247311827954, "04T36@2": 0.24124513618677026, "05T22@2": 0.2830188679245283, "06T35@3": 0.7310195227765726, "07T23@3": 0.773242630385487, "BUYER": 0.0, "SELLER": 0.0}