{"00T34@0": 0.010025062656641591, "01T15@0": 0.03686635944700456, "02T23@1": 0.8679245283018868, "03T23@1": 0.912621359223301, "04T35@2": 0.7430555555555556, "05T35@2": 0.7109375000000003, "06T23@3": 0.6603448275862066, "07T23@3": 0.6557093425605537, "BUYER": 0.0, "SELLER": 0.0}