{"00T26@0": 0.0, "01T34@0": 0.18181818181818182, "02T26@1": 0.2857142857142857, "03T34@1": 0.42857142857142855, "04T26@2": 0.0, "05T34@2": 0.7777777777777778, "BUYER": 0.0, "SELLER": 0.0}