{"00T38@0": 0.0, "01T22@0": 0.11127167630057798, "02T22@1": 0.13661202185792354, "03T35@1": 0.6136363636363639, "04T34@2": 0.6160458452722071, "05T35@2": 0.7893939393939398, "BUYER": 0.0, "SELLER": 0.0}