{"00T22@0": 0.0, "01T22@0": 0.0, "02T10@1": 0.24271844660194172, "03T06@1": 0.0, "04T22@2": 0.5907780979827093, "05T35@2": 0.8306878306878307, "06T35@3": 0.7243319268635734, "07T35@3": 0.6955223880597011, "BUYER": 0.0, "SELLER": 0.0}