{"00T35@0": 0.2797927461139896, "01T35@0": 0.28421052631578964, "02T35@1": 0.8620689655172415, "03T22@1": 0.5462962962962964, "04T36@2": 0.25396825396825373, "05T24@2": 0.09523809523809523, "06T22@3": 0.43283582089552236, "07T22@3": 0.4351145038167938, "08T23@4": 0.6011235955056181, "09T35@4": 0.6615384615384615, "BUYER": 0.0, "SELLER": 0.0}