{"time_limit": 10800, "spot_discount": 0.9, "spot_market_global_loss": 0.2, "neg_quota_step": 255, "n_processes": 5, "n_products": 6, "n_steps": 51, "financial_reports_period": 5, "exogenous_horizon": 12, "max_productivity": 1.0, "catalog_prices": [10, 21, 34, 43, 57, 75], "cash_availability": [1.5, 2.5], "expected_productivity": 0.9019607843137255, "expected_mean_profit": 0.11289749898775968, "initial_balance": [13476, 13476, 22825, 22825, 32301, 32301, 40892, 40892, 51041, 51041]}