{"00T37@0": 0.0, "01T35@0": 0.3003095975232198, "02T09@1": 0.0, "03T22@1": 0.3909090909090911, "04T22@2": 0.035856573705179286, "05T22@2": 0.05769230769230778, "BUYER": 0.0, "SELLER": 0.0}