{"00T41@0": 0.25537634408602156, "01T41@0": 0.30110497237569067, "02T23@1": 0.515463917525773, "03T23@1": 0.49484536082474234, "04T36@2": 0.05612244897959189, "05T23@2": 0.8870056497175139, "06T36@3": 0.11274509803921574, "07T22@3": 0.13617021276595753, "08T41@4": 0.49185667752442996, "09T36@4": 0.028391167192429023, "BUYER": 0.0, "SELLER": 0.0}