{"time_limit": 10800, "spot_discount": 0.9, "spot_market_global_loss": 0.2, "neg_quota_step": 270, "n_processes": 5, "n_products": 6, "n_steps": 54, "financial_reports_period": 5, "exogenous_horizon": 23, "max_productivity": 1.0, "catalog_prices": [10, 19, 26, 31, 39, 52], "cash_availability": [1.5, 2.5], "expected_productivity": 0.9074074074074074, "expected_mean_profit": 0.08880108141832173, "initial_balance": [14162, 14162, 20914, 20914, 24879, 24879, 32432, 32432, 42251, 42251]}