{"00T23@0": 0.2076271186440678, "01T23@0": 0.21397379912663755, "02T23@1": 0.7983870967741935, "03T23@1": 0.805668016194332, "04T12@2": 0.0, "05T37@2": 0.0, "06T23@3": 0.46236559139784955, "07T22@3": 0.5000000000000002, "08T29@4": 1.0, "09T35@4": 0.6357142857142856, "BUYER": 0.0, "SELLER": 0.0}