{"00T35@0": 0.3532934131736527, "01T35@0": 0.3582995951417004, "02T22@1": 0.43561643835616437, "03T22@1": 0.4113110539845759, "04T22@2": 0.16666666666666674, "05T22@2": 0.1185770750988142, "06T24@3": 0.21739130434782608, "07T41@3": 0.3956521739130436, "08T22@4": 0.031128404669260673, "09T22@4": 0.11885245901639344, "BUYER": 0.0, "SELLER": 0.0}