{"00T37@0": 0.0, "01T23@0": 0.39657853810264404, "02T38@1": 0.020295202952029513, "03T23@1": 0.8, "04T35@2": 0.6820603907637663, "05T23@2": 0.622895622895623, "BUYER": 0.0, "SELLER": 0.0}