{"00T04@0": 0.0592515592515593, "01T35@0": 0.1403508771929823, "02T35@1": 0.5892473118279575, "03T35@1": 0.7092198581560287, "04T20@2": 0.7133258678611428, "05T35@2": 0.6584507042253523, "BUYER": 0.0, "SELLER": 0.0}