{"00T40@0": 0.046511627906976744, "01T40@0": 0.041916167664670684, "02T12@1": 0.23076923076923078, "03T12@1": 0.23076923076923078, "04T40@2": 1.0, "05T12@2": 0.0, "BUYER": 0.0, "SELLER": 0.0}