{"00T19@0": 0.0, "01T35@0": 0.19875776397515527, "02T41@1": 0.0, "03T19@1": 0.0, "04T19@2": 0.0, "05T23@2": 0.7704918032786885, "06T41@3": 0.0, "07T41@3": 0.0, "BUYER": 0.0, "SELLER": 0.0}