{"00T35@0": 0.7873134328358207, "01T22@0": 0.05637254901960785, "02T40@1": 0.29067245119305846, "03T35@1": 0.648, "04T36@2": 0.0, "05T35@2": 0.6530612244897963, "BUYER": 0.0, "SELLER": 0.0}