{"00T36@0": 0.030303030303030293, "01T22@0": 0.09037900874635567, "02T22@1": 0.08181818181818182, "03T23@1": 0.7117117117117114, "04T20@2": 1.0, "05T22@2": 0.0032258064516128998, "BUYER": 0.0, "SELLER": 0.0}