{"00T41@0": 0.07660167130919215, "01T35@0": 0.34793814432989684, "02T35@1": 0.6948640483383688, "03T35@1": 0.6899696048632212, "04T07@2": 0.12068965517241385, "05T35@2": 0.6839779005524863, "BUYER": 0.0, "SELLER": 0.0}