{"00T22@0": 0.2286212914485166, "01T23@0": 0.5753086419753086, "02T07@1": 0.17021276595744678, "03T41@1": 0.24464831804281353, "04T23@2": 0.5541666666666669, "05T23@2": 0.5447154471544716, "06T22@3": 0.16851441241685144, "07T35@3": 0.8203592814371254, "08T23@4": 0.6739469578783154, "09T22@4": 0.0, "BUYER": 0.0, "SELLER": 0.0}