{"00T15@0": 0.10591900311526475, "01T22@0": 0.07570977917981074, "02T22@1": 0.5158924205378974, "03T35@1": 0.8795811518324608, "04T41@2": 0.0, "05T35@2": 0.5850622406639004, "BUYER": 0.0, "SELLER": 0.0}