{"00T41@0": 0.12688821752265844, "01T06@0": 0.0, "02T06@1": 0.0, "03T41@1": 0.28523489932885904, "04T06@2": 0.0, "05T41@2": 0.033573141486810565, "BUYER": 0.0, "SELLER": 0.0}