{"00T35@0": 0.12028985507246366, "01T22@0": 0.04823151125401929, "02T37@1": 0.042801556420233464, "03T35@1": 0.7551020408163265, "04T04@2": 0.02371541501976285, "05T35@2": 0.7808988764044944, "BUYER": 0.0, "SELLER": 0.0}