{"00T40@0": 0.0, "01T35@0": 0.45794392523364486, "02T40@1": 0.11258278145695365, "03T18@1": 0.01286173633440513, "04T18@2": 0.0, "05T35@2": 0.4198895027624309, "06T40@3": 0.0, "07T35@3": 0.967741935483871, "08T18@4": 0.582191780821918, "09T22@4": 0.0, "BUYER": 0.0, "SELLER": 0.0}