{"00T22@0": 0.0, "01T22@0": 0.0, "02T16@1": 0.0, "03T34@1": 0.3872180451127819, "04T22@2": 0.5934959349593489, "05T35@2": 0.879120879120879, "06T35@3": 0.6780626780626776, "07T35@3": 0.6830680173661358, "BUYER": 0.0, "SELLER": 0.0}