{"00T40@0": 0.3152542372881357, "01T23@0": 0.0, "02T35@1": 0.5925925925925926, "03T23@1": 0.6845238095238091, "04T35@2": 0.7407407407407407, "05T22@2": 0.023437499999999993, "06T35@3": 0.6573426573426574, "07T23@3": 0.5925925925925926, "08T29@4": 1.0, "09T35@4": 0.5235294117647058, "BUYER": 0.0, "SELLER": 0.0}