{"00T35@0": 0.5244122965641953, "01T22@0": 0.13244047619047614, "02T36@1": 0.29213483146067415, "03T35@1": 0.608247422680412, "04T20@2": 0.7367549668874173, "05T35@2": 0.6619433198380569, "BUYER": 0.0, "SELLER": 0.0}