{"00T10@0": 0.0, "01T10@0": 0.0, "02T10@1": 0.1906976744186047, "03T34@1": 0.0, "04T34@2": 0.6404494382022474, "05T34@2": 0.605714285714286, "BUYER": 0.0, "SELLER": 0.0}