{"00T36@0": 0.14734774066797648, "01T41@0": 0.023060796645702313, "02T41@1": 0.34129692832764497, "03T36@1": 0.4532710280373834, "04T41@2": 0.024570024570024565, "05T36@2": 0.016842105263157874, "BUYER": 0.0, "SELLER": 0.0}