{"00T38@0": 0.0, "01T38@0": 0.0, "02T26@1": 0.20941176470588238, "03T22@1": 0.8151260504201681, "04T22@2": 0.010067114093959727, "05T23@2": 0.7002288329519448, "06T26@3": 0.2872928176795581, "07T38@3": 0.07929515418502206, "08T26@4": 0.004761904761904757, "09T23@4": 0.6144578313253011, "BUYER": 0.0, "SELLER": 0.0}