{"time_limit": 10800, "spot_discount": 0.9, "spot_market_global_loss": 0.2, "neg_quota_step": 344, "n_processes": 4, "n_products": 5, "n_steps": 86, "financial_reports_period": 5, "exogenous_horizon": 24, "max_productivity": 1.0, "catalog_prices": [10, 15, 23, 31, 40], "cash_availability": [1.5, 2.5], "expected_productivity": 0.9534883720930233, "expected_mean_profit": 0.0676599863537551, "initial_balance": [24291, 24291, 39169, 39169, 56476, 56476, 69127, 69127]}