{"00T33@0": 0.12676056338028163, "01T36@0": 0.11162790697674428, "02T36@1": 0.16964285714285715, "03T22@1": 0.18965517241379312, "04T33@2": 0.16346153846153846, "05T33@2": 0.1532258064516129, "06T36@3": 0.06565656565656572, "07T22@3": 0.041450777202072527, "BUYER": 0.0, "SELLER": 0.0}