{"00T40@0": 0.24317617866005006, "01T23@0": 0.0217391304347826, "02T35@1": 0.5906432748538011, "03T23@1": 0.6540880503144653, "04T22@2": 0.11475409836065574, "05T23@2": 0.7108433734939759, "06T23@3": 0.5294117647058819, "07T23@3": 0.5186721991701252, "08T19@4": 1.0, "09T23@4": 0.5337078651685393, "BUYER": 0.0, "SELLER": 0.0}