{"00T22@0": 0.16623376623376634, "01T22@0": 0.1693121693121692, "02T40@1": 0.2912621359223301, "03T36@1": 0.2829268292682928, "04T35@2": 0.7796610169491526, "05T22@2": 0.05367231638418077, "BUYER": 0.0, "SELLER": 0.0}