{"00T12@0": 0.0, "01T23@0": 0.546139359698682, "02T12@1": 0.0, "03T29@1": 0.0, "04T29@2": 0.0, "05T12@2": 0.0017543859649122792, "06T29@3": 1.0, "07T35@3": 0.4649446494464945, "BUYER": 0.0, "SELLER": 0.0}