{"00T40@0": 0.07725947521865885, "01T22@0": 0.08566978193146418, "02T22@1": 0.20952380952380953, "03T35@1": 0.5892857142857145, "04T16@2": 1.0, "05T35@2": 0.7385019710906705, "BUYER": 0.0, "SELLER": 0.0}