{"00T35@0": 0.0, "01T22@0": 0.0, "02T24@1": 0.45454545454545453, "03T24@1": 0.5, "04T40@2": 0.8709677419354839, "05T40@2": 0.8307692307692305, "06T23@3": 0.4586206896551726, "07T35@3": 0.40740740740740733, "08T24@4": 0.9588014981273408, "09T40@4": 0.0, "BUYER": 0.0, "SELLER": 0.0}