,balance,assets,bankrupt,agent_id,step
0,1315.0,170.0,False,00T07@0,0.0
1,935.0,730.4382470119524,False,00T07@0,5.0
2,1315.0,170.0,False,01T40@0,0.0
3,961.0,731.7430278884464,False,01T40@0,5.0
4,2354.0,0.0,False,02T40@1,0.0
5,2285.0,56.79487700752184,False,02T40@1,5.0
6,2354.0,0.0,False,03T07@1,0.0
7,2354.0,0.0,False,03T07@1,5.0
8,3496.0,0.0,False,04T40@2,0.0
9,3230.0,195.0,False,04T40@2,5.0
10,3496.0,0.0,False,05T07@2,0.0
11,3289.0,0.0,False,05T07@2,5.0
12,,,,,
13,,,,,
14,,,,,
15,,,,,
