{"00T36@0": 0.0, "01T34@0": 0.04, "02T36@1": 0.6666666666666666, "03T36@1": 0.2222222222222222, "04T34@2": 0.6111111111111112, "05T34@2": 0.625, "BUYER": 0.0, "SELLER": 0.0}