{"00T22@0": 0.039647577092511016, "01T23@0": 0.07053941908713694, "02T24@1": 0.5714285714285714, "03T23@1": 0.6956521739130436, "04T29@2": 1.0, "05T35@2": 0.7697368421052634, "BUYER": 0.0, "SELLER": 0.0}