{"00T10@0": 0.007843137254901954, "01T10@0": 0.045977011494252894, "02T10@1": 0.03636363636363636, "03T06@1": 0.0, "04T06@2": 0.0, "05T06@2": 0.0, "BUYER": 0.0, "SELLER": 0.0}