{"00T37@0": 0.0, "01T35@0": 0.006097560975609756, "02T29@1": 0.0, "03T23@1": 0.7183098591549296, "04T35@2": 0.8870056497175139, "05T35@2": 0.8685714285714285, "06T22@3": 0.0, "07T23@3": 0.5374149659863948, "BUYER": 0.0, "SELLER": 0.0}