{"time_limit": 10800, "spot_discount": 0.9, "spot_market_global_loss": 0.2, "neg_quota_step": 288, "n_processes": 3, "n_products": 4, "n_steps": 64, "financial_reports_period": 5, "exogenous_horizon": 27, "max_productivity": 1.0, "catalog_prices": [10, 15, 24, 36], "cash_availability": [1.5, 2.5], "expected_productivity": 1.2708333333333333, "expected_mean_profit": 0.10568051817650594, "initial_balance": [13192, 13192, 13192, 13192, 23996, 23996, 23996, 59125, 59125]}