{"00T22@0": 0.14610389610389607, "01T35@0": 0.10980392156862748, "02T26@1": 0.42765273311897106, "03T09@1": 0.0, "04T35@2": 0.6927710843373495, "05T35@2": 0.6793002915451889, "BUYER": 0.0, "SELLER": 0.0}