{"00T29@0": 0.0, "01T29@0": 0.0, "02T29@1": 0.0, "03T41@1": 1.0, "04T41@2": 0.057971014492753596, "05T41@2": 0.09615384615384616, "BUYER": 0.0, "SELLER": 0.0}