{"00T22@0": 0.032000000000000035, "01T22@0": 0.011396011396011402, "02T21@1": 0.0, "03T10@1": 0.25225225225225245, "04T22@2": 0.5271966527196654, "05T35@2": 0.8658008658008658, "06T35@3": 0.6929824561403508, "07T35@3": 0.6806282722513088, "BUYER": 0.0, "SELLER": 0.0}