{"00T23@0": 0.4480769230769232, "01T22@0": 0.21730382293762573, "02T37@1": 0.06280193236714979, "03T36@1": 0.17793594306049818, "04T23@2": 0.46564885496183206, "05T23@2": 0.4452554744525547, "06T23@3": 0.8632478632478635, "07T35@3": 0.8015564202334629, "08T23@4": 0.61328790459966, "09T22@4": 0.0, "BUYER": 0.0, "SELLER": 0.0}