{"00T22@0": 0.0, "01T22@0": 0.0, "02T36@1": 0.2543352601156071, "03T34@1": 0.3026315789473685, "04T22@2": 0.569948186528497, "05T35@2": 0.8341013824884793, "06T35@3": 0.6794871794871793, "07T35@3": 0.6940000000000001, "BUYER": 0.0, "SELLER": 0.0}