{"00T23@0": 0.4497041420118345, "01T35@0": 0.3289902280130293, "02T22@1": 0.1446280991735537, "03T22@1": 0.13924050632911392, "04T36@2": 0.05649717514124294, "05T22@2": 0.036809815950920206, "06T40@3": 0.2640000000000002, "07T22@3": 0.2857142857142857, "08T23@4": 0.7042801556420235, "09T22@4": 0.046594982078853056, "BUYER": 0.0, "SELLER": 0.0}