{"time_limit": 10800, "spot_discount": 0.9, "spot_market_global_loss": 0.2, "neg_quota_step": 260, "n_processes": 5, "n_products": 6, "n_steps": 52, "financial_reports_period": 5, "exogenous_horizon": 12, "max_productivity": 1.0, "catalog_prices": [10, 16, 21, 26, 41, 54], "cash_availability": [1.5, 2.5], "expected_productivity": 0.9038461538461539, "expected_mean_profit": 0.08098617428727757, "initial_balance": [12523, 12523, 16816, 16816, 20841, 20841, 31575, 31575, 40698, 40698]}