{"00T22@0": 0.005454545454545458, "01T22@0": 0.0, "02T06@1": 0.0, "03T15@1": 0.28761061946902655, "04T22@2": 0.566750629722922, "05T35@2": 0.8440366972477062, "06T35@3": 0.70439414114514, "07T35@3": 0.7, "BUYER": 0.0, "SELLER": 0.0}