{"00T20@0": 0.0, "01T23@0": 0.1538461538461539, "02T20@1": 0.0, "03T22@1": 0.45798319327731085, "04T36@2": 0.16891891891891891, "05T36@2": 0.0583941605839416, "06T36@3": 0.4338983050847457, "07T20@3": 0.0, "08T22@4": 0.024793388429752067, "09T35@4": 0.8343195266272191, "BUYER": 0.0, "SELLER": 0.0}