{"00T35@0": 0.6748120300751881, "01T22@0": 0.12105263157894731, "02T41@1": 0.022556390977443618, "03T35@1": 0.7991266375545851, "04T40@2": 0.016172506738544465, "05T35@2": 0.7609022556390975, "BUYER": 0.0, "SELLER": 0.0}