{"00T29@0": 0.0, "01T35@0": 0.11594202898550725, "02T35@1": 0.8438818565400844, "03T35@1": 0.8497854077253219, "04T24@2": 1.0, "05T35@2": 0.5938775510204091, "BUYER": 0.0, "SELLER": 0.0}