{"00T08@0": 0.0, "01T22@0": 0.0, "02T35@1": 0.9827586206896551, "03T22@1": 0.42857142857142855, "04T41@2": 0.19230769230769232, "05T35@2": 0.0, "06T35@3": 0.7142857142857143, "07T35@3": 0.8148148148148148, "BUYER": 0.0, "SELLER": 0.0}