{"00T22@0": 0.09677419354838708, "01T22@0": 0.11437908496732029, "02T41@1": 0.44444444444444453, "03T37@1": 0.19387755102040824, "04T22@2": 0.3865030674846625, "05T23@2": 0.8037383177570093, "06T22@3": 0.0, "07T23@3": 0.7372013651877137, "BUYER": 0.0, "SELLER": 0.0}