{"00T29@0": 0.0, "01T35@0": 0.2613636363636363, "02T40@1": 0.5648648648648646, "03T22@1": 0.49517684887459806, "04T22@2": 0.018808777429467044, "05T22@2": 0.012441679626749608, "BUYER": 0.0, "SELLER": 0.0}