{"00T35@0": 0.43306379155435776, "01T35@0": 0.48812664907651715, "02T35@1": 1.0, "03T22@1": 0.0010030090270812422, "04T35@2": 0.3999999999999999, "05T35@2": 0.043243243243243246, "06T20@3": 0.660044150110375, "07T06@3": 0.6888045540796963, "BUYER": 0.0, "SELLER": 0.0}