{"00T33@0": 0.10849056603773585, "01T33@0": 0.09051724137931039, "02T41@1": 0.0625, "03T22@1": 0.20987654320987653, "04T41@2": 0.26785714285714307, "05T41@2": 0.18, "06T33@3": 0.0765765765765766, "07T22@3": 0.05084745762711862, "BUYER": 0.0, "SELLER": 0.0}