{"00T29@0": 0.0, "01T23@0": 0.5219683655536028, "02T35@1": 0.8252427184466017, "03T35@1": 0.8383084577114428, "04T12@2": 0.004136504653567731, "05T35@2": 0.574561403508772, "06T22@3": 0.08201892744479497, "07T23@3": 0.5203619909502261, "BUYER": 0.0, "SELLER": 0.0}