{"00T23@0": 0.6409638554216864, "01T35@0": 0.3989898989898991, "02T22@1": 0.36553524804177584, "03T22@1": 0.3375959079283887, "04T41@2": 0.2895442359249329, "05T22@2": 0.27852348993288584, "06T36@3": 0.02768166089965395, "07T23@3": 0.6893203883495144, "BUYER": 0.0, "SELLER": 0.0}