{"time_limit": 10800, "spot_discount": 0.9, "spot_market_global_loss": 0.2, "neg_quota_step": 280, "n_processes": 4, "n_products": 5, "n_steps": 70, "financial_reports_period": 5, "exogenous_horizon": 28, "max_productivity": 1.0, "catalog_prices": [10, 17, 23, 33, 40], "cash_availability": [1.5, 2.5], "expected_productivity": 0.9428571428571428, "expected_mean_profit": 0.07537398346775542, "initial_balance": [16843, 16843, 25385, 25385, 35370, 35370, 41926, 41926]}