{"00T23@0": 0.0, "01T22@0": 0.47798742138364814, "02T35@1": 0.642553191489362, "03T35@1": 0.6475770925110136, "04T40@2": 0.20507399577167015, "05T23@2": 0.9361702127659575, "06T10@3": 0.0, "07T22@3": 0.0, "BUYER": 0.0, "SELLER": 0.0}