{"00T15@0": 0.06521739130434788, "01T24@0": 0.006802721088435378, "02T15@1": 0.19333333333333338, "03T24@1": 0.0, "04T24@2": 0.2, "05T35@2": 0.8315789473684211, "06T15@3": 0.0, "07T35@3": 0.8519924098671727, "BUYER": 0.0, "SELLER": 0.0}