{"00T35@0": 0.058823529411764795, "01T23@0": 0.05976095617529879, "02T20@1": 0.0, "03T23@1": 0.8285714285714283, "04T40@2": 0.031249999999999972, "05T23@2": 0.7341040462427744, "BUYER": 0.0, "SELLER": 0.0}