{"00T20@0": 0.0, "01T22@0": 0.11926605504587146, "02T35@1": 0.8376068376068376, "03T22@1": 0.5913978494623654, "04T41@2": 0.5186104218362284, "05T22@2": 0.0, "BUYER": 0.0, "SELLER": 0.0}