{"00T40@0": 0.13781321184510237, "01T35@0": 0.1487964989059083, "02T35@1": 0.5999999999999995, "03T35@1": 0.6293103448275865, "04T37@2": 0.37822878228782275, "05T35@2": 0.7073170731707328, "BUYER": 0.0, "SELLER": 0.0}