{"00T35@0": 0.219626168224299, "01T35@0": 0.23788546255506607, "02T41@1": 0.023255813953488372, "03T23@1": 0.7238805970149254, "04T23@2": 0.6769911504424777, "05T35@2": 0.6363636363636364, "06T31@3": 0.0, "07T23@3": 0.6347197106690777, "BUYER": 0.0, "SELLER": 0.0}