{"00T22@0": 0.10118043844856661, "01T22@0": 0.10673234811165845, "02T22@1": 0.30039525691699603, "03T23@1": 0.5610859728506788, "04T22@2": 0.16896551724137923, "05T35@2": 0.7962962962962961, "06T41@3": 0.43702290076335887, "07T24@3": 0.5405405405405406, "08T35@4": 0.8003169572107764, "09T23@4": 0.7584187408491949, "BUYER": 0.0, "SELLER": 0.0}