{"00T35@0": 0.6854304635761589, "01T22@0": 0.1265164644714039, "02T17@1": 0.03985507246376811, "03T35@1": 0.6411960132890365, "04T07@2": 0.0, "05T35@2": 0.7032019704433499, "BUYER": 0.0, "SELLER": 0.0}