{"00T15@0": 0.09974424552429666, "01T22@0": 0.1185185185185184, "02T22@1": 0.15909090909090914, "03T35@1": 0.5886075949367089, "04T16@2": 1.0, "05T35@2": 0.6793478260869565, "BUYER": 0.0, "SELLER": 0.0}