{"00T06@0": 0.0, "01T22@0": 0.16387959866220755, "02T22@1": 0.46546546546546547, "03T35@1": 0.7973568281938327, "04T37@2": 0.02255639097744362, "05T35@2": 0.683930942895086, "BUYER": 0.0, "SELLER": 0.0}