{"00T41@0": 0.12865497076023383, "01T12@0": 0.0, "02T20@1": 0.0, "03T22@1": 0.681506849315068, "04T37@2": 0.17966101694915262, "05T23@2": 0.7019230769230766, "BUYER": 0.0, "SELLER": 0.0}