{"00T24@0": 0.0, "01T35@0": 0.8472505091649692, "02T35@1": 0.8981818181818181, "03T35@1": 0.8763636363636363, "04T04@2": 0.02386117136659433, "05T35@2": 0.6448598130841121, "BUYER": 0.0, "SELLER": 0.0}