{"00T15@0": 0.0, "01T15@0": 0.0, "02T18@1": 0.09787234042553192, "03T18@1": 0.08130081300813008, "04T15@2": 0.9775280898876404, "05T35@2": 0.6381215469613252, "06T18@3": 0.28138528138528135, "07T35@3": 0.6990881458966558, "BUYER": 0.0, "SELLER": 0.0}