{"00T29@0": 0.0, "01T34@0": 0.050000000000000024, "02T34@1": 0.0, "03T22@1": 0.1694915254237288, "04T29@2": 0.0, "05T34@2": 0.5148514851485149, "06T29@3": 1.0, "07T23@3": 0.8277945619335351, "BUYER": 0.0, "SELLER": 0.0}