{"time_limit": 10800, "spot_discount": 0.9, "spot_market_global_loss": 0.2, "neg_quota_step": 236, "n_processes": 4, "n_products": 5, "n_steps": 59, "financial_reports_period": 5, "exogenous_horizon": 24, "max_productivity": 1.0, "catalog_prices": [10, 20, 25, 37, 52], "cash_availability": [1.5, 2.5], "expected_productivity": 0.9322033898305084, "expected_mean_profit": 0.13562725655245605, "initial_balance": [13942, 13942, 18734, 18734, 27621, 27621, 35812, 35812]}