{"00T08@0": 0.0, "01T08@0": 0.015325670498084278, "02T15@1": 0.43568464730290457, "03T08@1": 1.0, "04T15@2": 0.018867924528301893, "05T15@2": 0.011527377521613816, "BUYER": 0.0, "SELLER": 0.0}