{"00T09@0": 0.0, "01T22@0": 0.16890595009596918, "02T22@1": 0.6750902527075812, "03T35@1": 0.5988372093023259, "04T20@2": 0.6949541284403674, "05T35@2": 0.598187311178248, "BUYER": 0.0, "SELLER": 0.0}