{"00T24@0": 0.016, "01T03@0": 0.0, "02T03@1": 0.0, "03T22@1": 0.5833333333333333, "04T24@2": 0.06666666666666667, "05T03@2": 0.0, "06T24@3": 1.0, "07T22@3": 0.9746835443037974, "BUYER": 0.0, "SELLER": 0.0}