{"00T20@0": 0.0, "01T20@0": 0.0, "02T29@0": 0.0, "03T37@0": 0.0, "04T20@1": 0.0, "05T12@1": 0.0, "06T12@1": 0.0, "07T29@2": 0.0, "08T37@2": 0.45454545454545453, "09T29@2": 0.0, "10T37@3": 0.38333333333333336, "11T12@3": 0.0, "BUYER": 0.0, "SELLER": 0.0}