{"00T23@0": 0.3273809523809523, "01T22@0": 0.2075471698113207, "02T23@1": 0.7086776859504132, "03T22@1": 0.08249496981891342, "04T12@2": 0.02347417840375588, "05T35@2": 0.1, "06T23@3": 0.6375000000000001, "07T35@3": 0.5490196078431376, "08T37@4": 0.0, "09T36@4": 0.0, "BUYER": 0.0, "SELLER": 0.0}