{"00T41@0": 0.2207357859531774, "01T22@0": 0.28802588996763756, "02T41@1": 0.05752212389380534, "03T22@1": 0.350253807106599, "04T36@2": 0.2378378378378378, "05T22@2": 0.17647058823529413, "06T36@3": 0.38288288288288286, "07T36@3": 0.42452830188679236, "08T41@4": 0.09293680297397768, "09T35@4": 0.6196319018404909, "BUYER": 0.0, "SELLER": 0.0}