{"00T36@0": 0.2587646076794657, "01T20@0": 0.0, "02T22@1": 0.3392070484581497, "03T23@1": 0.1415929203539823, "04T23@2": 0.45, "05T35@2": 0.42424242424242425, "06T35@3": 0.8769230769230769, "07T35@3": 0.8804780876494022, "08T35@4": 0.6112852664576808, "09T22@4": 0.0, "BUYER": 0.0, "SELLER": 0.0}