{"time_limit": 10800, "spot_discount": 0.9, "spot_market_global_loss": 0.2, "neg_quota_step": 495, "n_processes": 5, "n_products": 6, "n_steps": 99, "financial_reports_period": 5, "exogenous_horizon": 20, "max_productivity": 1.0, "catalog_prices": [10, 18, 29, 39, 49, 69], "cash_availability": [1.5, 2.5], "expected_productivity": 0.9494949494949495, "expected_mean_profit": 0.13543057068602044, "initial_balance": [24414, 24414, 39143, 39143, 51187, 51187, 68684, 68684, 85529, 85529]}