{"00T22@0": 0.24749163879598668, "01T23@0": 0.19834710743801662, "02T22@1": 0.46411483253588515, "03T35@1": 0.2, "04T35@2": 0.0, "05T35@2": 0.0, "06T32@3": 1.0, "07T35@3": 1.0, "08T37@4": 0.5434782608695652, "09T22@4": 0.0, "BUYER": 0.0, "SELLER": 0.0}