{"00T35@0": 0.05698005698005696, "01T23@0": 0.04975124378109451, "02T35@1": 0.7280701754385965, "03T35@1": 0.7368421052631577, "04T41@2": 0.45051194539249156, "05T23@2": 0.7705882352941177, "06T40@3": 0.0, "07T23@3": 0.6872586872586868, "BUYER": 0.0, "SELLER": 0.0}