{"00T07@0": 0.0, "01T26@0": 0.0, "02T07@1": 0.0, "03T26@1": 0.42857142857142855, "04T26@2": 0.5294117647058824, "05T07@2": 0.6153846153846154, "BUYER": 0.0, "SELLER": 0.0}