{"00T23@0": 0.3281653746770025, "01T35@0": 0.2750716332378222, "02T37@1": 0.002304147465437785, "03T41@1": 0.29032258064516125, "04T23@2": 0.7619047619047619, "05T22@2": 0.2819383259911893, "06T35@3": 0.6632443531827514, "07T22@3": 0.3452188006482982, "08T35@4": 0.6932344763670067, "09T35@4": 0.7026055705300985, "BUYER": 0.0, "SELLER": 0.0}