{"00T20@0": 0.4412607449856734, "01T20@0": 0.4438040345821326, "02T20@1": 1.0, "03T38@1": 0.028725314183123858, "04T38@2": 0.0, "05T38@2": 0.0, "BUYER": 0.0, "SELLER": 0.0}