{"00T34@0": 0.03448275862068964, "01T22@0": 0.039024390243902425, "02T22@1": 0.49859943977591115, "03T35@1": 0.8242424242424241, "04T15@2": 0.0, "05T35@2": 0.7251798561151074, "BUYER": 0.0, "SELLER": 0.0}