{"00T41@0": 0.17578125000000017, "01T22@0": 0.24615384615384625, "02T23@1": 0.5885714285714289, "03T35@1": 0.5029940119760479, "04T22@2": 0.0, "05T35@2": 0.9919354838709677, "06T37@3": 0.0, "07T22@3": 0.0, "BUYER": 0.0, "SELLER": 0.0}