{"00T12@0": 0.0, "01T36@0": 0.0, "02T37@1": 0.3333333333333333, "03T41@1": 0.5714285714285714, "04T37@2": 0.6666666666666666, "05T36@2": 0.14285714285714285, "06T41@3": 0.0, "07T36@3": 0.2, "08T41@3": 0.5, "09T12@4": 0.0, "10T37@4": 0.625, "11T12@4": 0.0, "BUYER": 0.0, "SELLER": 0.0}