{"00T16@0": 0.0, "01T35@0": 0.1543942992874109, "02T37@1": 0.04316546762589928, "03T16@1": 0.0, "04T37@2": 0.36046511627906974, "05T35@2": 0.7920792079207921, "06T37@3": 0.008163265306122445, "07T35@3": 0.8395061728395061, "08T16@4": 1.0, "09T22@4": 0.0, "BUYER": 0.0, "SELLER": 0.0}