{"00T36@0": 0.03542234332425062, "01T22@0": 0.04628330995792424, "02T22@1": 0.4, "03T35@1": 0.7135416666666666, "04T37@2": 0.0428816466552316, "05T35@2": 0.7559748427672954, "BUYER": 0.0, "SELLER": 0.0}