{"00T06@0": 0.0, "01T17@0": 0.27012987012987016, "02T17@1": 0.05641025641025647, "03T22@1": 0.08974358974358979, "04T17@2": 0.1317365269461078, "05T06@2": 0.0, "06T06@3": 0.0, "07T22@3": 0.0929203539823009, "BUYER": 0.0, "SELLER": 0.0}