{"00T23@0": 0.3106796116504853, "01T35@0": 0.20135746606334848, "02T24@1": 1.0, "03T22@1": 0.05412371134020619, "04T26@2": 0.4556962025316454, "05T35@2": 0.8672199170124482, "06T35@3": 0.6321243523316061, "07T23@3": 0.6554934823091247, "BUYER": 0.0, "SELLER": 0.0}