{"00T41@0": 0.0, "01T40@0": 0.14285714285714285, "02T12@0": 0.0, "03T40@0": 0.1111111111111111, "04T41@1": 1.0, "05T12@1": 0.0, "06T36@2": 0.0, "07T36@2": 0.3333333333333333, "08T41@2": 0.3333333333333333, "09T12@3": 0.0, "10T36@3": 0.5, "11T40@3": 1.0, "BUYER": 0.0, "SELLER": 0.0}