{"00T02@0": 0.00641025641025641, "01T20@0": 0.0, "02T20@1": 0.0, "03T02@1": 0.75, "04T29@1": 0.0, "05T20@1": 0.0, "06T12@2": 0.7333333333333333, "07T29@2": 0.0, "08T12@3": 0.2631578947368421, "09T02@3": 0.6363636363636364, "10T12@4": 0.06666666666666667, "11T29@4": 1.0, "BUYER": 0.0, "SELLER": 0.0}