{"time_limit": 10800, "spot_discount": 0.9, "spot_market_global_loss": 0.2, "neg_quota_step": 324, "n_processes": 5, "n_products": 6, "n_steps": 54, "financial_reports_period": 5, "exogenous_horizon": 18, "max_productivity": 1.0, "catalog_prices": [10, 13, 25, 37, 50, 56], "cash_availability": [1.5, 2.5], "expected_productivity": 0.7561728395061729, "expected_mean_profit": 0.06951276765120123, "initial_balance": [11013, 11013, 9177, 9177, 9177, 9177, 28679, 28679, 40242, 40242, 48685, 48685]}