{"00T20@0": 0.0, "01T35@0": 0.1845493562231761, "02T22@1": 0.376425855513308, "03T23@1": 0.9222222222222223, "04T37@2": 0.013029315960912037, "05T23@2": 0.6268656716417915, "06T35@3": 0.8323699421965316, "07T22@3": 0.2216216216216217, "08T23@4": 0.7137681159420293, "09T22@4": 0.0, "BUYER": 0.0, "SELLER": 0.0}