{"00T09@0": 0.0, "01T22@0": 0.0677966101694915, "02T35@1": 0.868421052631579, "03T22@1": 0.65, "04T41@2": 0.2222222222222222, "05T35@2": 0.0, "06T35@3": 0.8536585365853658, "07T35@3": 0.7999999999999999, "BUYER": 0.0, "SELLER": 0.0}