{"00T10@0": 0.12499999999999994, "01T22@0": 0.08554572271386432, "02T22@1": 0.42187499999999983, "03T35@1": 0.7039106145251394, "04T08@2": 0.03333333333333333, "05T35@2": 0.6013071895424836, "BUYER": 0.0, "SELLER": 0.0}