{"00T29@0": 0.0, "01T22@0": 0.06312292358803985, "02T20@1": 0.0, "03T22@1": 0.4107883817427386, "04T22@2": 0.033195020746887946, "05T22@2": 0.053497942386831296, "BUYER": 0.0, "SELLER": 0.0}