{"00T36@0": 0.10862619808306705, "01T37@0": 0.022099447513812136, "02T36@1": 0.17985611510791363, "03T37@1": 0.10280373831775702, "04T37@2": 0.10655737704918032, "05T23@2": 0.704, "06T36@3": 0.3304347826086958, "07T23@3": 0.7578947368421053, "08T35@4": 0.6620689655172416, "09T35@4": 0.6821192052980131, "BUYER": 0.0, "SELLER": 0.0}