{"time_limit": 10800, "spot_discount": 0.9, "spot_market_global_loss": 0.2, "neg_quota_step": 540, "n_processes": 4, "n_products": 5, "n_steps": 90, "financial_reports_period": 5, "exogenous_horizon": 26, "max_productivity": 1.0, "catalog_prices": [10, 11, 17, 29, 42], "cash_availability": [1.5, 2.5], "expected_productivity": 0.6370370370370371, "expected_mean_profit": 0.10107698689486702, "initial_balance": [17108, 17108, 24729, 24729, 37170, 37170, 17057, 17057, 17057, 17057, 17057, 17057]}