{"00T20@0": 0.0, "01T35@0": 0.025280898876404494, "02T20@1": 0.9305555555555556, "03T20@1": 0.5, "04T18@2": 0.0, "05T35@2": 0.013888888888888886, "06T18@3": 0.0, "07T35@3": 0.990990990990991, "08T18@4": 0.36363636363636376, "09T22@4": 0.0, "BUYER": 0.0, "SELLER": 0.0}