{"00T35@0": 0.16506550218340618, "01T35@0": 0.1488451668092387, "02T35@1": 0.9891304347826086, "03T22@1": 0.26972477064220185, "04T35@2": 0.5981595092024544, "05T35@2": 0.6174496644295305, "06T34@3": 0.6275430359937407, "07T08@3": 0.0, "BUYER": 0.0, "SELLER": 0.0}