{"00T12@0": 0.04803073967339098, "01T12@0": 0.018223234624145778, "02T02@1": 0.0, "03T23@1": 0.0, "04T29@2": 0.0, "05T29@2": 0.0, "06T02@3": 1.0, "07T29@3": 0.0, "08T02@4": 1.0, "09T12@4": 0.2727272727272727, "BUYER": 0.0, "SELLER": 0.0}