{"00T41@0": 0.09546539379474937, "01T22@0": 0.12873563218390807, "02T22@1": 0.11518324607329854, "03T35@1": 0.6625514403292178, "04T38@2": 0.09803921568627451, "05T35@2": 0.6860000000000004, "BUYER": 0.0, "SELLER": 0.0}