,balance,assets,bankrupt,agent_id,step
0,1434.0,110.0,False,00T34@0,0.0
1,1365.0,279.99999999999994,False,00T34@0,5.0
2,1454.0,90.0,False,01T34@0,0.0
3,1303.0,370.0,False,01T34@0,5.0
4,2471.0,0.0,False,02T40@1,0.0
5,2129.0,272.90384139399043,False,02T40@1,5.0
6,2471.0,0.0,False,03T34@1,0.0
7,2471.0,0.0,False,03T34@1,5.0
8,3199.0,0.0,False,04T40@2,0.0
9,3005.0,32.0,False,04T40@2,5.0
10,3199.0,0.0,False,05T40@2,0.0
11,3057.0,128.0,False,05T40@2,5.0
12,,,,,
13,,,,,
14,,,,,
15,,,,,
