{"00T35@0": 0.05079365079365073, "01T22@0": 0.055393586005830886, "02T16@1": 0.0, "03T35@1": 0.6711409395973156, "04T00@2": 0.0, "05T35@2": 0.7740259740259734, "BUYER": 0.0, "SELLER": 0.0}