{"00T23@0": 0.6357142857142853, "01T22@0": 0.3341288782816225, "02T36@1": 0.07200000000000002, "03T40@1": 0.08267716535433073, "04T35@2": 0.7702702702702703, "05T35@2": 0.7590361445783131, "06T23@3": 0.7023809523809517, "07T22@3": 0.0, "BUYER": 0.0, "SELLER": 0.0}