{"00T12@0": 0.0, "01T12@0": 0.0, "02T40@1": 0.7115384615384616, "03T40@1": 0.7307692307692305, "04T40@2": 1.0, "05T12@2": 0.0, "BUYER": 0.0, "SELLER": 0.0}