{"00T22@0": 0.01758793969849247, "01T22@0": 0.010335917312661485, "02T37@1": 0.1746031746031746, "03T40@1": 0.5035460992907801, "04T37@2": 0.08, "05T37@2": 0.07518796992481203, "06T40@3": 0.15811965811965806, "07T40@3": 0.02066115702479339, "BUYER": 0.0, "SELLER": 0.0}