{"00T35@0": 0.17696629213483148, "01T35@0": 0.29305912596400996, "02T20@1": 0.5422885572139305, "03T22@1": 0.12101910828025478, "04T36@2": 0.2976588628762542, "05T35@2": 0.773109243697479, "06T22@3": 0.0, "07T35@3": 0.6758620689655168, "BUYER": 0.0, "SELLER": 0.0}