{"00T38@0": 0.0, "01T22@0": 0.16312056737588684, "02T22@1": 0.44711538461538425, "03T35@1": 0.4693140794223827, "04T24@2": 1.0, "05T35@2": 0.6360708534621579, "BUYER": 0.0, "SELLER": 0.0}