{"00T37@0": 0.0, "01T23@0": 0.5532407407407403, "02T12@1": 0.0502092050209205, "03T37@1": 0.0, "04T12@2": 0.03829787234042553, "05T22@2": 0.09289617486338798, "06T12@3": 0.01607142857142857, "07T35@3": 0.6833333333333335, "08T37@4": 0.18561484918793503, "09T35@4": 0.5851293103448273, "BUYER": 0.0, "SELLER": 0.0}