{"00T26@0": 0.0, "01T26@0": 0.0, "02T15@1": 0.125, "03T26@1": 1.0, "04T15@2": 0.3333333333333333, "05T15@2": 0.47368421052631576, "BUYER": 0.0, "SELLER": 0.0}