,balance,assets,bankrupt,agent_id,step
0,1508.0,171.0,False,00T26@0,0.0
1,1268.0,533.8344944454905,False,00T26@0,5.0
2,1488.0,200.0,False,01T26@0,0.0
3,1388.0,339.71286010167574,False,01T26@0,5.0
4,2024.0,0.0,False,02T15@1,0.0
5,1762.0,379.55834275727364,False,02T15@1,5.0
6,2024.0,0.0,False,03T26@1,0.0
7,1423.0,0.0,False,03T26@1,5.0
8,2912.0,0.0,False,04T15@2,0.0
9,2955.0,280.0,False,04T15@2,5.0
10,2912.0,0.0,False,05T15@2,0.0
11,2921.0,245.0,False,05T15@2,5.0
12,,,,,
13,,,,,
14,,,,,
15,,,,,
