{"00T26@0": 0.0, "01T26@0": 0.0, "02T19@1": 0.0, "03T26@1": 0.23913043478260873, "04T35@2": 0.5053763440860212, "05T23@2": 0.5748792270531403, "06T19@3": 0.0, "07T22@3": 0.0, "08T19@4": 1.0, "09T22@4": 0.1533923303834809, "BUYER": 0.0, "SELLER": 0.0}