{"time_limit": 10800, "spot_discount": 0.9, "spot_market_global_loss": 0.2, "neg_quota_step": 306, "n_processes": 4, "n_products": 5, "n_steps": 51, "financial_reports_period": 5, "exogenous_horizon": 10, "max_productivity": 1.0, "catalog_prices": [10, 19, 30, 49, 67], "cash_availability": [1.5, 2.5], "expected_productivity": 0.9215686274509803, "expected_mean_profit": 0.11644785725697447, "initial_balance": [14888, 14888, 14888, 14313, 14313, 14313, 14313, 14313, 58807, 58807, 80244, 80244]}