{"00T26@0": 0.04204204204204204, "01T22@0": 0.11994219653179197, "02T22@1": 0.4121093749999999, "03T35@1": 0.6592592592592592, "04T36@2": 0.0, "05T35@2": 0.6900129701686122, "BUYER": 0.0, "SELLER": 0.0}