,balance,assets,bankrupt,agent_id,step
0,1610.0,210.0,False,00T40@0,0.0
1,1520.0,368.4545454545455,False,00T40@0,5.0
2,1630.0,180.0,False,01T40@0,0.0
3,1510.0,368.4545454545455,False,01T40@0,5.0
4,2556.0,0.0,False,02T40@1,0.0
5,2320.0,404.0816326530612,False,02T40@1,5.0
6,2556.0,0.0,False,03T06@1,0.0
7,2556.0,0.0,False,03T06@1,5.0
8,3612.0,0.0,False,04T06@2,0.0
9,3612.0,0.0,False,04T06@2,5.0
10,3612.0,0.0,False,05T06@2,0.0
11,3636.0,84.0,False,05T06@2,5.0
12,,,,,
13,,,,,
14,,,,,
15,,,,,
