{"time_limit": 10800, "spot_discount": 0.9, "spot_market_global_loss": 0.2, "neg_quota_step": 410, "n_processes": 5, "n_products": 6, "n_steps": 82, "financial_reports_period": 5, "exogenous_horizon": 18, "max_productivity": 1.0, "catalog_prices": [10, 15, 20, 29, 37, 50], "cash_availability": [1.5, 2.5], "expected_productivity": 0.9390243902439024, "expected_mean_profit": 0.08216229256456768, "initial_balance": [21892, 21892, 28881, 28881, 38479, 38479, 59528, 59528, 66769, 66769]}