{"00T35@0": 0.4200743494423792, "01T35@0": 0.4774436090225564, "02T35@1": 0.8521739130434782, "03T22@1": 0.0, "04T41@2": 0.4710743801652892, "05T24@2": 0.14285714285714285, "06T22@3": 0.4166666666666667, "07T22@3": 0.337748344370861, "08T23@4": 0.7212389380530974, "09T35@4": 0.6923076923076921, "BUYER": 0.0, "SELLER": 0.0}