{"00T06@0": 0.0, "01T07@0": 0.05319148936170213, "02T23@1": 0.9137931034482759, "03T22@1": 0.5612903225806455, "04T23@2": 0.5979381443298968, "05T22@2": 0.0, "BUYER": 0.0, "SELLER": 0.0}