{"00T34@0": 0.18181818181818182, "01T22@0": 0.029411764705882353, "02T35@1": 0.9117647058823529, "03T22@1": 0.5384615384615384, "04T10@2": 0.0, "05T35@2": 0.0, "06T35@3": 0.7575757575757576, "07T35@3": 0.7272727272727273, "BUYER": 0.0, "SELLER": 0.0}