{"00T15@0": 0.21408450704225368, "01T22@0": 0.286908077994429, "02T35@1": 0.45238095238095244, "03T35@1": 0.42613636363636365, "04T41@2": 0.15, "05T35@2": 0.9126984126984127, "06T22@3": 0.0, "07T22@3": 0.015267175572519071, "BUYER": 0.0, "SELLER": 0.0}