{"00T22@0": 0.06397306397306404, "01T23@0": 0.22941176470588226, "02T07@1": 0.1118421052631579, "03T23@1": 0.8389830508474576, "04T15@2": 0.0, "05T35@2": 0.7712609970674489, "BUYER": 0.0, "SELLER": 0.0}