{"00T26@0": 0.0, "01T23@0": 0.7026066350710898, "02T38@1": 0.0, "03T38@1": 0.05668016194331986, "04T26@2": 0.07710843373493972, "05T23@2": 0.41412520064205477, "06T26@3": 0.03345724907063197, "07T38@3": 0.0, "08T22@4": 0.1815286624203823, "09T22@4": 0.08910891089108915, "BUYER": 0.0, "SELLER": 0.0}