{"00T35@0": 0.6949494949494953, "01T22@0": 0.15151515151515155, "02T37@1": 0.014925373134328358, "03T35@1": 0.6175298804780877, "04T07@2": 0.08571428571428572, "05T35@2": 0.6931359353970389, "BUYER": 0.0, "SELLER": 0.0}