{"00T38@0": 0.0, "01T38@0": 0.0, "02T38@1": 0.0, "03T34@1": 0.7241379310344828, "04T34@2": 1.0, "05T35@2": 0.5975609756097563, "06T34@3": 0.6974789915966384, "07T35@3": 0.6968641114982579, "BUYER": 0.0, "SELLER": 0.0}