{"00T40@0": 0.007334963325183378, "01T38@0": 0.030534351145038188, "02T40@1": 0.0, "03T38@1": 0.09821428571428567, "04T40@2": 0.4007352941176472, "05T38@2": 0.0, "BUYER": 0.0, "SELLER": 0.0}