{"00T35@0": 0.004424778761061944, "01T22@0": 0.11504424778761062, "02T29@1": 0.0, "03T35@1": 0.6466165413533834, "04T35@2": 0.80672268907563, "05T22@2": 0.06306306306306306, "06T20@3": 1.0, "07T35@3": 0.5930851063829787, "BUYER": 0.0, "SELLER": 0.0}