{"00T12@0": 0.0, "01T41@0": 0.09895833333333341, "02T23@1": 0.7168141592920348, "03T22@1": 0.76, "04T22@2": 0.0, "05T35@2": 0.7114624505928852, "BUYER": 0.0, "SELLER": 0.0}