{"00T36@0": 0.10163934426229504, "01T22@0": 0.11589403973509932, "02T23@1": 0.6666666666666672, "03T23@1": 0.7265625, "04T22@2": 0.178343949044586, "05T22@2": 0.17088607594936714, "06T22@3": 0.13907284768211922, "07T22@3": 0.17647058823529413, "08T20@4": 1.0, "09T35@4": 0.7642045454545451, "BUYER": 0.0, "SELLER": 0.0}