{"00T35@0": 0.16413373860182387, "01T35@0": 0.1534090909090909, "02T40@1": 0.20714285714285716, "03T35@1": 0.9264705882352942, "04T29@2": 1.0, "05T22@2": 0.0, "BUYER": 0.0, "SELLER": 0.0}