{"00T40@0": 0.18363636363636363, "01T24@0": 0.0, "02T40@1": 0.0, "03T23@1": 0.20930232558139536, "04T24@2": 0.02857142857142857, "05T24@2": 0.02857142857142857, "06T40@3": 0.9727272727272728, "07T35@3": 1.0, "BUYER": 0.0, "SELLER": 0.0}