{"00T35@0": 0.0, "01T35@0": 0.0, "02T23@1": 1.0, "03T35@1": 1.0, "04T35@2": 0.9541284403669725, "05T35@2": 0.975, "06T20@3": 0.34576271186440694, "07T34@3": 0.39166666666666666, "08T22@4": 0.0, "09T23@4": 0.6265664160401004, "BUYER": 0.0, "SELLER": 0.0}