{"00T36@0": 0.020833333333333343, "01T23@0": 0.36813186813186805, "02T36@1": 0.036789297658862886, "03T34@1": 0.11494252873563218, "04T36@2": 0.15254237288135597, "05T34@2": 0.9090909090909091, "06T34@3": 1.0, "07T23@3": 0.730593607305936, "BUYER": 0.0, "SELLER": 0.0}