{"00T18@0": 0.0, "01T22@0": 0.05380333951762527, "02T22@1": 0.695652173913043, "03T35@1": 0.9115646258503401, "04T41@2": 0.0, "05T35@2": 0.7380191693290739, "BUYER": 0.0, "SELLER": 0.0}