{"00T35@0": 0.17206477732793526, "01T22@0": 0.19156414762741641, "02T23@1": 0.6624472573839663, "03T22@1": 0.360313315926893, "04T23@2": 0.0, "05T22@2": 0.22119815668202758, "06T35@3": 0.6412213740458014, "07T35@3": 0.6618705035971216, "08T36@4": 0.0, "09T20@4": 1.0, "BUYER": 0.0, "SELLER": 0.0}