{"00T34@0": 0.08333333333333334, "01T22@0": 0.20805369127516768, "02T23@1": 0.6587301587301587, "03T35@1": 0.5772357723577234, "04T22@2": 0.16444444444444445, "05T35@2": 1.0, "06T26@3": 0.0, "07T22@3": 0.0, "BUYER": 0.0, "SELLER": 0.0}