{"00T19@0": 0.0, "01T19@0": 0.0, "02T36@1": 0.8803418803418803, "03T19@1": 0.0, "04T22@2": 0.6523297491039427, "05T23@2": 0.8472222222222222, "06T36@3": 0.0, "07T36@3": 0.0, "BUYER": 0.0, "SELLER": 0.0}