{"00T09@0": 0.0, "01T22@0": 0.14285714285714285, "02T35@1": 0.3888888888888889, "03T22@1": 0.15384615384615385, "04T34@2": 0.5416666666666666, "05T35@2": 0.0, "06T35@3": 0.7837837837837838, "07T35@3": 0.7837837837837838, "BUYER": 0.0, "SELLER": 0.0}