{"00T22@0": 0.25493716337522454, "01T35@0": 0.6686046511627903, "02T15@1": 0.4058823529411763, "03T10@1": 0.3545150501672242, "04T35@2": 0.6660231660231658, "05T35@2": 0.7046332046332054, "BUYER": 0.0, "SELLER": 0.0}