{"00T35@0": 0.07444668008048294, "01T22@0": 0.030237580993520516, "02T16@1": 0.0, "03T35@1": 0.6965174129353234, "04T33@2": 0.4999999999999999, "05T35@2": 0.8235294117647062, "BUYER": 0.0, "SELLER": 0.0}