{"00T35@0": 0.0038910505836575833, "01T22@0": 0.02443609022556389, "02T19@1": 0.0, "03T35@1": 0.8433734939759037, "04T20@2": 0.43778801843317966, "05T35@2": 0.8857142857142859, "06T22@3": 0.33846153846153815, "07T35@3": 0.7615894039735096, "08T23@4": 0.6973865199449789, "09T23@4": 0.6802096985583221, "BUYER": 0.0, "SELLER": 0.0}