{"00T16@0": 0.0, "01T16@0": 0.0, "02T15@1": 1.0, "03T16@1": 0.0, "04T15@2": 0.8181818181818182, "05T15@2": 0.8333333333333334, "BUYER": 0.0, "SELLER": 0.0}