{"00T22@0": 0.26932668329177056, "01T22@0": 0.22337662337662326, "02T10@1": 0.29479768786127175, "03T41@1": 0.11363636363636366, "04T10@2": 0.3726937269372694, "05T10@2": 0.45864661654135336, "06T41@3": 0.07103825136612023, "07T41@3": 0.07242339832869085, "BUYER": 0.0, "SELLER": 0.0}