{"00T38@0": 0.0, "01T38@0": 0.0, "02T38@1": 0.0, "03T36@1": 0.9779735682819384, "04T36@2": 0.04589371980676327, "05T36@2": 0.08585858585858586, "BUYER": 0.0, "SELLER": 0.0}