{"00T29@0": 0.0, "01T12@0": 0.0196078431372549, "02T12@1": 0.026578073089700966, "03T02@1": 0.0, "04T02@2": 0.20000000000000004, "05T02@2": 0.13235294117647056, "06T29@3": 0.0, "07T22@3": 0.0, "08T29@4": 1.0, "09T12@4": 0.10344827586206896, "BUYER": 0.0, "SELLER": 0.0}