{"00T22@0": 0.10483870967741939, "01T22@0": 0.07170795306388528, "02T35@1": 0.6358974358974359, "03T35@1": 0.6903553299492385, "04T24@2": 1.0, "05T04@2": 0.12129380053908352, "06T22@3": 0.03752345215759849, "07T35@3": 0.8971193415637858, "BUYER": 0.0, "SELLER": 0.0}