{"00T20@0": 0.1282051282051282, "01T22@0": 0.125, "02T35@1": 0.125, "03T22@1": 0.15384615384615385, "04T09@2": 0.0, "05T35@2": 0.0, "06T35@3": 0.96, "07T35@3": 0.9512195121951219, "BUYER": 0.0, "SELLER": 0.0}