{"time_limit": 10800, "spot_discount": 0.9, "spot_market_global_loss": 0.2, "neg_quota_step": 348, "n_processes": 4, "n_products": 5, "n_steps": 87, "financial_reports_period": 5, "exogenous_horizon": 28, "max_productivity": 1.0, "catalog_prices": [10, 20, 31, 36, 45], "cash_availability": [1.5, 2.5], "expected_productivity": 0.9540229885057471, "expected_mean_profit": 0.07637846449379138, "initial_balance": [23982, 23982, 42269, 42269, 49463, 49463, 58157, 58157]}