{"00T40@0": 0.11904761904761904, "01T23@0": 0.13345195729537374, "02T37@1": 0.03773584905660378, "03T23@1": 0.7802690582959643, "04T40@2": 0.024752475247524743, "05T22@2": 0.16822429906542055, "06T37@3": 0.04424778761061947, "07T37@3": 0.06787330316742081, "08T40@4": 0.5747508305647838, "09T22@4": 0.0058823529411764644, "BUYER": 0.0, "SELLER": 0.0}