{"00T35@0": 0.4224924012158056, "01T35@0": 0.4349173553719008, "02T35@1": 0.0, "03T22@1": 0.30041641879833414, "04T35@2": 0.3158783783783786, "05T35@2": 0.29381443298969045, "06T24@3": 1.0, "07T26@3": 0.0, "BUYER": 0.0, "SELLER": 0.0}