{"00T37@0": 0.05172413793103445, "01T24@0": 0.0, "02T24@1": 0.0625, "03T41@1": 0.7954545454545454, "04T24@2": 0.0, "05T41@2": 0.5019157088122604, "06T41@2": 0.4280936454849497, "07T37@3": 0.3023952095808381, "08T37@3": 0.31778425655976666, "BUYER": 0.0, "SELLER": 0.0}