{"time_limit": 10800, "spot_discount": 0.9, "spot_market_global_loss": 0.2, "neg_quota_step": 328, "n_processes": 4, "n_products": 5, "n_steps": 73, "financial_reports_period": 5, "exogenous_horizon": 30, "max_productivity": 1.0, "catalog_prices": [10, 17, 26, 41, 47], "cash_availability": [1.5, 2.5], "expected_productivity": 0.8401826484018264, "expected_mean_profit": 0.051533933248619074, "initial_balance": [24804, 24804, 39851, 39851, 37260, 37260, 37260, 72260, 72260]}