{"00T29@0": 0.0, "01T22@0": 0.08641975308641978, "02T22@1": 0.1125, "03T35@1": 0.18421052631578946, "04T02@2": 0.3695652173913043, "05T35@2": 0.22727272727272727, "06T20@3": 0.0, "07T35@3": 0.7032967032967031, "08T12@4": 0.01639344262295082, "09T22@4": 0.18705035971223022, "BUYER": 0.0, "SELLER": 0.0}