{"time_limit": 10800, "spot_discount": 0.9, "spot_market_global_loss": 0.2, "neg_quota_step": 270, "n_processes": 4, "n_products": 5, "n_steps": 60, "financial_reports_period": 5, "exogenous_horizon": 23, "max_productivity": 1.0, "catalog_prices": [10, 14, 25, 37, 51], "cash_availability": [1.5, 2.5], "expected_productivity": 0.8296296296296296, "expected_mean_profit": 0.10431635531427963, "initial_balance": [11153, 11153, 17802, 17802, 17818, 17818, 17818, 38263, 38263]}