{"00T20@0": 0.17460317460317454, "01T35@0": 0.145985401459854, "02T41@1": 0.1834319526627219, "03T23@1": 0.9485294117647058, "04T22@2": 0.0, "05T35@2": 0.6987179487179485, "BUYER": 0.0, "SELLER": 0.0}