{"00T06@0": 0.0, "01T41@0": 0.0, "02T06@1": 0.0, "03T06@1": 0.0, "04T41@2": 0.9916666666666667, "05T41@2": 0.9838709677419355, "BUYER": 0.0, "SELLER": 0.0}