{"00T03@0": 0.0, "01T03@0": 0.0, "02T03@1": 0.0, "03T22@1": 0.9259259259259259, "04T17@2": 0.4550898203592818, "05T17@2": 0.3235294117647059, "06T17@3": 0.08612440191387563, "07T22@3": 0.015999999999999986, "BUYER": 0.0, "SELLER": 0.0}