{"00T20@0": 0.16581632653061212, "01T35@0": 0.7673267326732668, "02T15@1": 0.5845588235294114, "03T22@1": 0.18918918918918914, "04T22@2": 0.011389521640091112, "05T22@2": 0.01291989664082687, "BUYER": 0.0, "SELLER": 0.0}