{"00T22@0": 0.03562340966921121, "01T35@0": 0.39543726235741444, "02T34@1": 0.4666666666666667, "03T37@1": 0.10443037974683547, "04T35@2": 0.6854663774403468, "05T35@2": 0.6798245614035087, "BUYER": 0.0, "SELLER": 0.0}