{"00T41@0": 0.06460674157303373, "01T22@0": 0.18764302059496565, "02T22@1": 0.36734693877551056, "03T35@1": 0.6260162601626018, "04T24@2": 0.9562841530054644, "05T35@2": 0.5201863354037268, "BUYER": 0.0, "SELLER": 0.0}