{"00T35@0": 0.0, "01T22@0": 0.5799522673031026, "02T35@1": 0.5666666666666667, "03T35@1": 0.5240963855421689, "04T22@2": 0.18010752688172046, "05T35@2": 0.9791666666666666, "06T26@3": 0.007125890736342035, "07T23@3": 0.7229551451187329, "08T38@4": 0.0, "09T35@4": 0.7271186440677959, "BUYER": 0.0, "SELLER": 0.0}