{"00T20@0": 0.1567164179104476, "01T35@0": 0.0, "02T35@1": 0.0, "03T35@1": 0.0, "04T23@2": 1.0, "05T35@2": 1.0, "06T35@3": 1.0, "07T22@3": 0.050991501416430586, "08T37@4": 0.0, "09T22@4": 0.0, "BUYER": 0.0, "SELLER": 0.0}