{"00T36@0": 0.28685897435897423, "01T35@0": 0.7930232558139533, "02T41@1": 0.45811518324607314, "03T36@1": 0.33229813664596275, "04T41@2": 0.4016853932584268, "05T22@2": 0.2786259541984733, "06T23@3": 0.5787401574803152, "07T35@3": 0.5547445255474461, "08T36@4": 0.0, "09T41@4": 0.4739454094292803, "BUYER": 0.0, "SELLER": 0.0}