{"00T35@0": 0.4477211796246649, "01T35@0": 0.43376623376623374, "02T22@1": 0.43324250681198917, "03T22@1": 0.43956043956043966, "04T22@2": 0.029154518950437306, "05T22@2": 0.008771929824561398, "06T03@3": 0.016666666666666663, "07T15@3": 0.41454545454545455, "08T22@4": 0.03383458646616541, "09T22@4": 0.029520295202952004, "BUYER": 0.0, "SELLER": 0.0}