{"time_limit": 10800, "spot_discount": 0.9, "spot_market_global_loss": 0.2, "neg_quota_step": 430, "n_processes": 5, "n_products": 6, "n_steps": 86, "financial_reports_period": 5, "exogenous_horizon": 18, "max_productivity": 1.0, "catalog_prices": [10, 15, 25, 30, 41, 50], "cash_availability": [1.5, 2.5], "expected_productivity": 0.9418604651162791, "expected_mean_profit": 0.04149434794596085, "initial_balance": [28181, 28181, 41970, 41970, 57067, 57067, 77497, 77497, 89072, 89072]}