{"00T15@0": 0.06961178045515382, "01T35@0": 0.6270833333333329, "02T35@1": 0.7474048442906577, "03T35@1": 0.7619047619047616, "04T40@2": 0.0, "05T35@2": 0.7479484173505275, "BUYER": 0.0, "SELLER": 0.0}