{"00T37@0": 0.0025380710659898445, "01T37@0": 0.007556675062972284, "02T34@1": 0.0, "03T37@1": 0.005681818181818182, "04T34@2": 0.5999999999999996, "05T34@2": 0.6075949367088608, "BUYER": 0.0, "SELLER": 0.0}