{"00T09@0": 0.0, "01T35@0": 0.2777777777777779, "02T18@1": 0.0, "03T22@1": 0.35526315789473667, "04T22@2": 0.023696682464454975, "05T22@2": 0.03196347031963473, "BUYER": 0.0, "SELLER": 0.0}