{"time_limit": 10800, "spot_discount": 0.9, "spot_market_global_loss": 0.2, "neg_quota_step": 360, "n_processes": 4, "n_products": 5, "n_steps": 90, "financial_reports_period": 5, "exogenous_horizon": 26, "max_productivity": 1.0, "catalog_prices": [10, 21, 28, 44, 57], "cash_availability": [1.5, 2.5], "expected_productivity": 0.9555555555555556, "expected_mean_profit": 0.12602768178068044, "initial_balance": [23648, 23648, 32760, 32760, 48826, 48826, 68093, 68093]}