{"00T35@0": 0.20700636942675155, "01T22@0": 0.01115241635687733, "02T03@1": 0.0326797385620915, "03T35@1": 0.7572254335260116, "04T17@2": 0.2159468438538206, "05T35@2": 0.8174603174603171, "BUYER": 0.0, "SELLER": 0.0}