{"00T34@0": 0.06681514476614701, "01T34@0": 0.0778688524590164, "02T15@1": 0.1623931623931624, "03T15@1": 0.13861386138613863, "04T34@2": 0.8233082706766915, "05T15@2": 0.017543859649122785, "BUYER": 0.0, "SELLER": 0.0}