{"00T35@0": 0.3271428571428574, "01T35@0": 0.3421052631578948, "02T12@1": 0.0, "03T35@1": 0.5346534653465347, "04T02@2": 0.30249110320284733, "05T22@2": 0.024390243902439015, "06T02@3": 0.5490196078431372, "07T12@3": 0.036036036036036015, "08T12@4": 0.0, "09T02@4": 0.8541666666666666, "BUYER": 0.0, "SELLER": 0.0}