{"00T24@0": 0.0, "01T22@0": 0.1391509433962264, "02T22@1": 0.9521739130434783, "03T35@1": 0.637305699481865, "04T06@2": 0.0, "05T35@2": 0.5077639751552796, "BUYER": 0.0, "SELLER": 0.0}