{"00T22@0": 0.20185614849187916, "01T22@0": 0.2761795166858457, "02T35@1": 0.3904109589041095, "03T35@1": 0.3674911660777387, "04T00@2": 0.0, "05T33@2": 0.24724061810154527, "06T22@3": 0.4810996563573885, "07T35@3": 0.8371089536138082, "BUYER": 0.0, "SELLER": 0.0}