{"time_limit": 10800, "spot_discount": 0.9, "spot_market_global_loss": 0.2, "neg_quota_step": 620, "n_processes": 4, "n_products": 5, "n_steps": 155, "financial_reports_period": 5, "exogenous_horizon": 76, "max_productivity": 1.0, "catalog_prices": [10, 18, 29, 39, 50], "cash_availability": [1.5, 2.5], "expected_productivity": 0.9741935483870968, "expected_mean_profit": 0.1024765199087429, "initial_balance": [37989, 37989, 71637, 71637, 87240, 87240, 114781, 114781]}