{"00T08@0": 0.0, "01T08@0": 0.0, "02T16@1": 0.0, "03T22@1": 0.02631578947368421, "04T08@2": 0.9767441860465116, "05T16@2": 0.0, "06T16@3": 1.0, "07T22@3": 0.01874999999999998, "BUYER": 0.0, "SELLER": 0.0}