{"00T26@0": 0.25526315789473675, "01T40@0": 0.22330097087378642, "02T26@1": 0.3060240963855422, "03T40@1": 0.1016949152542373, "04T26@2": 0.013297872340425527, "05T40@2": 0.0, "BUYER": 0.0, "SELLER": 0.0}