{"00T06@0": 0.09090909090909091, "01T15@0": 0.17910447761194037, "02T15@1": 0.019230769230769225, "03T15@1": 0.0, "04T06@2": 0.0, "05T06@2": 0.0, "BUYER": 0.0, "SELLER": 0.0}