{"00T40@0": 0.2675521821631879, "01T40@0": 0.25390625, "02T41@1": 0.20622568093385207, "03T41@1": 0.07473309608540925, "04T41@2": 0.01846965699208444, "05T40@2": 0.5500000000000002, "BUYER": 0.0, "SELLER": 0.0}