{"00T36@0": 0.11627906976744186, "01T36@0": 0.12432432432432439, "02T40@1": 0.6707317073170734, "03T23@1": 0.5431034482758623, "04T36@2": 0.12426035502958582, "05T23@2": 0.46099290780141855, "06T22@3": 0.06666666666666665, "07T35@3": 0.8230088495575221, "08T40@4": 0.0, "09T40@4": 0.0, "BUYER": 0.0, "SELLER": 0.0}