{"00T37@0": 0.0030211480362537725, "01T37@0": 0.0, "02T34@1": 0.6971428571428574, "03T23@1": 0.6193181818181813, "04T22@2": 0.00515463917525773, "05T22@2": 0.005319148936170212, "06T34@3": 0.6290322580645161, "07T35@3": 0.5286343612334803, "08T34@4": 0.5336322869955159, "09T37@4": 0.0, "BUYER": 0.0, "SELLER": 0.0}