{"time_limit": 10800, "spot_discount": 0.9, "spot_market_global_loss": 0.2, "neg_quota_step": 415, "n_processes": 5, "n_products": 6, "n_steps": 83, "financial_reports_period": 5, "exogenous_horizon": 21, "max_productivity": 1.0, "catalog_prices": [10, 14, 24, 31, 44, 61], "cash_availability": [1.5, 2.5], "expected_productivity": 0.9397590361445783, "expected_mean_profit": 0.07916037921532608, "initial_balance": [19608, 19608, 31863, 31863, 46242, 46242, 61274, 61274, 84885, 84885]}