{"00T24@0": 0.0, "01T22@0": 0.08318890814558062, "02T22@1": 0.6470588235294116, "03T35@1": 0.6848484848484848, "04T16@2": 1.0, "05T35@2": 0.7077826725403823, "BUYER": 0.0, "SELLER": 0.0}