{"00T20@0": 0.0, "01T35@0": 0.0, "02T23@1": 1.0, "03T23@1": 1.0, "04T23@2": 0.8987341772151899, "05T35@2": 0.9230769230769231, "06T24@3": 0.9781021897810219, "07T23@3": 0.6432160804020095, "BUYER": 0.0, "SELLER": 0.0}