{"00T06@0": 0.0, "01T22@0": 0.23180592991913762, "02T23@1": 0.6490066225165562, "03T35@1": 0.5522388059701493, "04T22@2": 0.045627376425855515, "05T35@2": 1.0, "06T36@3": 0.0, "07T22@3": 0.0, "BUYER": 0.0, "SELLER": 0.0}