{"00T34@0": 0.14018691588785046, "01T35@0": 0.0, "02T35@1": 0.7261904761904762, "03T35@1": 0.7159090909090909, "04T22@2": 0.12711864406779655, "05T23@2": 0.7692307692307693, "06T35@3": 0.5872093023255812, "07T23@3": 0.591194968553459, "08T24@4": 0.9712643678160919, "09T35@4": 0.640522875816994, "BUYER": 0.0, "SELLER": 0.0}