{"00T41@0": 0.1875, "01T23@0": 0.596256684491979, "02T40@1": 0.11475409836065571, "03T35@1": 0.946236559139785, "04T41@2": 0.2828685258964144, "05T41@2": 0.2692307692307693, "06T40@3": 0.4782608695652172, "07T23@3": 0.8230088495575221, "08T40@4": 0.0, "09T22@4": 0.0, "BUYER": 0.0, "SELLER": 0.0}