{"00T41@0": 0.34883720930232553, "01T35@0": 0.2918454935622319, "02T23@1": 0.02083333333333333, "03T22@1": 0.2009132420091325, "04T35@2": 0.2087912087912088, "05T23@2": 0.175438596491228, "06T40@3": 1.0, "07T23@3": 0.8281938325991189, "08T23@4": 0.7573529411764709, "09T35@4": 0.7780320366132726, "BUYER": 0.0, "SELLER": 0.0}