{"time_limit": 10800, "spot_discount": 0.9, "spot_market_global_loss": 0.2, "neg_quota_step": 340, "n_processes": 5, "n_products": 6, "n_steps": 68, "financial_reports_period": 5, "exogenous_horizon": 21, "max_productivity": 1.0, "catalog_prices": [10, 15, 19, 25, 36, 48], "cash_availability": [1.5, 2.5], "expected_productivity": 0.9264705882352942, "expected_mean_profit": 0.0796022633631819, "initial_balance": [16074, 16074, 24045, 24045, 29270, 29270, 41727, 41727, 52711, 52711]}