{"00T35@0": 0.36379769299023934, "01T35@0": 0.3643216080402007, "02T35@1": 0.0, "03T22@1": 0.3046638400969106, "04T35@2": 0.38225806451612915, "05T35@2": 0.4044585987261145, "06T37@3": 0.09228187919463098, "07T15@3": 0.0, "BUYER": 0.0, "SELLER": 0.0}