{"time_limit": 10800, "spot_discount": 0.9, "spot_market_global_loss": 0.2, "neg_quota_step": 320, "n_processes": 5, "n_products": 6, "n_steps": 64, "financial_reports_period": 5, "exogenous_horizon": 24, "max_productivity": 1.0, "catalog_prices": [10, 17, 27, 34, 46, 66], "cash_availability": [1.5, 2.5], "expected_productivity": 0.921875, "expected_mean_profit": 0.11883894233512501, "initial_balance": [16993, 16993, 24243, 24243, 33590, 33590, 43162, 43162, 57266, 57266]}