{"00T37@0": 0.0695970695970696, "01T24@0": 0.0, "02T37@1": 0.1770833333333334, "03T24@1": 0.0, "04T37@2": 0.04633204633204631, "05T24@2": 0.9705882352941176, "BUYER": 0.0, "SELLER": 0.0}