{"00T35@0": 0.6843220338983048, "01T22@0": 0.28846153846153855, "02T26@1": 0.37864077669902924, "03T35@1": 0.33891213389121344, "04T24@2": 1.0, "05T35@2": 0.6412478336221841, "BUYER": 0.0, "SELLER": 0.0}