{"00T37@0": 0.002123142250530783, "01T09@0": 0.0, "02T37@1": 0.031496062992125984, "03T09@1": 0.0, "04T09@2": 0.0, "05T35@2": 0.8393782383419689, "06T37@3": 0.7540453074433653, "07T35@3": 0.7674825174825173, "BUYER": 0.0, "SELLER": 0.0}