{"00T41@0": 0.21006564551422333, "01T40@0": 0.1862348178137652, "02T41@1": 0.5500000000000003, "03T40@1": 0.4794520547945205, "04T40@2": 0.011494252873563215, "05T41@2": 0.35747663551401865, "BUYER": 0.0, "SELLER": 0.0}