{"00T36@0": 0.05730659025787964, "01T23@0": 0.5606617647058827, "02T12@1": 0.038997214484679674, "03T35@1": 0.7435064935064937, "04T36@2": 0.027777777777777773, "05T12@2": 0.08439490445859872, "06T12@3": 0.0, "07T36@3": 0.5458333333333338, "BUYER": 0.0, "SELLER": 0.0}