{"00T22@0": 0.037815126050420166, "01T35@0": 0.170995670995671, "02T19@1": 0.0, "03T22@1": 0.43444730077120813, "04T36@2": 0.029885057471264343, "05T22@2": 0.032110091743119275, "BUYER": 0.0, "SELLER": 0.0}