{"00T26@0": 0.0, "01T36@0": 0.0, "02T36@1": 0.14285714285714285, "03T26@1": 0.4444444444444444, "04T26@2": 0.8, "05T36@2": 0.1111111111111111, "BUYER": 0.0, "SELLER": 0.0}