{"time_limit": 10800, "spot_discount": 0.9, "spot_market_global_loss": 0.2, "neg_quota_step": 296, "n_processes": 4, "n_products": 5, "n_steps": 74, "financial_reports_period": 5, "exogenous_horizon": 35, "max_productivity": 1.0, "catalog_prices": [10, 17, 27, 39, 58], "cash_availability": [1.5, 2.5], "expected_productivity": 0.9459459459459459, "expected_mean_profit": 0.0987052451508179, "initial_balance": [22236, 22236, 35339, 35339, 51142, 51142, 74252, 74252]}