,balance,assets,bankrupt,agent_id,step
0,1223.0,98.0,False,00T36@0,0.0
1,1160.0,218.67230443974628,False,00T36@0,5.0
2,1163.0,130.0,False,01T29@0,0.0
3,763.0,529.9999999999999,False,01T29@0,5.0
4,2139.0,0.0,False,02T36@1,0.0
5,2008.0,262.6034482758621,False,02T36@1,5.0
6,2139.0,0.0,False,03T29@1,0.0
7,2139.0,0.0,False,03T29@1,5.0
8,2650.0,0.0,False,04T29@2,0.0
9,2296.0,0.0,False,04T29@2,5.0
10,2650.0,0.0,False,05T36@2,0.0
11,2493.0,0.0,False,05T36@2,5.0
12,,,,,
13,,,,,
14,,,,,
15,,,,,
