{"00T35@0": 0.11936339522546416, "01T22@0": 0.21090047393364933, "02T00@1": 0.0, "03T35@1": 0.6574803149606299, "04T33@2": 0.20463320463320464, "05T35@2": 0.7178947368421057, "BUYER": 0.0, "SELLER": 0.0}