{"00T22@0": 0.07506053268765134, "01T35@0": 0.41864716636197424, "02T29@1": 0.0, "03T22@1": 0.10704225352112676, "04T19@2": 1.0, "05T22@2": 0.017857142857142842, "BUYER": 0.0, "SELLER": 0.0}