{"00T41@0": 0.08201058201058203, "01T35@0": 0.0, "02T32@1": 0.6413793103448274, "03T35@1": 0.610526315789474, "04T32@2": 1.0, "05T22@2": 0.12612612612612611, "06T41@3": 0.20960698689956342, "07T23@3": 0.6923076923076921, "08T41@4": 0.0, "09T32@4": 0.22096317280453254, "BUYER": 0.0, "SELLER": 0.0}