{"time_limit": 10800, "spot_discount": 0.9, "spot_market_global_loss": 0.2, "neg_quota_step": 275, "n_processes": 5, "n_products": 6, "n_steps": 55, "financial_reports_period": 5, "exogenous_horizon": 19, "max_productivity": 1.0, "catalog_prices": [10, 13, 22, 34, 46, 65], "cash_availability": [1.5, 2.5], "expected_productivity": 0.9090909090909091, "expected_mean_profit": 0.1120019294296489, "initial_balance": [10078, 10078, 15941, 15941, 25790, 25790, 35226, 35226, 49793, 49793]}