{"00T07@0": 0.1329479768786127, "01T23@0": 0.0, "02T23@1": 0.5496183206106869, "03T23@1": 0.6315789473684208, "04T22@2": 0.0, "05T35@2": 0.8974358974358975, "06T34@3": 0.7151898734177213, "07T22@3": 0.0, "BUYER": 0.0, "SELLER": 0.0}