{"00T36@0": 0.2098569157392686, "01T19@0": 0.0, "02T35@1": 0.5555555555555551, "03T23@1": 0.654255319148936, "04T19@2": 0.0, "05T36@2": 0.0, "06T19@3": 0.0, "07T23@3": 0.7804878048780488, "08T36@4": 0.267080745341615, "09T35@4": 0.8345195729537365, "BUYER": 0.0, "SELLER": 0.0}