{"00T02@0": 0.10384068278805121, "01T22@0": 0.011611030478955005, "02T23@1": 0.8070953436807092, "03T22@1": 0.28888888888888886, "04T12@2": 0.035010940919037184, "05T22@2": 0.0, "06T35@3": 0.6835164835164838, "07T22@3": 0.4282460136674262, "BUYER": 0.0, "SELLER": 0.0}