{"time_limit": 10800, "spot_discount": 0.9, "spot_market_global_loss": 0.2, "neg_quota_step": 280, "n_processes": 5, "n_products": 6, "n_steps": 56, "financial_reports_period": 5, "exogenous_horizon": 20, "max_productivity": 1.0, "catalog_prices": [10, 18, 28, 42, 54, 66], "cash_availability": [1.5, 2.5], "expected_productivity": 0.9107142857142857, "expected_mean_profit": 0.0999138508662774, "initial_balance": [13258, 13258, 22626, 22626, 30758, 30758, 39242, 39242, 50821, 50821]}