{"00T22@0": 0.19277108433734957, "01T22@0": 0.169832402234637, "02T35@1": 0.48909657320872263, "03T35@1": 0.4688427299703264, "04T40@2": 0.0, "05T34@2": 0.7780821917808223, "06T22@3": 0.19795221843003402, "07T35@3": 0.6966966966966964, "BUYER": 0.0, "SELLER": 0.0}