{"00T36@0": 0.2073170731707317, "01T36@0": 0.16374269005847955, "02T00@1": 0.0, "03T22@1": 0.18181818181818182, "04T00@2": 0.034482758620689655, "05T36@2": 0.32051282051282054, "06T00@3": 0.0, "07T22@3": 0.07042253521126761, "BUYER": 0.0, "SELLER": 0.0}