{"00T34@0": 0.006224066390041498, "01T15@0": 0.043189368770764146, "02T15@1": 0.21637426900584794, "03T34@1": 0.5, "04T34@2": 0.9809885931558935, "05T15@2": 0.023255813953488347, "BUYER": 0.0, "SELLER": 0.0}