{"00T34@0": 0.21875, "01T22@0": 0.29411764705882354, "02T35@1": 0.1111111111111111, "03T22@1": 0.0, "04T29@2": 0.0, "05T35@2": 0.0, "06T35@3": 1.0, "07T35@3": 1.0, "BUYER": 0.0, "SELLER": 0.0}