{"00T12@0": 0.0, "01T02@0": 0.10175438596491228, "02T35@1": 0.417910447761194, "03T35@1": 0.4545454545454545, "04T35@2": 0.5872093023255818, "05T23@2": 0.63258785942492, "06T22@3": 0.3566308243727598, "07T35@3": 0.7040913415794472, "BUYER": 0.0, "SELLER": 0.0}