{"time_limit": 10800, "spot_discount": 0.9, "spot_market_global_loss": 0.2, "neg_quota_step": 548, "n_processes": 4, "n_products": 5, "n_steps": 137, "financial_reports_period": 5, "exogenous_horizon": 58, "max_productivity": 1.0, "catalog_prices": [10, 15, 23, 28, 43], "cash_availability": [1.5, 2.5], "expected_productivity": 0.9708029197080292, "expected_mean_profit": 0.12635624601897935, "initial_balance": [26349, 26349, 38510, 38510, 50266, 50266, 70129, 70129]}