{"00T22@0": 0.29629629629629645, "01T22@0": 0.2907608695652177, "02T23@1": 0.22297297297297297, "03T35@1": 0.16058394160583941, "04T23@2": 1.0, "05T23@2": 1.0, "06T24@3": 0.875, "07T20@3": 0.0, "08T23@4": 0.9613733905579399, "09T23@4": 0.944206008583691, "BUYER": 0.0, "SELLER": 0.0}