{"00T22@0": 0.1677631578947368, "01T35@0": 0.7439446366782007, "02T06@1": 0.0, "03T41@1": 0.27042253521126763, "04T35@2": 0.7217391304347825, "05T35@2": 0.7439024390243908, "BUYER": 0.0, "SELLER": 0.0}