{"00T35@0": 0.22236340533672172, "01T35@0": 0.22236340533672166, "02T35@1": 0.0, "03T22@1": 0.47150997150997137, "04T35@2": 0.0056179775280898875, "05T35@2": 0.005681818181818182, "06T09@3": 0.0, "07T24@3": 1.0, "BUYER": 0.0, "SELLER": 0.0}