{"00T37@0": 0.0, "01T37@0": 0.0, "02T34@1": 0.41216216216216217, "03T34@1": 0.39007092198581567, "04T37@2": 0.123989218328841, "05T34@2": 1.0, "BUYER": 0.0, "SELLER": 0.0}