{"00T35@0": 0.0, "01T23@0": 0.0, "02T23@1": 1.0, "03T35@1": 1.0, "04T29@2": 0.0, "05T22@2": 0.0024752475247524722, "06T36@3": 0.5183486238532112, "07T22@3": 0.4928909952606635, "BUYER": 0.0, "SELLER": 0.0}