{"00T34@0": 0.07725321888412028, "01T22@0": 0.2123287671232876, "02T23@1": 0.6198347107438016, "03T35@1": 0.6132075471698117, "04T22@2": 0.0, "05T35@2": 0.8974358974358975, "06T19@3": 1.0, "07T23@3": 0.6156156156156158, "BUYER": 0.0, "SELLER": 0.0}