{"00T26@0": 0.16346153846153846, "01T35@0": 0.12093862815884476, "02T35@1": 0.7726161369193156, "03T35@1": 0.7686375321336764, "04T03@2": 0.1881481481481482, "05T35@2": 0.7008547008547003, "BUYER": 0.0, "SELLER": 0.0}