{"00T22@0": 0.13442622950819683, "01T35@0": 0.572668112798265, "02T36@1": 0.14901960784313736, "03T40@1": 0.12337662337662335, "04T35@2": 0.7829787234042551, "05T23@2": 0.7874015748031497, "06T23@3": 0.6283783783783782, "07T23@3": 0.6178489702517165, "BUYER": 0.0, "SELLER": 0.0}