{"time_limit": 10800, "spot_discount": 0.9, "spot_market_global_loss": 0.2, "neg_quota_step": 304, "n_processes": 4, "n_products": 5, "n_steps": 76, "financial_reports_period": 5, "exogenous_horizon": 35, "max_productivity": 1.0, "catalog_prices": [10, 15, 23, 27, 39], "cash_availability": [1.5, 2.5], "expected_productivity": 0.9473684210526315, "expected_mean_profit": 0.07502182046996894, "initial_balance": [21686, 21686, 32445, 32445, 40786, 40786, 52880, 52880]}