{"00T22@0": 0.0, "01T35@0": 0.0, "02T29@1": 0.0, "03T35@1": 0.0, "04T05@2": 0.0, "05T35@2": 1.0, "06T23@3": 0.8507462686567164, "07T23@3": 0.8270676691729322, "08T12@4": 0.0, "09T02@4": 0.6206896551724136, "BUYER": 0.0, "SELLER": 0.0}