{"00T23@0": 0.2296983758700696, "01T23@0": 0.21904761904761905, "02T29@1": 0.0, "03T40@1": 0.14175257731958757, "04T23@2": 0.7450110864745009, "05T22@2": 0.06191950464396283, "BUYER": 0.0, "SELLER": 0.0}