{"00T35@0": 0.4650537634408602, "01T35@0": 0.47956403269754766, "02T22@1": 0.3277777777777777, "03T22@1": 0.4077922077922079, "04T22@2": 0.012012012012011996, "05T22@2": 0.005698005698005689, "06T15@3": 0.4067796610169493, "07T03@3": 0.0, "08T22@4": 0.0350877192982456, "09T22@4": 0.0410958904109589, "BUYER": 0.0, "SELLER": 0.0}