{"00T23@0": 0.005649717514124294, "01T23@0": 0.0, "02T24@1": 0.8333333333333334, "03T23@1": 1.0, "04T41@2": 0.3480662983425414, "05T22@2": 0.03550295857988162, "BUYER": 0.0, "SELLER": 0.0}