{"00T06@0": 0.0, "01T22@0": 0.034482758620689655, "02T35@1": 0.34782608695652173, "03T22@1": 0.8846153846153846, "04T15@2": 0.34375, "05T35@2": 0.0, "06T35@3": 0.6428571428571429, "07T35@3": 0.68, "BUYER": 0.0, "SELLER": 0.0}