{"00T07@0": 0.08982035928143713, "01T22@0": 0.2594501718213059, "02T35@1": 0.12142857142857143, "03T35@1": 0.12751677852348994, "04T29@2": 0.0, "05T35@2": 1.0, "06T22@3": 0.18006430868167217, "07T22@3": 0.23642172523961666, "BUYER": 0.0, "SELLER": 0.0}