{"00T41@0": 0.5069204152249137, "01T24@0": 0.007604562737642579, "02T23@1": 0.7081632653061227, "03T23@1": 0.7110655737704923, "04T12@2": 0.0, "05T36@2": 0.016085790884718513, "06T22@3": 0.4598540145985398, "07T22@3": 0.43396226415094374, "08T23@4": 0.6206896551724135, "09T23@4": 0.6150234741784036, "BUYER": 0.0, "SELLER": 0.0}