{"00T37@0": 0.002178649237472764, "01T22@0": 0.0, "02T18@1": 0.3333333333333333, "03T22@1": 0.3592233009708738, "04T37@2": 0.010204081632653059, "05T22@2": 0.04716981132075472, "06T18@3": 0.5, "07T37@3": 0.0839160839160839, "08T18@4": 0.8333333333333335, "09T35@4": 0.8466257668711658, "BUYER": 0.0, "SELLER": 0.0}