{"00T29@0": 0.0, "01T22@0": 0.23926380368098127, "02T22@1": 0.23696682464454977, "03T35@1": 0.708154506437768, "04T34@2": 0.6163793103448272, "05T35@2": 0.6019230769230766, "BUYER": 0.0, "SELLER": 0.0}