{"00T26@0": 0.0, "01T26@0": 0.0, "02T26@1": 0.0, "03T18@1": 0.0, "04T18@2": 0.4594594594594595, "05T18@2": 0.4553846153846154, "BUYER": 0.0, "SELLER": 0.0}