{"00T23@0": 0.1635220125786163, "01T22@0": 0.031152647975077892, "02T20@1": 0.0, "03T22@1": 0.0855018587360595, "04T24@2": 0.1935483870967742, "05T22@2": 0.388646288209607, "06T35@3": 0.8322683706070285, "07T22@3": 0.07710843373493968, "BUYER": 0.0, "SELLER": 0.0}