{"00T06@0": 0.14285714285714285, "01T35@0": 0.0060790273556230925, "02T06@1": 0.0, "03T32@1": 0.2222222222222222, "04T06@2": 0.0, "05T32@2": 0.8305084745762712, "06T23@3": 0.7999999999999999, "07T23@3": 0.8258064516129032, "08T32@4": 1.0, "09T23@4": 0.558620689655172, "BUYER": 0.0, "SELLER": 0.0}