{"00T35@0": 0.3194192377495463, "01T35@0": 0.31250000000000033, "02T22@1": 0.48000000000000015, "03T22@1": 0.41623036649214673, "04T22@2": 0.0, "05T22@2": 0.0, "06T38@3": 0.0, "07T06@3": 0.0, "08T22@4": 1.0, "09T22@4": 1.0, "BUYER": 0.0, "SELLER": 0.0}