{"time_limit": 10800, "spot_discount": 0.9, "spot_market_global_loss": 0.2, "neg_quota_step": 405, "n_processes": 5, "n_products": 6, "n_steps": 81, "financial_reports_period": 5, "exogenous_horizon": 30, "max_productivity": 1.0, "catalog_prices": [10, 14, 18, 24, 27, 36], "cash_availability": [1.5, 2.5], "expected_productivity": 0.9382716049382716, "expected_mean_profit": 0.07393160806445624, "initial_balance": [15260, 15260, 19265, 19265, 25877, 25877, 33126, 33126, 41137, 41137]}