{"00T37@0": 0.09523809523809527, "01T35@0": 0.0, "02T35@1": 0.7087378640776699, "03T35@1": 0.7684210526315787, "04T40@2": 0.40068493150684936, "05T22@2": 0.38487972508591034, "06T35@3": 0.5367965367965367, "07T35@3": 0.5, "08T22@4": 0.07142857142857144, "09T22@4": 0.07342657342657342, "BUYER": 0.0, "SELLER": 0.0}