{"00T26@0": 0.06405693950177936, "01T29@0": 0.0, "02T26@1": 0.023622047244094467, "03T29@1": 0.0, "04T29@2": 1.0, "05T26@2": 0.02358490566037736, "BUYER": 0.0, "SELLER": 0.0}