{"00T07@0": 0.1111111111111111, "01T35@0": 0.25740318906605936, "02T26@1": 0.18867924528301888, "03T26@1": 0.15, "04T07@2": 0.10559006211180119, "05T35@2": 0.4, "06T26@3": 0.2182741116751269, "07T35@3": 0.8709677419354838, "08T07@4": 0.0, "09T22@4": 0.0, "BUYER": 0.0, "SELLER": 0.0}