{"00T22@0": 0.2543689320388349, "01T23@0": 0.29729729729729726, "02T22@1": 0.0, "03T35@1": 0.6686390532544378, "04T20@2": 0.29661016949152547, "05T38@2": 0.02067183462532297, "06T35@3": 0.651898734177215, "07T23@3": 0.6995515695067267, "08T22@4": 0.0, "09T23@4": 0.6731898238747556, "BUYER": 0.0, "SELLER": 0.0}