{"00T19@0": 0.0, "01T35@0": 0.2067307692307693, "02T19@1": 0.0, "03T22@1": 0.629787234042553, "04T24@2": 0.0, "05T24@2": 0.0, "06T24@3": 1.0, "07T19@3": 0.0, "08T35@4": 0.9941520467836257, "09T35@4": 0.98125, "BUYER": 0.0, "SELLER": 0.0}