{"time_limit": 10800, "spot_discount": 0.9, "spot_market_global_loss": 0.2, "neg_quota_step": 445, "n_processes": 5, "n_products": 6, "n_steps": 89, "financial_reports_period": 5, "exogenous_horizon": 32, "max_productivity": 1.0, "catalog_prices": [10, 19, 28, 35, 42, 52], "cash_availability": [1.5, 2.5], "expected_productivity": 0.9438202247191011, "expected_mean_profit": 0.08313086873727757, "initial_balance": [22023, 22023, 34617, 34617, 41361, 41361, 49069, 49069, 66136, 66136]}