{"time_limit": 10800, "spot_discount": 0.9, "spot_market_global_loss": 0.2, "neg_quota_step": 48, "n_processes": 4, "n_products": 5, "n_steps": 8, "financial_reports_period": 5, "exogenous_horizon": 3, "max_productivity": 1.0, "catalog_prices": [10, 16, 27, 36, 48], "cash_availability": [1.5, 2.5], "expected_productivity": 0.3333333333333333, "expected_mean_profit": 0.07639075156912183, "initial_balance": [1195, 1195, 1020, 1020, 1020, 1020, 1687, 1687, 1687, 2370, 2370, 2370]}