{"00T23@0": 0.10242587601078165, "01T35@0": 0.10693641618497114, "02T20@1": 0.0, "03T23@1": 0.8157181571815714, "04T38@2": 0.0, "05T23@2": 0.7697674418604651, "BUYER": 0.0, "SELLER": 0.0}