{"00T35@0": 0.20814479638009037, "01T35@0": 0.21672555948174332, "02T35@1": 1.0, "03T22@1": 0.36692913385826803, "04T35@2": 0.7026378896882494, "05T35@2": 0.7086419753086419, "06T37@3": 0.02322206095791001, "07T08@3": 0.0, "BUYER": 0.0, "SELLER": 0.0}