{"00T16@0": 0.0, "01T22@0": 0.1831395348837206, "02T22@1": 0.6704225352112675, "03T35@1": 0.674698795180723, "04T26@2": 0.0, "05T35@2": 0.6499282639885222, "BUYER": 0.0, "SELLER": 0.0}