{"00T35@0": 0.20348837209302326, "01T35@0": 0.1965811965811965, "02T22@1": 0.22424242424242424, "03T23@1": 0.8704663212435233, "04T41@2": 0.4465648854961831, "05T12@2": 0.04929577464788731, "06T23@3": 0.6069767441860465, "07T22@3": 0.661375661375661, "BUYER": 0.0, "SELLER": 0.0}