{"00T12@0": 0.0, "01T35@0": 0.0, "02T35@1": 0.657439446366782, "03T35@1": 0.6724137931034485, "04T20@2": 0.0, "05T22@2": 0.20000000000000018, "06T35@3": 0.6574394463667819, "07T35@3": 0.6904761904761909, "08T22@4": 0.0, "09T22@4": 0.0, "BUYER": 0.0, "SELLER": 0.0}