{"00T04@0": 0.024154589371980676, "01T06@0": 0.0, "02T06@1": 0.0, "03T22@1": 0.16666666666666663, "04T04@2": 0.32786885245901637, "05T06@2": 0.0, "06T04@3": 0.2562814070351759, "07T22@3": 0.0896551724137931, "BUYER": 0.0, "SELLER": 0.0}