{"00T34@0": 0.0, "01T35@0": 0.21052631578947367, "02T09@1": 0.0, "03T34@1": 0.44961240310077527, "04T09@2": 0.0, "05T35@2": 0.05405405405405404, "06T09@3": 0.0, "07T35@3": 0.984375, "08T34@4": 0.535, "09T22@4": 0.0, "BUYER": 0.0, "SELLER": 0.0}