{"00T34@0": 0.13178294573643395, "01T23@0": 0.0, "02T35@1": 0.7391304347826086, "03T23@1": 0.7771428571428571, "04T36@2": 0.15972222222222215, "05T23@2": 0.8888888888888888, "06T22@3": 0.2632743362831859, "07T35@3": 0.6507936507936508, "08T23@4": 0.7184643510054851, "09T35@4": 0.7465034965034962, "BUYER": 0.0, "SELLER": 0.0}