{"00T22@0": 0.19185059422750425, "01T35@0": 0.7000000000000003, "02T37@1": 0.10227272727272728, "03T10@1": 0.32580645161290306, "04T35@2": 0.7967032967032964, "05T35@2": 0.8173431734317341, "BUYER": 0.0, "SELLER": 0.0}