,balance,assets,bankrupt,agent_id,step
0,1330.0,180.0,False,00T36@0,0.0
1,1205.0,239.0727272727273,False,00T36@0,5.0
2,1370.0,128.0,False,01T08@0,0.0
3,1020.0,571.1181818181817,False,01T08@0,5.0
4,2306.0,0.0,False,02T36@1,0.0
5,2305.0,0.0,False,02T36@1,5.0
6,2306.0,0.0,False,03T08@1,0.0
7,2431.0,121.63022913601007,False,03T08@1,5.0
8,3186.0,0.0,False,04T36@2,0.0
9,3062.0,0.0,False,04T36@2,5.0
10,3186.0,0.0,False,05T08@2,0.0
11,3076.0,0.0,False,05T08@2,5.0
12,,,,,
13,,,,,
14,,,,,
15,,,,,
