{"00T35@0": 0.0, "01T23@0": 0.0, "02T35@1": 1.0, "03T35@1": 1.0, "04T22@2": 0.6004319654427643, "05T23@2": 0.9748427672955975, "06T24@3": 0.7992700729927007, "07T37@3": 0.007100591715976323, "BUYER": 0.0, "SELLER": 0.0}