{"00T35@0": 0.16853932584269668, "01T22@0": 0.3398268398268398, "02T04@1": 0.05325443786982249, "03T35@1": 0.5764192139737991, "04T14@2": 1.0, "05T35@2": 0.6529680365296805, "BUYER": 0.0, "SELLER": 0.0}