{"00T40@0": 0.12962962962962946, "01T35@0": 0.618181818181819, "02T35@1": 0.7021943573667709, "03T35@1": 0.7098765432098761, "04T38@2": 0.084375, "05T35@2": 0.6351999999999998, "BUYER": 0.0, "SELLER": 0.0}