{"00T35@0": 0.33590733590733596, "01T23@0": 0.5622406639004144, "02T22@1": 0.0, "03T22@1": 0.0, "04T29@2": 1.0, "05T34@2": 0.6183206106870228, "BUYER": 0.0, "SELLER": 0.0}