{"00T35@0": 0.015306122448979585, "01T23@0": 0.01030927835051546, "02T35@1": 0.9891304347826086, "03T35@1": 0.9354838709677419, "04T40@2": 0.2852112676056337, "05T23@2": 0.8219895287958116, "06T36@3": 0.0, "07T23@3": 0.55524861878453, "BUYER": 0.0, "SELLER": 0.0}