{"00T24@0": 0.0, "01T22@0": 0.18733153638814015, "02T22@1": 0.22727272727272732, "03T35@1": 0.6022727272727276, "04T09@2": 0.0, "05T35@2": 0.6934306569343069, "BUYER": 0.0, "SELLER": 0.0}