{"00T22@0": 0.3625866050808314, "01T35@0": 0.7899999999999998, "02T37@1": 0.20083682008368206, "03T41@1": 0.3269754768392372, "04T35@2": 0.6401766004415013, "05T35@2": 0.6327944572748274, "BUYER": 0.0, "SELLER": 0.0}