{"00T40@0": 0.0, "01T38@0": 0.0, "02T38@1": 0.0, "03T38@1": 0.0, "04T40@2": 0.7112676056338028, "05T35@2": 0.6848874598070746, "06T40@3": 0.0421455938697318, "07T35@3": 0.6276978417266188, "BUYER": 0.0, "SELLER": 0.0}