{"00T29@0": 0.0, "01T41@0": 0.39191919191919194, "02T41@1": 0.11920529801324503, "03T41@1": 0.0, "04T29@2": 1.0, "05T29@2": 1.0, "BUYER": 0.0, "SELLER": 0.0}