{"00T35@0": 0.1883830455259027, "01T22@0": 0.09022556390977449, "02T07@1": 0.0, "03T35@1": 0.608208955223881, "04T34@2": 0.6858974358974359, "05T35@2": 0.7680945347119642, "BUYER": 0.0, "SELLER": 0.0}