{"time_limit": 10800, "spot_discount": 0.9, "spot_market_global_loss": 0.2, "neg_quota_step": 424, "n_processes": 4, "n_products": 5, "n_steps": 106, "financial_reports_period": 5, "exogenous_horizon": 33, "max_productivity": 1.0, "catalog_prices": [10, 17, 26, 36, 47], "cash_availability": [1.5, 2.5], "expected_productivity": 0.9622641509433962, "expected_mean_profit": 0.0540488824451526, "initial_balance": [36526, 36526, 53085, 53085, 75731, 75731, 106412, 106412]}