{"00T29@0": 0.0, "01T38@0": 0.012838801711840228, "02T38@1": 0.0358680057388809, "03T29@1": 0.0, "04T29@2": 1.0, "05T38@2": 0.0, "BUYER": 0.0, "SELLER": 0.0}