{"00T36@0": 0.06809338521400776, "01T22@0": 0.05421686746987953, "02T22@1": 0.4047619047619047, "03T35@1": 0.8105263157894737, "04T15@2": 0.0, "05T35@2": 0.6550151975683891, "BUYER": 0.0, "SELLER": 0.0}