{"00T08@0": 0.03984063745019919, "01T22@0": 0.1017241379310344, "02T22@1": 0.7666666666666665, "03T35@1": 0.6501901140684413, "04T09@2": 0.0, "05T35@2": 0.6887052341597789, "BUYER": 0.0, "SELLER": 0.0}