{"00T23@0": 0.23779193205944799, "01T23@0": 0.2525458248472505, "02T22@1": 0.02302631578947369, "03T23@1": 0.8599033816425121, "04T23@2": 0.7207207207207207, "05T22@2": 0.13535911602209957, "06T20@3": 0.4777777777777775, "07T22@3": 0.28979591836734686, "08T41@4": 0.0, "09T23@4": 0.7019230769230772, "BUYER": 0.0, "SELLER": 0.0}