{"00T35@0": 0.5071022727272728, "01T22@0": 0.13122923588039853, "02T37@1": 0.06040268456375838, "03T35@1": 0.6567656765676566, "04T26@2": 0.007285974499089245, "05T35@2": 0.7307189542483663, "BUYER": 0.0, "SELLER": 0.0}