{"00T29@0": 0.0, "01T20@0": 0.039915966386554654, "02T23@1": 0.8939393939393939, "03T22@1": 0.6504065040650406, "04T23@2": 0.6999999999999996, "05T35@2": 0.705298013245033, "06T35@3": 0.6776859504132231, "07T23@3": 0.6956521739130442, "BUYER": 0.0, "SELLER": 0.0}