{"00T02@0": 0.046875, "01T12@0": 0.0, "02T05@1": 0.0, "03T35@1": 0.6069868995633187, "04T29@2": 1.0, "05T35@2": 0.7975352112676054, "BUYER": 0.0, "SELLER": 0.0}