{"00T40@0": 0.2564102564102564, "01T29@0": 0.0, "02T40@1": 0.0, "03T23@1": 0.08737864077669903, "04T29@2": 0.0, "05T29@2": 0.0, "06T40@3": 1.0, "07T23@3": 1.0, "08T22@4": 0.0, "09T23@4": 0.719081272084806, "BUYER": 0.0, "SELLER": 0.0}