{"00T29@0": 0.0, "01T35@0": 0.17047817047817052, "02T09@1": 0.0, "03T22@1": 0.6445916114790283, "04T22@2": 0.008316008316008304, "05T22@2": 0.023206751054852343, "BUYER": 0.0, "SELLER": 0.0}