{"00T26@0": 0.11090225563909784, "01T38@0": 0.0, "02T26@1": 0.14177215189873418, "03T38@1": 0.011848341232227484, "04T26@2": 0.0402144772117963, "05T35@2": 0.7499999999999997, "06T38@3": 0.022292993630573247, "07T35@3": 0.6077669902912621, "BUYER": 0.0, "SELLER": 0.0}