{"00T22@0": 0.263779527559055, "01T22@0": 0.2559055118110236, "02T23@1": 0.5548780487804879, "03T35@1": 0.49079754601226994, "04T41@2": 0.32972972972972986, "05T29@2": 0.0, "06T29@3": 0.0, "07T41@3": 0.5040650406504065, "08T41@4": 0.4074074074074076, "09T29@4": 1.0, "BUYER": 0.0, "SELLER": 0.0}