{"00T35@0": 0.12411847672778561, "01T22@0": 0.013752455795677798, "02T06@1": 0.0, "03T35@1": 0.8024691358024691, "04T04@2": 0.12445414847161583, "05T35@2": 0.8056801195814653, "BUYER": 0.0, "SELLER": 0.0}