{"00T22@0": 0.05555555555555559, "01T23@0": 0.3474576271186445, "02T20@1": 0.0, "03T22@1": 0.2573099415204681, "04T22@2": 0.3020833333333334, "05T22@2": 0.33962264150943394, "06T36@3": 0.025089605734767036, "07T23@3": 0.6720430107526878, "BUYER": 0.0, "SELLER": 0.0}