{"00T40@0": 0.2853932584269663, "01T41@0": 0.17520215633423203, "02T40@1": 0.2524752475247524, "03T41@1": 0.44905660377358503, "04T35@2": 0.4999999999999996, "05T23@2": 0.6135265700483092, "06T40@3": 0.0, "07T41@3": 0.4013157894736842, "BUYER": 0.0, "SELLER": 0.0}