{"00T38@0": 0.0, "01T29@0": 0.0, "02T29@1": 0.0, "03T22@1": 0.8157894736842107, "04T38@2": 0.08270676691729326, "05T29@2": 0.0, "06T38@3": 0.0, "07T23@3": 0.8744769874476988, "BUYER": 0.0, "SELLER": 0.0}