{"00T06@0": 0.0, "01T35@0": 0.1457286432160804, "02T29@1": 0.0, "03T06@1": 0.0, "04T06@2": 0.0, "05T35@2": 0.0, "06T29@3": 0.0, "07T35@3": 0.9552238805970149, "08T29@4": 1.0, "09T22@4": 0.23717948717948717, "BUYER": 0.0, "SELLER": 0.0}