{"00T22@0": 0.04615384615384614, "01T35@0": 0.21717171717171718, "02T24@1": 1.0, "03T22@1": 0.3755274261603376, "04T35@2": 0.4081632653061224, "05T22@2": 0.2758620689655173, "06T35@3": 0.5670731707317075, "07T23@3": 0.6328124999999999, "08T20@4": 0.644670050761421, "09T22@4": 0.0, "BUYER": 0.0, "SELLER": 0.0}