{"00T35@0": 0.22535211267605634, "01T35@0": 0.23507462686567165, "02T20@1": 0.0, "03T40@1": 0.3770491803278688, "04T23@2": 0.7732558139534884, "05T35@2": 0.7172774869109946, "06T22@3": 0.0, "07T22@3": 0.0, "BUYER": 0.0, "SELLER": 0.0}