{"00T09@0": 0.0, "01T35@0": 0.3275862068965515, "02T35@1": 0.840490797546012, "03T35@1": 0.8237885462555066, "04T20@2": 0.6728971962616832, "05T35@2": 0.6315270935960584, "BUYER": 0.0, "SELLER": 0.0}