{"00T20@0": 0.11904761904761903, "01T33@0": 0.021645021645021644, "02T33@1": 0.0, "03T22@1": 0.06896551724137931, "04T20@2": 0.9375, "05T20@2": 0.5, "06T33@3": 0.5999999999999995, "07T22@3": 0.09219858156028368, "BUYER": 0.0, "SELLER": 0.0}