{"00T19@0": 0.0, "01T22@0": 0.17380352644836283, "02T23@1": 0.6390977443609025, "03T35@1": 0.6422764227642274, "04T22@2": 0.005208333333333332, "05T35@2": 0.8631578947368421, "06T40@3": 0.0, "07T22@3": 0.0, "BUYER": 0.0, "SELLER": 0.0}