{"00T35@0": 0.7353846153846151, "01T22@0": 0.200674536256324, "02T04@1": 0.12663755458515288, "03T35@1": 0.6209150326797386, "04T20@2": 0.989247311827957, "05T35@2": 0.734113712374582, "BUYER": 0.0, "SELLER": 0.0}