{"00T15@0": 0.08362369337979098, "01T22@0": 0.09983079526226728, "02T22@1": 0.21739130434782608, "03T35@1": 0.6293103448275864, "04T34@2": 0.626712328767123, "05T35@2": 0.736214605067064, "BUYER": 0.0, "SELLER": 0.0}