{"00T16@0": 0.0, "01T22@0": 0.17647058823529413, "02T35@1": 0.3125, "03T22@1": 0.7647058823529411, "04T15@2": 0.038461538461538464, "05T35@2": 0.0, "06T35@3": 0.75, "07T35@3": 0.7857142857142857, "BUYER": 0.0, "SELLER": 0.0}