{"00T26@0": 0.18181818181818182, "01T22@0": 0.2692307692307692, "02T35@1": 0.42857142857142855, "03T22@1": 0.3076923076923077, "04T20@2": 0.42424242424242425, "05T35@2": 0.36363636363636365, "06T35@3": 0.5128205128205128, "07T35@3": 0.9, "BUYER": 0.0, "SELLER": 0.0}