{"00T22@0": 0.0, "01T35@0": 0.008968609865470847, "02T06@1": 0.0, "03T09@1": 0.0, "04T35@2": 0.9976851851851852, "05T35@2": 0.9912663755458515, "BUYER": 0.0, "SELLER": 0.0}