{"00T29@0": 0.0, "01T36@0": 0.17218543046357604, "02T23@1": 0.8552631578947368, "03T23@1": 0.7888888888888889, "04T41@2": 0.25560538116591924, "05T12@2": 0.0, "06T22@3": 0.6666666666666666, "07T22@3": 0.6370967741935484, "08T23@4": 0.6974169741697416, "09T23@4": 0.7061068702290074, "BUYER": 0.0, "SELLER": 0.0}