{"00T22@0": 0.27619047619047615, "01T35@0": 0.15408805031446532, "02T22@1": 0.2922374429223746, "03T23@1": 0.13186813186813187, "04T35@2": 0.8271604938271602, "05T35@2": 0.7763157894736843, "06T36@3": 0.0, "07T37@3": 0.0, "08T22@4": 0.016835016835016838, "09T22@4": 0.08219178082191785, "BUYER": 0.0, "SELLER": 0.0}