{"time_limit": 10800, "spot_discount": 0.9, "spot_market_global_loss": 0.2, "neg_quota_step": 380, "n_processes": 4, "n_products": 5, "n_steps": 95, "financial_reports_period": 5, "exogenous_horizon": 22, "max_productivity": 1.0, "catalog_prices": [10, 20, 30, 44, 61], "cash_availability": [1.5, 2.5], "expected_productivity": 0.9578947368421052, "expected_mean_profit": 0.11313403695548445, "initial_balance": [28871, 28871, 47817, 47817, 62071, 62071, 89678, 89678]}