{"00T20@0": 0.0, "01T35@0": 0.6230088495575218, "02T24@1": 0.0, "03T22@1": 0.3192904656319292, "04T22@2": 0.03349282296650719, "05T22@2": 0.0296296296296296, "BUYER": 0.0, "SELLER": 0.0}