{"00T37@0": 0.10160427807486631, "01T35@0": 0.4890829694323144, "02T22@1": 0.11510791366906477, "03T22@1": 0.10526315789473684, "04T22@2": 0.34517766497461927, "05T23@2": 0.6785714285714283, "06T26@3": 0.0, "07T23@3": 0.5781990521327014, "BUYER": 0.0, "SELLER": 0.0}