{"00T35@0": 0.025069637883008356, "01T23@0": 0.024861878453038673, "02T23@1": 0.9111111111111111, "03T35@1": 0.7948717948717948, "04T36@2": 0.34306569343065674, "05T23@2": 0.7162162162162159, "06T37@3": 0.0, "07T35@3": 0.7122448979591841, "BUYER": 0.0, "SELLER": 0.0}