{"00T24@0": 0.0, "01T22@0": 0.11139896373056994, "02T20@1": 0.0, "03T35@1": 0.08571428571428572, "04T23@2": 1.0, "05T35@2": 1.0, "06T22@3": 0.38690476190476175, "07T23@3": 0.9847328244274809, "08T22@4": 0.0, "09T22@4": 0.0, "BUYER": 0.0, "SELLER": 0.0}