{"time_limit": 10800, "spot_discount": 0.9, "spot_market_global_loss": 0.2, "neg_quota_step": 588, "n_processes": 5, "n_products": 6, "n_steps": 98, "financial_reports_period": 5, "exogenous_horizon": 45, "max_productivity": 1.0, "catalog_prices": [10, 17, 26, 32, 44, 60], "cash_availability": [1.5, 2.5], "expected_productivity": 1.1862244897959184, "expected_mean_profit": 0.06768114763812884, "initial_balance": [30891, 30891, 30891, 52368, 52368, 52368, 101390, 101390, 118047, 118047, 166149, 166149]}