{"00T22@0": 0.0, "01T22@0": 0.0, "02T15@1": 0.24022346368715072, "03T16@1": 0.0, "04T22@2": 0.5433789954337904, "05T35@2": 0.8275862068965517, "06T35@3": 0.739852398523985, "07T35@3": 0.7392857142857141, "BUYER": 0.0, "SELLER": 0.0}