{"00T36@0": 0.054945054945054965, "01T29@0": 0.0, "02T36@1": 0.08750000000000005, "03T29@1": 0.0, "04T29@2": 0.0, "05T36@2": 0.48453608247422675, "06T35@3": 0.8134556574923547, "07T23@3": 0.7859154929577459, "BUYER": 0.0, "SELLER": 0.0}