{"00T35@0": 0.1683501683501683, "01T22@0": 0.3136094674556214, "02T00@1": 0.0, "03T35@1": 0.5477178423236518, "04T14@2": 1.0, "05T35@2": 0.6587926509186353, "BUYER": 0.0, "SELLER": 0.0}