{"00T35@0": 0.0, "01T23@0": 0.0, "02T23@1": 1.0, "03T35@1": 1.0, "04T41@2": 0.096045197740113, "05T22@2": 0.0032258064516128998, "06T36@3": 0.06249999999999995, "07T22@3": 0.01805869074492097, "BUYER": 0.0, "SELLER": 0.0}