{"time_limit": 10800, "spot_discount": 0.9, "spot_market_global_loss": 0.2, "neg_quota_step": 244, "n_processes": 4, "n_products": 5, "n_steps": 61, "financial_reports_period": 5, "exogenous_horizon": 26, "max_productivity": 1.0, "catalog_prices": [10, 23, 34, 42, 55], "cash_availability": [1.5, 2.5], "expected_productivity": 0.9344262295081968, "expected_mean_profit": 0.09173862261711091, "initial_balance": [20886, 20886, 31934, 31934, 40013, 40013, 51005, 51005]}