{"00T37@0": 0.0, "01T22@0": 0.10909090909090909, "02T35@1": 0.725, "03T22@1": 0.25, "04T36@2": 0.034482758620689655, "05T35@2": 0.0, "06T35@3": 0.7954545454545454, "07T35@3": 0.7804878048780488, "BUYER": 0.0, "SELLER": 0.0}