{"00T29@0": 0.0, "01T22@0": 0.010238907849829348, "02T29@1": 0.0, "03T37@1": 0.2357723577235773, "04T37@2": 0.1521739130434783, "05T22@2": 0.2677165354330709, "06T37@3": 0.062992125984252, "07T35@3": 0.7430555555555556, "08T29@4": 1.0, "09T22@4": 0.0, "BUYER": 0.0, "SELLER": 0.0}