{"time_limit": 10800, "spot_discount": 0.9, "spot_market_global_loss": 0.2, "neg_quota_step": 325, "n_processes": 5, "n_products": 6, "n_steps": 65, "financial_reports_period": 5, "exogenous_horizon": 21, "max_productivity": 1.0, "catalog_prices": [10, 19, 26, 31, 40, 57], "cash_availability": [1.5, 2.5], "expected_productivity": 0.9230769230769231, "expected_mean_profit": 0.06351623657012323, "initial_balance": [24377, 24377, 32120, 32120, 41369, 41369, 50762, 50762, 66750, 66750]}