{"00T26@0": 0.10474860335195527, "01T35@0": 0.7268518518518516, "02T35@1": 0.5777126099706745, "03T35@1": 0.6048632218844983, "04T00@2": 0.0, "05T35@2": 0.6387536514118792, "BUYER": 0.0, "SELLER": 0.0}