{"00T40@0": 0.2425447316103378, "01T35@0": 0.0, "02T35@1": 0.5329670329670325, "03T23@1": 0.6321839080459768, "04T29@2": 1.0, "05T22@2": 0.0, "BUYER": 0.0, "SELLER": 0.0}