{"00T10@0": 0.05633802816901412, "01T22@0": 0.0942982456140351, "02T22@1": 0.1086956521739131, "03T22@1": 0.028169014084507043, "04T34@2": 0.7405857740585774, "05T23@2": 0.8225255972696248, "BUYER": 0.0, "SELLER": 0.0}