{"00T41@0": 0.08440629470672387, "01T22@0": 0.08701854493580594, "02T22@1": 0.5891089108910895, "03T35@1": 0.5424528301886793, "04T20@2": 0.8262295081967216, "05T35@2": 0.7633209417596031, "BUYER": 0.0, "SELLER": 0.0}