{"00T24@0": 0.0, "01T22@0": 0.25, "02T35@1": 0.6666666666666666, "03T22@1": 0.5, "04T10@2": 0.02631578947368421, "05T35@2": 0.2857142857142857, "06T35@3": 0.7352941176470589, "07T35@3": 0.7105263157894736, "BUYER": 0.0, "SELLER": 0.0}