{"00T37@0": 0.008333333333333328, "01T37@0": 0.0, "02T38@1": 0.42857142857142855, "03T37@1": 0.0, "04T38@2": 0.0, "05T38@2": 0.024691358024691357, "BUYER": 0.0, "SELLER": 0.0}