{"00T37@0": 0.09523809523809526, "01T37@0": 0.05985915492957739, "02T36@1": 0.1724137931034483, "03T22@1": 0.18518518518518523, "04T36@2": 0.28859060402684567, "05T37@2": 0.18085106382978725, "06T36@3": 0.02536231884057972, "07T22@3": 0.0, "BUYER": 0.0, "SELLER": 0.0}