{"00T41@0": 0.0, "01T29@0": 0.0, "02T41@1": 0.0185185185185185, "03T29@1": 0.0, "04T29@2": 1.0, "05T41@2": 0.028846153846153834, "BUYER": 0.0, "SELLER": 0.0}