{"time_limit": 10800, "spot_discount": 0.9, "spot_market_global_loss": 0.2, "neg_quota_step": 342, "n_processes": 4, "n_products": 5, "n_steps": 57, "financial_reports_period": 5, "exogenous_horizon": 25, "max_productivity": 1.0, "catalog_prices": [10, 19, 26, 37, 51], "cash_availability": [1.5, 2.5], "expected_productivity": 0.6198830409356725, "expected_mean_profit": 0.10718475210916019, "initial_balance": [15297, 15297, 11307, 11307, 11307, 11307, 28252, 28252, 20198, 20198, 20198, 20198]}