{"00T22@0": 0.0603174603174603, "01T23@0": 0.03260869565217391, "02T21@1": 0.0, "03T23@1": 0.7103448275862071, "04T40@2": 0.3063583815028902, "05T35@2": 0.8115501519756839, "BUYER": 0.0, "SELLER": 0.0}