{"00T23@0": 0.2363367799113737, "01T35@0": 0.16892911010558084, "02T22@1": 0.06537530266343825, "03T35@1": 0.8705357142857142, "04T36@2": 0.12536443148688048, "05T37@2": 0.009345794392523359, "06T23@3": 0.7046413502109706, "07T22@3": 0.35466666666666674, "08T23@4": 0.7189189189189192, "09T22@4": 0.0, "BUYER": 0.0, "SELLER": 0.0}