{"00T24@0": 0.0, "01T24@0": 0.0, "02T24@1": 1.0, "03T22@1": 0.9291666666666667, "04T04@2": 0.29310344827586204, "05T04@2": 0.3717948717948718, "06T04@3": 0.21238938053097342, "07T22@3": 0.017182130584192445, "BUYER": 0.0, "SELLER": 0.0}