{"00T35@0": 0.2898550724637682, "01T23@0": 0.4004796163069543, "02T23@1": 0.9117647058823529, "03T22@1": 0.0, "04T22@2": 0.0, "05T35@2": 0.0, "06T20@3": 0.0, "07T24@3": 0.8333333333333334, "08T35@4": 0.9918032786885246, "09T23@4": 0.951127819548872, "BUYER": 0.0, "SELLER": 0.0}