{"00T15@0": 0.03914590747330965, "01T07@0": 0.006557377049180321, "02T23@1": 0.8834951456310681, "03T23@1": 0.8360655737704918, "04T35@2": 0.7019607843137255, "05T35@2": 0.6874999999999998, "06T23@3": 0.6013215859030835, "07T23@3": 0.5962877030162408, "BUYER": 0.0, "SELLER": 0.0}