{"time_limit": 10800, "spot_discount": 0.9, "spot_market_global_loss": 0.2, "neg_quota_step": 376, "n_processes": 4, "n_products": 5, "n_steps": 94, "financial_reports_period": 5, "exogenous_horizon": 36, "max_productivity": 1.0, "catalog_prices": [10, 19, 26, 39, 49], "cash_availability": [1.5, 2.5], "expected_productivity": 0.9574468085106383, "expected_mean_profit": 0.09753539590980598, "initial_balance": [25505, 25505, 31881, 31881, 49133, 49133, 65111, 65111]}