{"00T37@0": 0.06181818181818184, "01T37@0": 0.04545454545454545, "02T33@1": 0.1704545454545455, "03T22@1": 0.21782178217821782, "04T37@2": 0.21649484536082478, "05T33@2": 0.31707317073170727, "06T33@3": 0.027450980392156852, "07T22@3": 0.0625000000000001, "BUYER": 0.0, "SELLER": 0.0}