{"00T35@0": 0.21680216802168023, "01T23@0": 0.4397031539888682, "02T38@1": 0.0, "03T22@1": 0.006060606060606061, "04T29@2": 1.0, "05T22@2": 0.5906976744186042, "BUYER": 0.0, "SELLER": 0.0}