{"00T41@0": 0.36013400335008333, "01T23@0": 0.4927768860353129, "02T23@1": 0.41314553990610314, "03T22@1": 0.1791907514450867, "04T35@2": 0.46417445482866027, "05T35@2": 0.4837662337662335, "06T24@3": 1.0, "07T35@3": 0.5962059620596205, "BUYER": 0.0, "SELLER": 0.0}