{"00T22@0": 0.013698630136986287, "01T35@0": 0.5572519083969464, "02T40@1": 0.005181347150259066, "03T34@1": 0.0, "04T40@2": 0.75, "05T34@2": 0.9552238805970149, "06T23@3": 0.6745562130177516, "07T22@3": 0.020408163265306103, "08T34@4": 0.47928994082840237, "09T40@4": 0.0, "BUYER": 0.0, "SELLER": 0.0}