{"00T15@0": 0.014159292035398233, "01T09@0": 0.0, "02T15@1": 0.20958083832335328, "03T09@1": 0.0, "04T09@2": 0.0, "05T15@2": 0.037037037037037035, "BUYER": 0.0, "SELLER": 0.0}