{"00T40@0": 0.023809523809523808, "01T22@0": 0.0, "02T35@1": 0.42857142857142855, "03T22@1": 0.07142857142857142, "04T36@2": 0.0, "05T35@2": 0.0, "06T35@3": 0.7352941176470589, "07T35@3": 0.8292682926829268, "BUYER": 0.0, "SELLER": 0.0}