{"00T22@0": 0.04745166959578209, "01T22@0": 0.04283054003724395, "02T34@1": 0.8214285714285714, "03T41@1": 0.1048387096774194, "04T22@2": 0.5547263681592045, "05T35@2": 0.8644067796610171, "06T35@3": 0.7186629526462396, "07T35@3": 0.7035971223021588, "BUYER": 0.0, "SELLER": 0.0}