{"00T29@0": 0.0, "01T29@0": 0.0, "02T20@0": 0.0, "03T20@0": 0.0, "04T37@1": 1.0, "05T37@1": 1.0, "06T29@1": 0.0, "07T20@1": 0.0, "08T12@2": 0.34375, "09T12@2": 0.10843373493975901, "10T12@3": 0.02459016393442623, "11T37@3": 0.9447236180904522, "BUYER": 0.0, "SELLER": 0.0}