{"00T35@0": 0.455026455026455, "01T35@0": 0.43846153846153846, "02T22@1": 0.48, "03T22@1": 0.40782122905027934, "04T22@2": 0.05118110236220474, "05T22@2": 0.03557312252964426, "06T09@3": 0.0, "07T41@3": 0.3436293436293436, "08T22@4": 0.05188679245283024, "09T22@4": 0.03773584905660376, "BUYER": 0.0, "SELLER": 0.0}