{"00T34@0": 0.0, "01T09@0": 0.0, "02T09@1": 0.0, "03T34@1": 1.0, "04T09@2": 0.0, "05T35@2": 0.8661417322834646, "06T34@3": 0.7368421052631576, "07T35@3": 0.7305194805194803, "BUYER": 0.0, "SELLER": 0.0}