{"00T40@0": 0.008368200836820078, "01T40@0": 0.0, "02T06@1": 0.0, "03T22@1": 0.11111111111111117, "04T40@2": 0.7252747252747251, "05T06@2": 0.0, "06T06@3": 0.0, "07T22@3": 0.3352941176470588, "BUYER": 0.0, "SELLER": 0.0}