{"00T23@0": 0.20037453183520598, "01T23@0": 0.19133574007220225, "02T36@1": 0.002906976744186042, "03T35@1": 0.968421052631579, "04T22@2": 0.2600619195046437, "05T22@2": 0.31347962382445155, "06T35@3": 0.44308943089430897, "07T35@3": 0.4879725085910653, "08T37@4": 0.018404907975460124, "09T22@4": 0.0, "BUYER": 0.0, "SELLER": 0.0}