{"00T26@0": 0.15300546448087435, "01T35@0": 0.12323943661971828, "02T26@1": 0.037815126050420186, "03T23@1": 0.8030690537084396, "04T38@2": 0.05250596658711214, "05T22@2": 0.003952569169960471, "06T38@3": 0.03886010362694303, "07T22@3": 0.5081967213114753, "08T38@4": 0.005847953216374269, "09T26@4": 0.012158054711246185, "BUYER": 0.0, "SELLER": 0.0}