{"00T40@0": 0.009803921568627439, "01T34@0": 0.0, "02T34@1": 0.0, "03T40@1": 0.041666666666666664, "04T34@2": 1.0, "05T40@2": 0.9219858156028367, "BUYER": 0.0, "SELLER": 0.0}