{"00T35@0": 0.2788203753351206, "01T35@0": 0.2646310432569974, "02T22@1": 0.09539473684210527, "03T22@1": 0.06060606060606061, "04T12@2": 0.0, "05T22@2": 0.41527446300715964, "06T41@3": 0.48665297741273067, "07T22@3": 0.011061946902654864, "BUYER": 0.0, "SELLER": 0.0}