{"time_limit": 10800, "spot_discount": 0.9, "spot_market_global_loss": 0.2, "neg_quota_step": 428, "n_processes": 4, "n_products": 5, "n_steps": 107, "financial_reports_period": 5, "exogenous_horizon": 48, "max_productivity": 1.0, "catalog_prices": [10, 15, 25, 32, 40], "cash_availability": [1.5, 2.5], "expected_productivity": 0.9626168224299065, "expected_mean_profit": 0.08817662475827409, "initial_balance": [22431, 22431, 39627, 39627, 53459, 53459, 64956, 64956]}