{"00T35@0": 0.1783107403545361, "01T35@0": 0.17014925373134338, "02T35@1": 0.0, "03T22@1": 0.529192546583851, "04T35@2": 0.6121673003802285, "05T35@2": 0.5973534971644615, "06T07@3": 0.2473404255319149, "07T40@3": 0.0, "BUYER": 0.0, "SELLER": 0.0}