{"00T36@0": 0.16883116883116883, "01T35@0": 0.707105719237435, "02T35@1": 0.5540983606557375, "03T35@1": 0.5728813559322032, "04T16@2": 1.0, "05T35@2": 0.6961651917404134, "BUYER": 0.0, "SELLER": 0.0}