{"00T36@0": 0.43511450381679395, "01T35@0": 0.0, "02T35@1": 0.07999999999999997, "03T23@1": 0.07352941176470588, "04T29@2": 0.0, "05T23@2": 0.9320987654320988, "06T23@3": 0.6231155778894467, "07T35@3": 0.6448598130841119, "BUYER": 0.0, "SELLER": 0.0}