{"00T41@0": 0.21391752577319587, "01T35@0": 0.2580645161290323, "02T12@1": 0.0, "03T23@1": 0.37500000000000006, "04T20@2": 1.0, "05T37@2": 0.04178272980501395, "BUYER": 0.0, "SELLER": 0.0}