{"00T16@0": 0.0, "01T22@0": 0.06666666666666667, "02T35@1": 0.6538461538461539, "03T22@1": 0.46153846153846156, "04T10@2": 0.0, "05T35@2": 0.0, "06T35@3": 0.8085106382978723, "07T35@3": 0.8, "BUYER": 0.0, "SELLER": 0.0}