{"00T34@0": 0.1417910447761194, "01T22@0": 0.2989130434782609, "02T35@1": 0.5, "03T35@1": 0.4675324675324675, "04T41@2": 0.0, "05T35@2": 0.9148936170212766, "06T22@3": 0.0, "07T22@3": 0.0, "BUYER": 0.0, "SELLER": 0.0}