{"00T41@0": 0.20113851992409862, "01T35@0": 0.7209302325581401, "02T41@1": 0.35074626865671654, "03T24@1": 0.45283018867924524, "04T23@2": 0.021978021978021973, "05T22@2": 0.29918032786885246, "06T24@3": 0.45714285714285713, "07T35@3": 0.48404255319148937, "08T41@4": 0.4709677419354841, "09T24@4": 1.0, "BUYER": 0.0, "SELLER": 0.0}