{"00T22@0": 0.13253012048192772, "01T23@0": 0.11801242236024845, "02T21@1": 0.0, "03T23@1": 0.6546762589928061, "04T16@2": 1.0, "05T35@2": 0.6130434782608695, "BUYER": 0.0, "SELLER": 0.0}