{"00T06@0": 0.05, "01T22@0": 0.1296829971181556, "02T22@1": 0.1658031088082901, "03T35@1": 0.7764227642276422, "04T34@2": 0.6775, "05T35@2": 0.7565947242206235, "BUYER": 0.0, "SELLER": 0.0}