{"00T22@0": 0.24855491329479756, "01T23@0": 0.40789473684210525, "02T07@1": 0.09859154929577464, "03T23@1": 0.6333333333333331, "04T24@2": 1.0, "05T35@2": 0.5575221238938053, "BUYER": 0.0, "SELLER": 0.0}