{"00T35@0": 0.18956521739130427, "01T23@0": 0.22445820433436522, "02T23@1": 0.8466666666666669, "03T22@1": 0.01807228915662649, "04T22@2": 0.20072992700729914, "05T35@2": 0.8282828282828283, "06T40@3": 0.2888888888888891, "07T41@3": 0.45476190476190465, "08T35@4": 0.6848137535816619, "09T23@4": 0.7032457496136011, "BUYER": 0.0, "SELLER": 0.0}