{"time_limit": 10800, "spot_discount": 0.9, "spot_market_global_loss": 0.2, "neg_quota_step": 460, "n_processes": 5, "n_products": 6, "n_steps": 92, "financial_reports_period": 5, "exogenous_horizon": 24, "max_productivity": 1.0, "catalog_prices": [10, 22, 31, 44, 57, 70], "cash_availability": [1.5, 2.5], "expected_productivity": 0.9456521739130435, "expected_mean_profit": 0.07770852771039373, "initial_balance": [40599, 40599, 57052, 57052, 77137, 77137, 104487, 104487, 122650, 122650]}