{"00T09@0": 0.0, "01T35@0": 0.11246943765281175, "02T35@1": 0.75, "03T35@1": 0.752727272727273, "04T00@2": 0.0, "05T35@2": 0.646456020495303, "BUYER": 0.0, "SELLER": 0.0}