{"00T22@0": 0.0, "01T35@0": 0.013029315960912044, "02T09@1": 0.0, "03T06@1": 0.0, "04T35@2": 0.9863481228668942, "05T35@2": 0.9829931972789115, "BUYER": 0.0, "SELLER": 0.0}