{"00T40@0": 0.2095588235294119, "01T35@0": 0.05729166666666672, "02T35@1": 0.6774193548387096, "03T35@1": 0.6749999999999997, "04T36@2": 0.40082644628099184, "05T35@2": 0.6958762886597941, "06T23@3": 0.5384615384615382, "07T35@3": 0.5761194029850748, "BUYER": 0.0, "SELLER": 0.0}