{"00T38@0": 0.0, "01T22@0": 0.14030261348005502, "02T22@1": 0.30275229357798167, "03T35@1": 0.5304347826086957, "04T06@2": 0.0, "05T35@2": 0.6944444444444451, "BUYER": 0.0, "SELLER": 0.0}