{"00T41@0": 0.05479452054794523, "01T41@0": 0.06392694063926946, "02T00@1": 0.0, "03T22@1": 0.2235294117647059, "04T41@2": 0.484375, "05T00@2": 0.0, "06T00@3": 0.0, "07T22@3": 0.045454545454545456, "BUYER": 0.0, "SELLER": 0.0}