{"00T35@0": 0.301094890510949, "01T35@0": 0.3018181818181816, "02T22@1": 0.003124999999999996, "03T22@1": 0.0, "04T22@2": 0.2409090909090909, "05T22@2": 0.22767857142857142, "06T29@3": 0.0, "07T15@3": 0.45901639344262296, "08T22@4": 0.010335917312661485, "09T22@4": 0.028795811518324634, "BUYER": 0.0, "SELLER": 0.0}