{"00T35@0": 0.004962779156327537, "01T23@0": 0.005376344086021496, "02T35@1": 0.7777777777777778, "03T35@1": 1.0, "04T29@2": 0.0, "05T23@2": 0.8571428571428569, "06T40@3": 0.0, "07T23@3": 0.7872340425531913, "BUYER": 0.0, "SELLER": 0.0}