{"time_limit": 10800, "spot_discount": 0.9, "spot_market_global_loss": 0.2, "neg_quota_step": 288, "n_processes": 4, "n_products": 5, "n_steps": 72, "financial_reports_period": 5, "exogenous_horizon": 20, "max_productivity": 1.0, "catalog_prices": [10, 17, 23, 31, 41], "cash_availability": [1.5, 2.5], "expected_productivity": 0.9444444444444444, "expected_mean_profit": 0.11471851962498572, "initial_balance": [17170, 17170, 25325, 25325, 30782, 30782, 40532, 40532]}