{"00T41@0": 0.14360313315926895, "01T35@0": 0.7383720930232557, "02T41@1": 0.0, "03T23@1": 0.7992277992277993, "04T38@2": 0.0, "05T22@2": 0.27756653992395436, "06T41@3": 0.0, "07T22@3": 0.05847953216374269, "08T38@4": 0.0, "09T38@4": 0.0, "BUYER": 0.0, "SELLER": 0.0}