{"time_limit": 10800, "spot_discount": 0.9, "spot_market_global_loss": 0.2, "neg_quota_step": 470, "n_processes": 5, "n_products": 6, "n_steps": 94, "financial_reports_period": 5, "exogenous_horizon": 35, "max_productivity": 1.0, "catalog_prices": [10, 15, 25, 34, 47, 62], "cash_availability": [1.5, 2.5], "expected_productivity": 0.9468085106382979, "expected_mean_profit": 0.09744512615112653, "initial_balance": [20998, 20998, 34809, 34809, 49668, 49668, 63074, 63074, 82618, 82618]}