{"00T37@0": 0.044247787610619475, "01T19@0": 0.0, "02T23@1": 0.8795180722891565, "03T22@1": 0.5860655737704921, "04T35@2": 0.6298850574712646, "05T23@2": 0.6565656565656566, "BUYER": 0.0, "SELLER": 0.0}