{"00T20@0": 0.0, "01T24@0": 0.0, "02T22@1": 0.9541284403669725, "03T35@1": 1.0, "04T22@2": 0.12847222222222224, "05T35@2": 0.19142857142857142, "06T23@3": 0.6756756756756754, "07T35@3": 0.6935483870967745, "08T22@4": 0.0, "09T23@4": 0.6432532347504621, "BUYER": 0.0, "SELLER": 0.0}