{"00T26@0": 0.0, "01T26@0": 0.0, "02T19@1": 0.0, "03T23@1": 0.5140845070422535, "04T19@2": 0.0, "05T26@2": 0.3644067796610169, "06T19@3": 1.0, "07T22@3": 0.0, "BUYER": 0.0, "SELLER": 0.0}