{"00T37@0": 0.04899135446685877, "01T36@0": 0.21951219512195122, "02T36@1": 0.40160642570281124, "03T36@1": 0.2623762376237624, "04T37@2": 0.06744868035190617, "05T37@2": 0.03601108033240999, "BUYER": 0.0, "SELLER": 0.0}