{"00T27@0": 0.0, "01T34@0": 0.15730337078651666, "02T35@1": 0.05, "03T35@1": 0.058823529411764705, "04T23@2": 0.8823529411764706, "05T35@2": 1.0, "06T35@3": 0.8733031674208143, "07T35@3": 0.8836206896551724, "08T23@4": 0.6133567662565906, "09T22@4": 0.0, "BUYER": 0.0, "SELLER": 0.0}