{"00T35@0": 0.0, "01T35@0": 0.0, "02T35@1": 1.0, "03T35@1": 1.0, "04T37@2": 0.35978835978835977, "05T22@2": 0.5538194444444438, "06T41@3": 0.3290870488322717, "07T22@3": 0.29310344827586204, "08T23@4": 0.5797468354430381, "09T22@4": 0.015267175572519068, "BUYER": 0.0, "SELLER": 0.0}