{"time_limit": 10800, "spot_discount": 0.9, "spot_market_global_loss": 0.2, "neg_quota_step": 470, "n_processes": 5, "n_products": 6, "n_steps": 94, "financial_reports_period": 5, "exogenous_horizon": 22, "max_productivity": 1.0, "catalog_prices": [10, 20, 34, 44, 58, 69], "cash_availability": [1.5, 2.5], "expected_productivity": 0.9468085106382979, "expected_mean_profit": 0.0814485714760399, "initial_balance": [30103, 30103, 50987, 50987, 72059, 72059, 93226, 93226, 114767, 114767]}