{"00T36@0": 0.17857142857142858, "01T22@0": 0.13793103448275862, "02T35@1": 0.6785714285714286, "03T22@1": 0.625, "04T15@2": 0.12, "05T35@2": 0.25, "06T35@3": 0.725, "07T35@3": 0.6562499999999999, "BUYER": 0.0, "SELLER": 0.0}