{"00T10@0": 0.08633093525179861, "01T22@0": 0.06902985074626869, "02T41@1": 0.7642857142857141, "03T23@1": 0.7826086956521741, "04T35@2": 0.7079530638852672, "05T35@2": 0.6671177266576452, "BUYER": 0.0, "SELLER": 0.0}