{"00T22@0": 0.0, "01T22@0": 0.0, "02T24@1": 1.0, "03T34@1": 0.888888888888889, "04T22@2": 0.7906336088154271, "05T35@2": 0.9207317073170732, "06T35@3": 0.5534979423868315, "07T35@3": 0.5569105691056907, "BUYER": 0.0, "SELLER": 0.0}