{"00T40@0": 0.038961038961038974, "01T12@0": 0.0, "02T40@1": 0.5846153846153845, "03T12@1": 0.03418803418803419, "04T40@2": 0.9325153374233128, "05T12@2": 0.0, "BUYER": 0.0, "SELLER": 0.0}