{"00T26@0": 0.12806539509536788, "01T22@0": 0.2585227272727275, "02T15@1": 0.10775862068965526, "03T22@1": 0.15418502202643167, "04T15@2": 0.24309392265193394, "05T22@2": 0.27906976744186046, "06T26@3": 0.22784810126582286, "07T15@3": 0.5963855421686746, "08T26@4": 0.16470588235294117, "09T35@4": 0.7202072538860109, "BUYER": 0.0, "SELLER": 0.0}