{"00T12@0": 0.0038684719535783366, "01T35@0": 0.048780487804878064, "02T23@1": 0.1416309012875536, "03T35@1": 0.2953020134228188, "04T02@2": 0.4125000000000001, "05T35@2": 0.6803278688524592, "06T35@3": 0.6995515695067265, "07T23@3": 0.7905982905982906, "08T35@4": 0.6349557522123891, "09T23@4": 0.6169724770642204, "BUYER": 0.0, "SELLER": 0.0}