{"00T16@0": 0.0, "01T16@0": 0.0, "02T26@1": 1.0, "03T22@1": 1.0, "04T26@2": 0.465, "05T16@2": 0.0, "06T26@3": 0.010714285714285711, "07T22@3": 0.021806853582554523, "BUYER": 0.0, "SELLER": 0.0}