{"00T18@0": 0.0, "01T22@0": 0.1897356143079315, "02T22@1": 0.16949152542372897, "03T35@1": 0.7394636015325668, "04T38@2": 0.0380952380952381, "05T35@2": 0.7278562259306811, "BUYER": 0.0, "SELLER": 0.0}