{"00T40@0": 0.0, "01T35@0": 0.0, "02T24@1": 1.0, "03T24@1": 1.0, "04T40@2": 0.9565217391304348, "05T40@2": 1.0, "06T24@3": 0.8264462809917356, "07T22@3": 0.0, "BUYER": 0.0, "SELLER": 0.0}