{"00T23@0": 0.32814710042432793, "01T23@0": 0.32638888888888884, "02T41@1": 0.25296442687747034, "03T35@1": 0.6875000000000004, "04T20@2": 1.0, "05T23@2": 0.5967940813810109, "BUYER": 0.0, "SELLER": 0.0}