{"00T06@0": 0.0, "01T06@0": 0.0, "02T10@1": 0.16666666666666666, "03T10@1": 0.25, "04T10@2": 0.6153846153846154, "05T06@2": 0.0, "BUYER": 0.0, "SELLER": 0.0}