,balance,assets,bankrupt,agent_id,step
0,1598.0,57.0,False,00T06@0,0.0
1,1497.0,279.2944785276074,False,00T06@0,5.0
2,1558.0,133.0,False,01T06@0,0.0
3,1566.0,186.1963190184049,False,01T06@0,5.0
4,2062.0,0.0,False,02T10@1,0.0
5,1939.0,121.25,False,02T10@1,5.0
6,2062.0,0.0,False,03T10@1,0.0
7,1912.0,97.0,False,03T10@1,5.0
8,2966.0,0.0,False,04T10@2,0.0
9,2966.0,0.0,False,04T10@2,5.0
10,2966.0,0.0,False,05T06@2,0.0
11,2966.0,0.0,False,05T06@2,5.0
12,,,,,
13,,,,,
14,,,,,
15,,,,,
