{"00T20@0": 0.0, "01T22@0": 0.0, "02T29@1": 0.0, "03T12@1": 0.07377049180327869, "04T35@2": 0.7647058823529411, "05T23@2": 0.6287878787878787, "06T23@3": 0.9191919191919192, "07T22@3": 0.04326923076923077, "08T02@4": 0.5726495726495726, "09T23@4": 0.5218855218855221, "BUYER": 0.0, "SELLER": 0.0}