{"00T37@0": 0.10237659963436928, "01T20@0": 0.0, "02T35@1": 0.8299492385786802, "03T23@1": 0.8485436893203884, "04T12@2": 0.0, "05T23@2": 0.5685131195335279, "BUYER": 0.0, "SELLER": 0.0}