{"00T36@0": 0.02152641878669278, "01T22@0": 0.09298245614035087, "02T22@1": 0.17412935323383086, "03T35@1": 0.7311320754716987, "04T18@2": 0.4915254237288137, "05T35@2": 0.7379421221864954, "BUYER": 0.0, "SELLER": 0.0}