{"00T22@0": 0.695481335952849, "01T23@0": 0.0, "02T35@1": 0.5471698113207547, "03T35@1": 0.5212121212121213, "04T41@2": 0.6295620437956206, "05T23@2": 0.0, "06T35@3": 0.40714285714285703, "07T35@3": 0.42268041237113385, "08T20@4": 1.0, "09T22@4": 0.0, "BUYER": 0.0, "SELLER": 0.0}