{"00T41@0": 0.024137931034482772, "01T40@0": 0.048275862068965524, "02T12@1": 0.3684210526315789, "03T40@1": 0.8870967741935482, "04T12@2": 0.0, "05T12@2": 0.0, "06T41@3": 0.7124999999999997, "07T41@3": 0.6746987951807231, "08T40@4": 0.8731707317073171, "09T22@4": 0.08426966292134831, "BUYER": 0.0, "SELLER": 0.0}