{"00T23@0": 0.0, "01T22@0": 0.20309477756286257, "02T35@1": 0.08333333333333331, "03T23@1": 0.3013698630136986, "04T24@2": 1.0, "05T35@2": 0.8834951456310681, "06T29@3": 1.0, "07T35@3": 0.7883369330453563, "BUYER": 0.0, "SELLER": 0.0}