{"00T35@0": 0.026785714285714274, "01T22@0": 0.3466666666666671, "02T35@1": 0.6310160427807489, "03T35@1": 0.622093023255814, "04T22@2": 0.0, "05T35@2": 0.607142857142857, "06T19@3": 0.0, "07T23@3": 0.697916666666667, "08T26@4": 0.607843137254902, "09T35@4": 0.7124600638977642, "BUYER": 0.0, "SELLER": 0.0}