{"00T29@0": 0.0, "01T22@0": 0.15754339118825106, "02T22@1": 0.3277591973244145, "03T35@1": 0.6737967914438499, "04T20@2": 0.6701030927835059, "05T35@2": 0.666118421052632, "BUYER": 0.0, "SELLER": 0.0}