{"00T12@0": 0.0, "01T23@0": 0.03278688524590165, "02T40@1": 0.0, "03T35@1": 0.6175298804780877, "04T37@2": 0.29770992366412186, "05T29@2": 1.0, "BUYER": 0.0, "SELLER": 0.0}