{"00T35@0": 0.07055214723926383, "01T22@0": 0.11436950146627564, "02T24@1": 1.0, "03T35@1": 0.726027397260274, "04T41@2": 0.15151515151515146, "05T35@2": 0.8243626062322946, "BUYER": 0.0, "SELLER": 0.0}