{"00T22@0": 0.1657250470809793, "01T23@0": 0.35599284436493733, "02T35@1": 0.7589743589743584, "03T22@1": 0.0576271186440678, "04T35@2": 0.8473282442748091, "05T22@2": 0.020979020979020987, "06T40@3": 0.5619658119658112, "07T20@3": 0.5074626865671635, "08T35@4": 0.6248275862068963, "09T35@4": 0.6275862068965519, "BUYER": 0.0, "SELLER": 0.0}