{"time_limit": 10800, "spot_discount": 0.9, "spot_market_global_loss": 0.2, "neg_quota_step": 328, "n_processes": 4, "n_products": 5, "n_steps": 82, "financial_reports_period": 5, "exogenous_horizon": 22, "max_productivity": 1.0, "catalog_prices": [10, 21, 28, 38, 50], "cash_availability": [1.5, 2.5], "expected_productivity": 0.9512195121951219, "expected_mean_profit": 0.08918724926692743, "initial_balance": [26237, 26237, 35574, 35574, 52551, 52551, 65361, 65361]}