{"00T22@0": 0.0, "01T22@0": 0.0033557046979865736, "02T09@1": 0.0, "03T10@1": 0.15340909090909094, "04T22@2": 0.5938697318007665, "05T35@2": 0.9393939393939394, "06T35@3": 0.6199186991869918, "07T35@3": 0.6321138211382114, "BUYER": 0.0, "SELLER": 0.0}