{"00T21@0": 0.0, "01T22@0": 0.2568578553615961, "02T35@1": 0.5851851851851854, "03T35@1": 0.5804195804195805, "04T26@2": 0.17355371900826452, "05T35@2": 0.8767123287671232, "06T22@3": 0.0, "07T22@3": 0.0, "BUYER": 0.0, "SELLER": 0.0}