{"00T37@0": 0.0, "01T29@0": 0.0, "02T37@1": 0.0364963503649635, "03T29@1": 0.0, "04T37@2": 0.09367088607594942, "05T29@2": 1.0, "BUYER": 0.0, "SELLER": 0.0}