{"00T37@0": 0.07614213197969547, "01T37@0": 0.08780487804878051, "02T36@1": 0.36690647482014394, "03T37@1": 0.13725490196078433, "04T36@2": 0.03883495145631067, "05T36@2": 0.03030303030303029, "BUYER": 0.0, "SELLER": 0.0}