{"00T22@0": 0.004264392324093811, "01T35@0": 0.5592654424040071, "02T29@1": 0.0, "03T40@1": 0.04201680672268906, "04T35@2": 0.8229376257545272, "05T35@2": 0.8131868131868134, "BUYER": 0.0, "SELLER": 0.0}