{"00T41@0": 0.20840336134453785, "01T26@0": 0.101423487544484, "02T41@1": 0.22302158273381298, "03T26@1": 0.2540192926045017, "04T41@2": 0.30769230769230765, "05T22@2": 0.42175066312997317, "06T26@3": 0.029059829059829068, "07T35@3": 0.6314814814814811, "BUYER": 0.0, "SELLER": 0.0}