{"00T26@0": 0.14968152866242052, "01T20@0": 0.0, "02T20@1": 0.16931216931216928, "03T20@1": 0.19047619047619047, "04T35@2": 0.825520833333333, "05T35@2": 1.0, "06T26@3": 0.0, "07T26@3": 0.0, "BUYER": 0.0, "SELLER": 0.0}