{"00T03@0": 0.017341040462427737, "01T03@0": 0.0, "02T03@1": 0.0, "03T22@1": 0.0254237288135593, "04T41@2": 0.5567010309278347, "05T41@2": 0.631578947368421, "06T41@3": 0.023255813953488372, "07T22@3": 0.0326086956521739, "BUYER": 0.0, "SELLER": 0.0}