{"00T09@0": 0.0, "01T35@0": 0.1666666666666666, "02T35@1": 0.8239436619718309, "03T35@1": 0.8310810810810811, "04T07@2": 0.017902813299232743, "05T35@2": 0.5424836601307188, "BUYER": 0.0, "SELLER": 0.0}