{"00T34@0": 0.0056818181818181724, "01T35@0": 0.2771618625277158, "02T40@1": 0.014084507042253521, "03T34@1": 0.4921875, "04T40@2": 0.3055555555555556, "05T35@2": 0.3584905660377357, "06T40@3": 0.014285714285714285, "07T35@3": 0.9078014184397163, "08T34@4": 0.6451612903225807, "09T22@4": 0.0, "BUYER": 0.0, "SELLER": 0.0}