{"00T23@0": 0.04668304668304667, "01T35@0": 0.05000000000000004, "02T29@1": 0.0, "03T23@1": 0.8232558139534883, "04T40@2": 0.0, "05T23@2": 0.7753036437246966, "BUYER": 0.0, "SELLER": 0.0}