{"00T16@0": 0.0, "01T35@0": 0.711578947368421, "02T35@1": 0.8406466512702079, "03T35@1": 0.8494382022471908, "04T38@2": 0.03773584905660377, "05T35@2": 0.5992907801418436, "BUYER": 0.0, "SELLER": 0.0}