{"time_limit": 10800, "spot_discount": 0.9, "spot_market_global_loss": 0.2, "neg_quota_step": 390, "n_processes": 5, "n_products": 6, "n_steps": 78, "financial_reports_period": 5, "exogenous_horizon": 20, "max_productivity": 1.0, "catalog_prices": [10, 15, 23, 34, 50, 64], "cash_availability": [1.5, 2.5], "expected_productivity": 0.9358974358974359, "expected_mean_profit": 0.13113604872144544, "initial_balance": [14302, 14302, 24493, 24493, 34266, 34266, 43382, 43382, 66146, 66146]}