{"00T34@0": 0.15, "01T34@0": 0.05555555555555555, "02T07@1": 0.0, "03T34@1": 1.0, "04T07@2": 0.7619047619047619, "05T07@2": 0.875, "BUYER": 0.0, "SELLER": 0.0}