{"00T40@0": 0.2334047109207714, "01T20@0": 0.0, "02T35@1": 0.6097560975609755, "03T23@1": 0.6235294117647054, "04T22@2": 0.0, "05T23@2": 0.7, "06T23@3": 0.7499999999999999, "07T35@3": 0.6785714285714286, "08T22@4": 0.0, "09T35@4": 0.7090239410681397, "BUYER": 0.0, "SELLER": 0.0}