{"00T40@0": 0.1037037037037037, "01T23@0": 0.1588541666666666, "02T22@1": 0.35737704918032803, "03T35@1": 0.7757009345794392, "04T41@2": 0.09313725490196079, "05T41@2": 0.08928571428571429, "06T41@3": 0.004545454545454543, "07T40@3": 0.3939393939393939, "08T40@4": 0.8333333333333334, "09T23@4": 0.7342342342342343, "BUYER": 0.0, "SELLER": 0.0}