{"time_limit": 10800, "spot_discount": 0.9, "spot_market_global_loss": 0.2, "neg_quota_step": 420, "n_processes": 5, "n_products": 6, "n_steps": 84, "financial_reports_period": 5, "exogenous_horizon": 17, "max_productivity": 1.0, "catalog_prices": [10, 18, 28, 36, 43, 57], "cash_availability": [1.5, 2.5], "expected_productivity": 0.9404761904761905, "expected_mean_profit": 0.06868358951736898, "initial_balance": [21660, 21660, 35666, 35666, 46063, 46063, 59636, 59636, 70466, 70466]}