{"00T35@0": 0.7741176470588236, "01T22@0": 0.06776180698151951, "02T40@1": 0.021660649819494577, "03T35@1": 0.7053571428571429, "04T08@2": 0.006802721088435374, "05T35@2": 0.6839546191247975, "BUYER": 0.0, "SELLER": 0.0}