{"00T29@0": 0.0, "01T22@0": 0.09036144578313256, "02T22@1": 0.6006389776357826, "03T35@1": 0.9432624113475178, "04T41@2": 0.03430079155672823, "05T35@2": 0.6860000000000005, "BUYER": 0.0, "SELLER": 0.0}