{"00T37@0": 0.07563025210084034, "01T35@0": 0.23255813953488363, "02T40@1": 0.8061224489795918, "03T41@1": 0.2647058823529412, "04T12@2": 0.0, "05T35@2": 0.8230088495575221, "BUYER": 0.0, "SELLER": 0.0}