{"00T26@0": 0.0, "01T22@0": 0.047619047619047616, "02T35@1": 0.75, "03T22@1": 0.0, "04T41@2": 0.30434782608695654, "05T35@2": 0.0, "06T35@3": 0.78125, "07T35@3": 0.7941176470588235, "BUYER": 0.0, "SELLER": 0.0}