{"00T18@0": 0.0, "01T22@0": 0.11169284467713779, "02T22@1": 0.45533141210374606, "03T35@1": 0.8994974874371858, "04T15@2": 0.00414937759336099, "05T35@2": 0.7047619047619038, "BUYER": 0.0, "SELLER": 0.0}