{"00T22@0": 0.0, "01T23@0": 0.3632075471698113, "02T37@1": 0.0, "03T20@1": 0.0, "04T29@2": 0.0, "05T23@2": 0.9042553191489362, "06T12@3": 0.04580152671755725, "07T23@3": 0.6575342465753421, "BUYER": 0.0, "SELLER": 0.0}