{"00T40@0": 0.005899705014749255, "01T19@0": 0.0, "02T40@1": 0.11538461538461539, "03T19@1": 0.0, "04T40@2": 0.7326732673267324, "05T19@2": 1.0, "BUYER": 0.0, "SELLER": 0.0}