{"00T22@0": 0.3809523809523811, "01T23@0": 0.04739336492890995, "02T35@1": 0.5035971223021583, "03T35@1": 0.5073529411764706, "04T37@2": 0.23275862068965517, "05T23@2": 0.6363636363636366, "06T24@3": 1.0, "07T35@3": 0.5692771084337348, "BUYER": 0.0, "SELLER": 0.0}