{"00T37@0": 0.003984063745019917, "01T35@0": 0.5795053003533569, "02T16@1": 0.0, "03T22@1": 0.2515923566878982, "04T22@2": 0.018779342723004685, "05T22@2": 0.05365853658536591, "BUYER": 0.0, "SELLER": 0.0}