{"00T23@0": 0.25510204081632687, "01T23@0": 0.23113207547169817, "02T29@1": 0.0, "03T22@1": 0.006060606060606053, "04T40@2": 0.6382113821138214, "05T22@2": 0.6468253968253972, "BUYER": 0.0, "SELLER": 0.0}