{"00T41@0": 0.1596385542168673, "01T22@0": 0.37185929648241206, "02T35@1": 0.4027777777777778, "03T35@1": 0.43720930232558153, "04T15@2": 0.5413533834586465, "05T35@2": 0.8230769230769233, "06T22@3": 0.0, "07T22@3": 0.0, "BUYER": 0.0, "SELLER": 0.0}