{"time_limit": 10800, "spot_discount": 0.9, "spot_market_global_loss": 0.2, "neg_quota_step": 675, "n_processes": 5, "n_products": 6, "n_steps": 135, "financial_reports_period": 5, "exogenous_horizon": 38, "max_productivity": 1.0, "catalog_prices": [10, 19, 28, 37, 45, 61], "cash_availability": [1.5, 2.5], "expected_productivity": 0.9629629629629629, "expected_mean_profit": 0.08166338593264276, "initial_balance": [49143, 49143, 65331, 65331, 93950, 93950, 117799, 117799, 138612, 138612]}