{"00T20@0": 0.1302681992337165, "01T29@0": 0.0, "02T29@1": 0.0, "03T22@1": 0.0, "04T20@2": 1.0, "05T20@2": 0.4375, "06T29@3": 1.0, "07T22@3": 0.029411764705882353, "BUYER": 0.0, "SELLER": 0.0}