{"00T41@0": 0.22727272727272727, "01T20@0": 0.0, "02T20@1": 0.0, "03T23@1": 0.0, "04T23@2": 0.981651376146789, "05T35@2": 1.0, "06T41@3": 0.26457399103139007, "07T23@3": 0.8830409356725144, "08T20@4": 1.0, "09T41@4": 0.28254847645429376, "BUYER": 0.0, "SELLER": 0.0}