{"time_limit": 10800, "spot_discount": 0.9, "spot_market_global_loss": 0.2, "neg_quota_step": 330, "n_processes": 5, "n_products": 6, "n_steps": 66, "financial_reports_period": 5, "exogenous_horizon": 20, "max_productivity": 1.0, "catalog_prices": [10, 21, 29, 41, 56, 76], "cash_availability": [1.5, 2.5], "expected_productivity": 0.9242424242424242, "expected_mean_profit": 0.07739265909283725, "initial_balance": [23190, 23190, 34581, 34581, 47539, 47539, 66294, 66294, 87710, 87710]}