{"00T12@0": 0.0, "01T29@0": 0.0, "02T41@1": 0.702928870292887, "03T23@1": 0.5301724137931038, "04T40@2": 0.941747572815534, "05T35@2": 0.5852459016393446, "BUYER": 0.0, "SELLER": 0.0}