{"00T26@0": 0.07444168734491324, "01T35@0": 0.3869565217391301, "02T35@1": 0.8100775193798451, "03T35@1": 0.8063241106719368, "04T41@2": 0.0, "05T35@2": 0.6459074733096082, "BUYER": 0.0, "SELLER": 0.0}