{"00T35@0": 0.05910165484633575, "01T22@0": 0.13249999999999987, "02T00@1": 0.0, "03T35@1": 0.8540772532188842, "04T04@2": 0.20905923344947738, "05T35@2": 0.7371541501976286, "BUYER": 0.0, "SELLER": 0.0}