{"00T20@0": 0.12534059945504086, "01T23@0": 0.5972972972972973, "02T22@1": 0.0, "03T23@1": 0.9150326797385621, "04T22@2": 0.0087719298245614, "05T35@2": 0.772020725388601, "06T19@3": 0.0, "07T22@3": 0.2153846153846154, "08T22@4": 0.07913669064748209, "09T23@4": 0.8, "BUYER": 0.0, "SELLER": 0.0}