{"00T23@0": 0.5294117647058821, "01T23@0": 0.5170340681362725, "02T22@1": 0.07368421052631582, "03T22@1": 0.026578073089701004, "04T41@2": 0.32098765432098764, "05T23@2": 0.7028301886792452, "06T35@3": 0.8131868131868136, "07T22@3": 0.06753246753246754, "08T24@4": 0.9842931937172775, "09T22@4": 0.0, "BUYER": 0.0, "SELLER": 0.0}