{"00T40@0": 0.2544987146529563, "01T35@0": 0.25770308123249347, "02T36@1": 0.28124999999999994, "03T22@1": 0.380952380952381, "04T22@2": 0.011267605633802798, "05T22@2": 0.02173913043478257, "BUYER": 0.0, "SELLER": 0.0}