{"00T16@0": 0.0, "01T22@0": 0.05139186295503213, "02T38@1": 0.041666666666666664, "03T22@1": 0.019417475728155335, "04T16@2": 0.0, "05T22@2": 0.0, "06T38@3": 0.05691056910569105, "07T38@3": 0.06521739130434778, "08T16@4": 1.0, "09T35@4": 0.8035363457760315, "BUYER": 0.0, "SELLER": 0.0}