{"00T35@0": 0.22715404699738906, "01T22@0": 0.16145833333333337, "02T17@1": 0.15972222222222235, "03T35@1": 0.7069767441860465, "04T26@2": 0.007692307692307684, "05T35@2": 0.6050583657587547, "BUYER": 0.0, "SELLER": 0.0}