{"00T37@0": 0.003496503496503493, "01T37@0": 0.0032786885245901605, "02T24@1": 0.65625, "03T22@1": 0.3469387755102041, "04T22@2": 0.1214953271028038, "05T23@2": 0.5, "06T24@3": 0.10810810810810811, "07T37@3": 0.08695652173913046, "08T24@4": 0.9929078014184397, "09T23@4": 0.7142857142857146, "BUYER": 0.0, "SELLER": 0.0}