{"00T19@0": 0.0, "01T41@0": 0.0, "02T19@1": 0.0, "03T23@1": 0.6229508196721311, "04T41@2": 0.18181818181818182, "05T23@2": 0.9466666666666667, "06T19@3": 1.0, "07T41@3": 0.0, "BUYER": 0.0, "SELLER": 0.0}