{"00T35@0": 0.16494845360824734, "01T23@0": 0.44, "02T35@1": 0.8832116788321168, "03T22@1": 0.0, "04T29@2": 0.0, "05T22@2": 0.0, "06T12@3": 0.13333333333333328, "07T35@3": 0.9411764705882353, "08T35@4": 0.7327188940092169, "09T23@4": 0.727678571428572, "BUYER": 0.0, "SELLER": 0.0}