{"00T20@0": 0.008403361344537815, "01T20@0": 0.031746031746031744, "02T07@1": 0.05, "03T22@1": 1.0, "04T07@2": 0.041666666666666664, "05T07@2": 0.039215686274509796, "06T20@3": 1.0, "07T22@3": 0.20967741935483866, "BUYER": 0.0, "SELLER": 0.0}