{"00T12@0": 0.0, "01T41@0": 0.0784313725490196, "02T41@1": 0.6491228070175437, "03T12@1": 0.3125, "04T37@2": 0.7073170731707318, "05T37@2": 0.7368421052631579, "06T41@2": 0.625, "07T12@2": 0.0, "08T37@2": 0.7926829268292683, "BUYER": 0.0, "SELLER": 0.0}