{"00T35@0": 0.37142857142857144, "01T35@0": 0.39264828738512914, "02T35@1": 0.9846153846153847, "03T22@1": 0.13770728190338882, "04T35@2": 0.5285714285714288, "05T35@2": 0.5403899721448465, "06T15@3": 0.0, "07T34@3": 0.4371508379888268, "BUYER": 0.0, "SELLER": 0.0}