{"00T16@0": 0.0, "01T22@0": 0.07843137254901965, "02T22@1": 0.4687499999999997, "03T35@1": 0.9133858267716536, "04T37@2": 0.039164490861618814, "05T35@2": 0.6117318435754192, "BUYER": 0.0, "SELLER": 0.0}