{"00T37@0": 0.10757946210268937, "01T38@0": 0.0, "02T37@1": 0.2402234636871509, "03T37@1": 0.1896551724137931, "04T35@2": 0.7835570469798657, "05T35@2": 0.8109965635738832, "06T38@3": 0.0, "07T38@3": 0.0, "BUYER": 0.0, "SELLER": 0.0}