{"00T15@0": 0.0, "01T35@0": 0.44821428571428573, "02T38@1": 0.012698412698412704, "03T38@1": 0.016901408450704224, "04T38@2": 0.0, "05T35@2": 0.2643678160919541, "06T15@3": 0.3829787234042553, "07T35@3": 0.8376623376623377, "08T15@4": 0.0, "09T22@4": 0.0, "BUYER": 0.0, "SELLER": 0.0}