{"00T34@0": 0.08267716535433071, "01T35@0": 0.7865168539325841, "02T20@1": 0.45226130653266333, "03T22@1": 0.24999999999999994, "04T22@2": 0.0, "05T22@2": 0.0, "BUYER": 0.0, "SELLER": 0.0}