{"00T36@0": 0.0979020979020979, "01T36@0": 0.11389521640091117, "02T37@1": 0.20114942528735633, "03T37@1": 0.1686746987951807, "04T36@2": 0.023255813953488372, "05T37@2": 0.05804749340369399, "BUYER": 0.0, "SELLER": 0.0}