{"00T35@0": 0.12561983471074387, "01T22@0": 0.009708737864077666, "02T06@1": 0.0, "03T35@1": 0.7878787878787878, "04T17@2": 0.0, "05T35@2": 0.8139183055975797, "BUYER": 0.0, "SELLER": 0.0}