{"00T36@0": 0.15186915887850455, "01T10@0": 0.1375291375291375, "02T36@1": 0.3395348837209304, "03T10@1": 0.3333333333333335, "04T10@2": 0.0106100795755968, "05T36@2": 0.016746411483253596, "BUYER": 0.0, "SELLER": 0.0}