{"00T38@0": 0.0, "01T23@0": 0.548872180451128, "02T38@1": 0.03727714748784441, "03T36@1": 0.37344398340248963, "04T23@2": 0.5929752066115705, "05T23@2": 0.5595744680851066, "06T38@3": 0.0, "07T36@3": 0.09872611464968153, "08T36@4": 0.4300000000000002, "09T23@4": 0.5548387096774197, "BUYER": 0.0, "SELLER": 0.0}