{"time_limit": 10800, "spot_discount": 0.9, "spot_market_global_loss": 0.2, "neg_quota_step": 395, "n_processes": 5, "n_products": 6, "n_steps": 79, "financial_reports_period": 5, "exogenous_horizon": 27, "max_productivity": 1.0, "catalog_prices": [10, 15, 21, 27, 35, 53], "cash_availability": [1.5, 2.5], "expected_productivity": 0.9367088607594937, "expected_mean_profit": 0.10090457656690377, "initial_balance": [17797, 17797, 23878, 23878, 35594, 35594, 43825, 43825, 65181, 65181]}