{"00T22@0": 0.15012106537530281, "01T35@0": 0.5597014925373134, "02T07@1": 0.1377551020408163, "03T36@1": 0.3777777777777778, "04T35@2": 0.811704834605598, "05T35@2": 0.6960227272727268, "BUYER": 0.0, "SELLER": 0.0}