{"00T35@0": 0.0818965517241379, "01T22@0": 0.027210884353741513, "02T13@1": 0.0, "03T35@1": 0.6300578034682077, "04T40@2": 0.3166666666666666, "05T35@2": 0.824803149606299, "BUYER": 0.0, "SELLER": 0.0}