{"00T20@0": 0.0, "01T20@0": 0.0, "02T20@1": 1.0, "03T22@1": 1.0, "04T37@2": 0.0125, "05T37@2": 0.041916167664670684, "06T37@3": 0.04814814814814817, "07T22@3": 0.0656370656370656, "BUYER": 0.0, "SELLER": 0.0}