{"00T35@0": 0.2222222222222223, "01T22@0": 0.11287128712871297, "02T07@1": 0.03007518796992481, "03T35@1": 0.5308641975308641, "04T29@2": 1.0, "05T35@2": 0.7198641765704585, "BUYER": 0.0, "SELLER": 0.0}