{"00T24@0": 0.0, "01T24@0": 0.0, "02T41@1": 1.0, "03T24@1": 0.0, "04T41@2": 0.02994011976047903, "05T41@2": 0.04062500000000001, "BUYER": 0.0, "SELLER": 0.0}