{"00T09@0": 0.0, "01T22@0": 0.059842519685039335, "02T22@1": 0.45325779036827196, "03T35@1": 0.8275862068965517, "04T07@2": 0.19964028776978418, "05T35@2": 0.7313432835820896, "BUYER": 0.0, "SELLER": 0.0}