{"00T35@0": 0.25252525252525254, "01T35@0": 0.227027027027027, "02T24@1": 1.0, "03T41@1": 0.2365591397849464, "04T22@2": 0.23348017621145384, "05T35@2": 0.5560344827586204, "06T23@3": 0.8128654970760234, "07T22@3": 0.21301775147928995, "08T22@4": 0.0, "09T22@4": 0.0, "BUYER": 0.0, "SELLER": 0.0}