{"00T38@0": 0.027649769585253458, "01T26@0": 0.10099009900990098, "02T26@1": 0.19815668202764983, "03T38@1": 0.01647446457990114, "04T35@2": 0.49090909090909096, "05T35@2": 0.5287081339712919, "06T38@3": 0.0, "07T26@3": 0.01871657754010695, "BUYER": 0.0, "SELLER": 0.0}