{"00T02@0": 0.08300395256917, "01T29@0": 0.0, "02T20@1": 0.0, "03T23@1": 0.38235294117647056, "04T02@2": 0.0, "05T29@2": 0.0, "06T02@3": 0.0, "07T20@3": 0.0, "08T29@4": 1.0, "09T20@4": 1.0, "BUYER": 0.0, "SELLER": 0.0}