{"time_limit": 10800, "spot_discount": 0.9, "spot_market_global_loss": 0.2, "neg_quota_step": 355, "n_processes": 5, "n_products": 6, "n_steps": 71, "financial_reports_period": 5, "exogenous_horizon": 14, "max_productivity": 1.0, "catalog_prices": [10, 17, 23, 38, 50, 70], "cash_availability": [1.5, 2.5], "expected_productivity": 0.9295774647887324, "expected_mean_profit": 0.11286686028737389, "initial_balance": [18069, 18069, 26394, 26394, 39430, 39430, 57305, 57305, 68146, 68146]}