{"time_limit": 10800, "spot_discount": 0.9, "spot_market_global_loss": 0.2, "neg_quota_step": 495, "n_processes": 5, "n_products": 6, "n_steps": 99, "financial_reports_period": 5, "exogenous_horizon": 47, "max_productivity": 1.0, "catalog_prices": [10, 23, 34, 43, 59, 73], "cash_availability": [1.5, 2.5], "expected_productivity": 0.9494949494949495, "expected_mean_profit": 0.08730383394936415, "initial_balance": [35675, 35675, 54733, 54733, 67876, 67876, 95946, 95946, 116693, 116693]}