{"00T18@0": 0.0, "01T36@0": 0.07231920199501246, "02T36@1": 0.24736842105263174, "03T18@1": 0.125, "04T36@2": 0.07100591715976325, "05T35@2": 0.7987804878048779, "06T18@3": 0.6376811594202895, "07T35@3": 0.6918367346938779, "BUYER": 0.0, "SELLER": 0.0}