{"00T24@0": 0.0, "01T36@0": 0.16822429906542055, "02T22@1": 0.39857651245551595, "03T35@1": 0.7966804979253115, "04T22@2": 0.17523364485981283, "05T35@2": 0.2965517241379311, "06T23@3": 0.6322314049586779, "07T35@3": 0.6829268292682925, "08T22@4": 0.0, "09T23@4": 0.7142857142857147, "BUYER": 0.0, "SELLER": 0.0}