{"time_limit": 10800, "spot_discount": 0.9, "spot_market_global_loss": 0.2, "neg_quota_step": 465, "n_processes": 5, "n_products": 6, "n_steps": 93, "financial_reports_period": 5, "exogenous_horizon": 22, "max_productivity": 1.0, "catalog_prices": [10, 19, 24, 35, 44, 56], "cash_availability": [1.5, 2.5], "expected_productivity": 0.946236559139785, "expected_mean_profit": 0.07705911126161719, "initial_balance": [28775, 28775, 39517, 39517, 53328, 53328, 73278, 73278, 97449, 97449]}