{"00T19@0": 0.0, "01T35@0": 0.28828828828828834, "02T22@1": 0.4525547445255476, "03T22@1": 0.5616438356164385, "04T22@2": 0.35655737704918034, "05T23@2": 0.6375000000000004, "06T26@3": 0.0, "07T23@3": 0.661375661375662, "BUYER": 0.0, "SELLER": 0.0}