{"00T37@0": 0.0, "01T23@0": 0.36877828054298645, "02T37@1": 0.06976744186046509, "03T34@1": 0.46875000000000006, "04T37@2": 0.15950920245398764, "05T22@2": 0.4728682170542639, "06T23@3": 0.45161290322580644, "07T22@3": 0.01030927835051546, "08T34@4": 0.5090090090090094, "09T34@4": 0.48444444444444446, "BUYER": 0.0, "SELLER": 0.0}