{"00T12@0": 0.0, "01T37@0": 0.0, "02T37@0": 0.00529100529100529, "03T29@1": 0.0, "04T37@1": 0.0, "05T29@2": 0.0, "06T12@2": 0.3333333333333333, "07T12@3": 0.0, "08T29@3": 1.0, "BUYER": 0.0, "SELLER": 0.0}