{"00T20@0": 0.05555555555555555, "01T22@0": 0.023255813953488372, "02T35@1": 0.0, "03T22@1": 0.2727272727272727, "04T29@2": 0.0, "05T35@2": 0.0, "06T35@3": 1.0, "07T35@3": 1.0, "BUYER": 0.0, "SELLER": 0.0}