{"00T07@0": 0.0, "01T35@0": 0.21811460258780033, "02T34@1": 0.67680608365019, "03T23@1": 0.7934272300469484, "04T35@2": 0.7118055555555552, "05T35@2": 0.7189097103918226, "BUYER": 0.0, "SELLER": 0.0}