{"00T35@0": 0.20848708487084874, "01T23@0": 0.31260229132569584, "02T24@1": 0.7, "03T36@1": 0.002320185614849185, "04T35@2": 0.8878923766816144, "05T22@2": 0.7146226415094337, "06T35@3": 0.6207906295754028, "07T35@3": 0.6372832369942196, "BUYER": 0.0, "SELLER": 0.0}