{"00T19@0": 0.0, "01T35@0": 0.0, "02T23@1": 1.0, "03T23@1": 1.0, "04T22@2": 0.0, "05T23@2": 0.875, "06T35@3": 0.5280000000000002, "07T23@3": 0.6363636363636361, "08T20@4": 0.693486590038314, "09T22@4": 0.0, "BUYER": 0.0, "SELLER": 0.0}