{"00T34@0": 0.0, "01T34@0": 0.0, "02T24@1": 0.0, "03T34@1": 1.0, "04T24@2": 0.9311594202898551, "05T24@2": 0.9859154929577465, "BUYER": 0.0, "SELLER": 0.0}