{"00T35@0": 0.06542056074766357, "01T22@0": 0.026726057906458812, "02T29@1": 0.0, "03T35@1": 0.7258883248730963, "04T33@2": 0.3823529411764705, "05T35@2": 0.8212180746561881, "BUYER": 0.0, "SELLER": 0.0}