{"time_limit": 10800, "spot_discount": 0.9, "spot_market_global_loss": 0.2, "neg_quota_step": 605, "n_processes": 5, "n_products": 6, "n_steps": 121, "financial_reports_period": 5, "exogenous_horizon": 35, "max_productivity": 1.0, "catalog_prices": [10, 22, 26, 38, 54, 74], "cash_availability": [1.5, 2.5], "expected_productivity": 0.9586776859504132, "expected_mean_profit": 0.09576072100263576, "initial_balance": [44541, 44541, 60131, 60131, 80917, 80917, 109497, 109497, 144635, 144635]}