{"time_limit": 10800, "spot_discount": 0.9, "spot_market_global_loss": 0.2, "neg_quota_step": 325, "n_processes": 5, "n_products": 6, "n_steps": 65, "financial_reports_period": 5, "exogenous_horizon": 30, "max_productivity": 1.0, "catalog_prices": [10, 19, 24, 33, 48, 60], "cash_availability": [1.5, 2.5], "expected_productivity": 0.9230769230769231, "expected_mean_profit": 0.09633077832344232, "initial_balance": [15616, 15616, 22487, 22487, 30607, 30607, 41798, 41798, 53614, 53614]}