{"00T35@0": 0.4643799472295514, "01T35@0": 0.45979899497487436, "02T22@1": 0.30662983425414353, "03T22@1": 0.3695652173913043, "04T22@2": 0.024691358024691346, "05T22@2": 0.04081632653061224, "06T34@3": 0.35, "07T41@3": 0.42063492063492064, "08T22@4": 0.03686635944700458, "09T22@4": 0.033333333333333354, "BUYER": 0.0, "SELLER": 0.0}