{"00T40@0": 0.0, "01T37@0": 0.0392156862745098, "02T22@1": 0.3275862068965514, "03T35@1": 0.8947368421052632, "04T35@2": 0.7710371819960863, "05T23@2": 0.7058823529411766, "BUYER": 0.0, "SELLER": 0.0}