{"00T23@0": 0.4312114989733059, "01T23@0": 0.4125, "02T36@1": 0.23389021479713598, "03T22@1": 0.20304568527918773, "04T40@2": 0.020316027088036117, "05T22@2": 0.013186813186813173, "BUYER": 0.0, "SELLER": 0.0}