{"00T36@0": 0.2445328031809149, "01T35@0": 0.0, "02T35@1": 0.7318840579710146, "03T35@1": 0.8157099697885196, "04T41@2": 0.42408376963350786, "05T22@2": 0.0, "06T22@3": 0.4253164556962027, "07T22@3": 0.40100250626566414, "BUYER": 0.0, "SELLER": 0.0}