{"00T35@0": 0.21319018404908002, "01T22@0": 0.11930926216640511, "02T36@1": 0.21981424148606812, "03T35@1": 0.6641509433962263, "04T06@2": 0.0, "05T35@2": 0.7209612817089445, "BUYER": 0.0, "SELLER": 0.0}