{"00T36@0": 0.24022346368715072, "01T19@0": 0.0, "02T35@1": 0.641379310344828, "03T22@1": 0.3076923076923077, "04T22@2": 0.27536231884057993, "05T23@2": 0.7666666666666667, "06T22@3": 0.1796116504854369, "07T22@3": 0.2146341463414633, "08T22@4": 0.058479532163742666, "09T35@4": 0.814159292035398, "BUYER": 0.0, "SELLER": 0.0}