{"00T22@0": 0.28888888888888886, "01T23@0": 0.20306513409961702, "02T22@1": 0.47058823529411764, "03T35@1": 0.26506024096385544, "04T35@2": 0.25301204819277107, "05T35@2": 0.0, "06T06@3": 0.0, "07T35@3": 1.0, "08T41@4": 0.0, "09T22@4": 0.029411764705882353, "BUYER": 0.0, "SELLER": 0.0}