{"00T41@0": 0.33128834355828224, "01T35@0": 0.6929824561403506, "02T41@1": 0.0, "03T35@1": 0.44078947368421034, "04T29@2": 0.0, "05T22@2": 0.0072992700729927005, "06T29@3": 0.0, "07T23@3": 0.5523809523809524, "08T41@4": 0.0, "09T29@4": 1.0, "BUYER": 0.0, "SELLER": 0.0}