{"00T22@0": 0.10937499999999997, "01T35@0": 0.783653846153846, "02T15@1": 0.43013698630136976, "03T18@1": 0.05485232067510549, "04T35@2": 0.627848101265823, "05T35@2": 0.6265984654731459, "BUYER": 0.0, "SELLER": 0.0}