{"00T41@0": 0.32432432432432434, "01T37@0": 0.09433962264150947, "02T41@1": 0.3219954648526077, "03T37@1": 0.10505836575875495, "04T37@2": 0.019305019305019298, "05T41@2": 0.44554455445544544, "BUYER": 0.0, "SELLER": 0.0}