{"00T41@0": 0.06679035250463834, "01T35@0": 0.23885918003565063, "02T37@1": 0.0, "03T22@1": 0.32415902140672764, "04T22@2": 0.03686635944700456, "05T22@2": 0.03818615751789972, "BUYER": 0.0, "SELLER": 0.0}