{"00T22@0": 0.1535714285714286, "01T23@0": 0.5940594059405946, "02T41@1": 0.2567567567567567, "03T23@1": 0.8347107438016528, "04T26@2": 0.0, "05T35@2": 0.623052959501558, "BUYER": 0.0, "SELLER": 0.0}