{"00T26@0": 0.0853242320819112, "01T26@0": 0.05947955390334578, "02T41@1": 0.23857868020304593, "03T41@1": 0.1656050955414013, "04T26@2": 0.020491803278688523, "05T41@2": 0.02336448598130841, "BUYER": 0.0, "SELLER": 0.0}