{"00T16@0": 0.0, "01T16@0": 0.0, "02T24@1": 0.0, "03T22@1": 1.0, "04T24@2": 0.02702702702702703, "05T24@2": 0.024390243902439025, "06T16@3": 1.0, "07T22@3": 0.9439999999999998, "BUYER": 0.0, "SELLER": 0.0}