{"00T10@0": 0.0, "01T07@0": 0.0, "02T10@1": 0.14285714285714285, "03T10@1": 0.2857142857142857, "04T07@2": 0.7647058823529411, "05T07@2": 0.5217391304347826, "BUYER": 0.0, "SELLER": 0.0}