{"00T22@0": 0.27851458885941616, "01T23@0": 0.0, "02T23@1": 0.7073170731707316, "03T23@1": 0.7499999999999999, "04T37@2": 0.00529100529100529, "05T22@2": 0.004405286343612333, "06T12@3": 0.013888888888888886, "07T23@3": 0.6027397260273972, "08T22@4": 0.03278688524590163, "09T22@4": 0.0, "BUYER": 0.0, "SELLER": 0.0}