{"00T26@0": 0.0, "01T26@0": 0.0, "02T26@1": 0.0, "03T18@1": 0.0, "04T18@2": 0.2770270270270269, "05T18@2": 0.24080267558528418, "BUYER": 0.0, "SELLER": 0.0}