{"00T14@0": 0.0, "01T04@0": 0.0, "02T14@1": 0.0, "03T22@1": 0.010869565217391302, "04T14@2": 0.0, "05T04@2": 0.39603960396039606, "06T04@3": 0.26373626373626374, "07T22@3": 0.10837438423645328, "BUYER": 0.0, "SELLER": 0.0}