{"00T35@0": 0.3083700440528634, "01T22@0": 0.07908163265306123, "02T03@1": 0.03184713375796178, "03T35@1": 0.6250000000000002, "04T00@2": 0.0, "05T35@2": 0.6759656652360518, "BUYER": 0.0, "SELLER": 0.0}