{"00T41@0": 0.2545454545454545, "01T40@0": 0.23404255319148967, "02T41@1": 0.3724696356275303, "03T40@1": 0.38013698630136994, "04T41@2": 0.5101010101010104, "05T40@2": 0.029490616621983944, "BUYER": 0.0, "SELLER": 0.0}