{"00T40@0": 0.011834319526627219, "01T35@0": 0.1299790356394131, "02T40@1": 0.20434782608695656, "03T19@1": 0.0, "04T40@2": 0.0, "05T35@2": 0.0, "06T19@3": 1.0, "07T19@3": 1.0, "BUYER": 0.0, "SELLER": 0.0}