{"00T20@0": 0.1006006006006006, "01T22@0": 0.1045197740112995, "02T22@1": 0.392, "03T35@1": 0.5668202764976957, "04T24@2": 1.0, "05T35@2": 0.6517985611510784, "BUYER": 0.0, "SELLER": 0.0}