{"00T22@0": 0.08225108225108221, "01T22@0": 0.05298013245033116, "02T41@1": 0.6067415730337077, "03T24@1": 1.0, "04T23@2": 0.8421052631578947, "05T35@2": 0.7668711656441719, "06T22@3": 0.21874999999999994, "07T23@3": 0.837037037037037, "08T22@4": 0.002012072434607643, "09T35@4": 0.6551181102362204, "BUYER": 0.0, "SELLER": 0.0}