{"00T34@0": 0.1236749116607774, "01T35@0": 0.12580645161290321, "02T29@1": 0.0, "03T22@1": 0.4652014652014652, "04T22@2": 0.02105263157894736, "05T22@2": 0.022140221402214017, "BUYER": 0.0, "SELLER": 0.0}