{"00T22@0": 0.0652173913043478, "01T23@0": 0.25200000000000033, "02T37@1": 0.1282051282051282, "03T23@1": 0.7424242424242424, "04T10@2": 0.00558659217877095, "05T35@2": 0.7272727272727273, "BUYER": 0.0, "SELLER": 0.0}