{"00T23@0": 0.32748538011695905, "01T35@0": 0.26498422712933734, "02T22@1": 0.45398773006134985, "03T23@1": 0.0, "04T35@2": 0.044642857142857144, "05T35@2": 0.07758620689655173, "06T23@3": 1.0, "07T23@3": 1.0, "08T37@4": 0.012779552715654938, "09T29@4": 1.0, "BUYER": 0.0, "SELLER": 0.0}