{"00T29@0": 0.0, "01T22@0": 0.0, "02T12@1": 0.037267080745341574, "03T23@1": 0.8496732026143791, "04T22@2": 0.6268656716417914, "05T35@2": 0.6320346320346323, "BUYER": 0.0, "SELLER": 0.0}