{"00T35@0": 0.24427480916030594, "01T22@0": 0.1576923076923077, "02T36@1": 0.1538461538461539, "03T35@1": 0.7484076433121022, "04T03@2": 0.227154046997389, "05T35@2": 0.6818181818181818, "BUYER": 0.0, "SELLER": 0.0}