{"time_limit": 10800, "spot_discount": 0.9, "spot_market_global_loss": 0.2, "neg_quota_step": 558, "n_processes": 4, "n_products": 5, "n_steps": 93, "financial_reports_period": 5, "exogenous_horizon": 22, "max_productivity": 1.0, "catalog_prices": [10, 15, 24, 33, 43], "cash_availability": [1.5, 2.5], "expected_productivity": 0.6379928315412187, "expected_mean_profit": 0.08227267698435138, "initial_balance": [25368, 25368, 27271, 27271, 27271, 57608, 57608, 31796, 31796, 31796, 31796, 31796]}