{"00T35@0": 0.24113475177304955, "01T22@0": 0.07492795389048995, "02T24@1": 0.8461538461538461, "03T22@1": 0.3916913946587537, "04T26@2": 0.08287292817679566, "05T26@2": 0.12269938650306748, "06T24@3": 0.875, "07T26@3": 0.1777777777777779, "08T24@4": 1.0, "09T35@4": 0.7165178571428571, "BUYER": 0.0, "SELLER": 0.0}