{"00T35@0": 0.18122977346278324, "01T35@0": 0.17731629392971276, "02T35@1": 1.0, "03T22@1": 0.4485125858123569, "04T35@2": 0.7837301587301585, "05T35@2": 0.7914230019493177, "06T18@3": 0.0, "07T36@3": 0.0, "BUYER": 0.0, "SELLER": 0.0}