{"00T26@0": 0.084375, "01T26@0": 0.0811594202898551, "02T10@1": 0.2724719101123594, "03T10@1": 0.26737967914438504, "04T10@2": 0.021505376344085995, "05T26@2": 0.09730848861283639, "BUYER": 0.0, "SELLER": 0.0}