{"00T35@0": 0.002079002079002076, "01T23@0": 0.006276150627615057, "02T32@1": 0.0, "03T06@1": 0.0, "04T32@2": 0.0, "05T23@2": 0.0, "06T32@3": 1.0, "07T35@3": 0.0, "08T06@4": 0.0, "09T06@4": 0.0, "BUYER": 0.0, "SELLER": 0.0}