{"time_limit": 10800, "spot_discount": 0.9, "spot_market_global_loss": 0.2, "neg_quota_step": 490, "n_processes": 5, "n_products": 6, "n_steps": 98, "financial_reports_period": 5, "exogenous_horizon": 39, "max_productivity": 1.0, "catalog_prices": [10, 20, 28, 41, 52, 62], "cash_availability": [1.5, 2.5], "expected_productivity": 0.9489795918367347, "expected_mean_profit": 0.06362450279320343, "initial_balance": [34503, 34503, 51247, 51247, 67584, 67584, 96100, 96100, 112337, 112337]}