{"00T12@0": 0.0, "01T41@0": 0.283076923076923, "02T41@1": 0.4019607843137255, "03T37@1": 0.1354166666666667, "04T12@2": 0.4444444444444444, "05T41@2": 0.2500000000000001, "06T12@3": 0.09090909090909091, "07T37@3": 0.7581699346405227, "08T37@3": 0.7070063694267514, "BUYER": 0.0, "SELLER": 0.0}