{"time_limit": 10800, "spot_discount": 0.9, "spot_market_global_loss": 0.2, "neg_quota_step": 342, "n_processes": 4, "n_products": 5, "n_steps": 57, "financial_reports_period": 5, "exogenous_horizon": 25, "max_productivity": 1.0, "catalog_prices": [10, 14, 22, 28, 35], "cash_availability": [1.5, 2.5], "expected_productivity": 0.6198830409356725, "expected_mean_profit": 0.058438258996168814, "initial_balance": [13396, 13396, 10578, 10578, 10578, 10578, 28577, 28577, 17637, 17637, 17637, 17637]}