{"00T22@0": 0.3037300177619895, "01T23@0": 0.4442595673876874, "02T22@1": 0.0, "03T35@1": 0.5276872964169386, "04T24@2": 0.22727272727272727, "05T38@2": 0.04347826086956526, "06T35@3": 0.8130434782608693, "07T23@3": 0.7870722433460078, "08T22@4": 0.0, "09T23@4": 0.6377245508982031, "BUYER": 0.0, "SELLER": 0.0}