{"time_limit": 10800, "spot_discount": 0.9, "spot_market_global_loss": 0.2, "neg_quota_step": 425, "n_processes": 5, "n_products": 6, "n_steps": 85, "financial_reports_period": 5, "exogenous_horizon": 39, "max_productivity": 1.0, "catalog_prices": [10, 14, 25, 28, 37, 56], "cash_availability": [1.5, 2.5], "expected_productivity": 0.9411764705882353, "expected_mean_profit": 0.11629111927323807, "initial_balance": [15469, 15469, 26748, 26748, 33645, 33645, 41121, 41121, 56719, 56719]}