{"00T35@0": 0.25295109612141636, "01T22@0": 0.0623781676413256, "02T40@1": 0.16791044776119407, "03T35@1": 0.6073059360730594, "04T29@2": 1.0, "05T35@2": 0.6838340486409161, "BUYER": 0.0, "SELLER": 0.0}