{"00T18@0": 0.0, "01T35@0": 0.3045977011494254, "02T40@1": 0.5909090909090912, "03T22@1": 0.49479166666666674, "04T22@2": 0.022535211267605597, "05T22@2": 0.02197802197802194, "BUYER": 0.0, "SELLER": 0.0}