{"00T06@0": 0.21052631578947367, "01T35@0": 0.22485207100591711, "02T18@1": 0.0, "03T22@1": 0.5682819383259912, "04T22@2": 0.11061946902654865, "05T22@2": 0.16157205240174677, "BUYER": 0.0, "SELLER": 0.0}