{"00T04@0": 0.11552346570397116, "01T04@0": 0.12260536398467423, "02T04@1": 0.23728813559322037, "03T22@1": 0.2185185185185187, "04T26@2": 0.2254335260115607, "05T26@2": 0.18064516129032257, "06T26@3": 0.029556650246305407, "07T22@3": 0.0, "BUYER": 0.0, "SELLER": 0.0}