{"time_limit": 10800, "spot_discount": 0.9, "spot_market_global_loss": 0.2, "neg_quota_step": 336, "n_processes": 4, "n_products": 5, "n_steps": 84, "financial_reports_period": 5, "exogenous_horizon": 38, "max_productivity": 1.0, "catalog_prices": [10, 18, 27, 38, 50], "cash_availability": [1.5, 2.5], "expected_productivity": 0.9523809523809523, "expected_mean_profit": 0.06342959219739595, "initial_balance": [26980, 26980, 40740, 40740, 62864, 62864, 78782, 78782]}