{"00T36@0": 0.20841300191204595, "01T35@0": 0.20041753653444677, "02T22@1": 0.20512820512820526, "03T23@1": 0.5837837837837841, "04T37@2": 0.014423076923076917, "05T23@2": 0.5810810810810806, "06T35@3": 0.8831168831168831, "07T22@3": 0.15804597701149423, "08T23@4": 0.7024029574861369, "09T22@4": 0.0, "BUYER": 0.0, "SELLER": 0.0}