{"00T35@0": 0.7480916030534351, "01T22@0": 0.27167630057803466, "02T41@1": 0.27969348659003834, "03T22@1": 0.280701754385965, "04T22@2": 0.029850746268656716, "05T22@2": 0.021582733812949638, "06T20@3": 0.0, "07T23@3": 0.8231707317073169, "08T23@4": 0.857142857142857, "09T35@4": 0.8646788990825689, "BUYER": 0.0, "SELLER": 0.0}