{"00T23@0": 0.0, "01T23@0": 0.0, "02T29@1": 0.0, "03T23@1": 1.0, "04T37@2": 0.24545454545454537, "05T22@2": 0.00529100529100529, "BUYER": 0.0, "SELLER": 0.0}