{"00T29@0": 0.0, "01T35@0": 0.2482915717539864, "02T37@1": 0.7372881355932204, "03T22@1": 0.7577464788732396, "04T22@2": 0.018018018018017997, "05T22@2": 0.017114914425427882, "BUYER": 0.0, "SELLER": 0.0}