{"00T20@0": 0.0, "01T36@0": 0.0, "02T40@1": 1.0, "03T37@1": 0.0, "04T40@1": 1.0, "05T20@2": 0.0, "06T36@2": 0.0, "07T40@3": 1.0, "08T37@3": 0.2222222222222222, "09T37@4": 0.3333333333333333, "10T36@4": 0.1111111111111111, "11T20@4": 1.0, "BUYER": 0.0, "SELLER": 0.0}