{"00T23@0": 0.00273224043715847, "01T22@0": 0.0, "02T24@1": 0.45454545454545453, "03T29@1": 0.0, "04T35@2": 0.9795081967213115, "05T35@2": 0.9957983193277311, "06T23@3": 0.5617283950617288, "07T22@3": 0.0, "BUYER": 0.0, "SELLER": 0.0}