{"00T34@0": 0.09027777777777778, "01T34@0": 0.09022556390977444, "02T00@1": 0.0, "03T22@1": 0.0175438596491228, "04T00@2": 0.0, "05T34@2": 0.5609756097560976, "06T00@3": 0.0, "07T22@3": 0.2580645161290323, "BUYER": 0.0, "SELLER": 0.0}