{"00T35@0": 0.5084745762711866, "01T22@0": 0.20386266094420588, "02T36@1": 0.1642857142857143, "03T35@1": 0.7058823529411764, "04T35@2": 0.6294416243654823, "05T35@2": 0.6288659793814436, "06T29@3": 1.0, "07T35@3": 0.6496710526315784, "BUYER": 0.0, "SELLER": 0.0}