{"00T24@0": 0.0, "01T23@0": 0.21241830065359477, "02T34@1": 0.5230769230769231, "03T34@1": 0.5342465753424658, "04T24@2": 0.0, "05T24@2": 0.0, "06T34@3": 1.0, "07T35@3": 1.0, "BUYER": 0.0, "SELLER": 0.0}