{"00T12@0": 0.0, "01T36@0": 0.14285714285714285, "02T41@0": 0.125, "03T41@1": 0.3333333333333333, "04T29@1": 0.0, "05T12@2": 0.0, "06T12@2": 0.0, "07T36@2": 0.6666666666666666, "08T29@3": 0.0, "09T41@3": 0.75, "10T29@4": 1.0, "11T36@4": 0.23076923076923078, "BUYER": 0.0, "SELLER": 0.0}