{"00T35@0": 0.3297777777777778, "01T35@0": 0.3296610169491527, "02T35@1": 1.0, "03T22@1": 0.0009407337723424258, "04T35@2": 0.5217391304347825, "05T35@2": 0.5032894736842105, "06T29@3": 1.0, "07T08@3": 0.0, "BUYER": 0.0, "SELLER": 0.0}