{"00T38@0": 0.0, "01T24@0": 0.0, "02T24@1": 0.5108695652173914, "03T24@1": 0.49484536082474234, "04T38@2": 0.0, "05T38@2": 0.0, "BUYER": 0.0, "SELLER": 0.0}