{"00T41@0": 0.3764861294583884, "01T26@0": 0.14367816091954028, "02T26@1": 0.22194513715710723, "03T26@1": 0.23969072164948454, "04T41@2": 0.010033444816053507, "05T41@2": 0.025559105431309875, "BUYER": 0.0, "SELLER": 0.0}