{"00T20@0": 0.0, "01T22@0": 0.03508771929824559, "02T22@1": 0.0, "03T23@1": 0.8961038961038961, "04T12@2": 0.0045045045045045045, "05T35@2": 0.6990049751243784, "BUYER": 0.0, "SELLER": 0.0}