{"00T06@0": 0.0, "01T37@0": 0.018229166666666675, "02T06@1": 0.14814814814814814, "03T37@1": 0.050420168067226885, "04T37@2": 0.13761467889908244, "05T06@2": 0.9226519337016574, "BUYER": 0.0, "SELLER": 0.0}