{"00T19@0": 0.0, "01T23@0": 0.2106194690265485, "02T37@1": 0.1871345029239766, "03T35@1": 0.7654320987654322, "04T37@2": 0.0, "05T37@2": 0.0, "06T19@3": 0.0, "07T19@3": 0.0, "08T35@4": 1.0, "09T23@4": 1.0, "BUYER": 0.0, "SELLER": 0.0}