{"time_limit": 10800, "spot_discount": 0.9, "spot_market_global_loss": 0.2, "neg_quota_step": 485, "n_processes": 5, "n_products": 6, "n_steps": 97, "financial_reports_period": 5, "exogenous_horizon": 46, "max_productivity": 1.0, "catalog_prices": [10, 14, 19, 25, 34, 48], "cash_availability": [1.5, 2.5], "expected_productivity": 0.9484536082474226, "expected_mean_profit": 0.0894493916205905, "initial_balance": [23447, 23447, 30676, 30676, 44060, 44060, 54024, 54024, 77666, 77666]}