{"00T40@0": 0.1005586592178771, "01T20@0": 0.016666666666666663, "02T40@1": 0.5670103092783503, "03T40@1": 0.6300000000000001, "04T20@2": 0.47081712062256803, "05T20@2": 0.5250965250965252, "BUYER": 0.0, "SELLER": 0.0}