{"00T08@0": 0.0364741641337385, "01T35@0": 0.5346534653465341, "02T35@1": 0.8005249343832023, "03T35@1": 0.7834224598930477, "04T38@2": 0.07812500000000001, "05T35@2": 0.7003567181926276, "BUYER": 0.0, "SELLER": 0.0}