{"00T37@0": 0.0, "01T22@0": 0.0, "02T12@1": 0.029126213592232997, "03T20@1": 0.0, "04T29@2": 0.0, "05T35@2": 0.7207207207207206, "06T35@3": 0.7647058823529412, "07T22@3": 0.7435897435897441, "BUYER": 0.0, "SELLER": 0.0}