{"00T20@0": 0.0, "01T35@0": 0.0, "02T35@1": 1.0, "03T35@1": 1.0, "04T36@2": 0.7428571428571425, "05T22@2": 0.18309859154929567, "06T22@3": 0.00572519083969465, "07T22@3": 0.0038759689922480576, "BUYER": 0.0, "SELLER": 0.0}