{"00T26@0": 0.14423076923076922, "01T09@0": 0.0, "02T26@1": 0.0, "03T22@1": 0.0, "04T09@2": 0.0, "05T09@2": 0.0, "06T26@3": 0.9907407407407407, "07T22@3": 0.9793103448275862, "BUYER": 0.0, "SELLER": 0.0}