{"00T40@0": 0.16266173752310537, "01T23@0": 0.2517006802721092, "02T36@1": 0.3235955056179777, "03T23@1": 0.7305699481865283, "04T23@2": 0.6783999999999997, "05T22@2": 0.0, "BUYER": 0.0, "SELLER": 0.0}