{"00T22@0": 0.1132478632478632, "01T35@0": 0.180084745762712, "02T40@1": 0.31418918918918914, "03T23@1": 0.6666666666666666, "04T37@2": 0.029023746701846993, "05T23@2": 0.72316384180791, "BUYER": 0.0, "SELLER": 0.0}