{"00T35@0": 0.044692737430167516, "01T22@0": 0.07748184019370459, "02T29@1": 0.0, "03T35@1": 0.5889570552147235, "04T24@2": 1.0, "05T35@2": 0.8073394495412847, "BUYER": 0.0, "SELLER": 0.0}