{"00T07@0": 0.10256410256410253, "01T22@0": 0.25173210161662823, "02T35@1": 0.39175257731958807, "03T35@1": 0.37988826815642457, "04T40@2": 0.52122641509434, "05T35@2": 0.9402985074626866, "06T22@3": 0.0, "07T22@3": 0.0, "BUYER": 0.0, "SELLER": 0.0}