{"00T34@0": 0.01098901098901099, "01T37@0": 0.004484304932735423, "02T34@1": 0.6363636363636364, "03T22@1": 0.4566929133858268, "04T37@2": 0.09210526315789473, "05T37@2": 0.013888888888888886, "06T34@3": 0.7719298245614035, "07T22@3": 0.02816901408450703, "BUYER": 0.0, "SELLER": 0.0}