{"00T22@0": 0.1698717948717949, "01T22@0": 0.15942028985507245, "02T35@1": 0.26582278481012656, "03T23@1": 0.2804878048780488, "04T23@2": 1.0, "05T23@2": 1.0, "06T26@3": 0.14953271028037388, "07T35@3": 0.9722222222222222, "08T19@4": 1.0, "09T35@4": 0.6108247422680412, "BUYER": 0.0, "SELLER": 0.0}