{"time_limit": 10800, "spot_discount": 0.9, "spot_market_global_loss": 0.2, "neg_quota_step": 255, "n_processes": 5, "n_products": 6, "n_steps": 51, "financial_reports_period": 5, "exogenous_horizon": 20, "max_productivity": 1.0, "catalog_prices": [10, 18, 27, 34, 48, 61], "cash_availability": [1.5, 2.5], "expected_productivity": 0.9019607843137255, "expected_mean_profit": 0.08966714716288822, "initial_balance": [15431, 15431, 20832, 20832, 28981, 28981, 39541, 39541, 47835, 47835]}