{"00T29@0": 0.0, "01T29@0": 0.0, "02T29@1": 0.0, "03T22@1": 1.0, "04T40@2": 0.37662337662337664, "05T40@2": 0.6349206349206348, "06T40@3": 0.5691056910569103, "07T22@3": 0.03292181069958846, "BUYER": 0.0, "SELLER": 0.0}