{"00T10@0": 0.047468354430379764, "01T35@0": 0.178343949044586, "02T10@1": 0.0625, "03T29@1": 0.0, "04T10@2": 0.08490566037735849, "05T29@2": 0.0, "06T29@3": 1.0, "07T23@3": 0.8746081504702192, "BUYER": 0.0, "SELLER": 0.0}