{"00T37@0": 0.0099009900990099, "01T35@0": 0.6143344709897616, "02T34@1": 0.5426356589147284, "03T37@1": 0.03827751196172247, "04T37@2": 0.043956043956043946, "05T35@2": 0.3950617283950617, "06T34@3": 0.36220472440944884, "07T35@3": 0.7033898305084744, "08T34@4": 0.5648854961832059, "09T22@4": 0.0, "BUYER": 0.0, "SELLER": 0.0}