{"00T33@0": 0.09090909090909094, "01T33@0": 0.09727626459143977, "02T33@1": 0.0, "03T22@1": 0.0, "04T16@2": 0.0, "05T16@2": 0.0, "06T16@3": 1.0, "07T22@3": 1.0, "BUYER": 0.0, "SELLER": 0.0}