{"00T06@0": 0.2631578947368421, "01T06@0": 0.0, "02T41@1": 0.7777777777777776, "03T41@1": 0.6949152542372882, "04T06@2": 0.0, "05T41@2": 0.09235668789808911, "BUYER": 0.0, "SELLER": 0.0}