{"00T35@0": 0.33725490196078456, "01T22@0": 0.06194690265486725, "02T40@1": 0.16299559471365635, "03T22@1": 0.1961538461538461, "04T23@2": 0.6348314606741572, "05T35@2": 0.5950413223140494, "06T10@3": 0.03194888178913738, "07T22@3": 0.0859106529209622, "BUYER": 0.0, "SELLER": 0.0}