{"00T36@0": 0.21153846153846156, "01T22@0": 0.18611111111111112, "02T37@1": 0.21264367816091953, "03T35@1": 0.13970588235294118, "04T23@2": 0.7067307692307689, "05T35@2": 0.776, "06T22@3": 0.40194174757281553, "07T23@3": 0.920863309352518, "08T22@4": 0.0, "09T22@4": 0.0, "BUYER": 0.0, "SELLER": 0.0}