{"00T06@0": 0.0, "01T38@0": 0.0214395099540582, "02T06@1": 0.0, "03T38@1": 0.057142857142857155, "04T06@2": 1.0, "05T38@2": 0.0, "BUYER": 0.0, "SELLER": 0.0}