{"00T41@0": 0.0, "01T35@0": 0.33440514469453403, "02T09@1": 0.0, "03T22@1": 0.3460410557184748, "04T22@2": 0.051948051948051924, "05T22@2": 0.06302521008403371, "BUYER": 0.0, "SELLER": 0.0}