{"time_limit": 10800, "spot_discount": 0.9, "spot_market_global_loss": 0.2, "neg_quota_step": 208, "n_processes": 4, "n_products": 5, "n_steps": 52, "financial_reports_period": 5, "exogenous_horizon": 13, "max_productivity": 1.0, "catalog_prices": [10, 15, 21, 28, 39], "cash_availability": [1.5, 2.5], "expected_productivity": 0.9230769230769231, "expected_mean_profit": 0.049795026511240965, "initial_balance": [15076, 15076, 21483, 21483, 25844, 25844, 37366, 37366]}