{"00T12@0": 0.0, "01T41@0": 0.15384615384615385, "02T20@1": 0.0, "03T20@1": 0.0, "04T36@1": 0.0, "05T41@2": 0.6666666666666666, "06T12@2": 0.0, "07T20@3": 0.0, "08T12@3": 0.0, "09T36@4": 1.0, "10T41@4": 1.0, "11T36@4": 1.0, "BUYER": 0.0, "SELLER": 0.0}