{"00T41@0": 0.24999999999999994, "01T35@0": 0.334525939177102, "02T37@1": 0.022026431718061675, "03T37@1": 0.026431718061673996, "04T41@2": 0.5431754874651811, "05T37@2": 0.23469387755102034, "06T41@3": 0.4917647058823529, "07T23@3": 0.7207062600321021, "BUYER": 0.0, "SELLER": 0.0}