{"time_limit": 10800, "spot_discount": 0.9, "spot_market_global_loss": 0.2, "neg_quota_step": 344, "n_processes": 4, "n_products": 5, "n_steps": 86, "financial_reports_period": 5, "exogenous_horizon": 31, "max_productivity": 1.0, "catalog_prices": [10, 17, 23, 33, 44], "cash_availability": [1.5, 2.5], "expected_productivity": 0.9534883720930233, "expected_mean_profit": 0.10090058930733109, "initial_balance": [19843, 19843, 29077, 29077, 44264, 44264, 57162, 57162]}