{"00T22@0": 0.021406727828746183, "01T35@0": 0.29670329670329687, "02T16@1": 0.0, "03T37@1": 0.12734082397003746, "04T35@2": 0.8453947368421054, "05T35@2": 0.8251533742331292, "BUYER": 0.0, "SELLER": 0.0}