{"00T09@0": 0.0, "01T35@0": 0.14821763602251414, "02T06@1": 0.0, "03T22@1": 0.27340823970037453, "04T22@2": 0.054054054054054036, "05T22@2": 0.03906250000000004, "BUYER": 0.0, "SELLER": 0.0}