{"00T12@0": 0.0, "01T23@0": 0.09954751131221719, "02T02@1": 0.25280898876404495, "03T22@1": 0.0, "04T23@2": 0.7791666666666667, "05T23@2": 0.7088122605363985, "06T22@3": 0.005494505494505485, "07T23@3": 0.6531986531986531, "BUYER": 0.0, "SELLER": 0.0}