{"00T24@0": 0.0, "01T35@0": 0.1999999999999999, "02T18@1": 0.0, "03T22@1": 0.4732334047109208, "04T22@2": 0.022774327122153232, "05T22@2": 0.0, "BUYER": 0.0, "SELLER": 0.0}