{"00T35@0": 0.48184818481848174, "01T35@0": 0.46390658174097676, "02T35@1": 0.0, "03T22@1": 0.29248262792166724, "04T35@2": 0.09134615384615384, "05T35@2": 0.0829268292682927, "06T29@3": 1.0, "07T06@3": 0.672922252010724, "BUYER": 0.0, "SELLER": 0.0}