{"00T20@0": 0.0, "01T40@0": 0.05791505791505793, "02T40@1": 0.20382165605095542, "03T20@1": 0.0, "04T40@2": 0.02663438256658598, "05T20@2": 1.0, "BUYER": 0.0, "SELLER": 0.0}