{"00T16@0": 0.0, "01T16@0": 0.0, "02T16@1": 0.0, "03T22@1": 1.0, "04T34@2": 0.49999999999999983, "05T34@2": 0.5, "06T34@3": 1.0, "07T22@3": 0.022857142857142857, "BUYER": 0.0, "SELLER": 0.0}