{"time_limit": 10800, "spot_discount": 0.9, "spot_market_global_loss": 0.2, "neg_quota_step": 450, "n_processes": 5, "n_products": 6, "n_steps": 90, "financial_reports_period": 5, "exogenous_horizon": 24, "max_productivity": 1.0, "catalog_prices": [10, 14, 21, 35, 44, 60], "cash_availability": [1.5, 2.5], "expected_productivity": 0.9444444444444444, "expected_mean_profit": 0.07823023605571176, "initial_balance": [25165, 25165, 37957, 37957, 56307, 56307, 78117, 78117, 108314, 108314]}