{"00T37@0": 0.0, "01T07@0": 0.017857142857142856, "02T07@1": 0.06451612903225806, "03T22@1": 0.37735849056603776, "04T37@2": 0.08333333333333331, "05T37@2": 0.12643678160919544, "06T07@3": 0.0, "07T22@3": 0.044444444444444446, "BUYER": 0.0, "SELLER": 0.0}