{"00T41@0": 0.5467075038284832, "01T23@0": 0.6689497716894978, "02T41@1": 0.18226600985221683, "03T40@1": 0.10204081632653059, "04T40@2": 0.48228882833787495, "05T23@2": 0.7121212121212118, "06T40@3": 0.0, "07T41@3": 0.39082969432314413, "BUYER": 0.0, "SELLER": 0.0}