{"00T35@0": 0.7155361050328227, "01T22@0": 0.07719298245614035, "02T38@1": 0.08860759493670885, "03T22@1": 0.0, "04T38@2": 0.025735294117647047, "05T29@2": 0.0, "06T29@3": 0.0, "07T38@3": 0.018518518518518517, "08T29@4": 1.0, "09T35@4": 0.6469072164948452, "BUYER": 0.0, "SELLER": 0.0}