{"00T20@0": 0.2125984251968504, "01T35@0": 0.7346153846153847, "02T40@1": 0.7419354838709677, "03T22@1": 0.04330708661417327, "04T22@2": 0.011494252873563213, "05T22@2": 0.02325581395348836, "BUYER": 0.0, "SELLER": 0.0}