{"00T40@0": 0.0975609756097561, "01T22@0": 0.17073170731707318, "02T35@1": 0.7321428571428571, "03T22@1": 0.6428571428571429, "04T07@2": 0.38095238095238093, "05T35@2": 0.25, "06T35@3": 0.75, "07T35@3": 0.6666666666666666, "BUYER": 0.0, "SELLER": 0.0}