{"00T22@0": 0.0, "01T35@0": 0.00313479623824451, "02T06@1": 0.0, "03T24@1": 1.0, "04T35@2": 0.9877300613496932, "05T35@2": 0.996875, "BUYER": 0.0, "SELLER": 0.0}