{"00T35@0": 0.16960784313725502, "01T35@0": 0.16878048780487812, "02T35@1": 0.9863945578231292, "03T22@1": 0.6216955332725624, "04T35@2": 0.36143039591315473, "05T35@2": 0.2460431654676259, "06T34@3": 0.42239185750636116, "07T20@3": 0.677584442169907, "BUYER": 0.0, "SELLER": 0.0}