{"00T35@0": 0.2604790419161678, "01T35@0": 0.2681388012618299, "02T36@1": 0.0040485829959514144, "03T35@1": 0.958904109589041, "04T24@2": 0.971830985915493, "05T22@2": 0.0, "BUYER": 0.0, "SELLER": 0.0}