{"00T29@0": 0.0, "01T36@0": 0.04142011834319527, "02T29@1": 0.0, "03T36@1": 0.16190476190476183, "04T36@2": 0.38372093023255816, "05T29@2": 0.0, "06T22@3": 0.04946996466431098, "07T22@3": 0.076923076923077, "BUYER": 0.0, "SELLER": 0.0}