{"00T38@0": 0.04086021505376344, "01T38@0": 0.023809523809523808, "02T38@1": 0.10154738878143131, "03T40@1": 0.8582995951417004, "04T23@2": 0.03081232492997199, "05T23@2": 0.010958904109589041, "06T35@3": 1.0, "07T35@3": 1.0, "08T40@4": 0.0, "09T40@4": 0.0, "BUYER": 0.0, "SELLER": 0.0}