{"00T23@0": 0.0051282051282051265, "01T23@0": 0.009803921568627449, "02T24@1": 0.7692307692307693, "03T23@1": 1.0, "04T22@2": 0.06722689075630252, "05T22@2": 0.0, "06T40@3": 0.038461538461538464, "07T22@3": 0.5198019801980199, "08T35@4": 0.7725490196078434, "09T35@4": 0.773076923076923, "BUYER": 0.0, "SELLER": 0.0}