{"00T37@0": 0.0, "01T35@0": 0.10364145658263312, "02T29@1": 0.0, "03T23@1": 0.7621359223300971, "04T35@2": 0.8172839506172841, "05T35@2": 0.8048128342245993, "BUYER": 0.0, "SELLER": 0.0}