{"00T10@0": 0.5, "01T35@0": 0.5398550724637682, "02T41@1": 0.15086206896551718, "03T35@1": 0.0, "04T23@2": 0.5984848484848487, "05T23@2": 0.5748031496062992, "06T23@3": 0.970873786407767, "07T22@3": 0.3511235955056179, "08T22@4": 0.0, "09T22@4": 0.0, "BUYER": 0.0, "SELLER": 0.0}