{"time_limit": 10800, "spot_discount": 0.9, "spot_market_global_loss": 0.2, "neg_quota_step": 290, "n_processes": 5, "n_products": 6, "n_steps": 58, "financial_reports_period": 5, "exogenous_horizon": 13, "max_productivity": 1.0, "catalog_prices": [10, 18, 28, 37, 53, 70], "cash_availability": [1.5, 2.5], "expected_productivity": 0.9137931034482759, "expected_mean_profit": 0.0808108916128142, "initial_balance": [20125, 20125, 30565, 30565, 40879, 40879, 54086, 54086, 71760, 71760]}