{"00T19@0": 0.0, "01T22@0": 0.0, "02T38@1": 0.10256410256410256, "03T19@1": 0.0, "04T19@2": 0.0, "05T38@2": 0.36585365853658536, "06T38@3": 0.08108108108108109, "07T23@3": 0.9810924369747899, "BUYER": 0.0, "SELLER": 0.0}