{"00T08@0": 0.07755775577557754, "01T35@0": 0.6895910780669146, "02T35@1": 0.6764705882352938, "03T35@1": 0.6642599277978335, "04T24@2": 1.0, "05T35@2": 0.6360582306830904, "BUYER": 0.0, "SELLER": 0.0}