{"00T20@0": 0.0, "01T12@0": 0.0, "02T20@1": 0.0, "03T23@1": 0.08547008547008547, "04T02@2": 0.6888888888888892, "05T20@2": 0.0, "06T12@3": 0.07936507936507939, "07T02@3": 1.0, "08T12@4": 0.0, "09T02@4": 0.93048128342246, "BUYER": 0.0, "SELLER": 0.0}