{"00T36@0": 0.3766666666666666, "01T24@0": 0.013245033112582781, "02T23@1": 0.2, "03T22@1": 0.358974358974359, "04T23@2": 0.6685714285714286, "05T35@2": 0.5285714285714286, "06T22@3": 0.0, "07T35@3": 0.8032786885245902, "08T35@4": 0.5648854961832063, "09T35@4": 0.5692883895131085, "BUYER": 0.0, "SELLER": 0.0}