{"00T22@0": 0.0636042402826855, "01T23@0": 0.0, "02T23@1": 0.6648351648351648, "03T23@1": 0.6950000000000003, "04T22@2": 0.0, "05T23@2": 0.7820512820512818, "06T12@3": 0.02306079664570233, "07T02@3": 0.5289855072463766, "08T35@4": 0.7293729372937289, "09T35@4": 0.7077702702702704, "BUYER": 0.0, "SELLER": 0.0}