{"time_limit": 10800, "spot_discount": 0.9, "spot_market_global_loss": 0.2, "neg_quota_step": 405, "n_processes": 5, "n_products": 6, "n_steps": 81, "financial_reports_period": 5, "exogenous_horizon": 28, "max_productivity": 1.0, "catalog_prices": [10, 18, 25, 35, 48, 59], "cash_availability": [1.5, 2.5], "expected_productivity": 0.9382716049382716, "expected_mean_profit": 0.06937471474212688, "initial_balance": [24731, 24731, 37096, 37096, 48472, 48472, 71718, 71718, 83094, 83094]}