{"00T35@0": 0.09813084112149532, "01T35@0": 0.08597285067873307, "02T37@1": 0.08235294117647064, "03T23@1": 0.5882352941176471, "04T19@2": 0.0, "05T23@2": 0.8188976377952754, "06T23@3": 0.81, "07T35@3": 0.779279279279279, "08T35@4": 0.7142857142857145, "09T35@4": 0.7073170731707321, "BUYER": 0.0, "SELLER": 0.0}