{"00T24@0": 0.0, "01T22@0": 0.12093862815884476, "02T22@1": 0.4951768488745982, "03T35@1": 0.805687203791469, "04T37@2": 0.04935622317596567, "05T35@2": 0.6781170483460562, "BUYER": 0.0, "SELLER": 0.0}