{"00T24@0": 0.0, "01T24@0": 0.0, "02T36@1": 1.0, "03T36@1": 1.0, "04T24@2": 0.9704433497536946, "05T36@2": 0.003257328990228011, "BUYER": 0.0, "SELLER": 0.0}