{"00T23@0": 0.2535211267605636, "01T22@0": 0.1946564885496183, "02T23@1": 0.6359649122807015, "03T22@1": 0.25535714285714295, "04T36@2": 0.20235756385068762, "05T35@2": 0.46774193548387083, "06T23@3": 0.6658711217183773, "07T35@3": 0.6683587140439939, "08T12@4": 0.022316684378320937, "09T37@4": 0.1247058823529412, "BUYER": 0.0, "SELLER": 0.0}