{"time_limit": 10800, "spot_discount": 0.9, "spot_market_global_loss": 0.2, "neg_quota_step": 670, "n_processes": 5, "n_products": 6, "n_steps": 134, "financial_reports_period": 5, "exogenous_horizon": 31, "max_productivity": 1.0, "catalog_prices": [10, 20, 32, 41, 49, 68], "cash_availability": [1.5, 2.5], "expected_productivity": 0.9626865671641791, "expected_mean_profit": 0.10568194971384477, "initial_balance": [39281, 39281, 55540, 55540, 73106, 73106, 98749, 98749, 122099, 122099]}