{"time_limit": 10800, "spot_discount": 0.9, "spot_market_global_loss": 0.2, "neg_quota_step": 420, "n_processes": 5, "n_products": 6, "n_steps": 84, "financial_reports_period": 5, "exogenous_horizon": 18, "max_productivity": 1.0, "catalog_prices": [10, 19, 24, 31, 39, 55], "cash_availability": [1.5, 2.5], "expected_productivity": 0.9404761904761905, "expected_mean_profit": 0.052791853864103365, "initial_balance": [25581, 25581, 33181, 33181, 44390, 44390, 53044, 53044, 73508, 73508]}