{"00T24@0": 0.0, "01T22@0": 0.09308510638297875, "02T22@1": 0.7863636363636364, "03T35@1": 0.8895027624309391, "04T10@2": 0.0, "05T35@2": 0.6714285714285722, "BUYER": 0.0, "SELLER": 0.0}