{"00T34@0": 0.014184397163120567, "01T17@0": 0.04519774011299435, "02T34@1": 0.6, "03T22@1": 0.12500000000000003, "04T17@2": 0.5200000000000001, "05T34@2": 0.9444444444444444, "06T17@3": 0.10179640718562874, "07T22@3": 0.05172413793103448, "BUYER": 0.0, "SELLER": 0.0}