{"00T40@0": 0.092, "01T40@0": 0.06813186813186813, "02T37@1": 0.013793103448275862, "03T37@1": 0.040268456375838924, "04T37@2": 0.10042735042735043, "05T40@2": 0.8364312267657993, "BUYER": 0.0, "SELLER": 0.0}