{"00T35@0": 0.33333333333333326, "01T35@0": 0.31847133757961776, "02T26@1": 0.10937499999999997, "03T23@1": 0.7547169811320753, "04T24@2": 0.9911504424778761, "05T22@2": 0.0, "BUYER": 0.0, "SELLER": 0.0}