{"00T41@0": 0.20833333333333334, "01T41@0": 0.20920502092050208, "02T20@1": 0.0, "03T23@1": 0.3243243243243243, "04T41@2": 0.5051546391752577, "05T20@2": 0.0, "06T20@3": 1.0, "07T23@3": 0.822463768115942, "BUYER": 0.0, "SELLER": 0.0}