{"00T23@0": 0.33821871476888427, "01T22@0": 0.0, "02T12@1": 0.0, "03T29@1": 0.0, "04T22@2": 0.8362068965517241, "05T35@2": 0.5116279069767442, "06T35@3": 0.7543859649122807, "07T22@3": 0.0, "08T02@4": 0.706051873198847, "09T22@4": 0.0425925925925926, "BUYER": 0.0, "SELLER": 0.0}