{"00T22@0": 0.0, "01T22@0": 0.00277008310249307, "02T15@1": 0.2643678160919541, "03T09@1": 0.0, "04T22@2": 0.5687499999999998, "05T35@2": 0.8990384615384616, "06T35@3": 0.7063492063492066, "07T35@3": 0.7104722792607796, "BUYER": 0.0, "SELLER": 0.0}