{"00T22@0": 0.034285714285714274, "01T23@0": 0.10869565217391303, "02T06@1": 0.0, "03T23@1": 0.7076923076923075, "04T10@2": 0.29577464788732394, "05T35@2": 0.728744939271255, "BUYER": 0.0, "SELLER": 0.0}