{"00T29@0": 0.0, "01T22@0": 0.08015267175572519, "02T29@1": 0.0, "03T22@1": 0.11538461538461543, "04T34@2": 0.0, "05T22@2": 0.008064516129032258, "06T29@3": 0.0, "07T34@3": 0.36551724137931035, "08T34@4": 1.0, "09T35@4": 0.7564102564102563, "BUYER": 0.0, "SELLER": 0.0}