{"00T35@0": 0.42616372391653273, "01T35@0": 0.38888888888888845, "02T35@1": 0.945, "03T22@1": 0.16861313868613123, "04T35@2": 0.31506849315068497, "05T35@2": 0.3184165232358002, "06T34@3": 0.41959798994974873, "07T24@3": 1.0, "BUYER": 0.0, "SELLER": 0.0}