{"00T22@0": 0.26644736842105277, "01T23@0": 0.0, "02T35@1": 0.125, "03T23@1": 0.125, "04T23@2": 1.0, "05T35@2": 1.0, "06T37@3": 0.01369863013698631, "07T36@3": 0.42906574394463665, "BUYER": 0.0, "SELLER": 0.0}