{"00T22@0": 0.0, "01T22@0": 0.0, "02T10@1": 0.193717277486911, "03T34@1": 0.29629629629629634, "04T22@2": 0.5829787234042552, "05T35@2": 0.8385416666666666, "06T35@3": 0.7408088235294118, "07T35@3": 0.7175438596491233, "BUYER": 0.0, "SELLER": 0.0}