{"00T36@0": 0.01909307875894988, "01T23@0": 0.26641651031894936, "02T34@1": 0.4825174825174827, "03T22@1": 0.3545706371191135, "04T23@2": 0.7591240875912408, "05T23@2": 0.7687969924812033, "BUYER": 0.0, "SELLER": 0.0}