{"00T15@0": 0.0, "01T35@0": 0.37906976744186005, "02T18@1": 0.0, "03T18@1": 0.03619909502262445, "04T15@2": 0.8035714285714286, "05T35@2": 0.7210526315789477, "06T15@3": 0.0, "07T35@3": 0.7872340425531914, "08T18@4": 0.7933333333333334, "09T22@4": 0.0, "BUYER": 0.0, "SELLER": 0.0}