{"00T35@0": 0.3182844243792325, "01T35@0": 0.3134110787172013, "02T35@1": 0.0, "03T22@1": 0.27008222643896324, "04T35@2": 0.3721340388007055, "05T35@2": 0.4072164948453608, "06T16@3": 1.0, "07T36@3": 0.0, "BUYER": 0.0, "SELLER": 0.0}