{"00T41@0": 0.07692307692307693, "01T41@0": 0.0940438871473354, "02T36@1": 0.41139240506329106, "03T36@1": 0.3571428571428571, "04T36@2": 0.02857142857142857, "05T41@2": 0.023890784982935166, "BUYER": 0.0, "SELLER": 0.0}