{"00T38@0": 0.0, "01T22@0": 0.07526881720430108, "02T40@1": 0.2440000000000001, "03T35@1": 0.8769230769230769, "04T22@2": 0.0, "05T35@2": 0.5974358974358978, "BUYER": 0.0, "SELLER": 0.0}