{"00T35@0": 0.30551523947750425, "01T35@0": 0.3155949741315595, "02T35@1": 0.0, "03T22@1": 0.30940892641737, "04T35@2": 0.3854660347551343, "05T35@2": 0.39778129952456376, "06T26@3": 0.0, "07T37@3": 0.16647531572904714, "BUYER": 0.0, "SELLER": 0.0}