{"time_limit": 10800, "spot_discount": 0.9, "spot_market_global_loss": 0.2, "neg_quota_step": 712, "n_processes": 4, "n_products": 5, "n_steps": 178, "financial_reports_period": 5, "exogenous_horizon": 86, "max_productivity": 1.0, "catalog_prices": [10, 16, 21, 26, 30], "cash_availability": [1.5, 2.5], "expected_productivity": 0.9775280898876404, "expected_mean_profit": 0.0620101674987283, "initial_balance": [56534, 56534, 74100, 74100, 86820, 86820, 110847, 110847]}