{"00T35@0": 0.2767295597484276, "01T35@0": 0.2820512820512822, "02T35@1": 0.9885714285714285, "03T22@1": 0.49076517150395776, "04T35@2": 0.6533816425120775, "05T35@2": 0.6476552598225614, "06T18@3": 0.1089108910891089, "07T34@3": 0.3631756756756757, "BUYER": 0.0, "SELLER": 0.0}