{"00T22@0": 0.2728127939793039, "01T22@0": 0.28624883068288115, "02T35@1": 0.41093474426807763, "03T35@1": 0.41558441558441567, "04T36@2": 0.0, "05T34@2": 0.6310904872389796, "06T22@3": 0.21246006389776362, "07T35@3": 0.7247451343836879, "BUYER": 0.0, "SELLER": 0.0}