{"time_limit": 10800, "spot_discount": 0.9, "spot_market_global_loss": 0.2, "neg_quota_step": 540, "n_processes": 5, "n_products": 6, "n_steps": 90, "financial_reports_period": 5, "exogenous_horizon": 42, "max_productivity": 1.0, "catalog_prices": [10, 16, 24, 36, 50, 64], "cash_availability": [1.5, 2.5], "expected_productivity": 1.5740740740740742, "expected_mean_profit": 0.09617329643337445, "initial_balance": [19138, 19138, 19138, 19138, 56524, 56524, 86801, 86801, 117900, 117900, 150364, 150364]}