{"00T40@0": 0.0636792452830189, "01T22@0": 0.09330628803245439, "02T22@1": 0.2411764705882353, "03T22@1": 0.2534246575342467, "04T22@2": 0.2441314553990611, "05T35@2": 0.24705882352941178, "06T35@3": 0.7098765432098768, "07T23@3": 0.6923076923076921, "08T26@4": 0.0, "09T22@4": 0.0, "BUYER": 0.0, "SELLER": 0.0}