{"time_limit": 10800, "spot_discount": 0.9, "spot_market_global_loss": 0.2, "neg_quota_step": 365, "n_processes": 5, "n_products": 6, "n_steps": 73, "financial_reports_period": 5, "exogenous_horizon": 23, "max_productivity": 1.0, "catalog_prices": [10, 22, 35, 45, 64, 78], "cash_availability": [1.5, 2.5], "expected_productivity": 0.9315068493150684, "expected_mean_profit": 0.08068571053968566, "initial_balance": [24959, 24959, 43605, 43605, 55644, 55644, 78840, 78840, 102037, 102037]}