{"00T24@0": 0.004672897196261679, "01T35@0": 0.7012195121951224, "02T22@1": 0.016891891891891896, "03T35@1": 1.0, "04T23@2": 0.6280991735537188, "05T23@2": 0.6048387096774192, "06T23@3": 0.7580645161290325, "07T22@3": 0.0, "08T12@4": 0.0, "09T23@4": 0.5710843373493982, "BUYER": 0.0, "SELLER": 0.0}