{"00T38@0": 0.0, "01T22@0": 0.19788918205804748, "02T22@1": 0.33584905660377357, "03T35@1": 0.6333333333333332, "04T20@2": 0.5846994535519127, "05T35@2": 0.6380090497737556, "BUYER": 0.0, "SELLER": 0.0}