{"00T35@0": 0.1074766355140187, "01T22@0": 0.03714285714285712, "02T13@1": 0.0, "03T35@1": 0.6877828054298641, "04T26@2": 0.5424242424242425, "05T35@2": 0.7685950413223138, "BUYER": 0.0, "SELLER": 0.0}