{"00T37@0": 0.033898305084745756, "01T22@0": 0.13170731707317074, "02T40@1": 0.2052980132450331, "03T35@1": 0.8543689320388347, "04T22@2": 0.10526315789473682, "05T35@2": 0.6718750000000003, "06T35@3": 0.816, "07T22@3": 0.26180257510729615, "08T23@4": 0.6140350877192982, "09T22@4": 0.0, "BUYER": 0.0, "SELLER": 0.0}