{"00T29@0": 0.0, "01T35@0": 0.22758620689655173, "02T29@1": 0.0, "03T26@1": 0.5714285714285713, "04T26@2": 0.26999999999999974, "05T35@2": 0.43434343434343436, "06T26@3": 0.10204081632653061, "07T35@3": 0.7165354330708661, "08T29@4": 1.0, "09T22@4": 0.0, "BUYER": 0.0, "SELLER": 0.0}