{"00T06@0": 0.0, "01T35@0": 0.06765676567656777, "02T35@1": 0.8469945355191255, "03T35@1": 0.8707865168539326, "04T37@2": 0.00913242009132419, "05T35@2": 0.7500000000000006, "BUYER": 0.0, "SELLER": 0.0}