{"00T08@0": 0.08208955223880597, "01T09@0": 0.0, "02T09@1": 0.0, "03T22@1": 0.06666666666666667, "04T08@2": 0.9591836734693877, "05T08@2": 0.9795918367346939, "06T09@3": 0.0, "07T22@3": 0.010416666666666664, "BUYER": 0.0, "SELLER": 0.0}