{"00T19@0": 0.0, "01T22@0": 0.1907756813417189, "02T23@1": 0.7692307692307695, "03T22@1": 0.41428571428571437, "04T22@2": 0.030000000000000013, "05T22@2": 0.05612244897959189, "06T06@3": 0.0, "07T35@3": 0.7105263157894737, "08T22@4": 0.2183406113537118, "09T23@4": 0.8293838862559242, "BUYER": 0.0, "SELLER": 0.0}