{"time_limit": 10800, "spot_discount": 0.9, "spot_market_global_loss": 0.2, "neg_quota_step": 312, "n_processes": 4, "n_products": 5, "n_steps": 78, "financial_reports_period": 5, "exogenous_horizon": 33, "max_productivity": 1.0, "catalog_prices": [10, 15, 17, 30, 40], "cash_availability": [1.5, 2.5], "expected_productivity": 0.9487179487179487, "expected_mean_profit": 0.0669125730947563, "initial_balance": [18001, 18001, 21740, 21740, 35933, 35933, 49848, 49848]}