{"00T41@0": 0.0, "01T08@0": 0.11290322580645161, "02T41@1": 0.049999999999999996, "03T22@1": 0.0425531914893617, "04T08@2": 0.92, "05T41@2": 0.11009174311926606, "06T08@3": 0.978021978021978, "07T22@3": 0.043859649122807015, "BUYER": 0.0, "SELLER": 0.0}