{"00T37@0": 0.0, "01T41@0": 0.0, "02T36@1": 0.6, "03T12@1": 0.0, "04T36@2": 0.2857142857142857, "05T41@2": 0.2, "06T12@3": 0.0, "07T41@3": 0.8, "08T12@3": 0.0, "09T37@4": 0.6666666666666666, "10T36@4": 0.5555555555555556, "11T37@4": 0.75, "BUYER": 0.0, "SELLER": 0.0}