{"00T41@0": 0.0, "01T22@0": 0.11111111111111109, "02T35@1": 0.6578947368421053, "03T22@1": 0.9333333333333333, "04T06@2": 0.0, "05T35@2": 0.0, "06T35@3": 0.95, "07T35@3": 1.0, "BUYER": 0.0, "SELLER": 0.0}