{"00T22@0": 0.0, "01T22@0": 0.0, "02T08@1": 0.8381502890173409, "03T34@1": 0.8717948717948718, "04T22@2": 0.5140845070422537, "05T35@2": 0.732, "06T35@3": 0.5708502024291503, "07T35@3": 0.586481113320079, "BUYER": 0.0, "SELLER": 0.0}