{"00T26@0": 0.06632653061224487, "01T22@0": 0.2765432098765436, "02T41@1": 0.1643835616438357, "03T22@1": 0.2371541501976284, "04T22@2": 0.01892744479495267, "05T23@2": 0.6809116809116806, "BUYER": 0.0, "SELLER": 0.0}