{"00T22@0": 0.15677966101694915, "01T23@0": 0.27983539094650206, "02T10@1": 0.41964285714285715, "03T23@1": 0.7572815533980584, "04T26@2": 0.0, "05T35@2": 0.5927152317880793, "BUYER": 0.0, "SELLER": 0.0}