{"00T22@0": 0.20652173913043476, "01T23@0": 0.3056872037914691, "02T37@1": 0.008547008547008543, "03T23@1": 0.6935483870967739, "04T20@2": 1.0, "05T22@2": 0.0, "BUYER": 0.0, "SELLER": 0.0}