{"00T22@0": 0.33427762039660064, "01T35@0": 0.31195335276967934, "02T40@1": 0.10288065843621404, "03T23@1": 0.5748987854251012, "04T24@2": 1.0, "05T23@2": 0.5290023201856152, "BUYER": 0.0, "SELLER": 0.0}