{"00T23@0": 0.023255813953488372, "01T22@0": 0.204724409448819, "02T35@1": 0.407643312101911, "03T23@1": 0.8412698412698413, "04T41@2": 0.680952380952381, "05T35@2": 0.763736263736264, "06T36@3": 0.0, "07T35@3": 0.3927710843373494, "BUYER": 0.0, "SELLER": 0.0}