{"00T35@0": 0.27565084226646236, "01T22@0": 0.03827751196172245, "02T03@1": 0.03409090909090909, "03T35@1": 0.6851851851851856, "04T36@2": 0.4982698961937717, "05T35@2": 0.7667210440456765, "BUYER": 0.0, "SELLER": 0.0}