{"00T00@0": 0.0, "01T04@0": 0.058823529411764705, "02T00@1": 0.0, "03T22@1": 0.20642201834862378, "04T04@2": 0.46153846153846145, "05T00@2": 0.0, "06T04@3": 0.2560386473429949, "07T22@3": 0.039408866995073885, "BUYER": 0.0, "SELLER": 0.0}