{"00T15@0": 0.0, "01T38@0": 0.016863406408094438, "02T38@1": 0.011764705882352938, "03T15@1": 0.2687499999999998, "04T15@2": 0.14465408805031446, "05T35@2": 0.6374045801526715, "06T38@3": 0.12087912087912088, "07T35@3": 0.6679611650485439, "BUYER": 0.0, "SELLER": 0.0}