{"00T35@0": 0.14087759815242493, "01T22@0": 0.053892215568862235, "02T37@1": 0.1306122448979592, "03T35@1": 0.7672955974842768, "04T17@2": 0.010958904109589022, "05T35@2": 0.7103825136612021, "BUYER": 0.0, "SELLER": 0.0}