{"time_limit": 10800, "spot_discount": 0.9, "spot_market_global_loss": 0.2, "neg_quota_step": 432, "n_processes": 3, "n_products": 4, "n_steps": 96, "financial_reports_period": 5, "exogenous_horizon": 40, "max_productivity": 1.0, "catalog_prices": [10, 19, 26, 37], "cash_availability": [1.5, 2.5], "expected_productivity": 1.2916666666666667, "expected_mean_profit": 0.07816590470403528, "initial_balance": [33160, 33160, 33160, 33160, 56437, 56437, 56437, 123863, 123863]}