{"00T35@0": 0.20540540540540536, "01T23@0": 0.34229390681003596, "02T23@1": 0.8112244897959185, "03T22@1": 0.038123167155425235, "04T37@2": 0.0, "05T35@2": 0.8732394366197183, "06T22@3": 0.0, "07T23@3": 0.5330578512396696, "08T24@4": 0.9166666666666666, "09T23@4": 0.6573938506588577, "BUYER": 0.0, "SELLER": 0.0}