{"time_limit": 10800, "spot_discount": 0.9, "spot_market_global_loss": 0.2, "neg_quota_step": 410, "n_processes": 5, "n_products": 6, "n_steps": 82, "financial_reports_period": 5, "exogenous_horizon": 30, "max_productivity": 1.0, "catalog_prices": [10, 19, 31, 39, 46, 64], "cash_availability": [1.5, 2.5], "expected_productivity": 0.9390243902439024, "expected_mean_profit": 0.10626569885075253, "initial_balance": [22317, 22317, 37271, 37271, 50661, 50661, 60256, 60256, 75134, 75134]}