{"00T34@0": 0.03869653767820771, "01T36@0": 0.003521126760563378, "02T36@1": 0.347457627118644, "03T34@1": 0.525, "04T36@2": 0.011764705882352934, "05T34@2": 1.0, "BUYER": 0.0, "SELLER": 0.0}