{"00T20@0": 0.14328358208955225, "01T23@0": 0.16766467065868268, "02T23@1": 0.6266666666666669, "03T23@1": 0.6622516556291389, "04T26@2": 0.38571428571428573, "05T35@2": 0.669833729216152, "BUYER": 0.0, "SELLER": 0.0}