{"00T23@0": 0.22904191616766467, "01T23@0": 0.22719999999999996, "02T22@1": 0.002150537634408599, "03T23@1": 0.9827586206896551, "04T22@2": 0.10991957104557641, "05T22@2": 0.0647887323943662, "06T37@3": 0.009198423127463872, "07T24@3": 0.9823321554770318, "BUYER": 0.0, "SELLER": 0.0}