{"00T19@0": 0.0, "01T40@0": 0.007380073800737999, "02T40@1": 0.07692307692307693, "03T19@1": 0.0, "04T40@2": 0.8791946308724832, "05T19@2": 1.0, "BUYER": 0.0, "SELLER": 0.0}