{"00T10@0": 0.10354223433242507, "01T10@0": 0.19525065963060695, "02T15@1": 0.29749103942652305, "03T15@1": 0.25619834710743794, "04T10@2": 0.03030303030303033, "05T15@2": 0.05333333333333334, "BUYER": 0.0, "SELLER": 0.0}