{"00T36@0": 0.34684684684684686, "01T35@0": 0.46453089244851253, "02T36@1": 0.20727272727272733, "03T41@1": 0.2573964497041418, "04T23@2": 0.5905511811023625, "05T22@2": 0.27983539094650206, "06T41@3": 0.5879917184265006, "07T35@3": 0.8097560975609757, "08T36@4": 0.0, "09T41@4": 0.2850467289719624, "BUYER": 0.0, "SELLER": 0.0}