{"00T33@0": 0.0, "01T33@0": 0.035928143712574884, "02T03@1": 0.0, "03T22@1": 0.13017751479289946, "04T03@2": 0.0, "05T03@2": 0.0, "06T33@3": 1.0, "07T22@3": 1.0, "BUYER": 0.0, "SELLER": 0.0}