{"00T07@0": 0.09644670050761418, "01T06@0": 0.0, "02T35@1": 0.38271604938271603, "03T35@1": 0.3947368421052633, "04T23@2": 0.7215189873417721, "05T35@2": 0.5806451612903225, "06T35@3": 0.796078431372549, "07T35@3": 0.792982456140351, "08T23@4": 0.5463320463320461, "09T22@4": 0.0, "BUYER": 0.0, "SELLER": 0.0}