{"00T35@0": 0.038860103626943046, "01T22@0": 0.0372340425531915, "02T24@1": 0.6666666666666666, "03T35@1": 0.832258064516129, "04T08@2": 0.1606425702811245, "05T35@2": 0.8467153284671532, "BUYER": 0.0, "SELLER": 0.0}