{"00T06@0": 0.058823529411764705, "01T22@0": 0.02733485193621869, "02T38@1": 0.0, "03T22@1": 0.06837606837606838, "04T38@2": 0.10169491525423727, "05T22@2": 0.027777777777777776, "06T06@3": 0.0, "07T38@3": 0.11594202898550722, "08T06@4": 0.0, "09T35@4": 0.9073170731707314, "BUYER": 0.0, "SELLER": 0.0}