{"00T12@0": 0.015845070422535218, "01T20@0": 0.0, "02T12@1": 0.052356020942408384, "03T20@1": 0.0, "04T20@2": 1.0, "05T12@2": 0.0, "BUYER": 0.0, "SELLER": 0.0}