{"00T35@0": 0.4308943089430893, "01T23@0": 0.6690307328605193, "02T22@1": 0.0039062499999999965, "03T22@1": 0.004424778761061944, "04T06@2": 0.0, "05T36@2": 0.386100386100386, "BUYER": 0.0, "SELLER": 0.0}