{"00T34@0": 0.09230769230769235, "01T22@0": 0.24444444444444402, "02T22@1": 0.1244239631336405, "03T35@1": 0.7648809523809526, "04T18@2": 0.3805668016194331, "05T35@2": 0.5250501002004012, "BUYER": 0.0, "SELLER": 0.0}