{"00T35@0": 0.17527862208713293, "01T35@0": 0.17671092951991846, "02T35@1": 0.0, "03T22@1": 0.5993657505285417, "04T35@2": 0.45019157088122597, "05T35@2": 0.5055555555555553, "06T40@3": 0.008185538881309686, "07T37@3": 0.1226666666666667, "BUYER": 0.0, "SELLER": 0.0}