{"00T24@0": 0.006688963210702338, "01T22@0": 0.23429951690821252, "02T23@1": 0.6379310344827588, "03T35@1": 0.5563909774436085, "04T22@2": 0.011450381679389311, "05T35@2": 0.9672131147540983, "06T20@3": 0.6577380952380949, "07T22@3": 0.0, "BUYER": 0.0, "SELLER": 0.0}