{"00T34@0": 0.036931818181818184, "01T20@0": 0.17357512953367876, "02T20@1": 0.550802139037433, "03T20@1": 0.0, "04T34@2": 0.592, "05T34@2": 0.5992217898832689, "BUYER": 0.0, "SELLER": 0.0}