{"time_limit": 10800, "spot_discount": 0.9, "spot_market_global_loss": 0.2, "neg_quota_step": 495, "n_processes": 5, "n_products": 6, "n_steps": 99, "financial_reports_period": 5, "exogenous_horizon": 48, "max_productivity": 1.0, "catalog_prices": [10, 19, 27, 39, 57, 71], "cash_availability": [1.5, 2.5], "expected_productivity": 0.9494949494949495, "expected_mean_profit": 0.06496573172838795, "initial_balance": [36197, 36197, 54974, 54974, 74768, 74768, 104517, 104517, 146256, 146256]}