{"00T22@0": 0.16307692307692304, "01T35@0": 0.21753246753246752, "02T36@1": 0.18120805369127513, "03T36@1": 0.17391304347826092, "04T34@2": 0.9148936170212766, "05T35@2": 0.5000000000000001, "06T34@3": 0.5, "07T22@3": 0.07692307692307691, "08T34@4": 0.9776119402985075, "09T36@4": 0.04498269896193772, "BUYER": 0.0, "SELLER": 0.0}