{"00T40@0": 0.0, "01T40@0": 0.006060606060606061, "02T29@1": 0.0, "03T23@1": 0.5612244897959183, "04T40@2": 0.12195121951219512, "05T29@2": 0.0, "06T29@3": 0.0, "07T35@3": 0.6573426573426573, "08T22@4": 0.0, "09T22@4": 0.0, "BUYER": 0.0, "SELLER": 0.0}