{"00T20@0": 0.13215859030837, "01T36@0": 0.0657894736842106, "02T23@1": 0.8939393939393939, "03T22@1": 0.4691358024691358, "04T23@2": 0.5113636363636367, "05T22@2": 0.0, "BUYER": 0.0, "SELLER": 0.0}