{"00T34@0": 0.0, "01T29@0": 0.0, "02T34@1": 0.7692307692307693, "03T29@1": 0.0, "04T29@2": 0.0, "05T35@2": 0.8638743455497382, "06T34@3": 0.6309963099630996, "07T35@3": 0.7978533094812164, "BUYER": 0.0, "SELLER": 0.0}