{"00T22@0": 0.06647398843930637, "01T35@0": 0.38518518518518535, "02T06@1": 0.0, "03T37@1": 0.173374613003096, "04T35@2": 0.8132183908045976, "05T35@2": 0.7929155313351497, "BUYER": 0.0, "SELLER": 0.0}