{"00T12@0": 0.0, "01T29@0": 0.0, "02T02@0": 0.024229074889867842, "03T02@0": 0.014675052410901463, "04T29@1": 0.0, "05T12@1": 0.0, "06T02@1": 0.3204419889502763, "07T12@2": 0.0, "08T20@2": 0.0, "09T20@2": 0.0, "10T20@3": 1.0, "11T29@3": 1.0, "BUYER": 0.0, "SELLER": 0.0}