{"00T24@0": 0.0, "01T37@0": 0.09433962264150947, "02T24@1": 0.42857142857142855, "03T22@1": 0.38263665594855306, "04T23@2": 0.4902912621359223, "05T23@2": 0.5392670157068065, "06T24@3": 0.3333333333333333, "07T37@3": 0.0036900369003690005, "08T37@4": 0.4444444444444446, "09T22@4": 0.5123152709359605, "BUYER": 0.0, "SELLER": 0.0}