{"00T16@0": 0.0, "01T35@0": 0.26086956521739074, "02T08@1": 0.5767045454545453, "03T22@1": 0.528358208955224, "04T22@2": 0.008347245409015018, "05T22@2": 0.009999999999999983, "BUYER": 0.0, "SELLER": 0.0}