{"00T35@0": 0.5022123893805309, "01T35@0": 0.4939091915836102, "02T35@1": 0.0, "03T22@1": 0.0017621145374449323, "04T35@2": 0.49714285714285744, "05T35@2": 0.4957264957264958, "06T16@3": 1.0, "07T26@3": 0.0, "BUYER": 0.0, "SELLER": 0.0}