{"00T07@0": 0.20833333333333334, "01T22@0": 0.21052631578947367, "02T35@1": 0.631578947368421, "03T22@1": 0.8181818181818182, "04T16@2": 0.0, "05T35@2": 0.3076923076923077, "06T35@3": 0.8823529411764706, "07T35@3": 0.8888888888888888, "BUYER": 0.0, "SELLER": 0.0}