{"00T19@0": 0.0, "01T35@0": 0.017094017094017085, "02T23@1": 0.9770114942528736, "03T23@1": 0.9764705882352941, "04T22@2": 0.020242914979757092, "05T23@2": 0.5806451612903227, "06T35@3": 0.511278195488722, "07T23@3": 0.5365853658536586, "08T31@4": 0.0, "09T22@4": 0.0, "BUYER": 0.0, "SELLER": 0.0}