{"00T22@0": 0.13559322033898302, "01T23@0": 0.32232704402515727, "02T35@1": 0.8229166666666666, "03T22@1": 0.18338108882521498, "04T35@2": 0.7511312217194568, "05T22@2": 0.017241379310344834, "06T34@3": 0.5849802371541505, "07T40@3": 0.09686609686609686, "08T35@4": 0.7703488372093024, "09T35@4": 0.7650602409638556, "BUYER": 0.0, "SELLER": 0.0}