{"00T35@0": 0.2, "01T23@0": 0.24013157894736842, "02T22@1": 0.35064935064935066, "03T23@1": 0.9411764705882353, "04T41@2": 0.20187793427230047, "05T22@2": 0.0, "06T12@3": 0.0, "07T23@3": 0.45535714285714296, "08T36@4": 0.0, "09T20@4": 1.0, "BUYER": 0.0, "SELLER": 0.0}