{"00T22@0": 0.1158301158301158, "01T23@0": 0.3946666666666662, "02T36@1": 0.3071428571428572, "03T23@1": 0.7236842105263158, "04T37@2": 0.03606557377049183, "05T35@2": 0.7318295739348374, "BUYER": 0.0, "SELLER": 0.0}