{"00T35@0": 0.5981595092024544, "01T22@0": 0.11290322580645161, "02T08@1": 0.1735849056603773, "03T35@1": 0.5641025641025644, "04T29@2": 1.0, "05T35@2": 0.6387520525451551, "BUYER": 0.0, "SELLER": 0.0}