{"00T18@0": 0.0, "01T22@0": 0.22004889975550132, "02T22@1": 0.43269230769230776, "03T35@1": 0.7790055248618785, "04T08@2": 0.22477064220183482, "05T35@2": 0.5192878338278931, "BUYER": 0.0, "SELLER": 0.0}