{"00T26@0": 0.06527415143603137, "01T24@0": 0.003676470588235291, "02T23@1": 0.8875739644970414, "03T22@1": 0.41568627450980394, "04T35@2": 0.6762886597938143, "05T23@2": 0.6782077393075356, "BUYER": 0.0, "SELLER": 0.0}