{"00T26@0": 0.09823677581863977, "01T22@0": 0.11931818181818182, "02T22@1": 0.4062500000000001, "03T35@1": 0.9113300492610837, "04T41@2": 0.0, "05T35@2": 0.5809312638580929, "BUYER": 0.0, "SELLER": 0.0}