{"00T36@0": 0.3048433048433051, "01T35@0": 0.2195121951219513, "02T22@1": 0.3410596026490066, "03T23@1": 0.4397163120567376, "04T35@2": 0.544186046511628, "05T35@2": 0.5396039603960396, "06T24@3": 1.0, "07T23@3": 0.5088607594936706, "BUYER": 0.0, "SELLER": 0.0}