{"00T20@0": 0.11981566820276493, "01T41@0": 0.03186274509803919, "02T22@1": 0.431924882629108, "03T22@1": 0.45662100456620996, "04T35@2": 0.7337057728119184, "05T23@2": 0.7673179396092368, "BUYER": 0.0, "SELLER": 0.0}