{"00T22@0": 0.0841889117043121, "01T22@0": 0.07337526205450735, "02T37@1": 0.229299363057325, "03T35@1": 0.6099290780141846, "04T22@2": 0.18579234972677602, "05T35@2": 0.6083333333333336, "06T07@3": 0.10285714285714286, "07T35@3": 0.7102803738317756, "08T23@4": 0.7973231357552581, "09T23@4": 0.7756653992395437, "BUYER": 0.0, "SELLER": 0.0}