{"00T22@0": 0.0, "01T22@0": 0.0, "02T06@1": 0.0, "03T21@1": 0.0, "04T22@2": 0.9892183288409704, "05T35@2": 1.0, "06T35@3": 0.5401459854014599, "07T35@3": 0.5241635687732342, "BUYER": 0.0, "SELLER": 0.0}