{"00T34@0": 0.13310580204778155, "01T22@0": 0.20537897310513448, "02T22@1": 0.3478260869565216, "03T35@1": 0.5615763546798025, "04T06@2": 0.0, "05T35@2": 0.5386138613861384, "BUYER": 0.0, "SELLER": 0.0}