{"time_limit": 10800, "spot_discount": 0.9, "spot_market_global_loss": 0.2, "neg_quota_step": 48, "n_processes": 4, "n_products": 5, "n_steps": 8, "financial_reports_period": 5, "exogenous_horizon": 2, "max_productivity": 1.0, "catalog_prices": [10, 22, 34, 38, 49], "cash_availability": [1.5, 2.5], "expected_productivity": 0.3333333333333333, "expected_mean_profit": 0.06591847803412741, "initial_balance": [1847, 1847, 1378, 1378, 1378, 1378, 2233, 2233, 2233, 2688, 2688, 2688]}