{"00T02@0": 0.07165109034267912, "01T23@0": 0.0, "02T20@1": 0.0, "03T35@1": 0.6666666666666666, "04T23@2": 0.8466666666666667, "05T23@2": 0.8333333333333334, "06T29@3": 1.0, "07T12@3": 0.0, "BUYER": 0.0, "SELLER": 0.0}