{"00T35@0": 0.11977186311787075, "01T35@0": 0.18913857677902618, "02T36@1": 0.20816326530612245, "03T35@1": 0.8695652173913041, "04T38@2": 0.1875, "05T22@2": 0.0, "BUYER": 0.0, "SELLER": 0.0}