{"00T23@0": 0.0064516129032258064, "01T35@0": 0.006097560975609756, "02T27@1": 0.0, "03T23@1": 0.9180327868852459, "04T41@2": 0.07766990291262131, "05T35@2": 0.9083333333333333, "06T22@3": 0.0, "07T23@3": 0.6899563318777293, "BUYER": 0.0, "SELLER": 0.0}