{"00T08@0": 0.23529411764705882, "01T22@0": 0.0, "02T35@1": 0.09523809523809523, "03T22@1": 0.4, "04T21@2": 0.0, "05T35@2": 0.0, "06T35@3": 1.0, "07T35@3": 1.0, "BUYER": 0.0, "SELLER": 0.0}