{"00T41@0": 0.0, "01T22@0": 0.046454767726161354, "02T32@1": 0.8865979381443299, "03T22@1": 0.5109717868338556, "04T22@2": 0.0, "05T23@2": 0.6858316221765908, "BUYER": 0.0, "SELLER": 0.0}