{"00T35@0": 0.44886363636363635, "01T23@0": 0.7038123167155427, "02T22@1": 0.021834061135371178, "03T22@1": 0.08333333333333333, "04T41@2": 0.014150943396226408, "05T40@2": 0.22346368715083806, "BUYER": 0.0, "SELLER": 0.0}