{"00T12@0": 0.0, "01T35@0": 0.44360902255639095, "02T12@1": 0.0, "03T37@1": 0.15, "04T37@2": 0.32876712328767127, "05T37@2": 0.3698630136986301, "06T12@3": 0.0, "07T35@3": 0.654377880184332, "BUYER": 0.0, "SELLER": 0.0}