{"00T19@0": 0.0, "01T38@0": 0.019801980198019813, "02T38@1": 0.08160237388724043, "03T19@1": 0.0, "04T38@2": 0.0, "05T19@2": 1.0, "BUYER": 0.0, "SELLER": 0.0}