{"00T29@0": 0.0, "01T22@0": 0.14691943127962098, "02T23@1": 0.8297872340425532, "03T22@1": 0.5355648535564852, "04T36@2": 0.0027173913043478212, "05T23@2": 0.6399999999999999, "BUYER": 0.0, "SELLER": 0.0}