{"00T40@0": 0.07330827067669174, "01T22@0": 0.05797101449275365, "02T22@1": 0.46764705882352975, "03T35@1": 0.8103448275862069, "04T15@2": 0.005747126436781603, "05T35@2": 0.7158931082981719, "BUYER": 0.0, "SELLER": 0.0}