{"00T35@0": 0.12773722627737244, "01T35@0": 0.12252042007001193, "02T35@1": 0.6699999999999998, "03T23@1": 0.753001715265866, "04T12@2": 0.0, "05T29@2": 1.0, "BUYER": 0.0, "SELLER": 0.0}