{"00T20@0": 0.20596205962059613, "01T20@0": 0.2159090909090909, "02T41@1": 0.35537190082644626, "03T41@1": 1.0, "04T20@2": 0.5558441558441561, "05T41@2": 0.01685393258426966, "BUYER": 0.0, "SELLER": 0.0}