{"00T24@0": 0.00366300366300366, "01T23@0": 0.16566265060240964, "02T34@1": 0.672316384180791, "03T23@1": 0.9056603773584909, "04T35@2": 0.6553398058252424, "05T23@2": 0.6706443914081146, "BUYER": 0.0, "SELLER": 0.0}