{"00T29@0": 0.0, "01T12@0": 0.022130013831258653, "02T12@1": 0.03606557377049183, "03T12@1": 0.016835016835016838, "04T37@2": 0.5985915492957748, "05T23@2": 0.4748201438848922, "06T37@3": 0.0, "07T37@3": 0.0, "08T29@4": 1.0, "09T29@4": 1.0, "BUYER": 0.0, "SELLER": 0.0}