{"00T22@0": 0.0, "01T22@0": 0.0, "02T07@1": 0.13432835820895522, "03T29@1": 0.0, "04T22@2": 0.6634304207119744, "05T35@2": 0.9668874172185431, "06T35@3": 0.6856702619414482, "07T35@3": 0.6763358778625961, "BUYER": 0.0, "SELLER": 0.0}