{"00T29@0": 0.0, "01T22@0": 0.2010398613518198, "02T23@1": 0.6849315068493153, "03T35@1": 0.6217391304347823, "04T41@2": 0.5393518518518516, "05T23@2": 0.6732673267326729, "06T35@3": 0.6832579185520367, "07T23@3": 0.6410256410256416, "BUYER": 0.0, "SELLER": 0.0}