{"00T19@0": 0.0, "01T37@0": 0.0, "02T37@1": 0.010869565217391302, "03T19@1": 0.0, "04T19@2": 0.0, "05T37@2": 0.3803680981595092, "06T22@3": 0.21402214022140217, "07T23@3": 0.8203991130820399, "BUYER": 0.0, "SELLER": 0.0}