{"time_limit": 10800, "spot_discount": 0.9, "spot_market_global_loss": 0.2, "neg_quota_step": 432, "n_processes": 3, "n_products": 4, "n_steps": 72, "financial_reports_period": 5, "exogenous_horizon": 29, "max_productivity": 1.0, "catalog_prices": [10, 18, 27, 41], "cash_availability": [1.5, 2.5], "expected_productivity": 0.4791666666666667, "expected_mean_profit": 0.058575721584976044, "initial_balance": [24973, 24973, 16883, 16883, 16883, 16883, 16883, 23309, 23309, 23309, 23309, 23309]}