{"00T24@0": 0.0, "01T35@0": 0.07048458149779736, "02T41@1": 0.8143712574850299, "03T22@1": 0.8012820512820512, "04T23@2": 0.22459893048128343, "05T22@2": 0.2378854625550663, "06T35@3": 0.7261146496815286, "07T23@3": 0.7384615384615385, "08T22@4": 0.0, "09T22@4": 0.0, "BUYER": 0.0, "SELLER": 0.0}