{"00T40@0": 0.010775862068965513, "01T40@0": 0.02978723404255319, "02T34@1": 0.9855072463768116, "03T23@1": 0.5251396648044692, "04T22@2": 0.01714285714285714, "05T22@2": 0.0, "06T34@3": 0.19148936170212766, "07T35@3": 0.5809523809523811, "08T34@4": 0.5871212121212117, "09T40@4": 0.0071174377224199215, "BUYER": 0.0, "SELLER": 0.0}