{"00T23@0": 0.06284153005464484, "01T35@0": 0.05641025641025647, "02T19@1": 0.0, "03T23@1": 0.7815533980582522, "04T34@2": 0.635627530364372, "05T23@2": 0.7521551724137926, "BUYER": 0.0, "SELLER": 0.0}