{"00T16@0": 0.0, "01T34@0": 0.0, "02T16@1": 0.0, "03T34@1": 0.8953488372093024, "04T34@2": 1.0, "05T35@2": 0.6650943396226418, "06T16@3": 1.0, "07T35@3": 0.6392617449664432, "BUYER": 0.0, "SELLER": 0.0}