{"00T04@0": 0.11855670103092789, "01T17@0": 0.43265306122448977, "02T17@1": 0.1676300578034683, "03T22@1": 0.14285714285714285, "04T17@2": 0.4695652173913044, "05T04@2": 0.2032520325203252, "06T04@3": 0.1337579617834395, "07T22@3": 0.026490066225165563, "BUYER": 0.0, "SELLER": 0.0}