{"00T35@0": 0.3401709401709401, "01T23@0": 0.5898778359511345, "02T40@1": 0.004273504273504271, "03T40@1": 0.0, "04T29@2": 0.0, "05T40@2": 0.0, "06T29@3": 1.0, "07T29@3": 1.0, "BUYER": 0.0, "SELLER": 0.0}