{"00T22@0": 0.167235494880546, "01T22@0": 0.15302491103202845, "02T35@1": 0.3581395348837208, "03T35@1": 0.36363636363636365, "04T36@2": 0.4962962962962964, "05T29@2": 0.0, "06T22@3": 0.3642276422764229, "07T35@3": 0.9710144927536232, "BUYER": 0.0, "SELLER": 0.0}