{"00T38@0": 0.0, "01T38@0": 0.0, "02T24@1": 0.0, "03T38@1": 0.0, "04T24@2": 0.9417989417989417, "05T24@2": 0.9179487179487179, "BUYER": 0.0, "SELLER": 0.0}