{"00T06@0": 0.1875, "01T06@0": 0.07692307692307693, "02T10@1": 0.9103448275862069, "03T10@1": 0.9605263157894737, "04T10@2": 0.01294498381877022, "05T06@2": 0.0, "BUYER": 0.0, "SELLER": 0.0}