{"00T23@0": 0.0, "01T35@0": 0.0, "02T23@1": 1.0, "03T35@1": 1.0, "04T19@2": 0.0, "05T35@2": 0.6592592592592591, "06T22@3": 0.5384615384615382, "07T35@3": 0.855072463768116, "08T37@4": 0.0, "09T35@4": 0.7449541284403672, "BUYER": 0.0, "SELLER": 0.0}