{"00T22@0": 0.24864864864864833, "01T23@0": 0.0, "02T23@1": 0.18478260869565216, "03T23@1": 0.0641025641025641, "04T35@2": 1.0, "05T35@2": 1.0, "06T19@3": 1.0, "07T40@3": 0.0, "BUYER": 0.0, "SELLER": 0.0}