{"time_limit": 10800, "spot_discount": 0.9, "spot_market_global_loss": 0.2, "neg_quota_step": 288, "n_processes": 4, "n_products": 5, "n_steps": 72, "financial_reports_period": 5, "exogenous_horizon": 17, "max_productivity": 1.0, "catalog_prices": [10, 23, 30, 37, 51], "cash_availability": [1.5, 2.5], "expected_productivity": 0.9444444444444444, "expected_mean_profit": 0.06802846088669749, "initial_balance": [32277, 32277, 40668, 40668, 51239, 51239, 71734, 71734]}