{"00T19@0": 0.0, "01T22@0": 0.3456973293768544, "02T26@1": 0.004651162790697672, "03T26@1": 0.009174311926605498, "04T19@2": 0.0, "05T35@2": 0.43805309734513276, "06T19@3": 1.0, "07T26@3": 0.3684210526315788, "BUYER": 0.0, "SELLER": 0.0}