{"00T41@0": 0.04705882352941174, "01T36@0": 0.11643835616438356, "02T36@1": 0.19130434782608696, "03T22@1": 0.15533980582524268, "04T41@2": 0.1092436974789916, "05T36@2": 0.3888888888888888, "06T41@3": 0.025179856115107924, "07T22@3": 0.03741496598639455, "BUYER": 0.0, "SELLER": 0.0}