{"00T37@0": 0.11475409836065574, "01T23@0": 0.5626242544731609, "02T40@1": 0.08088235294117654, "03T40@1": 0.09999999999999998, "04T37@2": 0.09649122807017547, "05T23@2": 0.6650246305418723, "06T37@3": 0.0, "07T40@3": 0.0, "BUYER": 0.0, "SELLER": 0.0}