{"00T26@0": 0.09343434343434344, "01T37@0": 0.12200956937799043, "02T26@1": 0.23674911660777406, "03T37@1": 0.0628571428571429, "04T37@2": 0.08, "05T26@2": 0.3664383561643836, "06T35@3": 0.6737739872068229, "07T35@3": 0.6697459584295612, "BUYER": 0.0, "SELLER": 0.0}