{"00T19@0": 0.0, "01T23@0": 0.5635359116022093, "02T38@1": 0.015624999999999995, "03T19@1": 0.0, "04T38@2": 0.04519774011299435, "05T38@2": 0.037634408602150525, "06T19@3": 1.0, "07T35@3": 0.47109826589595377, "BUYER": 0.0, "SELLER": 0.0}