{"00T22@0": 0.19154929577464813, "01T22@0": 0.20370370370370355, "02T35@1": 0.20918367346938777, "03T23@1": 0.25000000000000017, "04T35@2": 0.84, "05T23@2": 0.809090909090909, "06T12@3": 0.0, "07T35@3": 0.7428571428571429, "08T37@4": 0.0, "09T29@4": 1.0, "BUYER": 0.0, "SELLER": 0.0}