{"time_limit": 10800, "spot_discount": 0.9, "spot_market_global_loss": 0.2, "neg_quota_step": 610, "n_processes": 5, "n_products": 6, "n_steps": 122, "financial_reports_period": 5, "exogenous_horizon": 24, "max_productivity": 1.0, "catalog_prices": [10, 18, 26, 39, 48, 58], "cash_availability": [1.5, 2.5], "expected_productivity": 0.9590163934426229, "expected_mean_profit": 0.054791745625155194, "initial_balance": [41114, 41114, 63863, 63863, 92642, 92642, 120189, 120189, 141294, 141294]}