{"00T41@0": 0.2500000000000001, "01T24@0": 0.0, "02T41@1": 0.0, "03T41@1": 0.10869565217391304, "04T24@2": 1.0, "05T24@2": 1.0, "BUYER": 0.0, "SELLER": 0.0}