{"00T38@0": 0.0, "01T23@0": 0.6571428571428574, "02T38@1": 0.0, "03T40@1": 0.045454545454545456, "04T40@2": 0.7397260273972602, "05T40@2": 0.7037037037037037, "06T38@3": 0.0, "07T35@3": 0.6472602739726031, "BUYER": 0.0, "SELLER": 0.0}