{"00T41@0": 0.1660649819494585, "01T35@0": 0.744630071599045, "02T35@1": 0.48559670781893005, "03T35@1": 0.6067796610169492, "04T29@2": 1.0, "05T35@2": 0.6236263736263745, "BUYER": 0.0, "SELLER": 0.0}