{"00T29@0": 0.0, "01T35@0": 0.19953596287703015, "02T37@1": 0.4431818181818182, "03T37@1": 0.33707865168539336, "04T29@2": 0.0, "05T37@2": 0.0, "06T29@3": 1.0, "07T35@3": 0.847457627118644, "BUYER": 0.0, "SELLER": 0.0}