{"00T35@0": 0.12000000000000004, "01T22@0": 0.0, "02T19@1": 0.0, "03T22@1": 0.026143790849673203, "04T37@2": 0.08080808080808079, "05T19@2": 0.0, "06T19@3": 0.0, "07T37@3": 0.19444444444444448, "08T37@4": 0.33333333333333326, "09T35@4": 0.8489583333333335, "BUYER": 0.0, "SELLER": 0.0}