{"00T07@0": 0.0, "01T18@0": 0.0, "02T18@1": 0.0, "03T18@1": 0.0, "04T07@2": 1.0, "05T35@2": 1.0, "06T07@3": 0.04842615012106536, "07T35@3": 0.732718894009217, "BUYER": 0.0, "SELLER": 0.0}