{"00T35@0": 0.19098712446351934, "01T22@0": 0.05093833780160856, "02T07@1": 0.058823529411764705, "03T35@1": 0.7328244274809158, "04T36@2": 0.06130268199233711, "05T35@2": 0.696356275303644, "BUYER": 0.0, "SELLER": 0.0}