{"00T22@0": 0.12552301255230122, "01T22@0": 0.08686440677966105, "02T36@1": 0.1779141104294479, "03T10@1": 0.17543859649122825, "04T22@2": 0.5439560439560442, "05T35@2": 0.7457627118644066, "06T35@3": 0.7761194029850741, "07T35@3": 0.7655310621242486, "BUYER": 0.0, "SELLER": 0.0}