{"00T06@0": 0.0, "01T35@0": 0.4101265822784811, "02T38@1": 0.0, "03T06@1": 0.0, "04T06@2": 0.0, "05T35@2": 0.6228070175438593, "06T38@3": 0.022653721682847898, "07T35@3": 0.8645418326693226, "08T38@4": 0.0, "09T22@4": 0.0, "BUYER": 0.0, "SELLER": 0.0}