{"00T40@0": 0.5431192660550457, "01T35@0": 0.7240506329113919, "02T35@1": 0.5625, "03T35@1": 0.5775193798449616, "04T00@2": 0.0, "05T35@2": 0.6131498470948017, "BUYER": 0.0, "SELLER": 0.0}