{"00T41@0": 0.44197952218430053, "01T35@0": 0.0, "02T35@1": 0.07602339181286549, "03T35@1": 0.1270718232044199, "04T23@2": 0.9069767441860465, "05T35@2": 0.9375, "06T35@3": 0.9037037037037037, "07T22@3": 0.0029850746268656678, "08T40@4": 0.07909604519774012, "09T22@4": 0.0, "BUYER": 0.0, "SELLER": 0.0}