{"time_limit": 10800, "spot_discount": 0.9, "spot_market_global_loss": 0.2, "neg_quota_step": 435, "n_processes": 5, "n_products": 6, "n_steps": 87, "financial_reports_period": 5, "exogenous_horizon": 30, "max_productivity": 1.0, "catalog_prices": [10, 15, 24, 35, 42, 54], "cash_availability": [1.5, 2.5], "expected_productivity": 0.9425287356321839, "expected_mean_profit": 0.07640809361469635, "initial_balance": [23942, 23942, 35728, 35728, 54052, 54052, 65655, 65655, 87846, 87846]}