{"00T22@0": 0.21951219512195133, "01T22@0": 0.20049504950495056, "02T41@1": 0.09504132231404963, "03T36@1": 0.24019607843137245, "04T22@2": 0.5877192982456144, "05T35@2": 0.782442748091603, "06T35@3": 0.5941747572815532, "07T35@3": 0.609615384615385, "BUYER": 0.0, "SELLER": 0.0}