{"00T41@0": 0.21818181818181828, "01T29@0": 0.0, "02T41@1": 0.4779874213836478, "03T35@1": 0.8433734939759036, "04T29@2": 0.0, "05T22@2": 0.0, "06T29@3": 1.0, "07T41@3": 0.5898734177215192, "BUYER": 0.0, "SELLER": 0.0}