{"00T06@0": 0.0, "01T15@0": 0.0, "02T06@1": 0.0, "03T15@1": 0.16666666666666666, "04T15@2": 0.8333333333333334, "05T06@2": 0.0, "BUYER": 0.0, "SELLER": 0.0}