,balance,assets,bankrupt,agent_id,step
0,1735.0,0.0,False,00T06@0,0.0
1,1595.0,255.48039405060848,False,00T06@0,5.0
2,1625.0,180.0,False,01T15@0,0.0
3,1636.0,529.2093876762606,False,01T15@0,5.0
4,2776.0,0.0,False,02T06@1,0.0
5,2776.0,0.0,False,02T06@1,5.0
6,2776.0,0.0,False,03T15@1,0.0
7,2382.0,404.0088691796009,False,03T15@1,5.0
8,3594.0,0.0,False,04T15@2,0.0
9,3539.0,0.0,False,04T15@2,5.0
10,3594.0,0.0,False,05T06@2,0.0
11,3594.0,0.0,False,05T06@2,5.0
12,,,,,
13,,,,,
14,,,,,
15,,,,,
