{"00T15@0": 0.14788732394366197, "01T29@0": 0.0, "02T23@1": 0.8632478632478633, "03T22@1": 0.5283018867924526, "04T23@2": 0.6132596685082873, "05T22@2": 0.0032573289902280093, "BUYER": 0.0, "SELLER": 0.0}