{"00T06@0": 0.2222222222222222, "01T22@0": 0.17616580310880814, "02T22@1": 0.22105263157894733, "03T35@1": 0.7910958904109588, "04T38@2": 0.05392156862745098, "05T35@2": 0.694006309148266, "BUYER": 0.0, "SELLER": 0.0}