{"00T34@0": 0.07504363001745203, "01T22@0": 0.11477987421383652, "02T22@1": 0.5118110236220469, "03T35@1": 0.5866666666666661, "04T20@2": 0.6688524590163936, "05T35@2": 0.6105527638190957, "BUYER": 0.0, "SELLER": 0.0}