{"00T38@0": 0.019834710743801654, "01T22@0": 0.13768115942028988, "02T23@1": 0.4908256880733946, "03T35@1": 0.3462897526501766, "04T22@2": 0.24590163934426235, "05T35@2": 0.8910891089108911, "06T41@3": 0.0, "07T22@3": 0.0, "BUYER": 0.0, "SELLER": 0.0}