{"00T37@0": 0.017889087656529506, "01T22@0": 0.04620462046204617, "02T22@1": 0.46867167919799496, "03T35@1": 0.8102564102564103, "04T07@2": 0.1305182341650672, "05T35@2": 0.6913907284768211, "BUYER": 0.0, "SELLER": 0.0}