{"00T38@0": 0.05466237942122187, "01T22@0": 0.0, "02T38@1": 0.02318840579710146, "03T22@1": 0.026548672566371657, "04T41@2": 0.06201550387596899, "05T38@2": 0.023121387283236993, "06T41@3": 0.43656716417910435, "07T23@3": 0.8985507246376814, "08T41@4": 0.0, "09T23@4": 0.6200527704485495, "BUYER": 0.0, "SELLER": 0.0}