{"00T35@0": 0.2961418143899902, "01T22@0": 0.0, "02T12@1": 0.012924071082390947, "03T05@1": 0.0, "04T22@2": 0.5714285714285711, "05T23@2": 0.4609375, "06T29@3": 0.0, "07T22@3": 0.005012531328320796, "08T02@4": 0.9311926605504587, "09T23@4": 0.8516284680337757, "BUYER": 0.0, "SELLER": 0.0}