{"00T23@0": 0.22352941176470584, "01T23@0": 0.2472647702407003, "02T40@1": 0.013698630136986287, "03T20@1": 0.0, "04T22@2": 0.28, "05T23@2": 0.5809523809523809, "06T23@3": 0.7062146892655368, "07T35@3": 0.7065868263473055, "08T23@4": 0.7545871559633025, "09T35@4": 0.7673913043478259, "BUYER": 0.0, "SELLER": 0.0}