{"00T22@0": 0.18691588785046725, "01T22@0": 0.2135922330097087, "02T23@1": 0.2553191489361702, "03T35@1": 0.24175824175824176, "04T23@2": 1.0, "05T23@2": 1.0, "06T20@3": 0.0, "07T40@3": 0.05534351145038168, "08T23@4": 0.6249999999999999, "09T23@4": 0.6494252873563215, "BUYER": 0.0, "SELLER": 0.0}