{"00T22@0": 0.14141414141414138, "01T22@0": 0.15087719298245617, "02T35@1": 0.6369863013698629, "03T23@1": 0.6917293233082705, "04T26@2": 0.15833333333333335, "05T10@2": 0.0, "BUYER": 0.0, "SELLER": 0.0}