{"00T40@0": 0.23122529644268794, "01T24@0": 0.0029411764705882314, "02T23@1": 0.14414414414414412, "03T22@1": 0.5860655737704916, "04T35@2": 0.32061068702290063, "05T35@2": 0.2808219178082191, "06T23@3": 0.8551236749116605, "07T35@3": 0.8292682926829268, "08T35@4": 0.6136363636363632, "09T22@4": 0.0, "BUYER": 0.0, "SELLER": 0.0}