{"00T16@0": 0.0, "01T35@0": 0.32007952286282304, "02T40@1": 0.5844155844155842, "03T22@1": 0.5015576323987541, "04T22@2": 0.01323251417769376, "05T22@2": 0.005586592178770944, "BUYER": 0.0, "SELLER": 0.0}