{"00T24@0": 0.0039370078740157445, "01T35@0": 0.1813186813186813, "02T26@1": 0.6551724137931034, "03T24@1": 1.0, "04T26@2": 0.008771929824561403, "05T35@2": 0.0, "06T24@3": 1.0, "07T35@3": 0.8389830508474577, "08T26@4": 0.3669354838709678, "09T22@4": 0.0, "BUYER": 0.0, "SELLER": 0.0}