{"time_limit": 10800, "spot_discount": 0.9, "spot_market_global_loss": 0.2, "neg_quota_step": 620, "n_processes": 4, "n_products": 5, "n_steps": 155, "financial_reports_period": 5, "exogenous_horizon": 68, "max_productivity": 1.0, "catalog_prices": [10, 16, 26, 39, 50], "cash_availability": [1.5, 2.5], "expected_productivity": 0.9741935483870968, "expected_mean_profit": 0.122839015475138, "initial_balance": [34545, 34545, 50337, 50337, 79331, 79331, 104993, 104993]}