{"00T41@0": 0.13714285714285712, "01T22@0": 0.030136986301369864, "02T20@1": 0.0, "03T22@1": 0.3115942028985507, "04T23@2": 0.7317073170731707, "05T35@2": 0.7458333333333331, "06T22@3": 0.0, "07T23@3": 0.6301969365426698, "BUYER": 0.0, "SELLER": 0.0}