{"00T36@0": 0.12944983818770223, "01T35@0": 0.15081967213114741, "02T36@1": 0.10869565217391304, "03T24@1": 0.0, "04T24@2": 0.5, "05T24@2": 0.4, "06T36@3": 0.7315436241610739, "07T23@3": 0.967032967032967, "BUYER": 0.0, "SELLER": 0.0}