{"00T34@0": 0.0, "01T36@0": 0.0, "02T34@1": 0.6413043478260868, "03T34@1": 0.6448087431693987, "04T36@2": 0.06611570247933882, "05T36@2": 0.052631578947368404, "BUYER": 0.0, "SELLER": 0.0}