{"00T22@0": 0.10891089108910891, "01T35@0": 0.7157894736842102, "02T41@1": 0.32748538011695927, "03T29@1": 0.0, "04T35@2": 0.7481296758104735, "05T35@2": 0.7712264150943395, "BUYER": 0.0, "SELLER": 0.0}