{"time_limit": 10800, "spot_discount": 0.9, "spot_market_global_loss": 0.2, "neg_quota_step": 48, "n_processes": 4, "n_products": 5, "n_steps": 8, "financial_reports_period": 5, "exogenous_horizon": 2, "max_productivity": 1.0, "catalog_prices": [10, 20, 26, 32, 38], "cash_availability": [1.5, 2.5], "expected_productivity": 0.3333333333333333, "expected_mean_profit": 0.07324466439839158, "initial_balance": [1357, 1357, 788, 788, 788, 788, 788, 1425, 1425, 1425, 2618, 2618]}