{"00T41@0": 0.42156862745098056, "01T20@0": 0.0, "02T37@1": 0.32456140350877205, "03T37@1": 0.33043478260869563, "04T20@2": 0.0, "05T20@2": 0.0, "06T41@2": 0.7660098522167488, "07T41@3": 0.34812286689419797, "08T37@3": 0.023102310231023108, "BUYER": 0.0, "SELLER": 0.0}