{"00T24@0": 0.0, "01T35@0": 0.6534216335540842, "02T29@1": 0.0, "03T22@1": 0.01700680272108844, "04T22@2": 0.4943820224719103, "05T23@2": 0.8802395209580837, "06T22@3": 0.0, "07T22@3": 0.0, "BUYER": 0.0, "SELLER": 0.0}