{"00T19@0": 0.0, "01T37@0": 0.0, "02T37@1": 0.021978021978021973, "03T19@1": 0.0, "04T19@2": 1.0, "05T37@2": 0.16053511705685625, "BUYER": 0.0, "SELLER": 0.0}