{"00T26@0": 0.0386363636363636, "01T26@0": 0.036697247706422034, "02T26@1": 0.0, "03T34@1": 0.0, "04T34@2": 0.6923076923076923, "05T34@2": 0.6971153846153849, "BUYER": 0.0, "SELLER": 0.0}