{"00T06@0": 0.058823529411764705, "01T22@0": 0.01763224181360201, "02T06@1": 0.0, "03T22@1": 0.4521739130434782, "04T41@2": 0.11612903225806452, "05T22@2": 0.1651376146788991, "06T06@3": 0.0, "07T41@3": 0.4076086956521739, "08T41@4": 0.05649717514124294, "09T35@4": 0.9028571428571428, "BUYER": 0.0, "SELLER": 0.0}