{"00T19@0": 0.0, "01T23@0": 0.10431654676258992, "02T24@1": 0.0, "03T23@1": 0.8397435897435898, "04T22@2": 0.04081632653061224, "05T35@2": 0.7665706051873202, "BUYER": 0.0, "SELLER": 0.0}