{"00T35@0": 0.44574095682613785, "01T35@0": 0.4368231046931408, "02T35@1": 1.0, "03T22@1": 0.0009551098376313264, "04T35@2": 0.5730337078651685, "05T35@2": 0.5888594164456231, "06T06@3": 0.5681818181818185, "07T08@3": 0.0, "BUYER": 0.0, "SELLER": 0.0}