{"00T34@0": 0.08695652173913046, "01T34@0": 0.0720720720720721, "02T15@1": 0.19863013698630136, "03T34@1": 0.8695652173913045, "04T15@2": 0.41946308724832204, "05T35@2": 0.8895705521472392, "06T15@3": 0.0, "07T35@3": 0.686475409836066, "BUYER": 0.0, "SELLER": 0.0}