{"00T10@0": 0.07339449541284407, "01T40@0": 0.08185840707964602, "02T22@1": 0.13017751479289946, "03T22@1": 0.11235955056179775, "04T35@2": 0.7999999999999999, "05T22@2": 0.4315068493150684, "06T23@3": 0.6875, "07T35@3": 0.7139959432048679, "BUYER": 0.0, "SELLER": 0.0}