{"00T22@0": 0.25964010282776356, "01T35@0": 0.29971988795518245, "02T36@1": 0.4782608695652177, "03T37@1": 0.13131313131313144, "04T35@2": 0.6194029850746264, "05T35@2": 0.6108374384236456, "BUYER": 0.0, "SELLER": 0.0}