{"00T40@0": 0.096969696969697, "01T41@0": 0.0737463126843657, "02T23@1": 0.7819905213270142, "03T22@1": 0.5268817204301078, "04T35@2": 0.6535947712418302, "05T23@2": 0.6410256410256411, "BUYER": 0.0, "SELLER": 0.0}