{"00T10@0": 0.02564102564102564, "01T22@0": 0.05128205128205128, "02T35@1": 0.75, "03T22@1": 0.25, "04T09@2": 0.0, "05T35@2": 0.0, "06T35@3": 1.0, "07T35@3": 1.0, "BUYER": 0.0, "SELLER": 0.0}