,balance,assets,bankrupt,agent_id,step
0,1548.0,132.0,False,00T10@0,0.0
1,1885.0,534.9402834008098,False,00T10@0,5.0
2,1468.0,260.0,False,01T22@0,0.0
3,1776.0,592.1813259109313,False,01T22@0,5.0
4,2747.0,0.0,False,02T35@1,0.0
5,-4110.833333333333,1467.5798076923081,True,02T35@1,5.0
6,2747.0,0.0,False,03T22@1,0.0
7,2914.0,263.47558294731886,False,03T22@1,5.0
8,3929.0,0.0,False,04T09@2,0.0
9,3159.0,1525.5012954384865,False,04T09@2,5.0
10,3929.0,0.0,False,05T35@2,0.0
11,3461.0,263.47558294731886,False,05T35@2,5.0
12,4794.0,0.0,False,06T35@3,0.0
13,4353.0,0.0,False,06T35@3,5.0
14,4794.0,0.0,False,07T35@3,0.0
15,4261.0,0.0,False,07T35@3,5.0
16,,,,,
17,,,,,
18,,,,,
19,,,,,
