{"00T22@0": 0.17216117216117227, "01T35@0": 0.19263456090651557, "02T37@1": 0.05769230769230768, "03T22@1": 0.22777777777777794, "04T23@2": 0.6107784431137725, "05T22@2": 0.3539325842696629, "06T22@3": 0.0, "07T23@3": 0.575, "08T29@4": 1.0, "09T23@4": 0.6799007444168738, "BUYER": 0.0, "SELLER": 0.0}