{"00T08@0": 0.03833865814696484, "01T36@0": 0.06413994169096215, "02T23@1": 0.819672131147541, "03T23@1": 0.8145161290322581, "04T35@2": 0.7208480565371023, "05T35@2": 0.7205387205387205, "06T23@3": 0.5952848722986245, "07T23@3": 0.5776892430278886, "BUYER": 0.0, "SELLER": 0.0}