{"00T06@0": 0.09090909090909091, "01T22@0": 0.358974358974359, "02T35@1": 0.5714285714285714, "03T22@1": 0.5416666666666666, "04T07@2": 0.4, "05T35@2": 0.25, "06T35@3": 0.6363636363636364, "07T35@3": 0.7619047619047619, "BUYER": 0.0, "SELLER": 0.0}