{"00T40@0": 0.2500000000000001, "01T35@0": 0.36452241715399575, "02T22@1": 0.0875, "03T23@1": 0.6345177664974617, "04T36@2": 0.07228915662650602, "05T23@2": 0.7619047619047618, "06T35@3": 0.8068181818181817, "07T22@3": 0.2642140468227425, "08T23@4": 0.6902834008097162, "09T22@4": 0.0, "BUYER": 0.0, "SELLER": 0.0}