{"00T41@0": 0.305210918114144, "01T20@0": 0.0, "02T35@1": 0.7076023391812867, "03T35@1": 0.6497175141242939, "04T23@2": 0.7117117117117115, "05T23@2": 0.7277936962750716, "BUYER": 0.0, "SELLER": 0.0}