{"00T22@0": 0.06603773584905666, "01T35@0": 0.2631578947368421, "02T20@1": 0.0, "03T22@1": 0.16197183098591553, "04T23@2": 0.7721518987341772, "05T22@2": 0.37000000000000005, "06T22@3": 0.1971153846153846, "07T23@3": 0.71875, "08T40@4": 0.0, "09T23@4": 0.6812080536912752, "BUYER": 0.0, "SELLER": 0.0}