{"00T41@0": 0.15105740181268879, "01T22@0": 0.23691460055096403, "02T23@1": 0.5, "03T35@1": 0.4835164835164835, "04T22@2": 0.007462686567164173, "05T35@2": 0.983739837398374, "06T26@3": 0.0, "07T22@3": 0.0, "BUYER": 0.0, "SELLER": 0.0}