{"00T41@0": 0.11160714285714295, "01T41@0": 0.1371158392434988, "02T36@1": 0.30313588850174217, "03T36@1": 0.3594306049822066, "04T36@2": 0.0206185567010309, "05T41@2": 0.06329113924050642, "BUYER": 0.0, "SELLER": 0.0}