{"00T41@0": 0.1364522417153997, "01T41@0": 0.124731182795699, "02T36@1": 0.4153846153846154, "03T41@1": 0.24653739612188366, "04T36@2": 0.004106776180698146, "05T36@2": 0.023354564755838664, "BUYER": 0.0, "SELLER": 0.0}