{"00T15@0": 0.09719934102141684, "01T15@0": 0.08955223880597014, "02T41@1": 0.13432835820895522, "03T15@1": 0.22839506172839505, "04T41@2": 0.43274853801169616, "05T35@2": 0.8343949044585988, "06T41@3": 0.0, "07T35@3": 0.7093235831809873, "BUYER": 0.0, "SELLER": 0.0}