{"00T24@0": 0.004228329809725156, "01T37@0": 0.10477941176470591, "02T22@1": 0.31724137931034485, "03T23@1": 0.6387434554973821, "04T37@2": 0.11818181818181821, "05T24@2": 0.0, "06T37@3": 0.08661417322834654, "07T24@3": 0.9498069498069498, "BUYER": 0.0, "SELLER": 0.0}