{"00T29@0": 0.0, "01T29@0": 0.0, "02T15@1": 1.0, "03T29@1": 0.0, "04T15@2": 0.45454545454545453, "05T15@2": 0.5789473684210527, "BUYER": 0.0, "SELLER": 0.0}