{"00T20@0": 0.21739130434782605, "01T23@0": 0.14344262295081972, "02T34@1": 0.3310344827586207, "03T20@1": 0.9821428571428571, "04T34@2": 0.5045045045045045, "05T23@2": 0.44, "06T20@3": 0.5873015873015871, "07T34@3": 0.5398773006134968, "BUYER": 0.0, "SELLER": 0.0}