{"00T12@0": 0.003003003003003003, "01T36@0": 0.01092896174863388, "02T12@1": 0.0, "03T36@1": 0.3888888888888889, "04T41@2": 0.4868421052631579, "05T36@2": 0.10126582278481013, "06T41@2": 0.4444444444444444, "07T41@3": 0.4007782101167315, "08T12@3": 0.3333333333333333, "BUYER": 0.0, "SELLER": 0.0}