{"00T35@0": 0.5130434782608696, "01T22@0": 0.19230769230769232, "02T20@1": 0.4868421052631582, "03T35@1": 0.4933920704845815, "04T09@2": 0.0, "05T35@2": 0.5398550724637682, "BUYER": 0.0, "SELLER": 0.0}