{"time_limit": 10800, "spot_discount": 0.9, "spot_market_global_loss": 0.2, "neg_quota_step": 316, "n_processes": 4, "n_products": 5, "n_steps": 79, "financial_reports_period": 5, "exogenous_horizon": 28, "max_productivity": 1.0, "catalog_prices": [10, 17, 23, 34, 53], "cash_availability": [1.5, 2.5], "expected_productivity": 0.9493670886075949, "expected_mean_profit": 0.09642328008245298, "initial_balance": [27116, 27116, 33624, 33624, 50708, 50708, 74840, 74840]}