{"00T34@0": 0.0, "01T23@0": 0.42576419213973793, "02T38@1": 0.0, "03T34@1": 0.0, "04T38@2": 0.03088803088803086, "05T34@2": 1.0, "06T22@3": 0.7246376811594202, "07T35@3": 0.46579804560260596, "08T38@4": 0.006493506493506494, "09T23@4": 0.700251889168766, "BUYER": 0.0, "SELLER": 0.0}