{"00T23@0": 0.0, "01T23@0": 0.0, "02T35@1": 1.0, "03T35@1": 1.0, "04T34@2": 0.35260115606936393, "05T26@2": 0.13592233009708746, "06T22@3": 0.06222222222222226, "07T23@3": 0.6945945945945946, "BUYER": 0.0, "SELLER": 0.0}