{"00T22@0": 0.26932668329177073, "01T23@0": 0.06642066420664207, "02T20@1": 0.10714285714285714, "03T35@1": 0.44171779141104295, "04T19@2": 0.0, "05T23@2": 0.8074074074074075, "06T23@3": 0.8054711246200604, "07T35@3": 0.7968253968253964, "BUYER": 0.0, "SELLER": 0.0}