{"00T40@0": 0.08941176470588243, "01T22@0": 0.1102756892230577, "02T23@1": 0.7248322147651006, "03T35@1": 0.6834532374100719, "04T40@2": 0.3891625615763547, "05T36@2": 0.27135678391959794, "06T40@3": 0.324, "07T22@3": 0.319298245614035, "08T36@4": 0.004484304932735421, "09T36@4": 0.01882845188284519, "BUYER": 0.0, "SELLER": 0.0}