{"00T37@0": 0.083710407239819, "01T35@0": 0.38644688644688663, "02T36@1": 0.165266106442577, "03T37@1": 0.013698630136986295, "04T36@2": 0.20717131474103595, "05T22@2": 0.20078740157480332, "06T23@3": 0.5981308411214953, "07T35@3": 0.5612244897959181, "08T36@4": 0.0, "09T37@4": 0.01851851851851852, "BUYER": 0.0, "SELLER": 0.0}