{"time_limit": 10800, "spot_discount": 0.9, "spot_market_global_loss": 0.2, "neg_quota_step": 324, "n_processes": 3, "n_products": 4, "n_steps": 54, "financial_reports_period": 5, "exogenous_horizon": 12, "max_productivity": 1.0, "catalog_prices": [10, 17, 24, 31], "cash_availability": [1.5, 2.5], "expected_productivity": 1.1805555555555556, "expected_mean_profit": 0.08001175956632478, "initial_balance": [16822, 16822, 16822, 16822, 16822, 29679, 29679, 29679, 29679, 53711, 53711, 53711]}