{"00T26@0": 0.2028985507246377, "01T35@0": 0.14137931034482754, "02T35@1": 0.6076696165191741, "03T35@1": 0.5335365853658538, "04T20@2": 0.7094017094017093, "05T35@2": 0.654568210262829, "BUYER": 0.0, "SELLER": 0.0}