{"00T22@0": 0.060790273556230984, "01T35@0": 0.6552795031055897, "02T10@1": 0.4290780141843971, "03T09@1": 0.0, "04T35@2": 0.7775, "05T35@2": 0.8009828009828007, "BUYER": 0.0, "SELLER": 0.0}