{"00T22@0": 0.6440972222222227, "01T23@0": 0.0, "02T35@1": 0.5852534562211983, "03T35@1": 0.5673076923076924, "04T40@2": 0.2344139650872818, "05T23@2": 0.0, "06T35@3": 0.7963800904977374, "07T35@3": 0.6872246696035242, "08T41@4": 0.4313725490196079, "09T22@4": 0.0, "BUYER": 0.0, "SELLER": 0.0}