{"time_limit": 10800, "spot_discount": 0.9, "spot_market_global_loss": 0.2, "neg_quota_step": 445, "n_processes": 5, "n_products": 6, "n_steps": 89, "financial_reports_period": 5, "exogenous_horizon": 39, "max_productivity": 1.0, "catalog_prices": [10, 20, 29, 44, 58, 76], "cash_availability": [1.5, 2.5], "expected_productivity": 0.9438202247191011, "expected_mean_profit": 0.08830984552871747, "initial_balance": [28712, 28712, 42988, 42988, 60535, 60535, 74412, 74412, 103443, 103443]}