{"00T26@0": 0.1477495107632091, "01T35@0": 0.07947019867549676, "02T35@1": 0.5273224043715847, "03T35@1": 0.5218579234972679, "04T09@2": 0.0, "05T35@2": 0.6492194674012849, "BUYER": 0.0, "SELLER": 0.0}