,balance,assets,bankrupt,agent_id,step
0,1379.0,120.0,False,00T24@0,0.0
1,1179.0,319.99999999999994,False,00T24@0,5.0
2,1419.0,152.0,False,01T10@0,0.0
3,1364.0,329.31954636424274,False,01T10@0,5.0
4,1899.0,0.0,False,02T10@1,0.0
5,1879.0,52.0,False,02T10@1,5.0
6,1899.0,0.0,False,03T10@1,0.0
7,1784.0,182.0,False,03T10@1,5.0
8,2732.0,0.0,False,04T24@2,0.0
9,2557.0,0.0,False,04T24@2,5.0
10,2732.0,0.0,False,05T24@2,0.0
11,2498.0,0.0,False,05T24@2,5.0
12,,,,,
13,,,,,
14,,,,,
15,,,,,
