{"00T35@0": 0.5015353121801432, "01T35@0": 0.48500000000000004, "02T35@1": 0.0, "03T22@1": 0.0010152284263959378, "04T35@2": 0.706382978723404, "05T35@2": 0.6849593495934955, "06T09@3": 0.0, "07T36@3": 0.0, "BUYER": 0.0, "SELLER": 0.0}