{"00T22@0": 0.12087912087912088, "01T23@0": 0.20430107526881736, "02T41@1": 0.5940594059405941, "03T23@1": 0.8064516129032258, "04T37@2": 0.024229074889867863, "05T22@2": 0.0, "BUYER": 0.0, "SELLER": 0.0}