{"00T38@0": 0.02430555555555556, "01T18@0": 0.0, "02T38@1": 0.1161695447409733, "03T18@1": 0.0, "04T38@2": 0.0, "05T18@2": 0.0, "BUYER": 0.0, "SELLER": 0.0}