{"00T26@0": 0.08010680907877177, "01T35@0": 0.6088607594936707, "02T35@1": 0.73546511627907, "03T35@1": 0.6041666666666666, "04T04@2": 0.030434782608695636, "05T35@2": 0.7763845350052244, "BUYER": 0.0, "SELLER": 0.0}