{"00T12@0": 0.0, "01T12@0": 0.0, "02T40@1": 0.0, "03T12@1": 0.0, "04T40@2": 0.8588957055214722, "05T40@2": 0.8227848101265827, "BUYER": 0.0, "SELLER": 0.0}