{"00T16@0": 0.0, "01T22@0": 0.12947658402203827, "02T22@1": 0.46846846846846846, "03T35@1": 0.6308724832214765, "04T24@2": 0.9881656804733728, "05T35@2": 0.7022222222222214, "BUYER": 0.0, "SELLER": 0.0}