{"time_limit": 10800, "spot_discount": 0.9, "spot_market_global_loss": 0.2, "neg_quota_step": 440, "n_processes": 5, "n_products": 6, "n_steps": 88, "financial_reports_period": 5, "exogenous_horizon": 34, "max_productivity": 1.0, "catalog_prices": [10, 18, 30, 38, 48, 60], "cash_availability": [1.5, 2.5], "expected_productivity": 0.9431818181818182, "expected_mean_profit": 0.06225961054390946, "initial_balance": [29509, 29509, 41574, 41574, 61188, 61188, 77764, 77764, 87919, 87919]}