{"00T03@0": 0.062499999999999986, "01T35@0": 0.3013698630136986, "02T35@1": 0.5813953488372093, "03T35@1": 0.5306122448979592, "04T09@2": 0.0, "05T35@2": 0.3625, "BUYER": 0.0, "SELLER": 0.0}