{"00T26@0": 0.015564202334630333, "01T29@0": 0.0, "02T26@1": 0.017857142857142846, "03T29@1": 0.0, "04T29@2": 1.0, "05T26@2": 0.025641025641025616, "BUYER": 0.0, "SELLER": 0.0}