{"00T41@0": 0.30830039525691694, "01T24@0": 0.0, "02T41@1": 0.7093023255813953, "03T23@1": 0.5630252100840335, "04T24@2": 0.10526315789473684, "05T41@2": 0.24381625441696114, "06T24@3": 0.9733333333333334, "07T23@3": 0.6584158415841582, "BUYER": 0.0, "SELLER": 0.0}