{"00T09@0": 0.0, "01T22@0": 0.12864721485411149, "02T22@1": 0.4425287356321833, "03T35@1": 0.5296803652968035, "04T20@2": 0.6791366906474813, "05T35@2": 0.6198738170347, "BUYER": 0.0, "SELLER": 0.0}