{"00T09@0": 0.0, "01T09@0": 0.0, "02T10@1": 0.2551724137931035, "03T10@1": 0.2375, "04T10@2": 0.02664298401420959, "05T09@2": 0.0, "BUYER": 0.0, "SELLER": 0.0}