{"00T22@0": 0.0, "01T23@0": 0.12371134020618568, "02T09@1": 0.0, "03T23@1": 0.7826086956521738, "04T41@2": 0.0, "05T35@2": 0.7606837606837611, "BUYER": 0.0, "SELLER": 0.0}