{"time_limit": 10800, "spot_discount": 0.9, "spot_market_global_loss": 0.2, "neg_quota_step": 465, "n_processes": 5, "n_products": 6, "n_steps": 93, "financial_reports_period": 5, "exogenous_horizon": 28, "max_productivity": 1.0, "catalog_prices": [10, 15, 21, 33, 44, 55], "cash_availability": [1.5, 2.5], "expected_productivity": 0.946236559139785, "expected_mean_profit": 0.060289319048289075, "initial_balance": [24276, 24276, 38842, 38842, 55329, 55329, 76267, 76267, 103780, 103780]}