{"00T23@0": 0.47445255474452563, "01T22@0": 0.10954063604240277, "02T29@1": 0.0, "03T41@1": 0.6059544658493873, "04T35@2": 0.5558659217877093, "05T35@2": 0.6246786632390745, "06T23@3": 0.5069767441860467, "07T22@3": 0.0, "BUYER": 0.0, "SELLER": 0.0}