{"00T35@0": 0.18456883509833588, "01T22@0": 0.10015649452269167, "02T06@1": 0.0, "03T22@1": 0.3915211970074813, "04T41@2": 0.02577319587628865, "05T23@2": 0.8333333333333334, "BUYER": 0.0, "SELLER": 0.0}