{"00T37@0": 0.036269430051813434, "01T22@0": 0.20204603580562644, "02T15@1": 0.29411764705882343, "03T22@1": 0.20967741935483872, "04T15@2": 0.1191709844559586, "05T22@2": 0.1485714285714285, "06T15@3": 0.3641975308641976, "07T37@3": 0.13017751479289946, "08T37@4": 0.09705882352941186, "09T35@4": 0.8058252427184471, "BUYER": 0.0, "SELLER": 0.0}