{"00T27@0": 0.0, "01T20@0": 0.12132352941176468, "02T23@1": 0.9161290322580645, "03T22@1": 0.2653061224489796, "04T23@2": 0.5934065934065925, "05T22@2": 0.007999999999999993, "BUYER": 0.0, "SELLER": 0.0}