{"00T24@0": 0.003236245954692553, "01T22@0": 0.20219780219780206, "02T22@1": 0.21195652173913043, "03T35@1": 0.8310344827586207, "04T38@2": 0.06190476190476191, "05T35@2": 0.6390977443609022, "BUYER": 0.0, "SELLER": 0.0}