,balance,assets,bankrupt,agent_id,step
0,1683.0,171.0,False,00T09@0,0.0
1,1625.0,668.7142857142858,False,00T09@0,5.0
2,1663.0,200.0,False,01T09@0,0.0
3,1425.0,1100.142857142857,False,01T09@0,5.0
4,2246.0,0.0,False,02T09@1,0.0
5,2246.0,0.0,False,02T09@1,5.0
6,2246.0,0.0,False,03T10@1,0.0
7,1726.0,336.40748440748433,False,03T10@1,5.0
8,3231.0,0.0,False,04T10@2,0.0
9,3055.0,0.0,False,04T10@2,5.0
10,3231.0,0.0,False,05T10@2,0.0
11,3125.0,140.0,False,05T10@2,5.0
12,,,,,
13,,,,,
14,,,,,
15,,,,,
