{"00T35@0": 0.3393574297188755, "01T23@0": 0.0, "02T20@1": 0.37184115523465705, "03T23@1": 0.993006993006993, "04T23@2": 0.8430232558139535, "05T22@2": 0.0, "06T29@3": 0.0, "07T22@3": 0.31615925058548017, "08T22@4": 0.0496688741721855, "09T22@4": 0.03405572755417959, "BUYER": 0.0, "SELLER": 0.0}