{"00T35@0": 0.02185792349726772, "01T23@0": 0.02216066481994456, "02T23@1": 0.9407407407407408, "03T35@1": 0.8823529411764706, "04T37@2": 0.00943396226415094, "05T23@2": 0.7197452229299364, "06T06@3": 0.0, "07T35@3": 0.676587301587302, "BUYER": 0.0, "SELLER": 0.0}