{"00T12@0": 0.03937007874015748, "01T20@0": 0.0, "02T12@1": 0.015479876160990707, "03T12@1": 0.01286173633440513, "04T20@2": 0.0, "05T02@2": 0.0, "06T02@3": 1.0, "07T20@3": 0.0, "08T02@4": 1.0, "09T22@4": 0.7789115646258501, "BUYER": 0.0, "SELLER": 0.0}