{"time_limit": 10800, "spot_discount": 0.9, "spot_market_global_loss": 0.2, "neg_quota_step": 460, "n_processes": 5, "n_products": 6, "n_steps": 92, "financial_reports_period": 5, "exogenous_horizon": 32, "max_productivity": 1.0, "catalog_prices": [10, 16, 23, 35, 43, 48], "cash_availability": [1.5, 2.5], "expected_productivity": 0.9456521739130435, "expected_mean_profit": 0.05140017856965046, "initial_balance": [26608, 26608, 40526, 40526, 61403, 61403, 83712, 83712, 89034, 89034]}