{"00T24@0": 0.0, "01T35@0": 0.0, "02T35@1": 1.0, "03T35@1": 1.0, "04T20@2": 0.0, "05T22@2": 0.006825938566552893, "06T35@3": 0.8579234972677595, "07T35@3": 0.8907103825136611, "08T22@4": 0.0, "09T22@4": 0.0, "BUYER": 0.0, "SELLER": 0.0}