{"00T35@0": 0.4161137440758294, "01T35@0": 0.4250000000000001, "02T35@1": 0.8796992481203008, "03T22@1": 0.2730517549077925, "04T35@2": 0.4885177453027141, "05T35@2": 0.43205128205128174, "06T20@3": 0.636612021857924, "07T38@3": 0.0, "BUYER": 0.0, "SELLER": 0.0}