{"00T24@0": 0.0, "01T22@0": 0.1362007168458781, "02T22@1": 0.42318840579710143, "03T35@1": 0.8293650793650794, "04T15@2": 0.022522522522522515, "05T35@2": 0.6713735558408213, "BUYER": 0.0, "SELLER": 0.0}