{"00T09@0": 0.0, "01T22@0": 0.20754716981132076, "02T35@1": 0.6285714285714286, "03T22@1": 0.2857142857142857, "04T36@2": 0.07142857142857142, "05T35@2": 0.0, "06T35@3": 0.7567567567567568, "07T35@3": 0.7567567567567568, "BUYER": 0.0, "SELLER": 0.0}