{"00T03@0": 0.0, "01T36@0": 0.04255319148936171, "02T03@1": 0.0, "03T22@1": 0.15306122448979595, "04T36@2": 0.6143790849673204, "05T03@2": 0.0, "06T36@3": 0.06115107913669065, "07T22@3": 0.052434456928838975, "BUYER": 0.0, "SELLER": 0.0}