{"00T34@0": 0.06980802792321111, "01T34@0": 0.07478260869565222, "02T37@1": 0.10091743119266057, "03T37@1": 0.19642857142857148, "04T37@2": 0.06818181818181816, "05T34@2": 0.7507692307692311, "BUYER": 0.0, "SELLER": 0.0}