{"00T35@0": 0.2549575070821527, "01T22@0": 0.05381944444444443, "02T03@1": 0.0, "03T35@1": 0.6275510204081632, "04T29@2": 1.0, "05T35@2": 0.7234636871508379, "BUYER": 0.0, "SELLER": 0.0}