{"00T35@0": 0.04210526315789474, "01T22@0": 0.061465721040189075, "02T29@1": 0.0, "03T35@1": 0.7345971563981045, "04T17@2": 0.07630522088353414, "05T35@2": 0.8031319910514549, "BUYER": 0.0, "SELLER": 0.0}