{"00T24@0": 0.0, "01T41@0": 0.019455252918287938, "02T24@1": 0.0, "03T22@1": 0.23863636363636356, "04T41@2": 0.5, "05T24@2": 0.15384615384615385, "06T41@3": 0.04672897196261682, "07T22@3": 0.027667984189723337, "BUYER": 0.0, "SELLER": 0.0}