{"00T35@0": 0.25551470588235276, "01T23@0": 0.5070603337612323, "02T38@1": 0.0, "03T36@1": 0.0, "04T36@2": 0.23076923076923084, "05T36@2": 0.3619631901840491, "06T38@3": 0.0, "07T38@3": 0.016666666666666666, "BUYER": 0.0, "SELLER": 0.0}