{"00T24@0": 0.0, "01T35@0": 0.1678657074340528, "02T20@1": 0.7280701754385965, "03T22@1": 0.601731601731602, "04T22@2": 0.0, "05T22@2": 0.002976190476190472, "BUYER": 0.0, "SELLER": 0.0}