{"00T36@0": 0.07736389684813756, "01T40@0": 0.10764872521246462, "02T36@1": 0.03305785123966942, "03T22@1": 0.09734513274336284, "04T40@2": 0.12500000000000006, "05T36@2": 0.24444444444444444, "06T40@3": 0.07035175879396983, "07T22@3": 0.030120481927710833, "BUYER": 0.0, "SELLER": 0.0}