{"00T23@0": 0.0031446540880503107, "01T22@0": 0.18648018648018644, "02T24@1": 0.0, "03T35@1": 0.14953271028037382, "04T35@2": 0.8805970149253731, "05T35@2": 0.9076923076923078, "06T36@3": 0.3890675241157554, "07T35@3": 0.876543209876543, "08T22@4": 0.0, "09T35@4": 0.6505050505050504, "BUYER": 0.0, "SELLER": 0.0}