{"00T40@0": 0.106544901065449, "01T35@0": 0.09299191374663072, "02T35@1": 0.751592356687898, "03T35@1": 0.8074324324324326, "04T41@2": 0.0, "05T35@2": 0.721387283236994, "BUYER": 0.0, "SELLER": 0.0}