{"00T40@0": 0.024137931034482772, "01T40@0": 0.01706484641638226, "02T10@1": 0.46511627906976744, "03T40@1": 0.7967914438502673, "04T10@2": 0.01104972375690606, "05T10@2": 0.005347593582887692, "BUYER": 0.0, "SELLER": 0.0}