{"00T23@0": 0.18749999999999994, "01T23@0": 0.19911504424778773, "02T34@1": 0.5695652173913041, "03T35@1": 0.6157205240174671, "04T20@2": 0.6075388026607543, "05T23@2": 0.6539792387543251, "BUYER": 0.0, "SELLER": 0.0}