{"00T15@0": 0.0, "01T15@0": 0.0, "02T15@1": 0.0, "03T34@1": 0.0, "04T34@2": 0.6432432432432431, "05T34@2": 0.7237569060773485, "BUYER": 0.0, "SELLER": 0.0}