{"00T36@0": 0.276485788113695, "01T41@0": 0.1824104234527687, "02T41@1": 0.5422222222222219, "03T36@1": 0.4312796208530806, "04T41@2": 0.36021505376344065, "05T36@2": 0.020057306590257888, "BUYER": 0.0, "SELLER": 0.0}