{"00T29@0": 0.0, "01T36@0": 0.2597014925373132, "02T35@1": 0.5889830508474577, "03T35@1": 0.5353982300884956, "04T36@2": 0.003289473684210523, "05T23@2": 0.8707482993197277, "06T29@3": 0.0, "07T36@3": 0.17919075144508675, "08T29@4": 1.0, "09T35@4": 0.833082706766917, "BUYER": 0.0, "SELLER": 0.0}