{"00T38@0": 0.0, "01T24@0": 0.0, "02T35@1": 0.8544600938967136, "03T22@1": 0.9142857142857143, "04T22@2": 0.15608465608465613, "05T23@2": 0.8602941176470589, "06T22@3": 0.17543859649122803, "07T22@3": 0.20346320346320346, "08T22@4": 0.014563106796116498, "09T35@4": 0.6541353383458649, "BUYER": 0.0, "SELLER": 0.0}