{"time_limit": 10800, "spot_discount": 0.9, "spot_market_global_loss": 0.2, "neg_quota_step": 335, "n_processes": 5, "n_products": 6, "n_steps": 67, "financial_reports_period": 5, "exogenous_horizon": 29, "max_productivity": 1.0, "catalog_prices": [10, 19, 28, 39, 50, 62], "cash_availability": [1.5, 2.5], "expected_productivity": 0.9253731343283582, "expected_mean_profit": 0.07535509388486615, "initial_balance": [17814, 17814, 26053, 26053, 37521, 37521, 48321, 48321, 64465, 64465]}