{"00T34@0": 0.14761904761904768, "01T35@0": 0.07175925925925927, "02T29@1": 0.0, "03T22@1": 0.30588235294117644, "04T35@2": 0.7626168224299064, "05T35@2": 0.7678916827852996, "BUYER": 0.0, "SELLER": 0.0}