{"time_limit": 10800, "spot_discount": 0.9, "spot_market_global_loss": 0.2, "neg_quota_step": 540, "n_processes": 4, "n_products": 5, "n_steps": 90, "financial_reports_period": 5, "exogenous_horizon": 37, "max_productivity": 1.0, "catalog_prices": [10, 16, 21, 32, 41], "cash_availability": [1.5, 2.5], "expected_productivity": 0.6370370370370371, "expected_mean_profit": 0.07486523587906385, "initial_balance": [21553, 21553, 28943, 28943, 44260, 44260, 18193, 18193, 18193, 18193, 18193, 18193]}