{"00T24@0": 0.0, "01T35@0": 0.06543209876543206, "02T35@1": 0.875, "03T35@1": 0.8779342723004695, "04T09@2": 0.0, "05T35@2": 0.6716417910447753, "BUYER": 0.0, "SELLER": 0.0}