{"00T12@0": 0.0, "01T41@0": 0.07692307692307693, "02T29@1": 0.0, "03T24@1": 1.0, "04T12@1": 0.0, "05T41@1": 0.6666666666666666, "06T24@2": 1.0, "07T41@2": 0.25, "08T29@2": 0.0, "09T29@3": 1.0, "10T24@3": 1.0, "11T12@3": 0.0, "BUYER": 0.0, "SELLER": 0.0}