{"00T36@0": 0.0, "01T36@0": 0.0, "02T34@1": 0.24778761061946902, "03T34@1": 0.2391304347826087, "04T36@2": 0.10421836228287841, "05T34@2": 1.0, "BUYER": 0.0, "SELLER": 0.0}