{"00T29@0": 0.0, "01T23@0": 0.355119825708061, "02T40@1": 0.5302325581395351, "03T22@1": 0.5504587155963302, "04T35@2": 0.6926070038910503, "05T23@2": 0.6890595009596929, "BUYER": 0.0, "SELLER": 0.0}