{"00T29@0": 0.0, "01T35@0": 0.17687074829931973, "02T24@1": 1.0, "03T22@1": 0.5294117647058825, "04T22@2": 0.19540229885057464, "05T22@2": 0.15498154981549822, "BUYER": 0.0, "SELLER": 0.0}