{"00T41@0": 0.05357142857142857, "01T22@0": 0.0763358778625955, "02T22@1": 0.44590163934426247, "03T35@1": 0.7880434782608695, "04T36@2": 0.0, "05T35@2": 0.6410256410256416, "BUYER": 0.0, "SELLER": 0.0}