{"00T26@0": 0.0, "01T24@0": 0.0021645021645021615, "02T24@1": 1.0, "03T26@1": 0.39175257731958757, "04T35@2": 0.5445544554455444, "05T23@2": 0.6203007518796992, "06T24@3": 0.8823529411764706, "07T22@3": 0.1851106639839034, "08T26@4": 0.06017191977077364, "09T22@4": 0.014888337468982615, "BUYER": 0.0, "SELLER": 0.0}