{"00T10@0": 0.028828828828828798, "01T10@0": 0.024074074074074053, "02T40@1": 0.060606060606060594, "03T10@1": 0.013824884792626722, "04T40@2": 0.13375796178343946, "05T40@2": 0.027522935779816515, "BUYER": 0.0, "SELLER": 0.0}