{"00T22@0": 0.027272727272727285, "01T23@0": 0.05970149253731346, "02T16@1": 0.0, "03T23@1": 0.7407407407407406, "04T21@2": 0.013333333333333334, "05T35@2": 0.7576923076923076, "BUYER": 0.0, "SELLER": 0.0}