{"00T22@0": 0.0, "01T22@0": 0.0, "02T09@1": 0.0, "03T21@1": 0.0, "04T22@2": 1.0, "05T35@2": 1.0, "06T35@3": 0.6998514115898963, "07T35@3": 0.6747352496217855, "BUYER": 0.0, "SELLER": 0.0}