{"00T23@0": 0.008333333333333328, "01T22@0": 0.22590361445783133, "02T35@1": 0.4631578947368421, "03T23@1": 0.46808510638297873, "04T34@2": 0.31724137931034485, "05T35@2": 1.0, "06T23@3": 0.7659574468085106, "07T22@3": 0.43157894736842106, "08T20@4": 0.6587030716723551, "09T22@4": 0.0, "BUYER": 0.0, "SELLER": 0.0}