{"00T35@0": 0.16221374045801526, "01T35@0": 0.15124555160142353, "02T35@1": 1.0, "03T22@1": 0.01363636363636363, "04T19@2": 1.0, "05T40@2": 0.0, "BUYER": 0.0, "SELLER": 0.0}