{"time_limit": 10800, "spot_discount": 0.9, "spot_market_global_loss": 0.2, "neg_quota_step": 384, "n_processes": 5, "n_products": 6, "n_steps": 64, "financial_reports_period": 5, "exogenous_horizon": 13, "max_productivity": 1.0, "catalog_prices": [10, 18, 30, 43, 55, 72], "cash_availability": [1.5, 2.5], "expected_productivity": 0.7682291666666666, "expected_mean_profit": 0.12414839047785418, "initial_balance": [14837, 14837, 25488, 25488, 25082, 25082, 25082, 34938, 34938, 34938, 58552, 58552]}