{"00T26@0": 0.13357400722021667, "01T13@0": 0.0, "02T26@1": 0.14864864864864866, "03T22@1": 0.14084507042253522, "04T26@2": 0.0, "05T13@2": 0.0, "06T13@3": 0.0, "07T22@3": 0.2500000000000001, "BUYER": 0.0, "SELLER": 0.0}