{"00T23@0": 0.0, "01T22@0": 0.23630136986301378, "02T35@1": 0.6400000000000002, "03T23@1": 0.7024793388429752, "04T36@2": 0.01843317972350229, "05T35@2": 0.718181818181818, "06T23@3": 0.8666666666666669, "07T22@3": 0.05660377358490571, "08T40@4": 0.0, "09T22@4": 0.0, "BUYER": 0.0, "SELLER": 0.0}