{"00T35@0": 0.45155709342560535, "01T22@0": 0.1953125, "02T33@1": 0.15365853658536582, "03T35@1": 0.6344086021505381, "04T37@2": 0.06231454005934718, "05T35@2": 0.7029126213592233, "BUYER": 0.0, "SELLER": 0.0}