{"time_limit": 10800, "spot_discount": 0.9, "spot_market_global_loss": 0.2, "neg_quota_step": 247, "n_processes": 4, "n_products": 5, "n_steps": 55, "financial_reports_period": 5, "exogenous_horizon": 26, "max_productivity": 1.0, "catalog_prices": [10, 21, 31, 40, 57], "cash_availability": [1.5, 2.5], "expected_productivity": 1.2363636363636363, "expected_mean_profit": 0.07645419067087902, "initial_balance": [17751, 17751, 17751, 44117, 44117, 59518, 59518, 71526, 71526]}