{"00T35@0": 0.40214477211796246, "01T22@0": 0.23195876288659786, "02T41@1": 0.0, "03T35@1": 0.6165803108808294, "04T16@2": 1.0, "05T35@2": 0.5710955710955712, "BUYER": 0.0, "SELLER": 0.0}