{"00T35@0": 0.03664921465968587, "01T22@0": 0.030357142857142864, "02T14@1": 0.0, "03T35@1": 0.8354430379746832, "04T03@2": 0.25512104283054, "05T35@2": 0.8644338118022329, "BUYER": 0.0, "SELLER": 0.0}