{"00T22@0": 0.054607508532423146, "01T35@0": 0.06415094339622641, "02T24@1": 1.0, "03T23@1": 0.717105263157895, "04T37@2": 0.2768361581920904, "05T23@2": 0.7777777777777777, "BUYER": 0.0, "SELLER": 0.0}