,balance,assets,bankrupt,agent_id,step
0,1516.0,160.0,False,00T07@0,0.0
1,1221.0,620.6521739130435,False,00T07@0,5.0
2,1516.0,160.0,False,01T08@0,0.0
3,1216.0,647.8260869565217,False,01T08@0,5.0
4,2569.0,0.0,False,02T08@1,0.0
5,2599.0,0.0,False,02T08@1,5.0
6,2569.0,0.0,False,03T07@1,0.0
7,2544.0,26.1,False,03T07@1,5.0
8,3550.0,0.0,False,04T07@2,0.0
9,3339.0,0.0,False,04T07@2,5.0
10,3550.0,0.0,False,05T08@2,0.0
11,3391.0,0.0,False,05T08@2,5.0
12,,,,,
13,,,,,
14,,,,,
15,,,,,
