{"00T06@0": 0.36363636363636365, "01T24@0": 0.0, "02T22@1": 0.9898305084745763, "03T23@1": 0.968944099378882, "04T22@2": 0.0, "05T35@2": 0.4170506912442395, "BUYER": 0.0, "SELLER": 0.0}