{"00T35@0": 0.1559714795008912, "01T35@0": 0.15323992994746066, "02T35@1": 0.0, "03T22@1": 0.4764621968616263, "04T35@2": 0.0, "05T35@2": 0.0, "06T16@3": 1.0, "07T24@3": 1.0, "BUYER": 0.0, "SELLER": 0.0}