{"00T41@0": 0.0, "01T41@0": 0.0, "02T34@1": 0.26446280991735516, "03T34@1": 0.26337448559670795, "04T41@2": 0.012618296529968438, "05T34@2": 1.0, "BUYER": 0.0, "SELLER": 0.0}