{"00T22@0": 0.2087227414330218, "01T22@0": 0.11594202898550728, "02T10@1": 0.11464968152866242, "03T22@1": 0.12121212121212122, "04T37@2": 0.1096491228070176, "05T35@2": 0.7792207792207793, "06T23@3": 0.6106442577030818, "07T22@3": 0.0, "BUYER": 0.0, "SELLER": 0.0}