{"00T24@0": 0.0, "01T22@0": 0.0, "02T35@1": 0.38461538461538464, "03T22@1": 0.7222222222222222, "04T36@2": 0.16, "05T35@2": 0.0, "06T35@3": 0.8043478260869565, "07T35@3": 0.7857142857142857, "BUYER": 0.0, "SELLER": 0.0}