{"00T23@0": 0.0, "01T23@0": 0.0, "02T23@1": 1.0, "03T35@1": 1.0, "04T35@2": 0.8437500000000001, "05T23@2": 0.7297297297297299, "06T02@3": 0.6835443037974683, "07T23@3": 0.7850746268656719, "08T29@4": 1.0, "09T12@4": 0.0, "BUYER": 0.0, "SELLER": 0.0}