{"time_limit": 10800, "spot_discount": 0.9, "spot_market_global_loss": 0.2, "neg_quota_step": 515, "n_processes": 5, "n_products": 6, "n_steps": 103, "financial_reports_period": 5, "exogenous_horizon": 23, "max_productivity": 1.0, "catalog_prices": [10, 18, 29, 45, 61, 71], "cash_availability": [1.5, 2.5], "expected_productivity": 0.9514563106796117, "expected_mean_profit": 0.09834819717706053, "initial_balance": [23918, 23918, 40103, 40103, 62187, 62187, 79727, 79727, 101971, 101971]}