{"00T40@0": 0.25698324022346375, "01T22@0": 0.2486033519553073, "02T35@1": 0.4640883977900552, "03T35@1": 0.4857142857142857, "04T15@2": 0.6997455470737919, "05T35@2": 0.8715596330275229, "06T22@3": 0.0, "07T22@3": 0.0, "BUYER": 0.0, "SELLER": 0.0}