{"00T22@0": 0.29811320754716986, "01T23@0": 0.3597359735973598, "02T40@1": 0.0864197530864198, "03T23@1": 0.6504854368932039, "04T24@2": 0.38461538461538464, "05T22@2": 0.17142857142857143, "06T23@3": 0.8486842105263158, "07T22@3": 0.3675889328063241, "08T23@4": 0.6112676056338023, "09T35@4": 0.5752212389380533, "BUYER": 0.0, "SELLER": 0.0}