{"00T35@0": 0.8144044321329637, "01T22@0": 0.2515337423312884, "02T04@1": 0.10441767068273097, "03T35@1": 0.5473251028806582, "04T16@2": 1.0, "05T35@2": 0.6392294220665496, "BUYER": 0.0, "SELLER": 0.0}