{"00T20@0": 0.0, "01T22@0": 0.1671826625386997, "02T36@1": 0.3138686131386861, "03T23@1": 0.7008547008547008, "04T35@2": 0.7401574803149605, "05T22@2": 0.15165876777251197, "06T22@3": 0.2924187725631768, "07T23@3": 0.7465753424657534, "08T23@4": 0.6513761467889905, "09T23@4": 0.6627218934911243, "BUYER": 0.0, "SELLER": 0.0}