{"time_limit": 10800, "spot_discount": 0.9, "spot_market_global_loss": 0.2, "neg_quota_step": 285, "n_processes": 5, "n_products": 6, "n_steps": 57, "financial_reports_period": 5, "exogenous_horizon": 15, "max_productivity": 1.0, "catalog_prices": [10, 21, 31, 45, 61, 70], "cash_availability": [1.5, 2.5], "expected_productivity": 0.9122807017543859, "expected_mean_profit": 0.08372993210229075, "initial_balance": [17231, 17231, 24937, 24937, 36089, 36089, 49395, 49395, 61456, 61456]}