{"time_limit": 10800, "spot_discount": 0.9, "spot_market_global_loss": 0.2, "neg_quota_step": 565, "n_processes": 5, "n_products": 6, "n_steps": 113, "financial_reports_period": 5, "exogenous_horizon": 32, "max_productivity": 1.0, "catalog_prices": [10, 16, 24, 31, 46, 64], "cash_availability": [1.5, 2.5], "expected_productivity": 0.9557522123893806, "expected_mean_profit": 0.12515106853352984, "initial_balance": [25407, 25407, 36114, 36114, 47547, 47547, 69143, 69143, 93189, 93189]}