{"00T37@0": 0.009685230024213065, "01T22@0": 0.04260651629072683, "02T24@1": 0.6, "03T23@1": 0.7756410256410255, "04T23@2": 0.8346456692913385, "05T35@2": 0.7833333333333333, "06T35@3": 0.6473684210526309, "07T35@3": 0.6716171617161713, "BUYER": 0.0, "SELLER": 0.0}