{"00T23@0": 0.22188449848024316, "01T35@0": 0.17241379310344832, "02T24@1": 0.8571428571428571, "03T22@1": 0.06296296296296294, "04T23@2": 0.05813953488372093, "05T23@2": 0.06097560975609756, "06T40@3": 1.0, "07T35@3": 0.9657534246575342, "08T22@4": 0.0, "09T23@4": 0.8710801393728222, "BUYER": 0.0, "SELLER": 0.0}