{"00T37@0": 0.0, "01T35@0": 0.44751381215469604, "02T40@1": 1.0, "03T12@1": 0.009950248756218902, "04T22@2": 0.8888888888888888, "05T35@2": 0.3613053613053613, "06T29@3": 1.0, "07T23@3": 0.6270928462709291, "BUYER": 0.0, "SELLER": 0.0}