{"00T36@0": 0.2705530642750374, "01T41@0": 0.15412844036697254, "02T36@1": 0.2967741935483871, "03T41@1": 0.3511705685618729, "04T36@2": 0.19117647058823523, "05T41@2": 0.2565217391304349, "06T35@3": 0.8113207547169812, "07T35@3": 0.7681159420289855, "08T35@4": 0.7698541329011344, "09T35@4": 0.7597292724196278, "BUYER": 0.0, "SELLER": 0.0}