{"00T16@0": 0.0, "01T37@0": 0.0038461538461538438, "02T37@1": 0.04411764705882349, "03T16@1": 0.0, "04T37@2": 0.10628019323671507, "05T16@2": 1.0, "BUYER": 0.0, "SELLER": 0.0}