{"00T20@0": 0.0, "01T35@0": 0.30254777070063693, "02T22@1": 0.506849315068493, "03T23@1": 0.8995633187772926, "04T41@2": 0.22311827956989247, "05T23@2": 0.7721518987341771, "06T35@3": 0.901840490797546, "07T22@3": 0.09952606635071096, "08T23@4": 0.5835475578406171, "09T22@4": 0.0, "BUYER": 0.0, "SELLER": 0.0}