{"00T19@0": 0.0, "01T22@0": 0.4266304347826087, "02T35@1": 0.32231404958677695, "03T35@1": 0.23008849557522124, "04T35@2": 0.8783783783783784, "05T35@2": 0.9106145251396648, "06T36@3": 0.0, "07T23@3": 0.4674220963172806, "BUYER": 0.0, "SELLER": 0.0}