{"time_limit": 10800, "spot_discount": 0.9, "spot_market_global_loss": 0.2, "neg_quota_step": 288, "n_processes": 4, "n_products": 5, "n_steps": 72, "financial_reports_period": 5, "exogenous_horizon": 21, "max_productivity": 1.0, "catalog_prices": [10, 19, 31, 46, 64], "cash_availability": [1.5, 2.5], "expected_productivity": 0.9444444444444444, "expected_mean_profit": 0.10086914480985397, "initial_balance": [23266, 23266, 36540, 36540, 50363, 50363, 71849, 71849]}