{"00T19@0": 0.0, "01T35@0": 0.15989159891598914, "02T37@1": 0.4380952380952381, "03T23@1": 0.9301075268817204, "04T19@2": 0.0, "05T22@2": 0.0, "06T19@3": 0.0, "07T37@3": 0.3250000000000001, "08T37@4": 0.18688524590163924, "09T22@4": 0.07089552238805975, "BUYER": 0.0, "SELLER": 0.0}