{"00T35@0": 0.21957340025094096, "01T35@0": 0.22123893805309736, "02T35@1": 0.0, "03T22@1": 0.47226173541963007, "04T35@2": 0.6850533807829181, "05T35@2": 0.6912280701754386, "06T26@3": 0.0, "07T36@3": 0.0, "BUYER": 0.0, "SELLER": 0.0}