{"00T34@0": 0.09307875894988066, "01T22@0": 0.19277108433734952, "02T35@1": 0.19101123595505617, "03T35@1": 0.21739130434782608, "04T29@2": 0.0, "05T35@2": 1.0, "06T22@3": 0.0, "07T22@3": 0.0, "BUYER": 0.0, "SELLER": 0.0}