{"00T36@0": 0.16502946954813355, "01T35@0": 0.0, "02T35@1": 0.7042253521126759, "03T23@1": 0.8244680851063828, "04T40@2": 0.0, "05T22@2": 0.0, "BUYER": 0.0, "SELLER": 0.0}