{"00T02@0": 0.0, "01T12@0": 0.0, "02T02@1": 0.33802816901408456, "03T02@1": 0.3140495867768596, "04T12@2": 0.0463917525773196, "05T29@2": 0.0, "06T12@3": 0.0, "07T29@3": 0.0, "08T29@4": 1.0, "09T22@4": 0.6869565217391305, "BUYER": 0.0, "SELLER": 0.0}