{"00T22@0": 0.12962962962962968, "01T22@0": 0.1044776119402985, "02T22@1": 0.1422594142259414, "03T22@1": 0.13122171945701364, "04T22@2": 0.2887323943661973, "05T22@2": 0.3273381294964029, "06T23@3": 0.5123674911660777, "07T23@3": 0.543973941368078, "08T38@4": 0.07034220532319392, "09T19@4": 1.0, "BUYER": 0.0, "SELLER": 0.0}