{"00T12@0": 0.0, "01T24@0": 0.0, "02T22@1": 0.8781725888324873, "03T35@1": 0.831325301204819, "04T35@2": 0.6683291770573561, "05T23@2": 0.6227272727272727, "BUYER": 0.0, "SELLER": 0.0}