{"00T09@0": 0.0, "01T22@0": 0.116448326055313, "02T22@1": 0.1370558375634518, "03T35@1": 0.62621359223301, "04T29@2": 1.0, "05T35@2": 0.7615176151761518, "BUYER": 0.0, "SELLER": 0.0}