{"00T19@0": 0.0, "01T23@0": 0.24914675767918087, "02T22@1": 0.5000000000000001, "03T23@1": 0.9117647058823529, "04T22@2": 0.10903426791277261, "05T35@2": 0.7118644067796609, "06T24@3": 0.3157894736842105, "07T22@3": 0.19127516778523493, "08T22@4": 0.06746031746031746, "09T23@4": 0.7913385826771652, "BUYER": 0.0, "SELLER": 0.0}