{"00T06@0": 0.0, "01T35@0": 0.6000000000000002, "02T35@1": 0.7829181494661922, "03T35@1": 0.7692307692307688, "04T24@2": 1.0, "05T35@2": 0.5232936078006498, "BUYER": 0.0, "SELLER": 0.0}