{"00T08@0": 0.009554140127388531, "01T22@0": 0.016871165644171807, "02T22@1": 0.7179487179487181, "03T35@1": 0.8786127167630058, "04T40@2": 0.0, "05T35@2": 0.7625806451612904, "BUYER": 0.0, "SELLER": 0.0}