{"00T35@0": 0.3211469534050182, "01T35@0": 0.2987490802060335, "02T35@1": 0.0, "03T22@1": 0.25605536332179984, "04T35@2": 0.5061728395061725, "05T35@2": 0.5154639175257733, "06T40@3": 0.0, "07T24@3": 1.0, "BUYER": 0.0, "SELLER": 0.0}