{"00T15@0": 0.3448687350835323, "01T35@0": 0.7062600321027288, "02T35@1": 0.5924855491329475, "03T35@1": 0.4419475655430712, "04T34@2": 0.6395604395604395, "05T35@2": 0.7508161044613718, "BUYER": 0.0, "SELLER": 0.0}