{"00T34@0": 0.26086956521739113, "01T35@0": 0.2908366533864543, "02T15@1": 0.06299212598425197, "03T15@1": 0.11475409836065581, "04T34@2": 0.5000000000000002, "05T35@2": 0.4166666666666667, "06T15@3": 0.06944444444444445, "07T35@3": 0.875968992248062, "08T34@4": 0.6870229007633587, "09T22@4": 0.0, "BUYER": 0.0, "SELLER": 0.0}