{"00T22@0": 0.27609427609427584, "01T22@0": 0.30717863105175275, "02T35@1": 0.19815668202764977, "03T35@1": 0.1895734597156398, "04T00@2": 0.0, "05T06@2": 0.0, "06T22@3": 0.8663793103448276, "07T35@3": 0.9740932642487047, "BUYER": 0.0, "SELLER": 0.0}