{"00T20@0": 0.09503546099290786, "01T35@0": 0.6239669421487603, "02T35@1": 0.6021505376344084, "03T35@1": 0.7202797202797202, "04T16@2": 1.0, "05T35@2": 0.6341719077568133, "BUYER": 0.0, "SELLER": 0.0}