{"00T35@0": 0.3636363636363635, "01T23@0": 0.5323383084577114, "02T26@1": 0.11637931034482768, "03T22@1": 0.02531645569620252, "04T40@2": 0.10499999999999994, "05T22@2": 0.020408163265306114, "BUYER": 0.0, "SELLER": 0.0}