{"00T20@0": 0.11787072243346004, "01T35@0": 0.799522673031026, "02T41@1": 0.2388663967611336, "03T22@1": 0.23219814241486064, "04T22@2": 0.02697095435684645, "05T22@2": 0.023668639053254413, "BUYER": 0.0, "SELLER": 0.0}