{"00T02@0": 0.1145374449339207, "01T12@0": 0.04854368932038834, "02T12@1": 0.0, "03T12@1": 0.028571428571428584, "04T02@2": 0.4716981132075472, "05T02@2": 0.4069264069264069, "BUYER": 0.0, "SELLER": 0.0}