{"00T12@0": 0.023255813953488375, "01T41@0": 0.1286407766990291, "02T41@0": 0.12941176470588228, "03T37@0": 0.04600484261501214, "04T12@1": 0.023965141612200435, "05T37@1": 0.05405405405405406, "06T41@1": 0.17714285714285719, "07T12@2": 0.0, "08T37@2": 0.07853403141361266, "BUYER": 0.0, "SELLER": 0.0}