{"time_limit": 10800, "spot_discount": 0.9, "spot_market_global_loss": 0.2, "neg_quota_step": 396, "n_processes": 3, "n_products": 4, "n_steps": 88, "financial_reports_period": 5, "exogenous_horizon": 18, "max_productivity": 1.0, "catalog_prices": [10, 19, 25, 33], "cash_availability": [1.5, 2.5], "expected_productivity": 1.2878787878787878, "expected_mean_profit": 0.11735860830428235, "initial_balance": [24248, 24248, 24248, 24248, 43701, 43701, 43701, 89474, 89474]}