{"00T38@0": 0.02404809619238477, "01T22@0": 0.002785515320334257, "02T38@1": 0.0, "03T22@1": 0.12000000000000008, "04T24@2": 0.4736842105263159, "05T22@2": 0.0, "06T24@3": 0.21739130434782608, "07T38@3": 0.018348623853211007, "08T24@4": 0.9896373056994818, "09T35@4": 0.8521303258145363, "BUYER": 0.0, "SELLER": 0.0}