{"00T29@0": 0.0, "01T23@0": 0.0, "02T23@1": 1.0, "03T35@1": 1.0, "04T22@2": 0.0, "05T22@2": 0.0, "06T34@3": 0.9813084112149533, "07T35@3": 0.7177121771217714, "BUYER": 0.0, "SELLER": 0.0}