{"time_limit": 10800, "spot_discount": 0.9, "spot_market_global_loss": 0.2, "neg_quota_step": 312, "n_processes": 4, "n_products": 5, "n_steps": 78, "financial_reports_period": 5, "exogenous_horizon": 36, "max_productivity": 1.0, "catalog_prices": [10, 18, 27, 41, 52], "cash_availability": [1.5, 2.5], "expected_productivity": 0.9487179487179487, "expected_mean_profit": 0.0743932813356, "initial_balance": [22096, 22096, 34101, 34101, 51851, 51851, 69011, 69011]}