{"00T29@0": 0.0, "01T29@0": 0.0, "02T36@1": 1.0, "03T40@1": 1.0, "04T29@2": 0.0, "05T40@2": 1.0, "06T41@2": 0.5714285714285714, "07T41@2": 0.3333333333333333, "08T36@2": 0.0, "09T40@3": 1.0, "10T41@3": 0.42857142857142855, "11T36@3": 0.5, "BUYER": 0.0, "SELLER": 0.0}