{"00T26@0": 0.06938775510204082, "01T26@0": 0.08108108108108106, "02T35@1": 0.4890510948905116, "03T35@1": 0.47368421052631576, "04T26@2": 0.20863309352517984, "05T37@2": 0.0, "06T37@3": 0.04054054054054056, "07T37@3": 0.03350515463917526, "BUYER": 0.0, "SELLER": 0.0}