{"00T22@0": 0.15575221238938056, "01T22@0": 0.1531365313653137, "02T36@1": 0.27272727272727293, "03T41@1": 0.13888888888888887, "04T22@2": 0.5422222222222223, "05T35@2": 0.8189655172413791, "06T35@3": 0.7685185185185183, "07T35@3": 0.7522935779816515, "BUYER": 0.0, "SELLER": 0.0}