{"00T34@0": 0.1595330739299611, "01T34@0": 0.15662650602409642, "02T35@1": 0.7537688442211052, "03T22@1": 0.39285714285714285, "04T34@2": 0.422360248447205, "05T36@2": 0.33802816901408483, "06T36@3": 0.019543973941368073, "07T36@3": 0.016447368421052627, "BUYER": 0.0, "SELLER": 0.0}