{"00T16@0": 0.0, "01T22@0": 0.3723076923076923, "02T41@1": 0.14942528735632188, "03T22@1": 0.4205128205128205, "04T41@2": 0.11242603550295859, "05T22@2": 0.10447761194029856, "06T16@3": 0.0, "07T41@3": 0.0, "08T16@4": 1.0, "09T35@4": 0.7065637065637068, "BUYER": 0.0, "SELLER": 0.0}