{"00T08@0": 0.038528896672504406, "01T22@0": 0.08386075949367082, "02T22@1": 0.5328467153284667, "03T35@1": 0.6406926406926406, "04T24@2": 0.9936102236421726, "05T35@2": 0.6598173515981733, "BUYER": 0.0, "SELLER": 0.0}