{"00T23@0": 0.08429118773946356, "01T35@0": 0.07526881720430112, "02T19@1": 0.0, "03T23@1": 0.7470588235294118, "04T20@2": 0.6111111111111118, "05T23@2": 0.7375000000000002, "BUYER": 0.0, "SELLER": 0.0}