{"00T21@0": 0.0, "01T22@0": 0.0, "02T35@1": 0.4666666666666667, "03T22@1": 0.3333333333333333, "04T26@2": 0.2692307692307692, "05T35@2": 0.0, "06T35@3": 0.8, "07T35@3": 0.8, "BUYER": 0.0, "SELLER": 0.0}