{"00T40@0": 0.09190371991247265, "01T37@0": 0.018099547511312195, "02T37@1": 0.06896551724137931, "03T23@1": 0.6582278481012658, "04T40@2": 0.29955947136563876, "05T37@2": 0.050505050505050504, "06T23@3": 0.6150627615062764, "07T23@3": 0.65234375, "08T40@4": 0.0, "09T22@4": 0.0, "BUYER": 0.0, "SELLER": 0.0}