{"00T29@0": 0.0, "01T22@0": 0.3115220483641534, "02T37@1": 0.03896103896103896, "03T22@1": 0.050724637681159375, "04T12@2": 0.0, "05T23@2": 0.7996323529411765, "BUYER": 0.0, "SELLER": 0.0}