{"00T35@0": 0.009287925696594422, "01T23@0": 0.009316770186335399, "02T23@1": 0.9467680608365019, "03T35@1": 0.953125, "04T22@2": 0.013307984790874522, "05T35@2": 0.7857142857142859, "06T22@3": 0.0016077170418006424, "07T23@3": 0.8129032258064517, "08T41@4": 0.24852071005917173, "09T12@4": 0.015151515151515152, "BUYER": 0.0, "SELLER": 0.0}