{"time_limit": 10800, "spot_discount": 0.9, "spot_market_global_loss": 0.2, "neg_quota_step": 695, "n_processes": 5, "n_products": 6, "n_steps": 139, "financial_reports_period": 5, "exogenous_horizon": 46, "max_productivity": 1.0, "catalog_prices": [10, 20, 24, 30, 39, 51], "cash_availability": [1.5, 2.5], "expected_productivity": 0.9640287769784173, "expected_mean_profit": 0.05147277076458366, "initial_balance": [56334, 56334, 68071, 68071, 83406, 83406, 112355, 112355, 138018, 138018]}