{"00T23@0": 0.4507042253521127, "01T23@0": 0.4436781609195404, "02T12@1": 0.0, "03T20@1": 0.0, "04T23@2": 0.531390134529148, "05T22@2": 0.7999999999999999, "BUYER": 0.0, "SELLER": 0.0}