{"00T15@0": 0.28444444444444433, "01T35@0": 0.8201892744479488, "02T41@1": 0.2334384858044165, "03T22@1": 0.34529147982062774, "04T22@2": 0.03316326530612244, "05T22@2": 0.030927835051546358, "BUYER": 0.0, "SELLER": 0.0}