{"00T41@0": 0.10798122065727717, "01T22@0": 0.25733634311512427, "02T35@1": 0.39378238341968924, "03T35@1": 0.3969849246231154, "04T10@2": 0.4901960784313724, "05T35@2": 0.9682539682539683, "06T22@3": 0.0, "07T22@3": 0.0, "BUYER": 0.0, "SELLER": 0.0}