{"00T35@0": 0.7692307692307689, "01T22@0": 0.18104906937394258, "02T04@1": 0.17269076305220887, "03T35@1": 0.6294820717131474, "04T37@2": 0.10804020100502515, "05T35@2": 0.7414383561643838, "BUYER": 0.0, "SELLER": 0.0}