{"00T40@0": 0.09440559440559453, "01T22@0": 0.09646302250803858, "02T22@1": 0.44485294117647106, "03T35@1": 0.5225225225225223, "04T24@2": 0.9930555555555556, "05T35@2": 0.6006600660066006, "BUYER": 0.0, "SELLER": 0.0}