{"00T24@0": 0.0, "01T22@0": 0.3003731343283582, "02T35@1": 0.5487179487179489, "03T35@1": 0.5567567567567572, "04T15@2": 0.6575052854122622, "05T35@2": 0.8269230769230769, "06T22@3": 0.0, "07T22@3": 0.0, "BUYER": 0.0, "SELLER": 0.0}