{"time_limit": 10800, "spot_discount": 0.9, "spot_market_global_loss": 0.2, "neg_quota_step": 415, "n_processes": 5, "n_products": 6, "n_steps": 83, "financial_reports_period": 5, "exogenous_horizon": 18, "max_productivity": 1.0, "catalog_prices": [10, 19, 29, 40, 49, 62], "cash_availability": [1.5, 2.5], "expected_productivity": 0.9397590361445783, "expected_mean_profit": 0.08179427784386152, "initial_balance": [22262, 22262, 37697, 37697, 52167, 52167, 64857, 64857, 78585, 78585]}