{"00T35@0": 0.602150537634409, "01T22@0": 0.02830188679245283, "02T19@1": 0.0, "03T22@1": 0.024305555555555566, "04T40@2": 0.23966942148760337, "05T40@2": 0.2727272727272728, "06T40@3": 0.0, "07T19@3": 0.0, "08T19@4": 1.0, "09T35@4": 0.8011363636363636, "BUYER": 0.0, "SELLER": 0.0}