{"00T22@0": 0.27845528455284535, "01T23@0": 0.0, "02T35@1": 0.6422018348623849, "03T23@1": 0.6383928571428571, "04T22@2": 0.0, "05T35@2": 0.8167539267015707, "06T40@3": 0.27235772357723564, "07T20@3": 0.0, "08T23@4": 0.7792207792207796, "09T35@4": 0.7714285714285715, "BUYER": 0.0, "SELLER": 0.0}