{"00T36@0": 0.0034129692832764466, "01T36@0": 0.0, "02T36@1": 0.0465116279069767, "03T34@1": 0.2857142857142857, "04T34@2": 0.978021978021978, "05T35@2": 0.7932960893854749, "06T34@3": 0.726708074534161, "07T35@3": 0.5714285714285704, "BUYER": 0.0, "SELLER": 0.0}