{"00T36@0": 0.09770114942528736, "01T07@0": 0.02824858757062147, "02T07@1": 0.13461538461538464, "03T36@1": 0.4189189189189189, "04T07@2": 0.3988095238095239, "05T36@2": 0.03947368421052627, "BUYER": 0.0, "SELLER": 0.0}