{"00T22@0": 0.08865248226950355, "01T23@0": 0.6094276094276095, "02T41@1": 0.0, "03T23@1": 0.7457627118644067, "04T21@2": 0.1794871794871795, "05T35@2": 0.7265415549597858, "BUYER": 0.0, "SELLER": 0.0}