{"00T23@0": 0.5140712945590994, "01T35@0": 0.346743295019157, "02T36@1": 0.0036363636363636333, "03T22@1": 0.003891050583657584, "04T19@2": 0.0, "05T23@2": 0.5774647887323938, "06T22@3": 0.5483870967741934, "07T22@3": 0.5724137931034489, "08T35@4": 0.6477495107632091, "09T23@4": 0.631756756756756, "BUYER": 0.0, "SELLER": 0.0}