{"time_limit": 10800, "spot_discount": 0.9, "spot_market_global_loss": 0.2, "neg_quota_step": 380, "n_processes": 5, "n_products": 6, "n_steps": 76, "financial_reports_period": 5, "exogenous_horizon": 20, "max_productivity": 1.0, "catalog_prices": [10, 18, 27, 40, 49, 63], "cash_availability": [1.5, 2.5], "expected_productivity": 0.9342105263157895, "expected_mean_profit": 0.07272999320925842, "initial_balance": [22958, 22958, 35892, 35892, 50201, 50201, 66883, 66883, 84715, 84715]}