{"00T35@0": 0.4121951219512196, "01T22@0": 0.09565217391304344, "02T17@1": 0.2706270627062706, "03T35@1": 0.869198312236287, "04T04@2": 0.015151515151515136, "05T35@2": 0.6007604562737643, "BUYER": 0.0, "SELLER": 0.0}