{"00T35@0": 0.1766528925619835, "01T35@0": 0.17395727365208558, "02T35@1": 0.0, "03T22@1": 0.5265822784810122, "04T35@2": 0.6204238921001929, "05T35@2": 0.5996168582375481, "06T40@3": 0.0, "07T07@3": 0.0887218045112782, "BUYER": 0.0, "SELLER": 0.0}