{"00T22@0": 0.11214953271028043, "01T35@0": 0.7849462365591398, "02T40@1": 0.23943661971830985, "03T41@1": 0.0, "04T35@2": 0.6804733727810648, "05T35@2": 0.6074074074074074, "06T35@3": 0.6205533596837944, "07T22@3": 0.07975460122699386, "BUYER": 0.0, "SELLER": 0.0}