{"00T35@0": 0.035185185185185174, "01T22@0": 0.007827788649706449, "02T24@1": 1.0, "03T35@1": 0.8028169014084507, "04T40@2": 0.0, "05T35@2": 0.9145631067961164, "BUYER": 0.0, "SELLER": 0.0}