{"00T35@0": 0.6380255941499084, "01T22@0": 0.04953560371517026, "02T40@1": 0.018817204301075276, "03T35@1": 0.6958525345622117, "04T06@2": 0.0, "05T35@2": 0.7236111111111108, "BUYER": 0.0, "SELLER": 0.0}