{"00T34@0": 0.14339622641509445, "01T29@0": 0.0, "02T22@1": 0.44666666666666704, "03T22@1": 0.561290322580645, "04T35@2": 0.6930379746835449, "05T22@2": 0.016806722689075626, "BUYER": 0.0, "SELLER": 0.0}