{"00T23@0": 0.6125290023201859, "01T35@0": 0.28165374677002575, "02T20@1": 0.47679324894514763, "03T22@1": 0.0071174377224199215, "04T26@2": 0.06395348837209303, "05T35@2": 0.7276995305164323, "06T35@3": 0.6181818181818184, "07T23@3": 0.6521739130434779, "BUYER": 0.0, "SELLER": 0.0}