{"00T40@0": 0.0, "01T35@0": 0.0, "02T29@1": 0.0, "03T29@1": 0.0, "04T29@2": 0.0, "05T35@2": 1.0, "06T40@3": 0.015037593984962405, "07T35@3": 0.9629629629629629, "08T40@4": 0.0, "09T22@4": 0.0, "BUYER": 0.0, "SELLER": 0.0}