{"00T22@0": 0.060836501901140726, "01T35@0": 0.2007299270072993, "02T37@1": 0.0, "03T29@1": 0.0, "04T29@2": 0.0, "05T29@2": 0.0, "06T23@3": 1.0, "07T22@3": 1.0, "08T37@4": 0.004184100418410039, "09T37@4": 0.0, "BUYER": 0.0, "SELLER": 0.0}