{"time_limit": 10800, "spot_discount": 0.9, "spot_market_global_loss": 0.2, "neg_quota_step": 336, "n_processes": 4, "n_products": 5, "n_steps": 84, "financial_reports_period": 5, "exogenous_horizon": 40, "max_productivity": 1.0, "catalog_prices": [10, 21, 31, 45, 50], "cash_availability": [1.5, 2.5], "expected_productivity": 0.9523809523809523, "expected_mean_profit": 0.05713010488730194, "initial_balance": [28894, 28894, 43872, 43872, 56266, 56266, 72613, 72613]}