{"00T22@0": 0.014869888475836418, "01T22@0": 0.003999999999999997, "02T36@1": 0.22764227642276422, "03T24@1": 1.0, "04T23@2": 0.8090909090909091, "05T23@2": 0.9067796610169492, "06T35@3": 0.6826347305389218, "07T22@3": 0.08080808080808081, "BUYER": 0.0, "SELLER": 0.0}