{"time_limit": 10800, "spot_discount": 0.9, "spot_market_global_loss": 0.2, "neg_quota_step": 336, "n_processes": 4, "n_products": 5, "n_steps": 84, "financial_reports_period": 5, "exogenous_horizon": 38, "max_productivity": 1.0, "catalog_prices": [10, 17, 22, 30, 41], "cash_availability": [1.5, 2.5], "expected_productivity": 0.9523809523809523, "expected_mean_profit": 0.08132450896062443, "initial_balance": [22049, 22049, 29178, 29178, 36601, 36601, 52843, 52843]}