{"00T35@0": 0.2459677419354838, "01T22@0": 0.014598540145985387, "02T06@1": 0.0, "03T35@1": 0.6603773584905658, "04T34@2": 0.6842105263157897, "05T35@2": 0.6972477064220187, "BUYER": 0.0, "SELLER": 0.0}