{"00T23@0": 0.24752475247524758, "01T23@0": 0.2631578947368423, "02T23@1": 0.0, "03T22@1": 0.0, "04T24@2": 0.02040816326530612, "05T23@2": 0.5450236966824642, "06T40@3": 1.0, "07T22@3": 0.015673981191222566, "BUYER": 0.0, "SELLER": 0.0}