{"00T19@0": 0.0, "01T24@0": 0.0, "02T19@1": 0.0, "03T23@1": 1.0, "04T24@2": 0.0, "05T19@2": 0.0, "06T24@3": 1.0, "07T35@3": 1.0, "08T22@4": 0.24285714285714285, "09T22@4": 0.5373134328358209, "BUYER": 0.0, "SELLER": 0.0}