{"00T35@0": 0.0, "01T23@0": 0.0, "02T23@1": 1.0, "03T35@1": 1.0, "04T36@2": 0.8457943925233643, "05T22@2": 0.003124999999999996, "06T19@3": 1.0, "07T22@3": 0.010703363914373085, "BUYER": 0.0, "SELLER": 0.0}