{"00T40@0": 0.20574162679425842, "01T22@0": 0.19014084507042256, "02T35@1": 0.41830065359477103, "03T35@1": 0.46451612903225814, "04T34@2": 0.46818181818181825, "05T35@2": 0.8554216867469882, "06T22@3": 0.0, "07T22@3": 0.0, "BUYER": 0.0, "SELLER": 0.0}