{"00T06@0": 0.025157232704402503, "01T35@0": 0.6198347107438013, "02T36@1": 0.0, "03T06@1": 0.0, "04T06@2": 0.041666666666666664, "05T35@2": 0.628, "06T36@3": 0.05597014925373143, "07T35@3": 1.0, "08T36@4": 0.0, "09T22@4": 0.0, "BUYER": 0.0, "SELLER": 0.0}