{"00T24@0": 0.0, "01T22@0": 0.016611295681063124, "02T38@1": 0.1555555555555556, "03T22@1": 0.6959064327485378, "04T35@2": 0.7625000000000001, "05T35@2": 0.7222222222222221, "BUYER": 0.0, "SELLER": 0.0}