{"00T12@0": 0.0, "01T36@0": 0.12997347480106122, "02T41@1": 0.5021459227467812, "03T35@1": 0.4888059701492538, "04T40@2": 0.9754601226993865, "05T35@2": 0.7310704960835512, "BUYER": 0.0, "SELLER": 0.0}