{"00T12@0": 0.0, "01T23@0": 0.12000000000000013, "02T23@1": 0.4954337899543379, "03T22@1": 0.09677419354838708, "04T22@2": 0.0, "05T23@2": 0.2621359223300972, "06T02@3": 0.5934959349593498, "07T35@3": 0.738396624472574, "08T22@4": 0.08179419525065963, "09T23@4": 0.738686131386861, "BUYER": 0.0, "SELLER": 0.0}