{"00T35@0": 0.14745762711864396, "01T35@0": 0.14513422818791955, "02T35@1": 0.979381443298969, "03T22@1": 0.6487985212569317, "04T35@2": 0.5783684692942258, "05T35@2": 0.6038961038961035, "06T38@3": 0.0, "07T07@3": 0.1101604278074866, "BUYER": 0.0, "SELLER": 0.0}