{"time_limit": 10800, "spot_discount": 0.9, "spot_market_global_loss": 0.2, "neg_quota_step": 300, "n_processes": 4, "n_products": 5, "n_steps": 75, "financial_reports_period": 5, "exogenous_horizon": 19, "max_productivity": 1.0, "catalog_prices": [10, 14, 23, 32, 39], "cash_availability": [1.5, 2.5], "expected_productivity": 0.9466666666666667, "expected_mean_profit": 0.07288746330683729, "initial_balance": [15231, 15231, 23989, 23989, 36110, 36110, 45946, 45946]}