{"00T18@0": 0.0, "01T37@0": 0.0017699115044247772, "02T18@1": 1.0, "03T37@1": 0.018348623853211007, "04T18@2": 1.0, "05T35@2": 0.7714285714285715, "06T37@3": 0.23853211009174322, "07T35@3": 0.8033333333333326, "BUYER": 0.0, "SELLER": 0.0}