{"00T38@0": 0.0, "01T40@0": 0.01904761904761903, "02T40@1": 0.2777777777777778, "03T40@1": 0.5892857142857143, "04T38@2": 0.1333333333333333, "05T35@2": 0.7843866171003717, "06T38@3": 0.08469945355191257, "07T35@3": 0.8425760286225399, "BUYER": 0.0, "SELLER": 0.0}