{"00T35@0": 0.33186813186813197, "01T35@0": 0.2925764192139736, "02T22@1": 0.0398406374501992, "03T23@1": 0.6630434782608695, "04T34@2": 0.5074074074074074, "05T40@2": 0.0029498525073746273, "BUYER": 0.0, "SELLER": 0.0}