{"time_limit": 10800, "spot_discount": 0.9, "spot_market_global_loss": 0.2, "neg_quota_step": 409, "n_processes": 3, "n_products": 4, "n_steps": 91, "financial_reports_period": 5, "exogenous_horizon": 31, "max_productivity": 1.0, "catalog_prices": [10, 16, 25, 37], "cash_availability": [1.5, 2.5], "expected_productivity": 0.967032967032967, "expected_mean_profit": 0.10960628269505591, "initial_balance": [26583, 26583, 26583, 60732, 60732, 45038, 45038, 45038, 45038]}