{"00T23@0": 0.39257294429708195, "01T35@0": 0.3108108108108107, "02T24@1": 1.0, "03T22@1": 0.0, "04T38@2": 0.0, "05T23@2": 0.6518518518518516, "06T22@3": 0.5080645161290324, "07T22@3": 0.28455284552845517, "08T35@4": 0.5974683544303802, "09T23@4": 0.5807962529273998, "BUYER": 0.0, "SELLER": 0.0}