{"00T34@0": 0.0, "01T23@0": 0.30660377358490565, "02T34@1": 0.32142857142857145, "03T34@1": 0.30357142857142855, "04T40@2": 0.7021276595744681, "05T23@2": 0.7723577235772356, "06T40@3": 0.0, "07T40@3": 0.0, "BUYER": 0.0, "SELLER": 0.0}