{"time_limit": 10800, "spot_discount": 0.9, "spot_market_global_loss": 0.2, "neg_quota_step": 232, "n_processes": 4, "n_products": 5, "n_steps": 58, "financial_reports_period": 5, "exogenous_horizon": 12, "max_productivity": 1.0, "catalog_prices": [10, 21, 31, 49, 65], "cash_availability": [1.5, 2.5], "expected_productivity": 0.9310344827586207, "expected_mean_profit": 0.09485532567435079, "initial_balance": [19594, 19594, 29564, 29564, 45067, 45067, 64891, 64891]}