{"00T09@0": 0.0, "01T22@0": 0.010964912280701752, "02T09@1": 0.0, "03T22@1": 0.4741784037558687, "04T41@2": 0.0, "05T22@2": 0.14285714285714293, "06T09@3": 0.0, "07T41@3": 0.35826771653543316, "08T41@4": 0.052434456928838975, "09T35@4": 0.8444924406047515, "BUYER": 0.0, "SELLER": 0.0}