{"00T15@0": 0.12903225806451613, "01T22@0": 0.08571428571428572, "02T35@1": 0.8571428571428571, "03T22@1": 0.5833333333333334, "04T26@2": 0.38095238095238093, "05T35@2": 0.36363636363636365, "06T35@3": 0.7435897435897436, "07T35@3": 0.837837837837838, "BUYER": 0.0, "SELLER": 0.0}