{"00T22@0": 0.12667946257197696, "01T22@0": 0.1278195488721804, "02T35@1": 0.47101449275362317, "03T23@1": 0.4469696969696969, "04T35@2": 0.8927613941018765, "05T35@2": 0.9062499999999997, "06T37@3": 0.032520325203252015, "07T38@3": 0.0, "BUYER": 0.0, "SELLER": 0.0}