{"00T08@0": 0.08605341246290804, "01T35@0": 0.6370967741935484, "02T35@1": 0.6688963210702338, "03T35@1": 0.6778523489932885, "04T29@2": 1.0, "05T35@2": 0.629770992366412, "BUYER": 0.0, "SELLER": 0.0}