{"00T35@0": 0.5785256410256409, "01T35@0": 0.6276083467094702, "02T40@1": 0.10242085661080066, "03T37@1": 0.004149377593360993, "04T22@2": 0.1743421052631579, "05T35@2": 0.6575875486381322, "06T23@3": 0.7906976744186046, "07T22@3": 0.24570024570024573, "08T22@4": 0.0, "09T22@4": 0.0, "BUYER": 0.0, "SELLER": 0.0}