{"00T26@0": 0.08571428571428573, "01T09@0": 0.0, "02T09@1": 0.0, "03T26@1": 0.026666666666666648, "04T09@2": 0.0, "05T26@2": 0.0263157894736842, "BUYER": 0.0, "SELLER": 0.0}