{"00T23@0": 0.0, "01T23@0": 0.004484304932735423, "02T29@1": 0.0, "03T24@1": 0.7777777777777778, "04T23@2": 0.967741935483871, "05T22@2": 1.0, "BUYER": 0.0, "SELLER": 0.0}