{"00T29@0": 0.0, "01T22@0": 0.25265957446808507, "02T36@1": 0.1707317073170732, "03T23@1": 0.7073170731707317, "04T22@2": 0.11240310077519376, "05T35@2": 0.763157894736842, "06T35@3": 0.7086614173228347, "07T22@3": 0.3008849557522126, "08T23@4": 0.6117136659436008, "09T23@4": 0.635220125786163, "BUYER": 0.0, "SELLER": 0.0}