{"00T12@0": 0.0, "01T02@0": 0.041666666666666664, "02T12@1": 0.061068702290076333, "03T02@1": 0.24347826086956534, "04T22@2": 0.8607594936708861, "05T23@2": 0.857142857142857, "06T22@3": 0.006993006993006993, "07T22@3": 0.0, "08T12@4": 0.2222222222222222, "09T02@4": 0.6701570680628273, "BUYER": 0.0, "SELLER": 0.0}