{"00T35@0": 0.2957516339869282, "01T35@0": 0.28862478777589134, "02T22@1": 0.4849246231155779, "03T22@1": 0.37532808398950146, "04T22@2": 0.0, "05T22@2": 0.01052631578947369, "06T15@3": 0.33532934131736525, "07T38@3": 0.009803921568627449, "08T22@4": 0.05660377358490566, "09T22@4": 0.05804749340369399, "BUYER": 0.0, "SELLER": 0.0}