{"00T35@0": 0.21582733812949634, "01T35@0": 0.19868995633187767, "02T22@1": 0.595918367346939, "03T23@1": 0.8963414634146342, "04T20@2": 0.5557939914163094, "05T36@2": 0.0, "BUYER": 0.0, "SELLER": 0.0}