{"00T37@0": 0.014117647058823514, "01T22@0": 0.046153846153846156, "02T22@1": 0.530612244897959, "03T35@1": 0.8870967741935484, "04T10@2": 0.0, "05T35@2": 0.6887661141804792, "BUYER": 0.0, "SELLER": 0.0}