{"00T40@0": 0.0, "01T15@0": 0.0, "02T15@1": 0.2, "03T40@1": 0.1111111111111111, "04T40@2": 0.6842105263157895, "05T15@2": 0.8125, "BUYER": 0.0, "SELLER": 0.0}