{"00T34@0": 0.11960784313725505, "01T34@0": 0.12422360248447194, "02T35@1": 0.0547945205479452, "03T23@1": 0.19540229885057472, "04T29@2": 0.0, "05T29@2": 0.0, "06T34@3": 1.0, "07T23@3": 1.0, "08T29@4": 1.0, "09T35@4": 0.6482035928143711, "BUYER": 0.0, "SELLER": 0.0}