{"00T22@0": 0.40393013100436675, "01T23@0": 0.3785310734463277, "02T26@1": 0.03578947368421051, "03T22@1": 0.0, "04T38@2": 0.04525862068965519, "05T38@2": 0.043383947939262445, "06T26@3": 0.10344827586206896, "07T26@3": 0.1311881188118812, "08T38@4": 0.0, "09T22@4": 0.0, "BUYER": 0.0, "SELLER": 0.0}