{"00T37@0": 0.0656167979002625, "01T37@0": 0.06733167082294261, "02T36@1": 0.39506172839506176, "03T37@1": 0.1630434782608696, "04T36@2": 0.02823529411764703, "05T36@2": 0.030612244897959152, "BUYER": 0.0, "SELLER": 0.0}