{"00T37@0": 0.03666666666666668, "01T15@0": 0.13333333333333336, "02T15@1": 0.3059701492537313, "03T15@1": 0.33333333333333337, "04T37@2": 0.04678362573099416, "05T37@2": 0.08333333333333334, "BUYER": 0.0, "SELLER": 0.0}