{"00T37@0": 0.021604938271604937, "01T35@0": 0.2734584450402145, "02T37@1": 0.04639175257731957, "03T06@1": 0.0, "04T06@2": 0.019230769230769225, "05T35@2": 0.5920398009950243, "06T37@3": 0.0, "07T35@3": 0.860655737704918, "08T06@4": 0.15976331360946744, "09T22@4": 0.0, "BUYER": 0.0, "SELLER": 0.0}