{"00T12@0": 0.0, "01T12@0": 0.0, "02T40@1": 0.5280898876404496, "03T40@1": 0.5434782608695652, "04T12@2": 0.0, "05T40@2": 1.0, "BUYER": 0.0, "SELLER": 0.0}