{"00T23@0": 0.0, "01T22@0": 0.23027718550106605, "02T35@1": 0.09589041095890416, "03T23@1": 0.2840909090909091, "04T24@2": 0.8888888888888888, "05T35@2": 0.8796296296296297, "06T40@3": 0.0, "07T35@3": 0.858310626702997, "BUYER": 0.0, "SELLER": 0.0}