{"00T35@0": 0.5049180327868853, "01T35@0": 0.49615975422427033, "02T22@1": 0.007518796992481195, "03T23@1": 0.806841046277666, "04T38@2": 0.0, "05T34@2": 0.6068111455108359, "BUYER": 0.0, "SELLER": 0.0}