{"00T23@0": 0.3272727272727271, "01T23@0": 0.3316062176165809, "02T22@1": 0.15018315018315012, "03T23@1": 0.9682539682539683, "04T23@2": 0.5537525354969582, "05T35@2": 0.36018957345971564, "06T38@3": 0.0, "07T24@3": 0.9731543624161074, "BUYER": 0.0, "SELLER": 0.0}