{"00T19@0": 0.0, "01T20@0": 0.0, "02T20@1": 1.0, "03T35@1": 1.0, "04T20@2": 0.6184971098265898, "05T19@2": 0.0, "06T19@3": 1.0, "07T35@3": 0.7375271149674618, "BUYER": 0.0, "SELLER": 0.0}