{"time_limit": 10800, "spot_discount": 0.9, "spot_market_global_loss": 0.2, "neg_quota_step": 260, "n_processes": 4, "n_products": 5, "n_steps": 65, "financial_reports_period": 5, "exogenous_horizon": 21, "max_productivity": 1.0, "catalog_prices": [10, 19, 30, 44, 55], "cash_availability": [1.5, 2.5], "expected_productivity": 0.9384615384615385, "expected_mean_profit": 0.07424418324710969, "initial_balance": [25370, 25370, 38502, 38502, 55442, 55442, 67603, 67603]}