{"00T35@0": 0.7052845528455285, "01T35@0": 0.7155361050328227, "02T22@1": 0.00301204819277108, "03T22@1": 0.003003003003002999, "04T22@2": 0.33766233766233783, "05T22@2": 0.3389830508474576, "06T04@3": 0.06363636363636369, "07T38@3": 0.0, "08T22@4": 0.07327586206896551, "09T22@4": 0.23611111111111105, "BUYER": 0.0, "SELLER": 0.0}