{"00T41@0": 0.06919275123558488, "01T22@0": 0.09316770186335402, "02T22@1": 0.12272727272727268, "03T35@1": 0.6186440677966103, "04T09@2": 0.0, "05T35@2": 0.7484197218710484, "BUYER": 0.0, "SELLER": 0.0}