{"00T35@0": 0.0, "01T35@0": 0.0, "02T23@1": 0.0, "03T23@1": 0.0, "04T23@2": 1.0, "05T23@2": 1.0, "06T35@3": 0.3888888888888889, "07T23@3": 0.7768595041322314, "08T38@4": 0.0, "09T24@4": 0.9922480620155039, "BUYER": 0.0, "SELLER": 0.0}