{"00T37@0": 0.07317073170731707, "01T36@0": 0.2746913580246913, "02T35@1": 0.6578947368421051, "03T35@1": 0.7150259067357513, "04T22@2": 0.0, "05T23@2": 0.5850746268656716, "BUYER": 0.0, "SELLER": 0.0}