{"00T23@0": 0.0, "01T35@0": 0.0, "02T29@1": 0.0, "03T40@1": 1.0, "04T37@2": 1.0, "05T12@2": 0.027586206896551724, "06T23@3": 0.6993769470404982, "07T22@3": 0.7904411764705883, "BUYER": 0.0, "SELLER": 0.0}