{"00T35@0": 0.2986348122866897, "01T35@0": 0.2971137521222414, "02T35@1": 0.0, "03T22@1": 0.0016835016835016821, "04T35@2": 0.7489177489177489, "05T35@2": 0.7623529411764703, "06T36@3": 0.0, "07T09@3": 0.0, "BUYER": 0.0, "SELLER": 0.0}