{"00T19@0": 0.0, "01T36@0": 0.0423280423280423, "02T36@1": 0.45662100456621, "03T19@1": 0.0, "04T19@2": 1.0, "05T36@2": 0.015555555555555553, "BUYER": 0.0, "SELLER": 0.0}