{"00T20@0": 0.15748031496062995, "01T20@0": 0.1581769436997319, "02T20@1": 1.0, "03T34@1": 0.0, "04T34@2": 0.5364806866952789, "05T34@2": 0.5611814345991561, "BUYER": 0.0, "SELLER": 0.0}