{"time_limit": 10800, "spot_discount": 0.9, "spot_market_global_loss": 0.2, "neg_quota_step": 415, "n_processes": 5, "n_products": 6, "n_steps": 83, "financial_reports_period": 5, "exogenous_horizon": 26, "max_productivity": 1.0, "catalog_prices": [10, 21, 33, 46, 62, 78], "cash_availability": [1.5, 2.5], "expected_productivity": 0.9397590361445783, "expected_mean_profit": 0.06258067807852241, "initial_balance": [33833, 33833, 52629, 52629, 76782, 76782, 99900, 99900, 128846, 128846]}