{"time_limit": 10800, "spot_discount": 0.9, "spot_market_global_loss": 0.2, "neg_quota_step": 316, "n_processes": 4, "n_products": 5, "n_steps": 79, "financial_reports_period": 5, "exogenous_horizon": 35, "max_productivity": 1.0, "catalog_prices": [10, 19, 24, 28, 36], "cash_availability": [1.5, 2.5], "expected_productivity": 0.9493670886075949, "expected_mean_profit": 0.057977378000136054, "initial_balance": [27378, 27378, 36875, 36875, 44404, 44404, 53044, 53044]}