{"00T04@0": 0.0, "01T04@0": 0.0, "02T13@1": 0.0, "03T22@1": 0.0, "04T04@2": 0.22972972972972974, "05T13@2": 0.0, "06T13@3": 0.0, "07T22@3": 0.07857142857142857, "BUYER": 0.0, "SELLER": 0.0}