{"00T35@0": 0.2744360902255639, "01T22@0": 0.38050314465408797, "02T22@1": 0.005988023952095809, "03T35@1": 0.4594594594594595, "04T37@2": 0.023809523809523808, "05T20@2": 0.0, "06T35@3": 0.882051282051282, "07T23@3": 0.8475609756097561, "08T23@4": 0.5316804407713495, "09T22@4": 0.0, "BUYER": 0.0, "SELLER": 0.0}