{"00T40@0": 0.0, "01T12@0": 0.0, "02T22@1": 0.911504424778761, "03T23@1": 0.5337423312883438, "04T29@2": 1.0, "05T22@2": 0.0, "BUYER": 0.0, "SELLER": 0.0}