{"00T24@0": 0.0, "01T26@0": 0.0, "02T24@1": 1.0, "03T24@1": 1.0, "04T26@2": 0.910958904109589, "05T26@2": 0.5572755417956654, "BUYER": 0.0, "SELLER": 0.0}