{"00T22@0": 0.08207343412527005, "01T35@0": 0.5681233933161954, "02T18@1": 0.014051522248243551, "03T07@1": 0.12587412587412586, "04T35@2": 0.788235294117647, "05T35@2": 0.7898089171974518, "BUYER": 0.0, "SELLER": 0.0}