{"00T37@0": 0.0, "01T37@0": 0.0, "02T37@1": 0.1538461538461538, "03T34@1": 0.7058823529411766, "04T35@2": 0.5919117647058826, "05T23@2": 0.5210727969348659, "06T34@3": 0.4921875, "07T34@3": 0.48655913978494625, "BUYER": 0.0, "SELLER": 0.0}