{"time_limit": 10800, "spot_discount": 0.9, "spot_market_global_loss": 0.2, "neg_quota_step": 430, "n_processes": 5, "n_products": 6, "n_steps": 86, "financial_reports_period": 5, "exogenous_horizon": 22, "max_productivity": 1.0, "catalog_prices": [10, 14, 24, 34, 43, 54], "cash_availability": [1.5, 2.5], "expected_productivity": 0.9418604651162791, "expected_mean_profit": 0.06990515753402352, "initial_balance": [22847, 22847, 38555, 38555, 55213, 55213, 72444, 72444, 87294, 87294]}