{"00T20@0": 0.08087091757387237, "01T22@0": 0.06607929515418492, "02T22@1": 0.22085889570552142, "03T35@1": 0.6666666666666669, "04T29@2": 1.0, "05T35@2": 0.7803617571059437, "BUYER": 0.0, "SELLER": 0.0}