{"00T40@0": 0.029850746268656702, "01T40@0": 0.10377358490566048, "02T00@1": 0.02040816326530612, "03T22@1": 0.09756097560975606, "04T00@2": 0.03333333333333333, "05T40@2": 0.3076923076923076, "06T00@3": 0.0, "07T22@3": 0.05434782608695652, "BUYER": 0.0, "SELLER": 0.0}