{"00T20@0": 0.0555555555555556, "01T22@0": 0.20722891566265061, "02T23@1": 0.6451612903225804, "03T35@1": 0.5032258064516127, "04T22@2": 0.004854368932038834, "05T35@2": 0.9504132231404959, "06T06@3": 0.0, "07T22@3": 0.0, "BUYER": 0.0, "SELLER": 0.0}