{"time_limit": 10800, "spot_discount": 0.9, "spot_market_global_loss": 0.2, "neg_quota_step": 244, "n_processes": 4, "n_products": 5, "n_steps": 61, "financial_reports_period": 5, "exogenous_horizon": 20, "max_productivity": 1.0, "catalog_prices": [10, 16, 23, 29, 36], "cash_availability": [1.5, 2.5], "expected_productivity": 0.9344262295081968, "expected_mean_profit": 0.053833605220228384, "initial_balance": [20911, 20911, 27813, 27813, 37640, 37640, 41753, 41753]}