{"00T23@0": 0.32014388489208623, "01T35@0": 0.27999999999999986, "02T36@1": 0.020408163265306114, "03T23@1": 0.912621359223301, "04T20@2": 0.5910931174089066, "05T23@2": 0.5081081081081081, "BUYER": 0.0, "SELLER": 0.0}