{"00T26@0": 0.09314359637774892, "01T35@0": 0.14304291287386217, "02T35@1": 0.7094339622641507, "03T35@1": 0.7043189368770764, "04T15@2": 0.0, "05T35@2": 0.7620689655172417, "BUYER": 0.0, "SELLER": 0.0}