{"00T37@0": 0.007547169811320746, "01T22@0": 0.050438596491228026, "02T19@1": 0.0, "03T23@1": 0.5761904761904761, "04T23@2": 0.7756097560975609, "05T22@2": 0.408888888888889, "06T22@3": 0.006849315068493143, "07T35@3": 0.7316293929712454, "BUYER": 0.0, "SELLER": 0.0}