{"00T40@0": 0.07380073800738003, "01T22@0": 0.06805293005671072, "02T22@1": 0.48648648648648724, "03T35@1": 0.6969696969696971, "04T36@2": 0.0, "05T35@2": 0.6850393700787402, "BUYER": 0.0, "SELLER": 0.0}