{"00T22@0": 0.0, "01T23@0": 0.022813688212927768, "02T24@1": 0.8571428571428571, "03T23@1": 0.7884615384615384, "04T26@2": 0.5530973451327434, "05T35@2": 0.8327868852459017, "BUYER": 0.0, "SELLER": 0.0}