{"00T35@0": 0.17717717717717718, "01T35@0": 0.18267223382045936, "02T35@1": 0.9470899470899471, "03T22@1": 0.5051679586563315, "04T35@2": 0.4899817850637523, "05T35@2": 0.47985347985348004, "06T34@3": 0.5021459227467812, "07T41@3": 0.0, "BUYER": 0.0, "SELLER": 0.0}