{"00T36@0": 0.18426501035196688, "01T36@0": 0.15231788079470204, "02T36@1": 0.37566137566137564, "03T41@1": 0.27385892116182564, "04T41@2": 0.0032258064516128998, "05T41@2": 0.03525641025641028, "BUYER": 0.0, "SELLER": 0.0}