{"00T35@0": 0.0, "01T23@0": 0.0, "02T29@1": 0.0, "03T23@1": 0.9545454545454546, "04T23@2": 0.8679245283018868, "05T22@2": 0.27702702702702714, "06T34@3": 0.3448275862068966, "07T22@3": 0.270618556701031, "08T22@4": 0.01845018450184502, "09T22@4": 0.007299270072992695, "BUYER": 0.0, "SELLER": 0.0}