{"00T35@0": 0.6828859060402676, "01T35@0": 0.689419795221843, "02T22@1": 0.00301204819277108, "03T22@1": 0.003003003003002999, "04T22@2": 0.43944636678200694, "05T22@2": 0.44482758620689655, "06T41@3": 0.30075187969924805, "07T26@3": 0.3344947735191638, "08T22@4": 0.010548523206751054, "09T22@4": 0.01026694045174538, "BUYER": 0.0, "SELLER": 0.0}