{"00T34@0": 0.0, "01T34@0": 0.0, "02T34@1": 1.0, "03T24@1": 0.0, "04T24@2": 0.9540816326530612, "05T24@2": 0.9195979899497487, "BUYER": 0.0, "SELLER": 0.0}