{"00T26@0": 0.016085790884718485, "01T22@0": 0.05675675675675676, "02T22@1": 0.30410958904109603, "03T35@1": 0.8571428571428571, "04T37@2": 0.009287925696594422, "05T35@2": 0.584967320261438, "BUYER": 0.0, "SELLER": 0.0}