{"00T40@0": 0.14634146341463414, "01T23@0": 0.28645833333333315, "02T22@1": 0.08571428571428572, "03T23@1": 0.7692307692307693, "04T19@2": 1.0, "05T22@2": 0.0, "BUYER": 0.0, "SELLER": 0.0}