{"00T35@0": 0.25753012048192736, "01T35@0": 0.253353204172876, "02T35@1": 0.0, "03T22@1": 0.6525345622119815, "04T35@2": 0.3487940630797773, "05T35@2": 0.35580524344569325, "06T09@3": 0.0, "07T41@3": 0.0, "BUYER": 0.0, "SELLER": 0.0}