{"00T35@0": 0.4763231197771589, "01T23@0": 0.6342710997442456, "02T22@1": 0.0, "03T22@1": 0.0, "04T38@2": 0.25, "05T06@2": 0.0, "BUYER": 0.0, "SELLER": 0.0}