{"00T09@0": 0.0, "01T22@0": 0.11042944785276074, "02T22@1": 0.1608695652173913, "03T35@1": 0.6936936936936939, "04T34@2": 0.5993883792048926, "05T35@2": 0.744868035190616, "BUYER": 0.0, "SELLER": 0.0}