{"00T35@0": 0.16864608076009519, "01T23@0": 0.23130841121495327, "02T22@1": 0.1062670299727521, "03T23@1": 0.0, "04T23@2": 0.48290598290598274, "05T35@2": 0.4198473282442748, "06T37@3": 0.010256410256410253, "07T23@3": 0.8103448275862069, "08T29@4": 1.0, "09T35@4": 0.714570858283433, "BUYER": 0.0, "SELLER": 0.0}