{"00T35@0": 0.10384615384615385, "01T35@0": 0.1141732283464567, "02T37@1": 0.04494382022471909, "03T20@1": 0.0, "04T29@2": 1.0, "05T12@2": 0.0, "BUYER": 0.0, "SELLER": 0.0}