{"00T23@0": 0.22800000000000017, "01T35@0": 0.31740614334470973, "02T34@1": 0.4375, "03T23@1": 0.7543859649122807, "04T19@2": 1.0, "05T35@2": 0.4792176039119804, "BUYER": 0.0, "SELLER": 0.0}