{"00T41@0": 0.0, "01T22@0": 0.0, "02T19@1": 0.0, "03T22@1": 0.6592592592592592, "04T35@2": 0.543933054393306, "05T35@2": 0.531120331950207, "BUYER": 0.0, "SELLER": 0.0}