{"00T35@0": 0.07203389830508476, "01T22@0": 0.15678776290630983, "02T23@1": 0.6424242424242426, "03T23@1": 0.5988372093023259, "04T07@2": 0.14893617021276595, "05T35@2": 0.6447368421052632, "06T24@3": 0.9407114624505929, "07T35@3": 0.6581325301204823, "BUYER": 0.0, "SELLER": 0.0}