,balance,assets,bankrupt,agent_id,step
0,1053.0,190.0,False,00T36@0,0.0
1,918.0,324.16947907771134,False,00T36@0,5.0
2,1123.0,85.0,False,01T21@0,0.0
3,948.0,22.356515798462855,False,01T21@0,5.0
4,1877.0,0.0,False,02T21@1,0.0
5,1812.0,0.0,False,02T21@1,5.0
6,1877.0,0.0,False,03T36@1,0.0
7,1912.0,600.0,False,03T36@1,5.0
8,2430.0,0.0,False,04T21@2,0.0
9,2280.0,0.0,False,04T21@2,5.0
10,2430.0,0.0,False,05T36@2,0.0
11,2256.0,96.0,False,05T36@2,5.0
12,,,,,
13,,,,,
14,,,,,
15,,,,,
