{"00T22@0": 0.006116207951070329, "01T23@0": 0.019762845849802372, "02T06@1": 0.0, "03T23@1": 0.7580645161290324, "04T34@2": 0.615894039735099, "05T35@2": 0.8125, "BUYER": 0.0, "SELLER": 0.0}