{"00T35@0": 0.7341176470588232, "01T35@0": 0.7568181818181816, "02T22@1": 0.010416666666666664, "03T22@1": 0.003367003367003364, "04T29@2": 0.0, "05T22@2": 0.4634146341463415, "06T41@3": 0.4270833333333333, "07T22@3": 0.027303754266211573, "BUYER": 0.0, "SELLER": 0.0}