{"00T00@0": 0.0, "01T24@0": 0.0, "02T00@1": 0.0, "03T22@1": 0.5194805194805195, "04T24@2": 0.038461538461538464, "05T00@2": 0.0, "06T24@3": 1.0, "07T22@3": 0.1451612903225807, "BUYER": 0.0, "SELLER": 0.0}