{"00T22@0": 0.0, "01T35@0": 0.4168336673346693, "02T37@1": 0.014598540145985401, "03T12@1": 0.003676470588235291, "04T22@2": 0.6915254237288133, "05T23@2": 0.7254901960784318, "06T35@3": 0.6045548654244305, "07T22@3": 0.0, "BUYER": 0.0, "SELLER": 0.0}