{"00T20@0": 0.3484848484848487, "01T35@0": 0.7018970189701899, "02T26@1": 0.18238993710691828, "03T22@1": 0.004166666666666664, "04T22@2": 0.010204081632653057, "05T22@2": 0.020618556701030924, "BUYER": 0.0, "SELLER": 0.0}