,balance,assets,bankrupt,agent_id,step
0,1163.0,120.0,False,00T24@0,0.0
1,973.0,309.99999999999994,False,00T24@0,5.0
2,1203.0,80.0,False,01T24@0,0.0
3,1003.0,279.99999999999994,False,01T24@0,5.0
4,2053.0,0.0,False,02T36@1,0.0
5,2076.0,0.0,False,02T36@1,5.0
6,2053.0,0.0,False,03T24@1,0.0
7,1903.0,0.0,False,03T24@1,5.0
8,2657.0,0.0,False,04T36@2,0.0
9,2670.0,0.0,False,04T36@2,5.0
10,2657.0,0.0,False,05T36@2,0.0
11,2436.0,0.0,False,05T36@2,5.0
12,,,,,
13,,,,,
14,,,,,
15,,,,,
