{"00T37@0": 0.06000000000000003, "01T35@0": 0.7773584905660378, "02T35@1": 0.7644927536231882, "03T35@1": 0.7366548042704631, "04T36@2": 0.0, "05T35@2": 0.6106032906764165, "BUYER": 0.0, "SELLER": 0.0}