{"00T41@0": 0.5294117647058824, "01T20@0": 0.0, "02T41@1": 0.1747572815533981, "03T22@1": 0.027932960893854747, "04T20@2": 0.0, "05T41@2": 0.19531249999999997, "06T20@3": 0.0, "07T35@3": 0.8921568627450979, "08T23@4": 0.7985781990521325, "09T35@4": 0.7849999999999995, "BUYER": 0.0, "SELLER": 0.0}