{"00T24@0": 0.0, "01T24@0": 0.0, "02T35@1": 1.0, "03T35@1": 1.0, "04T24@2": 1.0, "05T40@2": 0.0, "06T40@3": 0.5084745762711866, "07T40@3": 0.5131578947368421, "BUYER": 0.0, "SELLER": 0.0}