{"time_limit": 10800, "spot_discount": 0.9, "spot_market_global_loss": 0.2, "neg_quota_step": 300, "n_processes": 4, "n_products": 5, "n_steps": 75, "financial_reports_period": 5, "exogenous_horizon": 20, "max_productivity": 1.0, "catalog_prices": [10, 22, 30, 41, 48], "cash_availability": [1.5, 2.5], "expected_productivity": 0.9466666666666667, "expected_mean_profit": 0.06436354497639435, "initial_balance": [23903, 23903, 35987, 35987, 45084, 45084, 62147, 62147]}