{"00T22@0": 0.19999999999999993, "01T23@0": 0.4475, "02T22@1": 0.09059233449477352, "03T23@1": 0.6618705035971222, "04T22@2": 0.08225108225108226, "05T23@2": 0.8211382113821138, "06T40@3": 0.08125000000000002, "07T36@3": 0.20746887966804975, "08T22@4": 0.02134146341463415, "09T23@4": 0.7565217391304351, "BUYER": 0.0, "SELLER": 0.0}