{"00T16@0": 0.0, "01T22@0": 0.17899408284023674, "02T22@1": 0.5380952380952382, "03T35@1": 0.7615384615384615, "04T26@2": 0.0, "05T35@2": 0.6543778801843315, "BUYER": 0.0, "SELLER": 0.0}