{"time_limit": 10800, "spot_discount": 0.9, "spot_market_global_loss": 0.2, "neg_quota_step": 288, "n_processes": 4, "n_products": 5, "n_steps": 72, "financial_reports_period": 5, "exogenous_horizon": 21, "max_productivity": 1.0, "catalog_prices": [10, 17, 28, 41, 60], "cash_availability": [1.5, 2.5], "expected_productivity": 0.9444444444444444, "expected_mean_profit": 0.10369596616114722, "initial_balance": [19014, 19014, 30358, 30358, 42781, 42781, 62935, 62935]}