{"00T23@0": 0.45910290237467016, "01T22@0": 0.0, "02T20@1": 0.0, "03T12@1": 0.0, "04T23@2": 0.05649717514124294, "05T22@2": 0.6, "06T02@3": 0.7251461988304093, "07T29@3": 1.0, "BUYER": 0.0, "SELLER": 0.0}