{"00T22@0": 0.0, "01T35@0": 0.0910447761194029, "02T20@1": 0.0, "03T22@1": 0.0, "04T12@2": 0.24, "05T23@2": 0.44966442953020175, "06T37@3": 0.02399999999999998, "07T23@3": 0.8051282051282052, "08T29@4": 1.0, "09T35@4": 0.7245370370370372, "BUYER": 0.0, "SELLER": 0.0}