{"00T40@0": 0.004484304932735421, "01T22@0": 0.006880733944954132, "02T19@1": 0.0, "03T40@1": 0.0, "04T19@2": 0.0, "05T19@2": 0.0, "06T40@3": 1.0, "07T23@3": 1.0, "BUYER": 0.0, "SELLER": 0.0}