,balance,assets,bankrupt,agent_id,step
0,1966.0,90.0,False,00T24@0,0.0
1,1726.0,329.99999999999994,False,00T24@0,5.0
2,1946.0,200.0,False,01T15@0,0.0
3,2081.0,398.4181090790333,False,01T15@0,5.0
4,2604.0,0.0,False,02T15@1,0.0
5,2255.0,357.48805460750845,False,02T15@1,5.0
6,2604.0,0.0,False,03T24@1,0.0
7,2304.0,0.0,False,03T24@1,5.0
8,3746.0,0.0,False,04T15@2,0.0
9,4114.0,35.0,False,04T15@2,5.0
10,3746.0,0.0,False,05T24@2,0.0
11,3553.0,0.0,False,05T24@2,5.0
12,,,,,
13,,,,,
14,,,,,
15,,,,,
