{"00T35@0": 0.03253796095444686, "01T22@0": 0.1546052631578947, "02T00@1": 0.0, "03T35@1": 0.6016597510373444, "04T24@2": 1.0, "05T35@2": 0.7508361204013375, "BUYER": 0.0, "SELLER": 0.0}