{"time_limit": 10800, "spot_discount": 0.9, "spot_market_global_loss": 0.2, "neg_quota_step": 316, "n_processes": 4, "n_products": 5, "n_steps": 79, "financial_reports_period": 5, "exogenous_horizon": 21, "max_productivity": 1.0, "catalog_prices": [10, 17, 22, 34, 43], "cash_availability": [1.5, 2.5], "expected_productivity": 0.9493670886075949, "expected_mean_profit": 0.09076652058090573, "initial_balance": [19728, 19728, 29381, 29381, 37623, 37623, 52912, 52912]}