{"00T35@0": 0.3951855566700101, "01T35@0": 0.454277286135693, "02T35@1": 0.0, "03T22@1": 0.27142857142857124, "04T35@2": 0.4903339191564148, "05T35@2": 0.5120689655172412, "06T15@3": 0.0, "07T16@3": 1.0, "BUYER": 0.0, "SELLER": 0.0}