{"00T22@0": 0.0, "01T22@0": 0.0, "02T29@1": 0.0, "03T37@1": 0.2027027027027029, "04T23@2": 0.8592233009708736, "05T23@2": 0.855, "06T35@3": 0.6516245487364625, "07T22@3": 0.0, "BUYER": 0.0, "SELLER": 0.0}