{"00T40@0": 0.057803468208092464, "01T24@0": 0.0, "02T40@1": 0.4369747899159665, "03T24@1": 0.5, "04T23@2": 0.5947368421052636, "05T23@2": 0.6045197740112993, "06T24@3": 0.9940476190476191, "07T40@3": 0.0, "BUYER": 0.0, "SELLER": 0.0}