{"00T15@0": 0.14117647058823532, "01T15@0": 0.15686274509803919, "02T36@1": 0.25714285714285706, "03T15@1": 0.2465753424657534, "04T36@2": 0.07575757575757576, "05T36@2": 0.05490196078431376, "BUYER": 0.0, "SELLER": 0.0}