{"00T34@0": 0.1274038461538462, "01T34@0": 0.12468827930174574, "02T36@1": 0.2421524663677129, "03T36@1": 0.13930348258706485, "04T34@2": 0.9629629629629629, "05T36@2": 0.027070063694267503, "BUYER": 0.0, "SELLER": 0.0}