{"00T41@0": 0.1145038167938932, "01T12@0": 0.0, "02T36@1": 0.29545454545454547, "03T12@1": 0.03896103896103896, "04T36@2": 0.6190476190476188, "05T36@2": 0.9130434782608695, "06T12@2": 0.0, "07T41@3": 0.5112107623318385, "08T41@3": 0.5103734439834027, "BUYER": 0.0, "SELLER": 0.0}