{"time_limit": 10800, "spot_discount": 0.9, "spot_market_global_loss": 0.2, "neg_quota_step": 247, "n_processes": 4, "n_products": 5, "n_steps": 55, "financial_reports_period": 5, "exogenous_horizon": 16, "max_productivity": 1.0, "catalog_prices": [10, 12, 20, 29, 36], "cash_availability": [1.5, 2.5], "expected_productivity": 0.8242424242424242, "expected_mean_profit": 0.10047817431813984, "initial_balance": [9734, 9734, 14158, 14158, 13833, 13833, 13833, 28449, 28449]}