{"00T20@0": 0.0, "01T12@0": 0.0, "02T23@1": 0.0, "03T35@1": 0.0, "04T29@2": 0.0, "05T35@2": 1.0, "06T37@3": 0.09395973154362415, "07T23@3": 0.9641025641025641, "08T22@4": 0.0, "09T35@4": 0.7384615384615382, "BUYER": 0.0, "SELLER": 0.0}