{"00T22@0": 0.43249176728869376, "01T22@0": 0.17908787541713042, "02T35@1": 0.3130081300813007, "03T35@1": 0.31967213114754095, "04T36@2": 0.6241258741258742, "05T00@2": 0.0, "06T22@3": 0.006430868167202549, "07T35@3": 0.9518652226233454, "BUYER": 0.0, "SELLER": 0.0}