{"00T06@0": 0.0, "01T33@0": 0.17562724014336925, "02T33@1": 0.013888888888888886, "03T22@1": 0.0987654320987654, "04T33@2": 0.21848739495798314, "05T06@2": 0.0, "06T06@3": 0.0, "07T22@3": 0.09042553191489362, "BUYER": 0.0, "SELLER": 0.0}