{"00T29@0": 0.0, "01T10@0": 0.046153846153846156, "02T10@1": 0.2375, "03T29@1": 0.0, "04T29@2": 1.0, "05T10@2": 0.037463976945244976, "BUYER": 0.0, "SELLER": 0.0}