{"00T35@0": 0.4999999999999998, "01T35@0": 0.05960264900662253, "02T20@1": 0.43010752688172044, "03T35@1": 0.8737864077669902, "04T19@2": 1.0, "05T22@2": 0.0, "BUYER": 0.0, "SELLER": 0.0}