{"00T34@0": 0.0, "01T15@0": 0.0, "02T34@1": 0.6666666666666665, "03T34@1": 0.6785714285714285, "04T15@2": 0.038901601830663615, "05T15@2": 0.03456221198156684, "BUYER": 0.0, "SELLER": 0.0}