{"00T34@0": 0.11836734693877558, "01T34@0": 0.10784313725490209, "02T26@1": 0.21929824561403527, "03T34@1": 0.9238095238095239, "04T35@2": 0.5942622950819675, "05T23@2": 0.6567796610169495, "06T26@3": 0.31152647975077863, "07T22@3": 0.5319926873857406, "08T26@4": 0.012903225806451613, "09T22@4": 0.0, "BUYER": 0.0, "SELLER": 0.0}