{"00T12@0": 0.006825938566552901, "01T35@0": 0.3876923076923079, "02T12@1": 0.0, "03T40@1": 0.0, "04T40@2": 0.6601941747572814, "05T23@2": 0.33009708737864085, "06T12@3": 0.0, "07T40@3": 1.0, "BUYER": 0.0, "SELLER": 0.0}