{"00T35@0": 0.23112128146453081, "01T22@0": 0.10693641618497116, "02T06@1": 0.0, "03T35@1": 0.6038647342995175, "04T20@2": 0.729805013927576, "05T35@2": 0.6811279826464208, "BUYER": 0.0, "SELLER": 0.0}