{"00T36@0": 0.10236220472440946, "01T23@0": 0.0, "02T32@1": 0.8136882129277567, "03T23@1": 0.7000000000000003, "04T36@2": 0.009677419354838705, "05T22@2": 0.0, "06T32@3": 0.7588652482269503, "07T36@3": 0.3875, "08T32@4": 0.27578475336322855, "09T22@4": 0.0, "BUYER": 0.0, "SELLER": 0.0}