{"00T36@0": 0.1259689922480621, "01T22@0": 0.1499051233396583, "02T22@1": 0.40425531914893614, "03T35@1": 0.6176470588235298, "04T20@2": 0.6336842105263163, "05T35@2": 0.5747922437673132, "BUYER": 0.0, "SELLER": 0.0}