{"00T23@0": 0.3806970509383378, "01T35@0": 0.27329192546583825, "02T29@1": 0.0, "03T41@1": 0.24401197604790437, "04T23@2": 0.84, "05T22@2": 0.2115384615384617, "06T35@3": 0.7289377289377288, "07T22@3": 0.4155688622754489, "08T35@4": 0.5845959595959593, "09T35@4": 0.604562737642585, "BUYER": 0.0, "SELLER": 0.0}