{"00T35@0": 0.7065637065637065, "01T35@0": 0.699812382739212, "02T22@1": 0.00277008310249307, "03T22@1": 0.002777777777777773, "04T22@2": 0.19634703196347028, "05T22@2": 0.20183486238532114, "06T16@3": 0.0, "07T41@3": 0.6005154639175262, "08T22@4": 0.02359882005899702, "09T22@4": 0.005479452054794511, "BUYER": 0.0, "SELLER": 0.0}