{"00T29@0": 0.0, "01T37@0": 0.11025145067698272, "02T41@1": 0.6334519572953737, "03T35@1": 0.7297297297297296, "04T24@2": 0.9903846153846154, "05T35@2": 0.5133020344287951, "BUYER": 0.0, "SELLER": 0.0}