{"00T35@0": 0.3504098360655739, "01T35@0": 0.36653386454183245, "02T22@1": 0.49473684210526336, "03T22@1": 0.31404958677685946, "04T22@2": 0.04453441295546563, "05T22@2": 0.020491803278688523, "06T41@3": 0.44268774703557306, "07T09@3": 0.0, "08T22@4": 0.035842293906810034, "09T22@4": 0.049808429118773964, "BUYER": 0.0, "SELLER": 0.0}