{"00T24@0": 0.1, "01T22@0": 0.35, "02T35@1": 0.5714285714285714, "03T22@1": 0.36363636363636365, "04T16@2": 0.0, "05T35@2": 0.36363636363636365, "06T35@3": 0.8666666666666667, "07T35@3": 0.8666666666666667, "BUYER": 0.0, "SELLER": 0.0}