{"00T20@0": 0.04166666666666669, "01T35@0": 0.6549586776859506, "02T35@1": 0.7803468208092487, "03T35@1": 0.8623853211009175, "04T03@2": 0.0, "05T35@2": 0.7166482910694597, "BUYER": 0.0, "SELLER": 0.0}