{"00T36@0": 0.052631578947368404, "01T06@0": 0.0, "02T36@1": 0.0989010989010989, "03T06@1": 0.0, "04T36@2": 0.0796812749003984, "05T06@2": 0.0, "BUYER": 0.0, "SELLER": 0.0}