{"00T29@0": 0.0, "01T35@0": 0.21052631578947367, "02T41@1": 0.5510204081632655, "03T29@1": 0.0, "04T41@2": 0.5252525252525252, "05T41@2": 0.5416666666666665, "06T29@3": 1.0, "07T22@3": 0.010714285714285711, "BUYER": 0.0, "SELLER": 0.0}