{"00T35@0": 0.19387755102040813, "01T23@0": 0.35929648241206, "02T40@1": 0.11290322580645157, "03T23@1": 0.8786127167630058, "04T41@2": 0.4312500000000001, "05T23@2": 0.6681715575620771, "BUYER": 0.0, "SELLER": 0.0}