{"time_limit": 10800, "spot_discount": 0.9, "spot_market_global_loss": 0.2, "neg_quota_step": 485, "n_processes": 5, "n_products": 6, "n_steps": 97, "financial_reports_period": 5, "exogenous_horizon": 27, "max_productivity": 1.0, "catalog_prices": [10, 21, 28, 37, 51, 63], "cash_availability": [1.5, 2.5], "expected_productivity": 0.9484536082474226, "expected_mean_profit": 0.0831866515564343, "initial_balance": [28405, 28405, 40602, 40602, 51880, 51880, 76525, 76525, 92899, 92899]}