{"time_limit": 10800, "spot_discount": 0.9, "spot_market_global_loss": 0.2, "neg_quota_step": 420, "n_processes": 4, "n_products": 5, "n_steps": 70, "financial_reports_period": 5, "exogenous_horizon": 28, "max_productivity": 1.0, "catalog_prices": [10, 18, 23, 34, 51], "cash_availability": [1.5, 2.5], "expected_productivity": 1.5714285714285714, "expected_mean_profit": 0.08279599568457234, "initial_balance": [22586, 22586, 22586, 22586, 22586, 70746, 70746, 64170, 64170, 64170, 135247, 135247]}