{"00T35@0": 0.30905861456483114, "01T23@0": 0.542553191489362, "02T22@1": 0.23322683706070288, "03T22@1": 0.23312883435582812, "04T24@2": 0.9162790697674419, "05T37@2": 0.03582554517133959, "BUYER": 0.0, "SELLER": 0.0}