{"00T35@0": 0.28662420382165665, "01T23@0": 0.3489736070381232, "02T37@1": 0.0, "03T22@1": 0.41474654377880166, "04T41@2": 0.41975308641975284, "05T35@2": 0.6167979002624678, "BUYER": 0.0, "SELLER": 0.0}