{"time_limit": 10800, "spot_discount": 0.9, "spot_market_global_loss": 0.2, "neg_quota_step": 420, "n_processes": 5, "n_products": 6, "n_steps": 84, "financial_reports_period": 5, "exogenous_horizon": 23, "max_productivity": 1.0, "catalog_prices": [10, 16, 26, 32, 35, 45], "cash_availability": [1.5, 2.5], "expected_productivity": 0.9404761904761905, "expected_mean_profit": 0.058184067876502474, "initial_balance": [22424, 22424, 33717, 33717, 44288, 44288, 56140, 56140, 64067, 64067]}