{"00T35@0": 0.0, "01T23@0": 0.0, "02T23@1": 1.0, "03T23@1": 1.0, "04T22@2": 0.04814814814814817, "05T23@2": 0.8971428571428571, "06T37@3": 0.0, "07T23@3": 0.7134146341463414, "08T34@4": 0.6634615384615388, "09T35@4": 0.7164179104477614, "BUYER": 0.0, "SELLER": 0.0}