{"00T22@0": 0.02625298329355607, "01T35@0": 0.10755148741418771, "02T29@1": 0.0, "03T10@1": 0.5113636363636365, "04T35@2": 0.8282608695652175, "05T35@2": 0.8148148148148151, "BUYER": 0.0, "SELLER": 0.0}