{"time_limit": 10800, "spot_discount": 0.9, "spot_market_global_loss": 0.2, "neg_quota_step": 310, "n_processes": 4, "n_products": 5, "n_steps": 69, "financial_reports_period": 5, "exogenous_horizon": 15, "max_productivity": 1.0, "catalog_prices": [10, 18, 23, 29, 41], "cash_availability": [1.5, 2.5], "expected_productivity": 1.2560386473429952, "expected_mean_profit": 0.08454003339931118, "initial_balance": [17369, 17369, 17369, 33708, 33708, 42392, 42392, 56233, 56233]}