{"00T35@0": 0.11538461538461535, "01T22@0": 0.06609195402298852, "02T13@1": 0.0, "03T35@1": 0.6285714285714289, "04T09@2": 0.0, "05T35@2": 0.7380952380952385, "BUYER": 0.0, "SELLER": 0.0}