{"00T41@0": 0.24493554327808492, "01T15@0": 0.3496932515337423, "02T41@1": 0.32009925558312674, "03T41@1": 0.2976190476190477, "04T15@2": 0.013999999999999999, "05T15@2": 0.020366598778004067, "BUYER": 0.0, "SELLER": 0.0}