{"00T23@0": 0.0, "01T35@0": 0.0, "02T35@1": 1.0, "03T35@1": 1.0, "04T40@2": 0.659090909090909, "05T22@2": 0.6534653465346535, "06T20@3": 0.45798319327731085, "07T22@3": 0.02188183807439824, "BUYER": 0.0, "SELLER": 0.0}