{"time_limit": 10800, "spot_discount": 0.9, "spot_market_global_loss": 0.2, "neg_quota_step": 216, "n_processes": 4, "n_products": 5, "n_steps": 54, "financial_reports_period": 5, "exogenous_horizon": 17, "max_productivity": 1.0, "catalog_prices": [10, 16, 23, 30, 44], "cash_availability": [1.5, 2.5], "expected_productivity": 0.9259259259259259, "expected_mean_profit": 0.07146701488454989, "initial_balance": [16392, 16392, 22012, 22012, 30794, 30794, 44141, 44141]}