{"00T37@0": 0.06705539358600585, "01T35@0": 0.7231040564373902, "02T35@1": 0.7253333333333338, "03T35@1": 0.7086614173228346, "04T40@2": 0.0, "05T35@2": 0.6571753986332569, "BUYER": 0.0, "SELLER": 0.0}