{"00T18@0": 0.0, "01T22@0": 0.13590263691683577, "02T22@1": 0.5810810810810808, "03T35@1": 0.8865979381443297, "04T07@2": 0.19381443298969078, "05T35@2": 0.616766467065868, "BUYER": 0.0, "SELLER": 0.0}