{"00T16@0": 0.0, "01T22@0": 0.09404388714733536, "02T22@1": 0.49336870026525137, "03T35@1": 0.8531468531468531, "04T07@2": 0.14656771799628943, "05T35@2": 0.7100271002710024, "BUYER": 0.0, "SELLER": 0.0}