{"00T23@0": 0.0, "01T23@0": 0.0, "02T35@1": 1.0, "03T35@1": 1.0, "04T10@2": 0.503731343283582, "05T24@2": 1.0, "06T22@3": 0.12851405622489964, "07T23@3": 0.7735849056603769, "BUYER": 0.0, "SELLER": 0.0}