{"00T15@0": 0.21621621621621623, "01T35@0": 0.3159420289855074, "02T15@1": 0.2751091703056767, "03T15@1": 0.2424242424242422, "04T26@2": 0.18050541516245489, "05T35@2": 0.4206349206349206, "06T26@3": 0.19500000000000006, "07T35@3": 0.7608695652173912, "08T26@4": 0.08593750000000003, "09T22@4": 0.0, "BUYER": 0.0, "SELLER": 0.0}