{"time_limit": 10800, "spot_discount": 0.9, "spot_market_global_loss": 0.2, "neg_quota_step": 345, "n_processes": 5, "n_products": 6, "n_steps": 69, "financial_reports_period": 5, "exogenous_horizon": 20, "max_productivity": 1.0, "catalog_prices": [10, 19, 26, 38, 51, 65], "cash_availability": [1.5, 2.5], "expected_productivity": 0.927536231884058, "expected_mean_profit": 0.09838705319752519, "initial_balance": [17362, 17362, 23927, 23927, 35429, 35429, 47310, 47310, 61037, 61037]}