{"00T37@0": 0.06994818652849745, "01T22@0": 0.26898047722342716, "02T35@1": 0.18604651162790697, "03T35@1": 0.08771929824561402, "04T24@2": 1.0, "05T35@2": 0.95, "06T22@3": 0.0, "07T22@3": 0.0, "BUYER": 0.0, "SELLER": 0.0}