{"00T29@0": 0.0, "01T12@0": 0.0, "02T02@1": 0.32867132867132864, "03T29@1": 0.0, "04T29@2": 0.0, "05T05@2": 0.0, "06T12@2": 0.05333333333333336, "07T05@2": 0.0, "08T12@3": 0.0, "09T02@3": 0.9452054794520548, "10T02@3": 0.944954128440367, "11T05@3": 1.0, "BUYER": 0.0, "SELLER": 0.0}