{"time_limit": 10800, "spot_discount": 0.9, "spot_market_global_loss": 0.2, "neg_quota_step": 588, "n_processes": 4, "n_products": 5, "n_steps": 98, "financial_reports_period": 5, "exogenous_horizon": 25, "max_productivity": 1.0, "catalog_prices": [10, 20, 28, 38, 48], "cash_availability": [1.5, 2.5], "expected_productivity": 0.6394557823129252, "expected_mean_profit": 0.10371165064522618, "initial_balance": [25478, 25478, 33687, 33687, 21763, 21763, 21763, 21763, 30680, 30680, 30680, 30680]}