{"00T36@0": 0.0, "01T22@0": 0.014388489208633079, "02T34@1": 0.7345132743362833, "03T22@1": 0.4767932489451477, "04T23@2": 0.7086419753086419, "05T35@2": 0.698162729658792, "BUYER": 0.0, "SELLER": 0.0}