{"time_limit": 10800, "spot_discount": 0.9, "spot_market_global_loss": 0.2, "neg_quota_step": 535, "n_processes": 5, "n_products": 6, "n_steps": 107, "financial_reports_period": 5, "exogenous_horizon": 29, "max_productivity": 1.0, "catalog_prices": [10, 18, 28, 36, 45, 62], "cash_availability": [1.5, 2.5], "expected_productivity": 0.9532710280373832, "expected_mean_profit": 0.10130055860458863, "initial_balance": [31366, 31366, 47884, 47884, 65240, 65240, 76949, 76949, 105805, 105805]}