{"00T35@0": 0.30675909878682844, "01T35@0": 0.2861952861952865, "02T22@1": 0.5311720698254356, "03T22@1": 0.4841075794621028, "04T22@2": 0.0, "05T22@2": 0.009554140127388531, "06T38@3": 0.0, "07T37@3": 0.1557377049180328, "08T22@4": 0.1388012618296531, "09T22@4": 0.05315614617940193, "BUYER": 0.0, "SELLER": 0.0}