{"time_limit": 10800, "spot_discount": 0.9, "spot_market_global_loss": 0.2, "neg_quota_step": 283, "n_processes": 4, "n_products": 5, "n_steps": 63, "financial_reports_period": 5, "exogenous_horizon": 25, "max_productivity": 1.0, "catalog_prices": [10, 22, 32, 42, 54], "cash_availability": [1.5, 2.5], "expected_productivity": 0.8324514991181657, "expected_mean_profit": 0.06644201996279107, "initial_balance": [23743, 23743, 24139, 24139, 24139, 49400, 49400, 62919, 62919]}