{"00T35@0": 0.0, "01T23@0": 0.0, "02T35@1": 1.0, "03T35@1": 1.0, "04T41@2": 0.34741784037558676, "05T23@2": 0.8290598290598291, "06T20@3": 1.0, "07T23@3": 0.6430062630480164, "BUYER": 0.0, "SELLER": 0.0}