{"00T22@0": 0.04656862745098043, "01T35@0": 0.10208816705336432, "02T36@1": 0.4900990099009901, "03T24@1": 1.0, "04T35@2": 0.8029978586723766, "05T35@2": 0.9244332493702769, "BUYER": 0.0, "SELLER": 0.0}