{"00T24@0": 0.0, "01T22@0": 0.16644474034620502, "02T22@1": 0.3127413127413127, "03T35@1": 0.6569037656903769, "04T06@2": 0.0, "05T35@2": 0.6737193763919826, "BUYER": 0.0, "SELLER": 0.0}