{"00T20@0": 0.0, "01T22@0": 0.1559139784946237, "02T40@1": 0.4749999999999999, "03T35@1": 0.8602941176470589, "04T22@2": 0.0, "05T35@2": 0.6415094339622639, "BUYER": 0.0, "SELLER": 0.0}