{"00T36@0": 0.0, "01T36@0": 0.004115226337448557, "02T34@1": 0.0, "03T22@1": 0.019230769230769225, "04T34@2": 0.6605504587155961, "05T34@2": 0.6696428571428571, "06T36@3": 0.1052631578947368, "07T22@3": 0.10894941634241245, "BUYER": 0.0, "SELLER": 0.0}