{"00T22@0": 0.2585949177877428, "01T35@0": 0.7034883720930227, "02T26@1": 0.297029702970297, "03T41@1": 0.39179954441913434, "04T35@2": 0.7291981845688355, "05T35@2": 0.7140600315955765, "BUYER": 0.0, "SELLER": 0.0}