{"00T24@0": 0.08571428571428565, "01T38@0": 0.0779220779220779, "02T38@1": 0.05092592592592591, "03T35@1": 0.7010869565217391, "04T24@2": 0.125, "05T38@2": 0.004962779156327537, "06T24@3": 0.7261904761904763, "07T35@3": 0.4145454545454545, "BUYER": 0.0, "SELLER": 0.0}