{"time_limit": 10800, "spot_discount": 0.9, "spot_market_global_loss": 0.2, "neg_quota_step": 450, "n_processes": 5, "n_products": 6, "n_steps": 75, "financial_reports_period": 5, "exogenous_horizon": 21, "max_productivity": 1.0, "catalog_prices": [10, 22, 33, 45, 64, 80], "cash_availability": [1.5, 2.5], "expected_productivity": 0.7777777777777778, "expected_mean_profit": 0.09168684306431069, "initial_balance": [22684, 22684, 37494, 37494, 25486, 25486, 25486, 25486, 71653, 71653, 94336, 94336]}