{"00T38@0": 0.02711323763955345, "01T07@0": 0.0, "02T38@1": 0.0, "03T38@1": 0.003952569169960471, "04T07@2": 0.44, "05T35@2": 0.7377622377622376, "06T07@3": 0.05303030303030306, "07T35@3": 0.6679841897233202, "BUYER": 0.0, "SELLER": 0.0}