{"00T41@0": 0.14803625377643514, "01T41@0": 0.15290519877675843, "02T20@1": 0.0, "03T41@1": 0.23664122137404575, "04T12@2": 0.2692307692307693, "05T12@2": 0.15, "06T20@3": 1.0, "07T12@3": 0.027777777777777776, "08T20@3": 1.0, "BUYER": 0.0, "SELLER": 0.0}