{"00T19@0": 0.0, "01T40@0": 0.2136894824707845, "02T35@1": 0.7689969604863223, "03T22@1": 0.057377049180327905, "04T40@2": 0.0, "05T40@2": 0.0, "06T19@3": 1.0, "07T19@3": 1.0, "BUYER": 0.0, "SELLER": 0.0}