{"00T36@0": 0.2390953150242326, "01T36@0": 0.2418831168831167, "02T41@1": 0.3866666666666668, "03T41@1": 0.31940298507462733, "04T41@2": 0.4143763213530657, "05T36@2": 0.021072796934865922, "BUYER": 0.0, "SELLER": 0.0}