{"00T12@0": 0.0, "01T23@0": 0.6260623229461756, "02T36@1": 0.07999999999999997, "03T12@1": 0.0, "04T36@2": 0.10227272727272728, "05T35@2": 0.6093294460641406, "06T12@3": 0.01096491228070175, "07T23@3": 0.75, "08T36@4": 0.1702127659574468, "09T35@4": 0.5070422535211268, "BUYER": 0.0, "SELLER": 0.0}