{"00T24@0": 0.0, "01T22@0": 0.06, "02T22@1": 0.8872180451127818, "03T35@1": 0.8809523809523808, "04T40@2": 0.008474576271186435, "05T35@2": 0.6297786720321935, "BUYER": 0.0, "SELLER": 0.0}