{"00T16@0": 0.0, "01T36@0": 0.06024096385542167, "02T16@1": 0.0, "03T22@1": 0.5197368421052629, "04T36@2": 0.11224489795918369, "05T36@2": 0.21, "06T16@3": 1.0, "07T22@3": 0.009999999999999995, "BUYER": 0.0, "SELLER": 0.0}