{"00T35@0": 0.7392550143266475, "01T22@0": 0.19475655430711614, "02T04@1": 0.1158301158301158, "03T35@1": 0.663594470046083, "04T08@2": 0.00602409638554216, "05T35@2": 0.7211367673179394, "BUYER": 0.0, "SELLER": 0.0}