{"00T35@0": 0.6586956521739135, "01T22@0": 0.05825242718446602, "02T08@1": 0.28691983122362874, "03T35@1": 0.6443298969072166, "04T09@2": 0.0, "05T35@2": 0.6585365853658531, "BUYER": 0.0, "SELLER": 0.0}