{"00T26@0": 0.05555555555555559, "01T22@0": 0.21092278719397323, "02T22@1": 0.11726384364820856, "03T35@1": 0.49212598425196863, "04T09@2": 0.0, "05T35@2": 0.6478102189781024, "BUYER": 0.0, "SELLER": 0.0}