{"00T34@0": 0.2007575757575757, "01T34@0": 0.16141732283464572, "02T37@1": 0.05932203389830512, "03T37@1": 0.04032258064516129, "04T34@2": 0.5933609958506224, "05T35@2": 0.7716049382716049, "06T37@3": 0.07048458149779739, "07T35@3": 0.5693430656934301, "BUYER": 0.0, "SELLER": 0.0}