{"time_limit": 10800, "spot_discount": 0.9, "spot_market_global_loss": 0.2, "neg_quota_step": 308, "n_processes": 4, "n_products": 5, "n_steps": 77, "financial_reports_period": 5, "exogenous_horizon": 28, "max_productivity": 1.0, "catalog_prices": [10, 17, 26, 38, 45], "cash_availability": [1.5, 2.5], "expected_productivity": 0.948051948051948, "expected_mean_profit": 0.05818080108752534, "initial_balance": [22117, 22117, 31407, 31407, 50870, 50870, 61855, 61855]}