{"00T41@0": 0.3761814744801512, "01T23@0": 0.024390243902439036, "02T24@1": 0.17142857142857143, "03T35@1": 0.4312977099236645, "04T23@2": 0.8378378378378378, "05T22@2": 0.016835016835016838, "06T35@3": 0.6984924623115575, "07T23@3": 0.692789968652038, "08T22@4": 0.0, "09T35@4": 0.5489864864864862, "BUYER": 0.0, "SELLER": 0.0}