{"00T40@0": 0.0413223140495868, "01T23@0": 0.2798434442270054, "02T40@1": 0.006944444444444444, "03T40@1": 0.02702702702702703, "04T19@2": 0.0, "05T22@2": 0.0, "06T19@3": 1.0, "07T19@3": 1.0, "BUYER": 0.0, "SELLER": 0.0}