{"time_limit": 10800, "spot_discount": 0.9, "spot_market_global_loss": 0.2, "neg_quota_step": 284, "n_processes": 4, "n_products": 5, "n_steps": 71, "financial_reports_period": 5, "exogenous_horizon": 34, "max_productivity": 1.0, "catalog_prices": [10, 19, 27, 36, 42], "cash_availability": [1.5, 2.5], "expected_productivity": 0.9436619718309859, "expected_mean_profit": 0.10297573065533668, "initial_balance": [18955, 18955, 25767, 25767, 35776, 35776, 43774, 43774]}