{"00T08@0": 0.011299435028248575, "01T22@0": 0.03925233644859813, "02T22@1": 0.9070796460176989, "03T35@1": 0.8719512195121951, "04T07@2": 0.08941605839416059, "05T35@2": 0.6107142857142855, "BUYER": 0.0, "SELLER": 0.0}