{"00T35@0": 0.7174887892376681, "01T22@0": 0.3882618510158014, "02T41@1": 0.20056497175141244, "03T35@1": 0.18018018018018017, "04T23@2": 0.5621621621621621, "05T35@2": 0.5328947368421051, "06T24@3": 0.9921259842519685, "07T22@3": 0.0, "BUYER": 0.0, "SELLER": 0.0}