{"00T26@0": 0.008113590263691673, "01T35@0": 0.4693486590038315, "02T18@1": 0.0, "03T22@1": 0.14084507042253525, "04T22@2": 0.05144694533762052, "05T22@2": 0.05637982195845695, "BUYER": 0.0, "SELLER": 0.0}