{"00T40@0": 0.06333333333333332, "01T15@0": 0.0, "02T40@1": 0.5026178010471204, "03T40@1": 0.5469168900804288, "04T15@2": 0.005747126436781603, "05T15@2": 0.007889546351084803, "BUYER": 0.0, "SELLER": 0.0}