{"00T22@0": 0.35483870967741954, "01T23@0": 0.2637795275590554, "02T22@1": 0.35687732342007433, "03T35@1": 0.20388349514563106, "04T35@2": 0.6734693877551015, "05T35@2": 0.6682692307692306, "06T40@3": 0.0035971223021582697, "07T35@3": 0.8865979381443299, "08T29@4": 1.0, "09T22@4": 0.0, "BUYER": 0.0, "SELLER": 0.0}