{"00T38@0": 0.0, "01T22@0": 0.019047619047619053, "02T40@1": 0.4918032786885247, "03T22@1": 0.15625000000000003, "04T40@2": 0.16666666666666666, "05T22@2": 0.0, "06T38@3": 0.45454545454545453, "07T40@3": 0.6428571428571428, "08T38@4": 0.058823529411764705, "09T35@4": 0.8301886792452831, "BUYER": 0.0, "SELLER": 0.0}