{"00T09@0": 0.0, "01T37@0": 0.0, "02T37@1": 0.3333333333333333, "03T09@1": 0.0, "04T09@2": 0.0, "05T37@2": 0.8181818181818182, "BUYER": 0.0, "SELLER": 0.0}