,balance,assets,bankrupt,agent_id,step
0,1766.0,250.0,False,00T09@0,0.0
1,1266.0,1298.1818181818182,False,00T09@0,5.0
2,1886.0,76.0,False,01T37@0,0.0
3,1926.0,371.45454545454544,False,01T37@0,5.0
4,2439.0,0.0,False,02T37@1,0.0
5,2206.0,239.24292452830196,False,02T37@1,5.0
6,2439.0,0.0,False,03T09@1,0.0
7,2439.0,0.0,False,03T09@1,5.0
8,3509.0,0.0,False,04T09@2,0.0
9,3509.0,0.0,False,04T09@2,5.0
10,3509.0,0.0,False,05T37@2,0.0
11,3222.0,35.0,False,05T37@2,5.0
12,,,,,
13,,,,,
14,,,,,
15,,,,,
