{"time_limit": 10800, "spot_discount": 0.9, "spot_market_global_loss": 0.2, "neg_quota_step": 300, "n_processes": 5, "n_products": 6, "n_steps": 60, "financial_reports_period": 5, "exogenous_horizon": 25, "max_productivity": 1.0, "catalog_prices": [10, 22, 33, 44, 55, 73], "cash_availability": [1.5, 2.5], "expected_productivity": 0.9166666666666666, "expected_mean_profit": 0.12758512227726665, "initial_balance": [14898, 14898, 23355, 23355, 33257, 33257, 40443, 40443, 53368, 53368]}