{"00T35@0": 0.3580246913580243, "01T35@0": 0.3680430879712746, "02T38@1": 0.0, "03T35@1": 0.7099999999999999, "04T37@2": 0.09782608695652172, "05T22@2": 0.030927835051546393, "BUYER": 0.0, "SELLER": 0.0}