{"00T35@0": 0.23913043478260898, "01T22@0": 0.3830188679245281, "02T22@1": 0.2257142857142855, "03T23@1": 0.1418918918918919, "04T23@2": 0.6842105263157895, "05T23@2": 0.6894977168949772, "06T37@3": 0.0056179775280898875, "07T22@3": 0.0, "08T12@4": 0.07692307692307693, "09T35@4": 0.6708860759493671, "BUYER": 0.0, "SELLER": 0.0}