{"00T12@0": 0.0, "01T36@0": 0.0, "02T36@1": 0.276923076923077, "03T12@1": 0.021276595744680844, "04T36@2": 0.04065040650406504, "05T23@2": 0.6730769230769231, "06T12@3": 0.0, "07T22@3": 0.1434977578475338, "08T22@4": 0.04748603351955307, "09T22@4": 0.07648725212464595, "BUYER": 0.0, "SELLER": 0.0}