{"00T29@0": 0.0, "01T35@0": 0.39130434782608703, "02T12@1": 0.07070707070707076, "03T12@1": 0.021413276231263375, "04T23@2": 0.32530120481927705, "05T35@2": 0.44505494505494503, "06T29@3": 0.0, "07T35@3": 0.6753507014028056, "08T12@4": 0.0, "09T29@4": 1.0, "BUYER": 0.0, "SELLER": 0.0}