{"00T22@0": 0.06206896551724139, "01T23@0": 0.0, "02T19@1": 0.0, "03T35@1": 0.3764705882352941, "04T35@2": 0.9323308270676692, "05T35@2": 0.9300699300699301, "06T36@3": 0.0, "07T35@3": 0.7011718750000001, "BUYER": 0.0, "SELLER": 0.0}