{"00T02@0": 0.05226480836236934, "01T20@0": 0.0, "02T12@0": 0.0, "03T29@1": 0.0, "04T12@1": 0.06361323155216286, "05T20@2": 0.0, "06T29@2": 0.0, "07T12@2": 0.022801302931596098, "08T29@3": 0.0, "09T02@3": 0.0, "10T20@4": 1.0, "11T02@4": 1.0, "BUYER": 0.0, "SELLER": 0.0}