{"00T23@0": 0.4497126436781611, "01T23@0": 0.07158351409978307, "02T20@1": 0.0, "03T20@1": 0.006622516556291391, "04T37@2": 1.0, "05T37@2": 0.9795918367346939, "06T37@3": 0.07093821510297485, "07T20@3": 0.609981515711645, "BUYER": 0.0, "SELLER": 0.0}