{"00T12@0": 0.030120481927710843, "01T12@0": 0.04798464491362764, "02T02@1": 0.018633540372670808, "03T20@1": 0.0, "04T20@1": 0.0, "05T12@1": 0.0, "06T02@1": 0.0, "07T29@1": 0.0, "08T02@2": 0.352112676056338, "09T29@2": 1.0, "10T20@2": 1.0, "11T29@2": 1.0, "BUYER": 0.0, "SELLER": 0.0}