{"00T34@0": 0.1434426229508196, "01T34@0": 0.13999999999999993, "02T26@1": 0.4818181818181818, "03T34@1": 1.0, "04T26@2": 0.0, "05T26@2": 0.01052631578947368, "BUYER": 0.0, "SELLER": 0.0}