{"00T35@0": 0.0, "01T23@0": 0.0, "02T23@1": 1.0, "03T23@1": 1.0, "04T22@2": 0.0, "05T23@2": 1.0, "06T19@3": 0.0, "07T23@3": 0.5987261146496817, "08T06@4": 0.0, "09T35@4": 0.7879518072289159, "BUYER": 0.0, "SELLER": 0.0}