{"00T12@0": 0.0, "01T12@0": 0.029787234042553193, "02T05@0": 0.0, "03T05@0": 0.0, "04T12@1": 0.008645533141210379, "05T02@1": 0.0, "06T05@1": 0.0, "07T02@2": 0.7391304347826084, "08T02@2": 0.715596330275229, "BUYER": 0.0, "SELLER": 0.0}