{"time_limit": 10800, "spot_discount": 0.9, "spot_market_global_loss": 0.2, "neg_quota_step": 238, "n_processes": 3, "n_products": 4, "n_steps": 53, "financial_reports_period": 5, "exogenous_horizon": 25, "max_productivity": 1.0, "catalog_prices": [10, 18, 29, 40], "cash_availability": [1.5, 2.5], "expected_productivity": 1.2578616352201257, "expected_mean_profit": 0.07200344120342375, "initial_balance": [15945, 15945, 15945, 15945, 37986, 37986, 37986, 71540, 71540]}