{"00T38@0": 0.0, "01T38@0": 0.0, "02T41@1": 0.3581081081081081, "03T41@1": 0.34146341463414637, "04T38@2": 0.01764705882352941, "05T35@2": 0.8026315789473681, "06T41@3": 0.0, "07T35@3": 0.6517985611510788, "BUYER": 0.0, "SELLER": 0.0}