{"00T37@0": 0.05740740740740746, "01T41@0": 0.12887438825448597, "02T37@1": 0.24311926605504597, "03T41@1": 0.29429429429429416, "04T41@2": 0.01818181818181819, "05T37@2": 0.03550295857988166, "BUYER": 0.0, "SELLER": 0.0}