{"time_limit": 10800, "spot_discount": 0.9, "spot_market_global_loss": 0.2, "neg_quota_step": 436, "n_processes": 4, "n_products": 5, "n_steps": 97, "financial_reports_period": 5, "exogenous_horizon": 24, "max_productivity": 1.0, "catalog_prices": [10, 15, 24, 36, 47], "cash_availability": [1.5, 2.5], "expected_productivity": 0.852233676975945, "expected_mean_profit": 0.10403363873565144, "initial_balance": [22379, 22379, 36839, 36839, 49321, 49321, 45045, 45045, 45045]}