{"00T35@0": 0.27888446215139445, "01T22@0": 0.04040404040404042, "02T03@1": 0.03571428571428571, "03T35@1": 0.6634615384615378, "04T20@2": 0.7896174863387981, "05T35@2": 0.7252066115702481, "BUYER": 0.0, "SELLER": 0.0}