{"time_limit": 10800, "spot_discount": 0.9, "spot_market_global_loss": 0.2, "neg_quota_step": 391, "n_processes": 4, "n_products": 5, "n_steps": 87, "financial_reports_period": 5, "exogenous_horizon": 18, "max_productivity": 1.0, "catalog_prices": [10, 17, 24, 31, 41], "cash_availability": [1.5, 2.5], "expected_productivity": 1.2720306513409962, "expected_mean_profit": 0.060358907371106545, "initial_balance": [29725, 29725, 29725, 63117, 63117, 85311, 85311, 100570, 100570]}