{"00T02@0": 0.03439153439153439, "01T12@0": 0.0, "02T05@1": 0.0, "03T12@1": 0.0, "04T02@2": 0.2679245283018869, "05T05@2": 0.0, "06T12@3": 0.0, "07T02@3": 1.0, "08T05@3": 1.0, "BUYER": 0.0, "SELLER": 0.0}