{"00T09@0": 0.0, "01T22@0": 0.016447368421052627, "02T34@1": 0.4, "03T22@1": 0.04385964912280701, "04T09@2": 0.0, "05T22@2": 0.019417475728155335, "06T34@3": 0.5384615384615383, "07T09@3": 0.0, "08T34@4": 1.0, "09T35@4": 0.7548387096774195, "BUYER": 0.0, "SELLER": 0.0}