{"00T22@0": 0.2869875222816403, "01T35@0": 0.7507331378299118, "02T41@1": 0.2794520547945206, "03T07@1": 0.24479166666666666, "04T35@2": 0.7532467532467537, "05T35@2": 0.7282608695652173, "BUYER": 0.0, "SELLER": 0.0}