{"00T20@0": 0.0, "01T24@0": 0.008595988538681952, "02T22@1": 0.8823529411764706, "03T23@1": 0.9448275862068966, "04T22@2": 0.25263157894736843, "05T35@2": 0.7608695652173907, "06T23@3": 0.7181663837011883, "07T22@3": 0.0, "BUYER": 0.0, "SELLER": 0.0}