{"00T40@0": 0.15366430260047295, "01T23@0": 0.5341614906832298, "02T40@1": 0.15523465703971115, "03T35@1": 0.7207207207207207, "04T37@2": 0.013986013986013986, "05T37@2": 0.05228758169934641, "06T37@3": 0.1312500000000001, "07T23@3": 0.7368421052631576, "08T40@4": 0.0, "09T22@4": 0.0, "BUYER": 0.0, "SELLER": 0.0}