{"00T37@0": 0.0, "01T37@0": 0.0, "02T38@1": 0.026615969581749062, "03T38@1": 0.019774011299435037, "04T38@2": 0.0, "05T37@2": 0.7094594594594592, "BUYER": 0.0, "SELLER": 0.0}