{"00T35@0": 0.06490872210953338, "01T22@0": 0.05566600397614314, "02T16@1": 0.0, "03T35@1": 0.695121951219512, "04T41@2": 0.016949152542372878, "05T35@2": 0.8114901256732501, "BUYER": 0.0, "SELLER": 0.0}