{"00T26@0": 0.07624113475177302, "01T22@0": 0.13207547169811326, "02T22@1": 0.11111111111111109, "03T35@1": 0.6443514644351467, "04T29@2": 1.0, "05T35@2": 0.6698262243285941, "BUYER": 0.0, "SELLER": 0.0}