{"00T38@0": 0.02040816326530612, "01T34@0": 0.0, "02T38@1": 0.10645161290322576, "03T34@1": 0.0, "04T38@2": 0.0, "05T34@2": 1.0, "BUYER": 0.0, "SELLER": 0.0}