{"00T24@0": 0.00558659217877095, "01T37@0": 0.1279461279461279, "02T37@1": 0.24285714285714316, "03T23@1": 0.5796178343949043, "04T24@2": 0.0, "05T37@2": 0.04511278195488727, "06T24@3": 0.9411764705882353, "07T35@3": 0.680851063829787, "BUYER": 0.0, "SELLER": 0.0}