{"00T23@0": 0.26035502958579837, "01T22@0": 0.1458333333333334, "02T22@1": 0.0, "03T23@1": 0.6839080459770115, "04T12@2": 0.11111111111111109, "05T29@2": 0.0, "06T29@3": 0.0, "07T12@3": 0.0316742081447964, "08T12@4": 0.01282051282051282, "09T29@4": 1.0, "BUYER": 0.0, "SELLER": 0.0}