{"time_limit": 10800, "spot_discount": 0.9, "spot_market_global_loss": 0.2, "neg_quota_step": 405, "n_processes": 5, "n_products": 6, "n_steps": 81, "financial_reports_period": 5, "exogenous_horizon": 22, "max_productivity": 1.0, "catalog_prices": [10, 21, 27, 36, 48, 62], "cash_availability": [1.5, 2.5], "expected_productivity": 0.9382716049382716, "expected_mean_profit": 0.124767674170724, "initial_balance": [19430, 19430, 26345, 26345, 34460, 34460, 47146, 47146, 59318, 59318]}