{"00T35@0": 0.5076923076923077, "01T22@0": 0.2818532818532818, "02T40@1": 0.11138613861386137, "03T35@1": 0.5357142857142856, "04T37@2": 0.05741626794258378, "05T37@2": 0.033816425120772965, "06T40@3": 0.37293729372937284, "07T40@3": 0.3383458646616541, "08T37@4": 0.01991150442477876, "09T23@4": 0.6322957198443584, "BUYER": 0.0, "SELLER": 0.0}