{"00T22@0": 0.15254237288135605, "01T23@0": 0.29999999999999993, "02T10@1": 0.22767857142857137, "03T23@1": 0.8272727272727273, "04T36@2": 0.00943396226415094, "05T35@2": 0.6474358974358974, "BUYER": 0.0, "SELLER": 0.0}