{"00T24@0": 0.0, "01T38@0": 0.0, "02T24@1": 0.06756756756756757, "03T24@1": 0.09333333333333334, "04T35@2": 0.983739837398374, "05T22@2": 0.9517241379310345, "06T38@3": 0.0, "07T38@3": 0.0, "BUYER": 0.0, "SELLER": 0.0}