{"time_limit": 10800, "spot_discount": 0.9, "spot_market_global_loss": 0.2, "neg_quota_step": 348, "n_processes": 4, "n_products": 5, "n_steps": 87, "financial_reports_period": 5, "exogenous_horizon": 23, "max_productivity": 1.0, "catalog_prices": [10, 14, 22, 30, 38], "cash_availability": [1.5, 2.5], "expected_productivity": 0.9540229885057471, "expected_mean_profit": 0.07846493419956688, "initial_balance": [16846, 16846, 25917, 25917, 35635, 35635, 41662, 41662]}