{"00T35@0": 0.07089552238805967, "01T22@0": 0.13809523809523802, "02T00@1": 0.0, "03T35@1": 0.6217391304347832, "04T26@2": 0.5760869565217389, "05T35@2": 0.8086124401913874, "BUYER": 0.0, "SELLER": 0.0}