{"00T19@0": 0.0, "01T26@0": 0.06496062992125975, "02T26@1": 0.018779342723004685, "03T19@1": 0.0, "04T19@2": 1.0, "05T26@2": 0.002564102564102561, "BUYER": 0.0, "SELLER": 0.0}