{"00T36@0": 0.2474849094567405, "01T35@0": 0.12655086848635247, "02T23@1": 0.17431192660550454, "03T22@1": 0.3169014084507044, "04T35@2": 0.3394495412844037, "05T23@2": 0.2620689655172414, "06T29@3": 0.0, "07T23@3": 0.7368421052631577, "08T23@4": 0.7602739726027392, "09T35@4": 0.7794117647058824, "BUYER": 0.0, "SELLER": 0.0}