{"00T22@0": 0.23508771929824562, "01T23@0": 0.22185430463576158, "02T37@1": 0.012658227848101266, "03T35@1": 0.6562499999999998, "04T24@2": 0.06666666666666667, "05T22@2": 0.263157894736842, "06T22@3": 0.057268722466960374, "07T22@3": 0.033333333333333354, "BUYER": 0.0, "SELLER": 0.0}