{"00T40@0": 0.13407821229050276, "01T35@0": 0.05232558139534891, "02T35@1": 0.5913978494623654, "03T35@1": 0.6309523809523809, "04T24@2": 1.0, "05T35@2": 0.6760563380281691, "06T23@3": 0.8193384223918576, "07T35@3": 0.8040712468193382, "BUYER": 0.0, "SELLER": 0.0}