{"00T23@0": 0.06150341685649204, "01T22@0": 0.04430379746835443, "02T24@1": 0.75, "03T23@1": 0.6793478260869571, "04T41@2": 0.5559701492537318, "05T35@2": 0.8487903225806452, "BUYER": 0.0, "SELLER": 0.0}