{"00T23@0": 0.3090277777777778, "01T23@0": 0.2960526315789472, "02T40@1": 0.014150943396226408, "03T23@1": 0.8353658536585364, "04T35@2": 0.8411214953271028, "05T22@2": 0.1818181818181818, "06T22@3": 0.006896551724137931, "07T35@3": 0.5449438202247192, "08T29@4": 1.0, "09T23@4": 0.6867088607594937, "BUYER": 0.0, "SELLER": 0.0}