{"00T08@0": 0.004237288135593215, "01T10@0": 0.0, "02T08@1": 0.9763779527559056, "03T10@1": 0.23636363636363636, "04T08@2": 1.0, "05T10@2": 0.0063795853269537454, "BUYER": 0.0, "SELLER": 0.0}