{"00T22@0": 0.26024096385542195, "01T35@0": 0.21874999999999992, "02T37@1": 0.05932203389830512, "03T36@1": 0.1732673267326732, "04T35@2": 0.8925619834710744, "05T23@2": 0.7636363636363637, "06T23@3": 0.7322404371584705, "07T23@3": 0.7353760445682451, "BUYER": 0.0, "SELLER": 0.0}