{"00T29@0": 0.0, "01T22@0": 0.1193490054249549, "02T22@1": 0.5175718849840257, "03T35@1": 0.9085714285714286, "04T10@2": 0.0, "05T35@2": 0.7187499999999998, "BUYER": 0.0, "SELLER": 0.0}