{"time_limit": 10800, "spot_discount": 0.9, "spot_market_global_loss": 0.2, "neg_quota_step": 452, "n_processes": 4, "n_products": 5, "n_steps": 113, "financial_reports_period": 5, "exogenous_horizon": 28, "max_productivity": 1.0, "catalog_prices": [10, 17, 26, 36, 47], "cash_availability": [1.5, 2.5], "expected_productivity": 0.9646017699115044, "expected_mean_profit": 0.07017355615762226, "initial_balance": [30064, 30064, 43693, 43693, 62332, 62332, 87585, 87585]}