{"00T40@0": 0.003571428571428568, "01T22@0": 0.0785498489425982, "02T22@1": 0.29133858267716534, "03T23@1": 0.7761194029850746, "04T41@2": 0.3701492537313433, "05T23@2": 0.8143712574850299, "06T23@3": 0.6763485477178426, "07T22@3": 0.0, "BUYER": 0.0, "SELLER": 0.0}