{"00T35@0": 0.0, "01T23@0": 0.0, "02T23@1": 1.0, "03T35@1": 1.0, "04T29@2": 0.0, "05T22@2": 0.3001555209953342, "06T20@3": 0.6051587301587299, "07T22@3": 0.013008130081300804, "BUYER": 0.0, "SELLER": 0.0}