{"00T37@0": 0.0025706940874035957, "01T35@0": 0.24356435643564361, "02T37@1": 0.042857142857142816, "03T40@1": 0.07647058823529418, "04T40@2": 0.625, "05T35@2": 0.33333333333333337, "06T37@3": 0.013986013986013986, "07T35@3": 0.8623853211009171, "08T40@4": 0.0, "09T22@4": 0.0, "BUYER": 0.0, "SELLER": 0.0}