{"00T40@0": 0.08556149732620308, "01T22@0": 0.09615384615384617, "02T35@1": 0.6335877862595419, "03T22@1": 0.1384615384615385, "04T29@2": 1.0, "05T23@2": 0.7527173913043472, "BUYER": 0.0, "SELLER": 0.0}