,balance,assets,bankrupt,agent_id,step
0,1027.0,144.0,False,00T08@0,0.0
1,677.0,645.48,False,00T08@0,5.0
2,1007.0,170.0,False,01T40@0,0.0
3,707.0,586.8,False,01T40@0,5.0
4,1775.0,0.0,False,02T40@1,0.0
5,1918.0,107.87826086956522,False,02T40@1,5.0
6,1775.0,0.0,False,03T08@1,0.0
7,1775.0,0.0,False,03T08@1,5.0
8,2453.0,0.0,False,04T08@2,0.0
9,2300.0,0.0,False,04T08@2,5.0
10,2453.0,0.0,False,05T40@2,0.0
11,2282.0,34.99999999999999,False,05T40@2,5.0
12,,,,,
13,,,,,
14,,,,,
15,,,,,
