{"00T35@0": 0.17569786535303797, "01T22@0": 0.04926108374384236, "02T36@1": 0.44352617079889806, "03T35@1": 0.9032258064516129, "04T41@2": 0.0, "05T35@2": 0.7415185783521807, "BUYER": 0.0, "SELLER": 0.0}