{"00T35@0": 0.34278959810874704, "01T35@0": 0.29802955665024605, "02T36@1": 0.0, "03T35@1": 0.0, "04T23@2": 0.659259259259259, "05T23@2": 0.6890459363957595, "06T37@3": 0.01968503937007874, "07T22@3": 0.15831134564643795, "08T35@4": 0.726130653266332, "09T23@4": 0.5991091314031183, "BUYER": 0.0, "SELLER": 0.0}