{"00T09@0": 0.0, "01T36@0": 0.0033898305084745727, "02T09@1": 0.0, "03T36@1": 0.1411764705882352, "04T09@2": 0.0, "05T36@2": 0.04529616724738676, "BUYER": 0.0, "SELLER": 0.0}