{"00T23@0": 0.0, "01T23@0": 0.0, "02T35@1": 1.0, "03T35@1": 1.0, "04T40@2": 0.0, "05T41@2": 0.024271844660194174, "06T22@3": 0.07407407407407403, "07T23@3": 0.6708542713567848, "BUYER": 0.0, "SELLER": 0.0}