{"00T38@0": 0.022222222222222237, "01T23@0": 0.0, "02T35@1": 0.2962962962962963, "03T23@1": 0.3482428115015972, "04T37@2": 0.09821428571428571, "05T23@2": 0.8730158730158731, "06T22@3": 0.0, "07T35@3": 0.7647058823529408, "BUYER": 0.0, "SELLER": 0.0}