{"00T22@0": 0.17869415807560138, "01T23@0": 0.26132404181184676, "02T07@1": 0.18750000000000003, "03T23@1": 0.65, "04T20@2": 0.7832512315270936, "05T35@2": 0.6805111821086262, "BUYER": 0.0, "SELLER": 0.0}