{"00T36@0": 0.0, "01T38@0": 0.0, "02T38@1": 0.0065146579804560185, "03T23@1": 0.6053811659192824, "04T38@2": 0.0, "05T36@2": 0.029411764705882346, "06T36@3": 0.8630952380952381, "07T22@3": 0.6305418719211825, "BUYER": 0.0, "SELLER": 0.0}