,balance,assets,bankrupt,agent_id,step
0,1178.0,80.0,False,00T20@0,0.0
1,828.0,430.0,False,00T20@0,5.0
2,1138.0,180.0,False,01T08@0,0.0
3,1007.0,618.0695358015412,False,01T08@0,5.0
4,1793.0,0.0,False,02T08@1,0.0
5,1793.0,0.0,False,02T08@1,5.0
6,1793.0,0.0,False,03T20@1,0.0
7,1503.0,162.64987784251082,False,03T20@1,5.0
8,2479.0,0.0,False,04T20@2,0.0
9,2099.0,0.0,False,04T20@2,5.0
10,2479.0,0.0,False,05T08@2,0.0
11,2502.0,217.0,False,05T08@2,5.0
12,,,,,
13,,,,,
14,,,,,
15,,,,,
