{"time_limit": 10800, "spot_discount": 0.9, "spot_market_global_loss": 0.2, "neg_quota_step": 292, "n_processes": 4, "n_products": 5, "n_steps": 65, "financial_reports_period": 5, "exogenous_horizon": 31, "max_productivity": 1.0, "catalog_prices": [10, 19, 30, 39, 47], "cash_availability": [1.5, 2.5], "expected_productivity": 0.8341880341880342, "expected_mean_profit": 0.09752899012853562, "initial_balance": [15199, 15199, 24508, 24508, 22228, 22228, 22228, 38282, 38282]}