{"00T20@0": 0.12471655328798176, "01T26@0": 0.10958904109589039, "02T35@1": 0.7106109324758848, "03T35@1": 0.6843971631205674, "04T22@2": 0.0, "05T23@2": 0.6102236421725239, "BUYER": 0.0, "SELLER": 0.0}