{"00T35@0": 0.19282511210762332, "01T35@0": 0.19634703196347023, "02T35@1": 0.0, "03T22@1": 0.6392344497607652, "04T35@2": 0.3443579766536965, "05T35@2": 0.35912698412698413, "06T16@3": 1.0, "07T07@3": 0.021216407355021227, "BUYER": 0.0, "SELLER": 0.0}