{"00T23@0": 0.17078651685393248, "01T22@0": 0.05221932114882508, "02T29@1": 0.0, "03T40@1": 0.08021390374331558, "04T29@2": 0.0, "05T23@2": 0.7333333333333333, "06T40@3": 0.1092436974789916, "07T22@3": 0.11764705882352941, "08T29@4": 1.0, "09T40@4": 0.0987012987012987, "BUYER": 0.0, "SELLER": 0.0}