{"00T41@0": 0.14570858283433138, "01T20@0": 0.16705336426914152, "02T35@1": 0.052980132450331126, "03T35@1": 0.09999999999999996, "04T23@2": 0.7073170731707317, "05T35@2": 0.8709677419354839, "06T35@3": 0.8552631578947367, "07T35@3": 0.8894230769230769, "08T23@4": 0.7022471910112363, "09T22@4": 0.0, "BUYER": 0.0, "SELLER": 0.0}