{"time_limit": 10800, "spot_discount": 0.9, "spot_market_global_loss": 0.2, "neg_quota_step": 534, "n_processes": 5, "n_products": 6, "n_steps": 89, "financial_reports_period": 5, "exogenous_horizon": 43, "max_productivity": 1.0, "catalog_prices": [10, 19, 28, 38, 46, 62], "cash_availability": [1.5, 2.5], "expected_productivity": 1.5730337078651686, "expected_mean_profit": 0.08404031395608091, "initial_balance": [25426, 25426, 25426, 25426, 75561, 75561, 104006, 104006, 131576, 131576, 167251, 167251]}