{"00T20@0": 0.0, "01T22@0": 0.2383900928792569, "02T23@1": 0.8159509202453984, "03T22@1": 0.5232067510548526, "04T41@2": 0.3956386292834888, "05T23@2": 0.5942857142857146, "BUYER": 0.0, "SELLER": 0.0}