{"00T35@0": 0.07045009784735812, "01T22@0": 0.12788259958071285, "02T24@1": 0.8918918918918919, "03T35@1": 0.7134502923976604, "04T03@2": 0.0535279805352798, "05T35@2": 0.8354430379746831, "BUYER": 0.0, "SELLER": 0.0}