,balance,assets,bankrupt,agent_id,step
0,1126.0,119.0,False,00T37@0,0.0
1,1035.0,329.9328257948948,False,00T37@0,5.0
2,1066.0,200.0,False,01T07@0,0.0
3,756.0,654.3891625615764,False,01T07@0,5.0
4,1991.0,0.0,False,02T37@1,0.0
5,2019.0,0.0,False,02T37@1,5.0
6,1991.0,0.0,False,03T07@1,0.0
7,1894.0,164.14284010077552,False,03T07@1,5.0
8,2956.0,0.0,False,04T37@2,0.0
9,2755.0,0.0,False,04T37@2,5.0
10,2956.0,0.0,False,05T07@2,0.0
11,2693.0,0.0,False,05T07@2,5.0
12,,,,,
13,,,,,
14,,,,,
15,,,,,
