{"00T37@0": 0.10981308411214953, "01T35@0": 0.10781671159029657, "02T23@1": 0.7896103896103893, "03T23@1": 0.8199999999999998, "04T12@2": 0.007380073800737999, "05T22@2": 0.0066445182724252415, "06T35@3": 0.7246376811594202, "07T35@3": 0.7159763313609466, "08T23@4": 0.5865209471766846, "09T23@4": 0.576427255985267, "BUYER": 0.0, "SELLER": 0.0}