{"time_limit": 10800, "spot_discount": 0.9, "spot_market_global_loss": 0.2, "neg_quota_step": 475, "n_processes": 5, "n_products": 6, "n_steps": 95, "financial_reports_period": 5, "exogenous_horizon": 44, "max_productivity": 1.0, "catalog_prices": [10, 22, 29, 35, 47, 61], "cash_availability": [1.5, 2.5], "expected_productivity": 0.9473684210526315, "expected_mean_profit": 0.07149822266945391, "initial_balance": [34290, 34290, 46481, 46481, 61530, 61530, 79342, 79342, 99344, 99344]}