{"00T24@0": 0.0, "01T34@0": 0.12101910828025478, "02T34@1": 1.0, "03T22@1": 0.0, "04T34@2": 0.9696969696969697, "05T24@2": 0.04, "06T24@3": 0.797872340425532, "07T22@3": 0.6585365853658537, "BUYER": 0.0, "SELLER": 0.0}