{"00T06@0": 0.2777777777777778, "01T35@0": 0.013029315960912037, "02T06@1": 0.0, "03T06@1": 0.0, "04T41@2": 0.7500000000000001, "05T41@2": 0.71875, "06T23@3": 0.6349206349206348, "07T23@3": 0.7500000000000001, "08T41@4": 0.0, "09T23@4": 0.7569620253164557, "BUYER": 0.0, "SELLER": 0.0}