{"00T24@0": 0.0, "01T41@0": 0.3498542274052478, "02T41@1": 0.5384615384615384, "03T22@1": 0.17241379310344832, "04T24@2": 0.0588235294117647, "05T24@2": 0.07547169811320752, "06T41@3": 0.9532163742690059, "07T35@3": 0.9937888198757764, "08T23@4": 0.5788235294117646, "09T35@4": 0.6237113402061855, "BUYER": 0.0, "SELLER": 0.0}