{"00T38@0": 0.005128205128205131, "01T20@0": 0.32442067736185376, "02T20@1": 0.6202290076335877, "03T38@1": 0.004405286343612333, "04T38@2": 0.0, "05T20@2": 0.6011131725417442, "BUYER": 0.0, "SELLER": 0.0}