{"00T35@0": 0.0, "01T35@0": 0.0, "02T24@1": 1.0, "03T35@1": 0.9765625, "04T22@2": 0.1513157894736842, "05T23@2": 0.935251798561151, "06T22@3": 0.021818181818181823, "07T35@3": 0.7142857142857141, "08T34@4": 0.6916299559471366, "09T22@4": 0.0, "BUYER": 0.0, "SELLER": 0.0}