{"00T22@0": 0.0, "01T22@0": 0.0, "02T34@1": 0.25581395348837216, "03T07@1": 0.05833333333333337, "04T22@2": 0.6634920634920635, "05T35@2": 0.8951048951048951, "06T35@3": 0.5906862745098035, "07T35@3": 0.5456674473067916, "BUYER": 0.0, "SELLER": 0.0}