{"time_limit": 10800, "spot_discount": 0.9, "spot_market_global_loss": 0.2, "neg_quota_step": 455, "n_processes": 5, "n_products": 6, "n_steps": 91, "financial_reports_period": 5, "exogenous_horizon": 34, "max_productivity": 1.0, "catalog_prices": [10, 17, 27, 35, 46, 57], "cash_availability": [1.5, 2.5], "expected_productivity": 0.945054945054945, "expected_mean_profit": 0.05220756229141497, "initial_balance": [28952, 28952, 50873, 50873, 60696, 60696, 88924, 88924, 104951, 104951]}