{"00T36@0": 0.0, "01T22@0": 0.0, "02T29@1": 0.0, "03T22@1": 0.6275862068965521, "04T35@2": 0.8351351351351355, "05T35@2": 0.842857142857143, "BUYER": 0.0, "SELLER": 0.0}