{"00T24@0": 0.003076923076923073, "01T35@0": 0.22037914691943128, "02T41@1": 0.42735042735042733, "03T23@1": 0.9726027397260274, "04T22@2": 0.0, "05T35@2": 0.6995614035087726, "BUYER": 0.0, "SELLER": 0.0}