{"00T41@0": 0.13895781637717128, "01T27@0": 0.0, "02T35@1": 0.5894736842105263, "03T35@1": 0.482456140350877, "04T23@2": 0.6949152542372882, "05T35@2": 0.6015624999999999, "06T35@3": 0.7126865671641792, "07T35@3": 0.6985294117647058, "08T23@4": 0.6434937611408199, "09T22@4": 0.0, "BUYER": 0.0, "SELLER": 0.0}