{"00T18@0": 0.0, "01T06@0": 0.02702702702702702, "02T18@1": 0.0, "03T06@1": 0.3333333333333333, "04T06@2": 1.0, "05T18@2": 0.9540229885057471, "BUYER": 0.0, "SELLER": 0.0}