{"00T36@0": 0.21746293245469522, "01T22@0": 0.20772946859903405, "02T35@1": 0.3274336283185841, "03T35@1": 0.3363636363636363, "04T34@2": 0.28, "05T35@2": 0.96875, "06T22@3": 0.0, "07T22@3": 0.0, "BUYER": 0.0, "SELLER": 0.0}