{"00T38@0": 0.0, "01T38@0": 0.0, "02T36@1": 0.9724770642201835, "03T23@1": 0.7071129707112969, "04T22@2": 0.016877637130801676, "05T22@2": 0.031390134529148, "06T36@3": 0.061320754716981146, "07T35@3": 0.7680412371134019, "08T38@4": 0.04807692307692308, "09T36@4": 0.0, "BUYER": 0.0, "SELLER": 0.0}