{"00T34@0": 0.0, "01T38@0": 0.02620967741935484, "02T34@1": 0.0, "03T38@1": 0.07972270363951474, "04T34@2": 1.0, "05T38@2": 0.0, "BUYER": 0.0, "SELLER": 0.0}