{"00T20@0": 0.0, "01T22@0": 0.6293436293436293, "02T35@1": 0.4438502673796792, "03T35@1": 0.5088757396449705, "04T22@2": 0.3944636678200691, "05T23@2": 0.8981481481481479, "06T22@3": 0.0029940119760479, "07T35@3": 0.7677419354838709, "08T29@4": 1.0, "09T22@4": 0.0, "BUYER": 0.0, "SELLER": 0.0}