{"00T24@0": 0.0, "01T40@0": 0.0904109589041096, "02T22@1": 0.5488372093023257, "03T23@1": 0.8596491228070176, "04T22@2": 0.00552486187845303, "05T35@2": 0.7414829659318638, "BUYER": 0.0, "SELLER": 0.0}