{"00T10@0": 0.15570934256055363, "01T36@0": 0.13409961685823765, "02T10@1": 0.25735294117647073, "03T10@1": 0.29508196721311475, "04T36@2": 0.031128404669260673, "05T36@2": 0.03787878787878788, "BUYER": 0.0, "SELLER": 0.0}