{"00T37@0": 0.09638554216867469, "01T23@0": 0.35191637630662026, "02T37@1": 0.02666666666666667, "03T26@1": 0.2590361445783132, "04T26@2": 0.26903553299492394, "05T23@2": 0.6952380952380953, "06T26@3": 0.0, "07T37@3": 0.0, "BUYER": 0.0, "SELLER": 0.0}