{"time_limit": 10800, "spot_discount": 0.9, "spot_market_global_loss": 0.2, "neg_quota_step": 310, "n_processes": 5, "n_products": 6, "n_steps": 62, "financial_reports_period": 5, "exogenous_horizon": 13, "max_productivity": 1.0, "catalog_prices": [10, 22, 31, 41, 48, 65], "cash_availability": [1.5, 2.5], "expected_productivity": 0.9193548387096774, "expected_mean_profit": 0.057571716037250226, "initial_balance": [26903, 26903, 38302, 38302, 50832, 50832, 63364, 63364, 77027, 77027]}