{"00T29@0": 0.0, "01T12@0": 0.027923211169284468, "02T29@1": 0.0, "03T12@1": 0.01941747572815533, "04T12@2": 0.0, "05T29@2": 1.0, "BUYER": 0.0, "SELLER": 0.0}