{"00T35@0": 0.16851441241685156, "01T23@0": 0.21311475409836061, "02T19@1": 0.0, "03T22@1": 0.0, "04T38@2": 0.0, "05T22@2": 0.2274143302180686, "BUYER": 0.0, "SELLER": 0.0}