{"00T22@0": 0.0349264705882353, "01T23@0": 0.4383233532934131, "02T38@1": 0.0, "03T22@1": 0.0, "04T29@2": 0.0, "05T38@2": 0.0039062499999999957, "06T29@3": 0.0, "07T38@3": 0.0, "08T29@4": 1.0, "09T22@4": 0.8400000000000002, "BUYER": 0.0, "SELLER": 0.0}