{"00T19@0": 0.0, "01T22@0": 0.017889087656529506, "02T19@1": 0.0, "03T22@1": 0.12962962962962968, "04T19@2": 0.0, "05T41@2": 0.2636363636363636, "06T41@3": 0.31788079470198677, "07T23@3": 0.8781725888324872, "08T41@4": 0.0, "09T23@4": 0.718140929535232, "BUYER": 0.0, "SELLER": 0.0}