{"time_limit": 10800, "spot_discount": 0.9, "spot_market_global_loss": 0.2, "neg_quota_step": 485, "n_processes": 5, "n_products": 6, "n_steps": 97, "financial_reports_period": 5, "exogenous_horizon": 29, "max_productivity": 1.0, "catalog_prices": [10, 17, 24, 40, 52, 65], "cash_availability": [1.5, 2.5], "expected_productivity": 0.9484536082474226, "expected_mean_profit": 0.08598005677269088, "initial_balance": [31056, 31056, 39234, 39234, 67494, 67494, 91200, 91200, 114491, 114491]}