{"00T06@0": 0.2857142857142857, "01T06@0": 0.058823529411764705, "02T41@1": 0.7948717948717948, "03T06@1": 0.0, "04T41@2": 0.5978260869565217, "05T22@2": 0.5323741007194245, "06T41@3": 0.04986149584487535, "07T35@3": 0.7590361445783135, "BUYER": 0.0, "SELLER": 0.0}