{"time_limit": 10800, "spot_discount": 0.9, "spot_market_global_loss": 0.2, "neg_quota_step": 296, "n_processes": 4, "n_products": 5, "n_steps": 74, "financial_reports_period": 5, "exogenous_horizon": 19, "max_productivity": 1.0, "catalog_prices": [10, 14, 25, 35, 44], "cash_availability": [1.5, 2.5], "expected_productivity": 0.9459459459459459, "expected_mean_profit": 0.09517683840291799, "initial_balance": [14550, 14550, 25159, 25159, 37041, 37041, 46074, 46074]}