{"00T16@0": 0.0, "01T35@0": 0.2808510638297875, "02T15@1": 0.6488888888888887, "03T15@1": 0.5761904761904764, "04T15@2": 0.02032520325203252, "05T35@2": 0.0, "06T16@3": 0.0, "07T35@3": 0.601503759398496, "08T16@4": 1.0, "09T22@4": 0.026217228464419474, "BUYER": 0.0, "SELLER": 0.0}