{"00T40@0": 0.03216374269005847, "01T23@0": 0.18897637795275588, "02T29@1": 0.0, "03T22@1": 0.4263322884012538, "04T35@2": 0.7697674418604649, "05T23@2": 0.7864077669902912, "BUYER": 0.0, "SELLER": 0.0}