{"time_limit": 10800, "spot_discount": 0.9, "spot_market_global_loss": 0.2, "neg_quota_step": 261, "n_processes": 4, "n_products": 5, "n_steps": 58, "financial_reports_period": 5, "exogenous_horizon": 14, "max_productivity": 1.0, "catalog_prices": [10, 19, 25, 32, 49], "cash_availability": [1.5, 2.5], "expected_productivity": 0.8275862068965517, "expected_mean_profit": 0.08990197911968228, "initial_balance": [19993, 19993, 28656, 28656, 35786, 35786, 34609, 34609, 34609]}