{"00T41@0": 0.0, "01T22@0": 0.002538071065989847, "02T29@1": 0.0, "03T22@1": 0.08974358974358974, "04T29@2": 0.0, "05T22@2": 0.17293233082706766, "06T41@3": 0.33488372093023244, "07T29@3": 0.0, "08T41@4": 0.09829059829059833, "09T35@4": 0.8419958419958421, "BUYER": 0.0, "SELLER": 0.0}