{"00T22@0": 0.16374999999999995, "01T22@0": 0.15140415140415153, "02T35@1": 0.4943396226415092, "03T35@1": 0.5081967213114754, "04T41@2": 0.37962962962962954, "05T09@2": 0.0, "06T22@3": 0.030612244897959183, "07T35@3": 0.7617924528301887, "BUYER": 0.0, "SELLER": 0.0}