{"00T35@0": 0.0, "01T35@0": 0.0, "02T23@1": 1.0, "03T23@1": 1.0, "04T23@2": 0.9508196721311475, "05T23@2": 0.9830508474576272, "06T35@3": 0.824561403508772, "07T23@3": 0.7947976878612718, "08T36@4": 0.0, "09T38@4": 0.0, "BUYER": 0.0, "SELLER": 0.0}