{"00T12@0": 0.025735294117647047, "01T22@0": 0.1748251748251747, "02T23@1": 0.15185185185185188, "03T23@1": 0.1744966442953021, "04T40@2": 0.0, "05T23@2": 0.7738095238095238, "06T29@3": 1.0, "07T37@3": 0.04871060171919771, "BUYER": 0.0, "SELLER": 0.0}