{"00T09@0": 0.0, "01T37@0": 0.0, "02T37@1": 0.09230769230769231, "03T09@1": 0.0, "04T37@2": 0.1299638989169675, "05T09@2": 0.0, "BUYER": 0.0, "SELLER": 0.0}