{"00T35@0": 0.0, "01T22@0": 0.1482649842271293, "02T24@1": 1.0, "03T23@1": 0.10218978102189781, "04T23@2": 0.9907120743034056, "05T23@2": 0.981651376146789, "06T41@3": 0.30064308681672014, "07T22@3": 0.0, "BUYER": 0.0, "SELLER": 0.0}