{"00T36@0": 0.10597826086956535, "01T40@0": 0.10732984293193713, "02T36@1": 0.1506849315068493, "03T40@1": 0.1597222222222222, "04T40@2": 0.32558139534883723, "05T35@2": 0.797752808988764, "06T36@3": 0.0, "07T23@3": 0.7166324435318273, "BUYER": 0.0, "SELLER": 0.0}