{"00T40@0": 0.2656249999999994, "01T35@0": 0.329388560157791, "02T26@1": 0.1805555555555555, "03T22@1": 0.3846153846153847, "04T22@2": 0.009259259259259247, "05T22@2": 0.009779951100244487, "BUYER": 0.0, "SELLER": 0.0}