{"00T29@0": 0.0, "01T22@0": 0.40845070422535196, "02T40@1": 0.3119266055045874, "03T35@1": 0.1616161616161616, "04T23@2": 0.5827338129496403, "05T35@2": 0.5602836879432626, "06T22@3": 0.007751937984496117, "07T23@3": 0.9560439560439561, "08T22@4": 0.0, "09T22@4": 0.05555555555555555, "BUYER": 0.0, "SELLER": 0.0}