{"00T23@0": 0.0, "01T22@0": 0.20944558521560575, "02T35@1": 0.6491228070175439, "03T23@1": 0.6844919786096256, "04T41@2": 0.5103626943005181, "05T35@2": 0.8292682926829271, "06T37@3": 0.04833836858006044, "07T35@3": 0.6333333333333333, "BUYER": 0.0, "SELLER": 0.0}