{"00T03@0": 0.0, "01T03@0": 0.0, "02T37@1": 0.7391304347826086, "03T22@1": 0.813953488372093, "04T03@2": 0.0, "05T37@2": 0.13333333333333336, "06T37@3": 0.2070707070707071, "07T22@3": 0.36, "BUYER": 0.0, "SELLER": 0.0}