{"00T36@0": 0.0, "01T07@0": 0.0, "02T36@1": 0.2, "03T36@1": 0.8571428571428571, "04T07@2": 0.625, "05T07@2": 0.6666666666666666, "BUYER": 0.0, "SELLER": 0.0}