{"00T36@0": 0.048625792811839354, "01T15@0": 0.13224637681159426, "02T36@1": 0.38799999999999996, "03T36@1": 0.3740157480314961, "04T15@2": 0.02404809619238477, "05T15@2": 0.02494802494802492, "BUYER": 0.0, "SELLER": 0.0}