{"00T22@0": 0.08510638297872342, "01T35@0": 0.7361963190184049, "02T34@1": 0.6612021857923497, "03T10@1": 0.42129629629629617, "04T35@2": 0.5769230769230775, "05T35@2": 0.6233766233766226, "BUYER": 0.0, "SELLER": 0.0}