{"00T22@0": 0.12678936605316987, "01T35@0": 0.1478260869565218, "02T36@1": 0.2056451612903226, "03T24@1": 1.0, "04T35@2": 0.8166666666666667, "05T23@2": 0.8333333333333335, "06T23@3": 0.7361623616236165, "07T23@3": 0.7332089552238809, "BUYER": 0.0, "SELLER": 0.0}