{"00T37@0": 0.04878048780487806, "01T37@0": 0.04533333333333334, "02T41@1": 0.45084745762711864, "03T23@1": 0.8048780487804879, "04T41@2": 0.334507042253521, "05T37@2": 0.010256410256410253, "06T41@3": 0.535326086956522, "07T23@3": 0.7222222222222221, "08T22@4": 0.0, "09T23@4": 0.6089385474860333, "BUYER": 0.0, "SELLER": 0.0}