{"00T10@0": 0.0, "01T22@0": 0.0, "02T35@1": 0.9387755102040817, "03T22@1": 0.6363636363636364, "04T41@2": 0.17391304347826086, "05T35@2": 0.0, "06T35@3": 0.782608695652174, "07T35@3": 0.6818181818181818, "BUYER": 0.0, "SELLER": 0.0}