{"00T37@0": 0.0, "01T37@0": 0.0, "02T09@1": 0.0, "03T22@1": 0.08333333333333333, "04T09@2": 0.0, "05T37@2": 0.16393442622950818, "06T09@3": 0.0, "07T22@3": 0.08235294117647064, "BUYER": 0.0, "SELLER": 0.0}