{"00T36@0": 0.05714285714285712, "01T22@0": 0.05970149253731341, "02T22@1": 0.5797872340425528, "03T35@1": 0.6547619047619045, "04T20@2": 0.8236331569664905, "05T35@2": 0.6744604316546763, "BUYER": 0.0, "SELLER": 0.0}