{"00T18@0": 0.0, "01T18@0": 0.0, "02T26@1": 0.9090909090909091, "03T26@1": 0.9217391304347826, "04T26@2": 0.24786324786324807, "05T35@2": 0.7418032786885248, "06T18@3": 0.3858024691358026, "07T35@3": 0.5958904109589042, "BUYER": 0.0, "SELLER": 0.0}