{"time_limit": 10800, "spot_discount": 0.9, "spot_market_global_loss": 0.2, "neg_quota_step": 450, "n_processes": 5, "n_products": 6, "n_steps": 90, "financial_reports_period": 5, "exogenous_horizon": 19, "max_productivity": 1.0, "catalog_prices": [10, 19, 32, 50, 66, 80], "cash_availability": [1.5, 2.5], "expected_productivity": 0.9444444444444444, "expected_mean_profit": 0.0788365249166655, "initial_balance": [33236, 33236, 54528, 54528, 82570, 82570, 116013, 116013, 143847, 143847]}