{"00T37@0": 0.08247422680412371, "01T35@0": 0.17475728155339798, "02T23@1": 0.7556008146639511, "03T35@1": 0.5088757396449705, "04T12@2": 0.0, "05T12@2": 0.0, "06T37@3": 0.434108527131783, "07T22@3": 0.5700934579439253, "08T37@4": 0.033573141486810565, "09T12@4": 0.029411764705882353, "BUYER": 0.0, "SELLER": 0.0}