{"00T09@0": 0.0, "01T41@0": 0.04072398190045249, "02T23@1": 0.7747747747747749, "03T23@1": 0.7714285714285715, "04T35@2": 0.7451737451737453, "05T35@2": 0.796666666666667, "06T23@3": 0.6273504273504268, "07T23@3": 0.6415410385259634, "BUYER": 0.0, "SELLER": 0.0}