{"00T37@0": 0.0, "01T37@0": 0.0, "02T38@1": 0.01954397394136808, "03T38@1": 0.020231213872832377, "04T37@2": 0.7842105263157891, "05T38@2": 0.0, "BUYER": 0.0, "SELLER": 0.0}