{"00T40@0": 0.03623188405797103, "01T33@0": 0.08362369337979093, "02T33@1": 0.05932203389830508, "03T22@1": 0.009523809523809521, "04T40@2": 0.18543046357615903, "05T40@2": 0.16551724137931034, "06T33@3": 0.05226480836236934, "07T22@3": 0.017921146953405017, "BUYER": 0.0, "SELLER": 0.0}