{"00T41@0": 0.2698863636363636, "01T22@0": 0.3692307692307693, "02T35@1": 0.3375527426160335, "03T22@1": 0.45170454545454547, "04T35@2": 0.5142857142857148, "05T23@2": 0.6305418719211824, "06T12@3": 0.0, "07T40@3": 1.0, "08T29@4": 1.0, "09T23@4": 0.46601941747572817, "BUYER": 0.0, "SELLER": 0.0}