{"00T23@0": 0.45098039215686225, "01T22@0": 0.10789980732177264, "02T15@1": 0.21465968586387435, "03T23@1": 0.7486910994764397, "04T07@2": 0.19144144144144143, "05T35@2": 0.717569786535304, "BUYER": 0.0, "SELLER": 0.0}