{"00T09@0": 0.0, "01T22@0": 0.3582887700534758, "02T35@1": 0.3662551440329222, "03T35@1": 0.3992248062015505, "04T34@2": 0.3553113553113553, "05T35@2": 0.9058823529411765, "06T22@3": 0.0, "07T22@3": 0.0, "BUYER": 0.0, "SELLER": 0.0}