{"00T16@0": 0.0, "01T22@0": 0.2231404958677688, "02T22@1": 0.20418848167539275, "03T35@1": 0.7287449392712547, "04T40@2": 0.17110266159695814, "05T35@2": 0.6358885017421607, "BUYER": 0.0, "SELLER": 0.0}