{"00T35@0": 0.21412803532008826, "01T23@0": 0.25553319919517103, "02T37@1": 0.0, "03T23@1": 0.875, "04T35@2": 0.7763578274760382, "05T23@2": 0.7254901960784312, "06T41@3": 0.29466357308584684, "07T35@3": 0.6368243243243241, "BUYER": 0.0, "SELLER": 0.0}