{"00T29@0": 0.0, "01T22@0": 0.3300970873786409, "02T36@1": 0.41411042944785276, "03T23@1": 0.6336633663366341, "04T23@2": 0.09420289855072464, "05T22@2": 0.14730878186968846, "06T35@3": 0.7394957983193275, "07T23@3": 0.6990740740740741, "08T22@4": 0.0, "09T22@4": 0.0, "BUYER": 0.0, "SELLER": 0.0}