{"00T12@0": 0.0, "01T37@0": 0.0, "02T41@1": 0.4, "03T40@1": 0.8333333333333334, "04T40@2": 1.0, "05T37@2": 0.0, "06T12@2": 0.0, "07T37@2": 0.0, "08T41@2": 1.0, "09T40@3": 1.0, "10T12@3": 0.07692307692307693, "11T41@3": 0.75, "BUYER": 0.0, "SELLER": 0.0}