{"00T36@0": 0.08143322475570032, "01T23@0": 0.1880108991825613, "02T36@1": 0.19457013574660634, "03T24@1": 0.3333333333333333, "04T24@2": 0.058823529411764705, "05T35@2": 0.4134615384615386, "06T24@3": 1.0, "07T23@3": 0.8795180722891565, "08T36@4": 0.0, "09T35@4": 0.7377049180327869, "BUYER": 0.0, "SELLER": 0.0}