{"time_limit": 10800, "spot_discount": 0.9, "spot_market_global_loss": 0.2, "neg_quota_step": 300, "n_processes": 5, "n_products": 6, "n_steps": 60, "financial_reports_period": 5, "exogenous_horizon": 26, "max_productivity": 1.0, "catalog_prices": [10, 18, 29, 38, 48, 63], "cash_availability": [1.5, 2.5], "expected_productivity": 0.9166666666666666, "expected_mean_profit": 0.0707113386687876, "initial_balance": [19811, 19811, 32489, 32489, 44311, 44311, 55140, 55140, 69536, 69536]}