{"00T41@0": 0.0, "01T22@0": 0.05543237250554324, "02T41@1": 0.21212121212121213, "03T06@1": 0.0, "04T06@2": 0.0, "05T22@2": 0.21105527638190955, "06T06@3": 0.0, "07T41@3": 0.044280442804428034, "BUYER": 0.0, "SELLER": 0.0}