{"00T37@0": 0.0, "01T35@0": 0.2932489451476795, "02T12@1": 0.019886363636363643, "03T20@1": 0.0, "04T23@2": 0.7689655172413792, "05T23@2": 0.7430555555555556, "06T23@3": 0.5682182985553772, "07T22@3": 0.0, "BUYER": 0.0, "SELLER": 0.0}