{"00T23@0": 0.0, "01T35@0": 0.0, "02T35@1": 1.0, "03T35@1": 1.0, "04T29@2": 0.0, "05T22@2": 0.2618296529968454, "06T37@3": 0.08018867924528299, "07T22@3": 0.03883495145631067, "BUYER": 0.0, "SELLER": 0.0}