{"00T16@0": 0.0, "01T35@0": 0.30952380952380926, "02T16@1": 0.0, "03T34@1": 0.5075757575757576, "04T34@2": 1.0, "05T35@2": 0.48854961832061067, "06T34@3": 0.47107438016528924, "07T35@3": 0.41228070175438597, "08T16@4": 1.0, "09T22@4": 0.0, "BUYER": 0.0, "SELLER": 0.0}