{"time_limit": 10800, "spot_discount": 0.9, "spot_market_global_loss": 0.2, "neg_quota_step": 345, "n_processes": 5, "n_products": 6, "n_steps": 69, "financial_reports_period": 5, "exogenous_horizon": 17, "max_productivity": 1.0, "catalog_prices": [10, 17, 26, 33, 47, 59], "cash_availability": [1.5, 2.5], "expected_productivity": 0.927536231884058, "expected_mean_profit": 0.11900371271913648, "initial_balance": [15009, 15009, 23746, 23746, 32001, 32001, 41274, 41274, 50654, 50654]}