{"00T22@0": 0.07380073800738009, "01T23@0": 0.32550335570469796, "02T10@1": 0.2979591836734694, "03T23@1": 0.8837209302325582, "04T15@2": 0.0, "05T35@2": 0.7077464788732396, "BUYER": 0.0, "SELLER": 0.0}