{"00T19@0": 0.0, "01T35@0": 0.18773946360153257, "02T23@1": 0.96875, "03T22@1": 0.0, "04T29@2": 1.0, "05T23@2": 0.6604938271604937, "BUYER": 0.0, "SELLER": 0.0}