{"00T10@0": 0.0024937655860349096, "01T10@0": 0.0, "02T10@1": 0.0, "03T24@1": 0.0, "04T24@2": 0.9868995633187773, "05T24@2": 0.9658119658119658, "BUYER": 0.0, "SELLER": 0.0}