{"00T40@0": 0.07516339869281047, "01T22@0": 0.08333333333333333, "02T22@1": 0.19473684210526315, "03T35@1": 0.6093023255813949, "04T09@2": 0.0, "05T35@2": 0.7733711048158639, "BUYER": 0.0, "SELLER": 0.0}