{"00T35@0": 0.28804347826086957, "01T35@0": 0.30285714285714294, "02T29@1": 0.0, "03T22@1": 0.07526881720430109, "04T26@2": 0.22307692307692314, "05T35@2": 0.9083333333333333, "06T22@3": 0.006172839506172839, "07T35@3": 0.6161137440758292, "BUYER": 0.0, "SELLER": 0.0}