{"00T35@0": 0.56268221574344, "01T22@0": 0.13418530351437696, "02T37@1": 0.08130081300813014, "03T35@1": 0.7131147540983604, "04T33@2": 0.0, "05T35@2": 0.5837320574162674, "BUYER": 0.0, "SELLER": 0.0}