{"00T22@0": 0.26966292134831454, "01T22@0": 0.2742857142857144, "02T23@1": 0.5064935064935067, "03T35@1": 0.4895397489539749, "04T41@2": 0.25783972125435545, "05T29@2": 0.0, "06T35@3": 0.875, "07T23@3": 0.8447653429602888, "08T23@4": 0.5175438596491226, "09T23@4": 0.5183585313174947, "BUYER": 0.0, "SELLER": 0.0}