{"00T23@0": 0.2399232245681382, "01T35@0": 0.20867768595041325, "02T19@1": 0.0, "03T22@1": 0.12947658402203857, "04T22@2": 0.22702702702702707, "05T35@2": 0.8897058823529411, "06T40@3": 0.07251908396946564, "07T22@3": 0.007462686567164171, "BUYER": 0.0, "SELLER": 0.0}