{"00T35@0": 0.042553191489361715, "01T22@0": 0.0457516339869281, "02T29@1": 0.0, "03T35@1": 0.6711409395973156, "04T24@2": 1.0, "05T35@2": 0.7777777777777781, "BUYER": 0.0, "SELLER": 0.0}