{"00T29@0": 0.0, "01T29@0": 0.0, "02T36@1": 1.0, "03T22@1": 1.0, "04T36@2": 0.43670886075949367, "05T29@2": 0.0, "06T36@3": 0.15200000000000005, "07T22@3": 0.11666666666666665, "BUYER": 0.0, "SELLER": 0.0}