{"00T34@0": 0.06909090909090909, "01T34@0": 0.08602150537634408, "02T34@1": 0.0, "03T22@1": 0.0, "04T38@2": 0.1176470588235294, "05T38@2": 0.3333333333333333, "06T38@3": 0.014705882352941176, "07T22@3": 0.9407894736842105, "BUYER": 0.0, "SELLER": 0.0}