{"00T37@0": 0.009009009009009002, "01T22@0": 0.07738998482549317, "02T22@1": 0.1761363636363636, "03T35@1": 0.6524064171122993, "04T09@2": 0.0, "05T35@2": 0.7675378266850071, "BUYER": 0.0, "SELLER": 0.0}