{"00T20@0": 0.0, "01T37@0": 0.0044642857142857114, "02T20@1": 0.0, "03T37@1": 0.15172413793103456, "04T22@2": 0.009345794392523362, "05T22@2": 0.23809523809523828, "06T37@3": 0.042801556420233505, "07T20@3": 1.0, "BUYER": 0.0, "SELLER": 0.0}