{"00T35@0": 0.07999999999999997, "01T22@0": 0.13963039014373715, "02T24@1": 0.75, "03T35@1": 0.6324503311258275, "04T06@2": 0.0, "05T35@2": 0.8079847908745242, "BUYER": 0.0, "SELLER": 0.0}