{"00T23@0": 0.4846153846153846, "01T35@0": 0.1836734693877551, "02T22@1": 0.0, "03T35@1": 0.8556701030927837, "04T29@2": 0.0, "05T37@2": 0.011299435028248568, "06T23@3": 0.8423645320197044, "07T22@3": 0.642570281124498, "08T23@4": 0.7295423023578375, "09T22@4": 0.0, "BUYER": 0.0, "SELLER": 0.0}