{"time_limit": 10800, "spot_discount": 0.9, "spot_market_global_loss": 0.2, "neg_quota_step": 495, "n_processes": 5, "n_products": 6, "n_steps": 99, "financial_reports_period": 5, "exogenous_horizon": 47, "max_productivity": 1.0, "catalog_prices": [10, 18, 24, 35, 47, 63], "cash_availability": [1.5, 2.5], "expected_productivity": 0.9494949494949495, "expected_mean_profit": 0.10976858060823316, "initial_balance": [21068, 21068, 30775, 30775, 44243, 44243, 61474, 61474, 81789, 81789]}