{"00T35@0": 0.5304347826086957, "01T22@0": 0.041407867494824, "02T17@1": 0.1729559748427673, "03T35@1": 0.8596491228070177, "04T41@2": 0.0, "05T35@2": 0.7382039573820395, "BUYER": 0.0, "SELLER": 0.0}