{"00T12@0": 0.0, "01T12@0": 0.0, "02T37@1": 0.5945945945945945, "03T37@1": 0.7397260273972602, "04T12@2": 0.5, "05T37@2": 0.18348623853211007, "BUYER": 0.0, "SELLER": 0.0}