{"00T37@0": 0.03883495145631066, "01T20@0": 0.0, "02T37@0": 0.06178861788617883, "03T41@0": 0.10362694300518137, "04T37@1": 0.09580838323353294, "05T41@1": 0.30434782608695643, "06T20@1": 0.0, "07T20@2": 1.0, "08T41@2": 0.5337078651685396, "BUYER": 0.0, "SELLER": 0.0}