{"00T38@0": 0.0, "01T36@0": 0.0, "02T36@1": 0.01612903225806451, "03T38@1": 0.04761904761904768, "04T38@2": 0.010526315789473668, "05T35@2": 0.7860465116279074, "06T36@3": 0.04201680672268908, "07T35@3": 0.5768025078369898, "BUYER": 0.0, "SELLER": 0.0}