{"00T23@0": 0.239247311827957, "01T23@0": 0.22349570200573066, "02T40@1": 0.0037313432835820864, "03T23@1": 0.9722222222222222, "04T36@2": 0.0, "05T22@2": 0.0, "BUYER": 0.0, "SELLER": 0.0}