{"time_limit": 10800, "spot_discount": 0.9, "spot_market_global_loss": 0.2, "neg_quota_step": 370, "n_processes": 5, "n_products": 6, "n_steps": 74, "financial_reports_period": 5, "exogenous_horizon": 35, "max_productivity": 1.0, "catalog_prices": [10, 16, 26, 36, 47, 59], "cash_availability": [1.5, 2.5], "expected_productivity": 0.9324324324324325, "expected_mean_profit": 0.07835380229535004, "initial_balance": [19050, 19050, 33850, 33850, 46672, 46672, 57956, 57956, 73635, 73635]}