{"00T37@0": 0.05804749340369399, "01T23@0": 0.2817955112219452, "02T22@1": 0.10288065843621398, "03T23@1": 0.7462686567164182, "04T22@2": 0.006289308176100629, "05T35@2": 0.685897435897436, "06T29@3": 0.0, "07T22@3": 0.20000000000000004, "08T22@4": 0.08467741935483872, "09T23@4": 0.7772020725388602, "BUYER": 0.0, "SELLER": 0.0}