{"00T41@0": 0.0, "01T22@0": 0.12068965517241378, "02T35@1": 0.6129032258064516, "03T22@1": 0.0, "04T21@2": 0.0, "05T35@2": 0.0, "06T35@3": 1.0, "07T35@3": 1.0, "BUYER": 0.0, "SELLER": 0.0}