{"00T12@0": 0.033628318584070796, "01T29@0": 0.0, "02T12@1": 0.012722646310432566, "03T35@1": 0.3076923076923077, "04T29@2": 0.0, "05T35@2": 0.3693931398416888, "06T12@3": 0.0, "07T29@3": 1.0, "BUYER": 0.0, "SELLER": 0.0}