{"00T12@0": 0.0, "01T29@0": 0.0, "02T29@0": 0.0, "03T41@1": 0.7777777777777778, "04T29@1": 0.0, "05T41@2": 0.2735849056603774, "06T12@2": 0.0, "07T12@3": 0.3333333333333333, "08T41@3": 0.7397260273972605, "BUYER": 0.0, "SELLER": 0.0}