{"time_limit": 10800, "spot_discount": 0.9, "spot_market_global_loss": 0.2, "neg_quota_step": 382, "n_processes": 4, "n_products": 5, "n_steps": 85, "financial_reports_period": 5, "exogenous_horizon": 17, "max_productivity": 1.0, "catalog_prices": [10, 21, 25, 33, 38], "cash_availability": [1.5, 2.5], "expected_productivity": 1.2705882352941176, "expected_mean_profit": 0.11678663650902693, "initial_balance": [21017, 21017, 21017, 41477, 41477, 48029, 48029, 63112, 63112]}