{"00T37@0": 0.0, "01T23@0": 0.28045977011494266, "02T34@1": 0.2592592592592593, "03T37@1": 0.0, "04T37@2": 0.1470588235294117, "05T34@2": 0.9230769230769231, "06T34@3": 0.847953216374269, "07T35@3": 0.7475247524752475, "BUYER": 0.0, "SELLER": 0.0}