{"time_limit": 10800, "spot_discount": 0.9, "spot_market_global_loss": 0.2, "neg_quota_step": 248, "n_processes": 4, "n_products": 5, "n_steps": 62, "financial_reports_period": 5, "exogenous_horizon": 27, "max_productivity": 1.0, "catalog_prices": [10, 19, 29, 35, 49], "cash_availability": [1.5, 2.5], "expected_productivity": 0.9354838709677419, "expected_mean_profit": 0.07070377868169198, "initial_balance": [22682, 22682, 33881, 33881, 44159, 44159, 58831, 58831]}