{"00T35@0": 0.31818181818181823, "01T35@0": 0.3752860411899316, "02T35@1": 0.0, "03T22@1": 0.2028869286287093, "04T35@2": 0.45208845208845194, "05T35@2": 0.4214876033057853, "06T08@3": 0.0, "07T26@3": 0.1577102803738317, "BUYER": 0.0, "SELLER": 0.0}