{"00T40@0": 0.12709030100334456, "01T24@0": 0.0, "02T22@1": 0.5286343612334804, "03T23@1": 0.9294871794871795, "04T23@2": 0.6666666666666662, "05T35@2": 0.6704288939051913, "BUYER": 0.0, "SELLER": 0.0}