{"00T35@0": 0.3105882352941178, "01T22@0": 0.06233062330623306, "02T24@1": 1.0, "03T22@1": 0.1945392491467577, "04T22@2": 0.23255813953488383, "05T22@2": 0.15328467153284675, "06T36@3": 0.5406504065040653, "07T23@3": 0.76875, "08T35@4": 0.6959459459459463, "09T35@4": 0.6752336448598126, "BUYER": 0.0, "SELLER": 0.0}