{"00T22@0": 0.002699055330634277, "01T35@0": 0.26341463414634153, "02T37@1": 0.10365853658536585, "03T12@1": 0.03963414634146342, "04T23@2": 0.48534201954397393, "05T23@2": 0.488135593220339, "06T29@3": 1.0, "07T22@3": 0.0, "BUYER": 0.0, "SELLER": 0.0}