{"time_limit": 10800, "spot_discount": 0.9, "spot_market_global_loss": 0.2, "neg_quota_step": 496, "n_processes": 4, "n_products": 5, "n_steps": 124, "financial_reports_period": 5, "exogenous_horizon": 30, "max_productivity": 1.0, "catalog_prices": [10, 23, 32, 38, 54], "cash_availability": [1.5, 2.5], "expected_productivity": 0.967741935483871, "expected_mean_profit": 0.10387052346896772, "initial_balance": [39670, 39670, 53554, 53554, 71196, 71196, 95519, 95519]}