{"00T22@0": 0.0, "01T35@0": 0.2863070539419087, "02T19@1": 0.0, "03T22@1": 0.34583333333333355, "04T35@2": 0.27835051546391765, "05T22@2": 0.4020618556701032, "06T35@3": 0.5945945945945944, "07T23@3": 0.7430830039525692, "08T38@4": 0.02, "09T22@4": 0.0, "BUYER": 0.0, "SELLER": 0.0}