{"00T41@0": 0.19144602851323828, "01T22@0": 0.2774193548387094, "02T36@1": 0.32885906040268426, "03T22@1": 0.2310344827586206, "04T22@2": 0.05439330543933055, "05T22@2": 0.06029106029106033, "BUYER": 0.0, "SELLER": 0.0}