{"00T40@0": 0.10067114093959731, "01T40@0": 0.13826366559485534, "02T04@1": 0.2890625, "03T22@1": 0.5600000000000002, "04T04@2": 0.15555555555555564, "05T04@2": 0.13043478260869557, "06T40@3": 0.010638297872340424, "07T22@3": 0.18181818181818182, "BUYER": 0.0, "SELLER": 0.0}