{"00T38@0": 0.0, "01T36@0": 0.17500000000000002, "02T35@1": 0.6171428571428568, "03T23@1": 0.6494252873563215, "04T38@2": 0.0, "05T36@2": 0.004255319148936168, "06T36@3": 0.35374149659863946, "07T23@3": 0.6826347305389222, "08T38@4": 0.10040160642570281, "09T35@4": 0.7093425605536336, "BUYER": 0.0, "SELLER": 0.0}