{"00T06@0": 0.05263157894736842, "01T22@0": 0.2857142857142856, "02T35@1": 0.4642857142857144, "03T22@1": 0.04123711340206185, "04T37@2": 0.018018018018018018, "05T06@2": 0.0, "06T06@3": 0.0, "07T37@3": 0.3515625, "08T37@4": 0.4015748031496061, "09T35@4": 0.7453703703703703, "BUYER": 0.0, "SELLER": 0.0}