{"00T41@0": 0.36742424242424254, "01T41@0": 0.3530499075785582, "02T40@1": 0.4212328767123286, "03T41@1": 0.22427440633245382, "04T40@2": 0.023255813953488372, "05T40@2": 0.022332506203473945, "BUYER": 0.0, "SELLER": 0.0}