{"00T03@0": 0.0, "01T13@0": 0.0, "02T13@1": 0.0, "03T22@1": 0.5862068965517241, "04T13@2": 0.0, "05T03@2": 0.01851851851851851, "06T03@3": 0.0, "07T22@3": 0.967741935483871, "BUYER": 0.0, "SELLER": 0.0}