{"00T24@0": 0.0, "01T22@0": 0.10424710424710427, "02T22@1": 0.8805970149253732, "03T35@1": 0.6551724137931035, "04T20@2": 0.7100840336134455, "05T35@2": 0.6153846153846163, "BUYER": 0.0, "SELLER": 0.0}