{"00T34@0": 0.02362204724409449, "01T22@0": 0.03512880562060891, "02T16@1": 0.0, "03T22@1": 0.144927536231884, "04T34@2": 0.0, "05T22@2": 0.0, "06T16@3": 0.0, "07T34@3": 0.5277777777777778, "08T16@4": 1.0, "09T35@4": 0.8333333333333334, "BUYER": 0.0, "SELLER": 0.0}