{"00T29@0": 0.0, "01T35@0": 0.006423982869379008, "02T23@1": 0.9555555555555556, "03T35@1": 0.9772727272727273, "04T23@2": 0.7435897435897435, "05T35@2": 0.5294117647058824, "06T02@3": 0.8965517241379312, "07T12@3": 0.0, "08T20@4": 1.0, "09T22@4": 0.656, "BUYER": 0.0, "SELLER": 0.0}