{"time_limit": 10800, "spot_discount": 0.9, "spot_market_global_loss": 0.2, "neg_quota_step": 685, "n_processes": 5, "n_products": 6, "n_steps": 137, "financial_reports_period": 5, "exogenous_horizon": 61, "max_productivity": 1.0, "catalog_prices": [10, 18, 29, 38, 47, 60], "cash_availability": [1.5, 2.5], "expected_productivity": 0.9635036496350365, "expected_mean_profit": 0.06019705452915004, "initial_balance": [40336, 40336, 76639, 76639, 106735, 106735, 134505, 134505, 163671, 163671]}