{"time_limit": 10800, "spot_discount": 0.9, "spot_market_global_loss": 0.2, "neg_quota_step": 456, "n_processes": 4, "n_products": 5, "n_steps": 76, "financial_reports_period": 5, "exogenous_horizon": 37, "max_productivity": 1.0, "catalog_prices": [10, 16, 21, 30, 43], "cash_availability": [1.5, 2.5], "expected_productivity": 0.631578947368421, "expected_mean_profit": 0.08673817803599382, "initial_balance": [20001, 20001, 17693, 17693, 17693, 20193, 20193, 20193, 20193, 37232, 37232, 37232]}