{"00T26@0": 0.0, "01T00@0": 0.0, "02T26@1": 0.13793103448275854, "03T22@1": 0.2876712328767123, "04T00@2": 0.0, "05T26@2": 0.33613445378151263, "06T00@3": 0.0, "07T22@3": 0.00826446280991735, "BUYER": 0.0, "SELLER": 0.0}