{"00T08@0": 0.03333333333333337, "01T26@0": 0.03498542274052479, "02T23@1": 0.7614678899082568, "03T23@1": 0.6964285714285714, "04T35@2": 0.8175895765472317, "05T35@2": 0.8155339805825236, "06T23@3": 0.5369003690036905, "07T23@3": 0.5426497277676953, "BUYER": 0.0, "SELLER": 0.0}