{"00T35@0": 0.24509803921568626, "01T35@0": 0.24509803921568604, "02T35@1": 0.0, "03T22@1": 0.46657183499288746, "04T35@2": 0.11500000000000005, "05T35@2": 0.09278350515463918, "06T06@3": 0.6216216216216214, "07T24@3": 1.0, "BUYER": 0.0, "SELLER": 0.0}