{"00T41@0": 0.07044410413476265, "01T22@0": 0.08819133034379667, "02T22@1": 0.17326732673267325, "03T35@1": 0.5474137931034487, "04T09@2": 0.0, "05T35@2": 0.7623188405797103, "BUYER": 0.0, "SELLER": 0.0}