{"00T38@0": 0.02823179791976228, "01T23@0": 0.016835016835016838, "02T35@1": 0.32295719844357984, "03T23@1": 0.37611940298507457, "04T36@2": 0.31818181818181823, "05T23@2": 0.7586206896551724, "06T22@3": 0.0, "07T35@3": 0.5822050290135397, "BUYER": 0.0, "SELLER": 0.0}