{"00T23@0": 0.02358490566037736, "01T22@0": 0.22756410256410256, "02T35@1": 0.6477987421383646, "03T23@1": 0.659090909090909, "04T36@2": 0.22799999999999998, "05T35@2": 0.6733333333333335, "06T37@3": 0.07547169811320752, "07T35@3": 0.572972972972973, "BUYER": 0.0, "SELLER": 0.0}