{"00T15@0": 0.10850439882697947, "01T35@0": 0.31842105263157916, "02T24@1": 1.0, "03T15@1": 0.2691029900332227, "04T15@2": 0.2865853658536585, "05T35@2": 0.16176470588235295, "06T24@3": 0.13333333333333333, "07T35@3": 0.4086021505376345, "08T24@4": 1.0, "09T22@4": 0.46153846153846156, "BUYER": 0.0, "SELLER": 0.0}