{"00T24@0": 0.0, "01T35@0": 0.03436426116838489, "02T22@1": 0.818181818181818, "03T35@1": 0.9814814814814815, "04T22@2": 0.14553990610328638, "05T22@2": 0.16999999999999996, "06T37@3": 0.04804804804804806, "07T35@3": 0.764705882352941, "BUYER": 0.0, "SELLER": 0.0}