{"time_limit": 10800, "spot_discount": 0.9, "spot_market_global_loss": 0.2, "neg_quota_step": 216, "n_processes": 4, "n_products": 5, "n_steps": 54, "financial_reports_period": 5, "exogenous_horizon": 14, "max_productivity": 1.0, "catalog_prices": [10, 21, 33, 49, 64], "cash_availability": [1.5, 2.5], "expected_productivity": 0.9259259259259259, "expected_mean_profit": 0.11524374842131851, "initial_balance": [14107, 14107, 23080, 23080, 31386, 31386, 42279, 42279]}