{"00T24@0": 0.0, "01T22@0": 0.014675052410901465, "02T24@1": 1.0, "03T22@1": 0.24375, "04T24@2": 0.5531914893617021, "05T22@2": 0.284518828451883, "06T15@3": 0.42738589211618233, "07T15@3": 0.38524590163934425, "08T15@4": 0.005802707930367499, "09T35@4": 0.6881496881496879, "BUYER": 0.0, "SELLER": 0.0}