{"00T20@0": 0.0, "01T02@0": 0.060498220640569395, "02T12@0": 0.04637096774193549, "03T20@0": 0.0, "04T20@0": 0.0, "05T12@1": 0.0, "06T29@1": 0.0, "07T12@1": 0.0, "08T02@1": 0.0, "09T02@1": 0.0, "10T29@2": 1.0, "11T29@2": 1.0, "BUYER": 0.0, "SELLER": 0.0}