{"time_limit": 10800, "spot_discount": 0.9, "spot_market_global_loss": 0.2, "neg_quota_step": 340, "n_processes": 4, "n_products": 5, "n_steps": 85, "financial_reports_period": 5, "exogenous_horizon": 28, "max_productivity": 1.0, "catalog_prices": [10, 20, 29, 34, 40], "cash_availability": [1.5, 2.5], "expected_productivity": 0.9529411764705882, "expected_mean_profit": 0.0947657269272222, "initial_balance": [21188, 21188, 31716, 31716, 39529, 39529, 48599, 48599]}