{"time_limit": 10800, "spot_discount": 0.9, "spot_market_global_loss": 0.2, "neg_quota_step": 468, "n_processes": 4, "n_products": 5, "n_steps": 117, "financial_reports_period": 5, "exogenous_horizon": 49, "max_productivity": 1.0, "catalog_prices": [10, 20, 29, 41, 53], "cash_availability": [1.5, 2.5], "expected_productivity": 0.9658119658119658, "expected_mean_profit": 0.08106685547738392, "initial_balance": [36640, 36640, 52913, 52913, 79207, 79207, 98174, 98174]}