{"00T12@0": 0.039665970772442605, "01T24@0": 0.04545454545454545, "02T24@1": 0.5733333333333334, "03T12@1": 0.06320541760722348, "04T24@2": 0.9191176470588235, "05T12@2": 0.0, "BUYER": 0.0, "SELLER": 0.0}