{"00T22@0": 0.2796875, "01T35@0": 0.41666666666666685, "02T35@1": 0.39037433155080214, "03T22@1": 0.06235011990407672, "04T24@2": 0.5, "05T22@2": 0.10426540284360189, "06T29@3": 0.0, "07T22@3": 0.47337278106508884, "08T35@4": 0.7824561403508774, "09T35@4": 0.7846715328467151, "BUYER": 0.0, "SELLER": 0.0}