{"00T08@0": 0.13304721030042918, "01T35@0": 0.7186858316221765, "02T35@1": 0.7949790794979079, "03T35@1": 0.7922606924643585, "04T03@2": 0.0, "05T35@2": 0.5495495495495499, "BUYER": 0.0, "SELLER": 0.0}