{"00T41@0": 0.24324324324324306, "01T06@0": 0.1, "02T41@1": 0.21399176954732518, "03T06@1": 0.0, "04T06@2": 0.0, "05T35@2": 0.5820105820105821, "06T41@3": 0.0, "07T22@3": 0.3101265822784809, "BUYER": 0.0, "SELLER": 0.0}