{"time_limit": 10800, "spot_discount": 0.9, "spot_market_global_loss": 0.2, "neg_quota_step": 292, "n_processes": 4, "n_products": 5, "n_steps": 73, "financial_reports_period": 5, "exogenous_horizon": 27, "max_productivity": 1.0, "catalog_prices": [10, 18, 24, 30, 42], "cash_availability": [1.5, 2.5], "expected_productivity": 0.9452054794520548, "expected_mean_profit": 0.07752915222187204, "initial_balance": [23928, 23928, 29760, 29760, 40228, 40228, 52042, 52042]}