{"00T38@0": 0.0, "01T19@0": 0.0, "02T19@1": 0.0, "03T23@1": 0.5195530726256987, "04T38@2": 0.0, "05T38@2": 0.0, "06T19@3": 1.0, "07T22@3": 0.6794871794871795, "BUYER": 0.0, "SELLER": 0.0}