{"00T20@0": 0.0, "01T23@0": 0.17783505154639176, "02T22@1": 0.27692307692307694, "03T23@1": 0.9717514124293786, "04T40@2": 0.34873949579831953, "05T22@2": 0.2613636363636363, "06T35@3": 0.6659574468085111, "07T23@3": 0.6741154562383614, "BUYER": 0.0, "SELLER": 0.0}