{"00T24@0": 0.008403361344537815, "01T38@0": 0.0, "02T38@1": 0.007272727272727267, "03T24@1": 0.5102040816326532, "04T38@2": 0.0, "05T24@2": 0.8791946308724832, "BUYER": 0.0, "SELLER": 0.0}