{"00T09@0": 0.0, "01T35@0": 0.6597938144329885, "02T35@1": 0.6563467492260067, "03T35@1": 0.673652694610778, "04T06@2": 0.0, "05T35@2": 0.6687279151943464, "BUYER": 0.0, "SELLER": 0.0}