{"00T35@0": 0.06486486486486487, "01T22@0": 0.02656546489563567, "02T09@1": 0.0, "03T35@1": 0.6571428571428573, "04T07@2": 0.24, "05T35@2": 0.8360927152317881, "BUYER": 0.0, "SELLER": 0.0}