{"00T22@0": 0.15515610217596965, "01T22@0": 0.1394422310756972, "02T35@1": 0.37373737373737376, "03T35@1": 0.400662251655629, "04T06@2": 0.0, "05T36@2": 0.49090909090909074, "06T22@3": 0.015416238437821186, "07T35@3": 0.9248618784530387, "BUYER": 0.0, "SELLER": 0.0}