{"00T16@0": 0.0, "01T22@0": 0.13509316770186328, "02T22@1": 0.41964285714285715, "03T35@1": 0.881578947368421, "04T10@2": 0.0, "05T35@2": 0.707070707070707, "BUYER": 0.0, "SELLER": 0.0}