{"00T22@0": 0.32303370786516844, "01T23@0": 0.3880597014925373, "02T35@1": 0.48275862068965525, "03T22@1": 0.25935162094763065, "04T35@2": 0.14516129032258066, "05T22@2": 0.0, "06T29@3": 0.0, "07T19@3": 0.0, "08T35@4": 1.0, "09T35@4": 1.0, "BUYER": 0.0, "SELLER": 0.0}