{"00T26@0": 0.0584415584415584, "01T26@0": 0.03628117913832201, "02T41@1": 0.11602209944751374, "03T41@1": 0.19125683060109297, "04T41@2": 0.44585987261146504, "05T22@2": 0.507575757575758, "06T26@3": 0.1, "07T35@3": 0.6973913043478259, "BUYER": 0.0, "SELLER": 0.0}