{"00T40@0": 0.30673316708229414, "01T23@0": 0.5873983739837398, "02T36@1": 0.19701492537313434, "03T22@1": 0.16271186440677973, "04T36@2": 0.36653386454183245, "05T40@2": 0.22885572139303503, "06T40@3": 0.0, "07T36@3": 0.03225806451612902, "BUYER": 0.0, "SELLER": 0.0}