{"time_limit": 10800, "spot_discount": 0.9, "spot_market_global_loss": 0.2, "neg_quota_step": 352, "n_processes": 4, "n_products": 5, "n_steps": 88, "financial_reports_period": 5, "exogenous_horizon": 26, "max_productivity": 1.0, "catalog_prices": [10, 19, 31, 37, 47], "cash_availability": [1.5, 2.5], "expected_productivity": 0.9545454545454546, "expected_mean_profit": 0.06312613493504679, "initial_balance": [25239, 25239, 42016, 42016, 50478, 50478, 61242, 61242]}