{"00T36@0": 0.0457516339869281, "01T36@0": 0.0, "02T24@1": 0.96, "03T22@1": 0.3294117647058821, "04T36@2": 0.0, "05T22@2": 0.0, "06T24@3": 0.027777777777777776, "07T24@3": 0.024390243902439025, "08T22@4": 0.9714285714285714, "09T22@4": 0.9736842105263158, "BUYER": 0.0, "SELLER": 0.0}