{"00T19@0": 0.0, "01T36@0": 0.08135593220338987, "02T19@1": 0.0, "03T36@1": 0.37209302325581406, "04T19@2": 1.0, "05T36@2": 0.027874564459930286, "BUYER": 0.0, "SELLER": 0.0}