{"00T35@0": 0.18995633187772928, "01T22@0": 0.2982791586998089, "02T23@1": 0.6326530612244898, "03T22@1": 0.34140435835351085, "04T23@2": 0.0, "05T22@2": 0.17888563049853382, "06T35@3": 0.7439024390243905, "07T35@3": 0.7394366197183099, "08T37@4": 0.0, "09T40@4": 0.0, "BUYER": 0.0, "SELLER": 0.0}