{"time_limit": 10800, "spot_discount": 0.9, "spot_market_global_loss": 0.2, "neg_quota_step": 490, "n_processes": 5, "n_products": 6, "n_steps": 98, "financial_reports_period": 5, "exogenous_horizon": 43, "max_productivity": 1.0, "catalog_prices": [10, 17, 26, 40, 54, 70], "cash_availability": [1.5, 2.5], "expected_productivity": 0.9489795918367347, "expected_mean_profit": 0.09339401047872226, "initial_balance": [27768, 27768, 41005, 41005, 61554, 61554, 81732, 81732, 111072, 111072]}