{"00T26@0": 0.1270588235294118, "01T35@0": 0.7426160337552745, "02T38@1": 0.0, "03T22@1": 0.008695652173913047, "04T22@2": 0.2524752475247527, "05T22@2": 0.0772946859903382, "BUYER": 0.0, "SELLER": 0.0}