{"00T12@0": 0.0, "01T41@0": 0.42857142857142855, "02T29@1": 0.0, "03T12@1": 0.07692307692307693, "04T41@2": 1.0, "05T12@2": 0.0, "06T20@3": 0.0, "07T41@3": 0.0, "08T20@3": 0.0, "09T20@4": 1.0, "10T29@4": 1.0, "11T29@4": 1.0, "BUYER": 0.0, "SELLER": 0.0}