{"00T24@0": 0.006172839506172839, "01T23@0": 0.0, "02T35@1": 1.0, "03T23@1": 0.9918032786885246, "04T35@2": 0.6458333333333335, "05T22@2": 0.042801556420233505, "06T35@3": 0.7428571428571431, "07T23@3": 0.7567567567567567, "08T41@4": 0.37869822485207116, "09T35@4": 0.5874587458745877, "BUYER": 0.0, "SELLER": 0.0}