{"00T06@0": 0.04, "01T15@0": 0.21134751773049637, "02T15@1": 0.009708737864077667, "03T15@1": 0.009615384615384612, "04T06@2": 0.0, "05T06@2": 0.0, "BUYER": 0.0, "SELLER": 0.0}