{"00T24@0": 0.0, "01T35@0": 0.45701357466063336, "02T35@1": 0.808777429467085, "03T35@1": 0.8193548387096773, "04T08@2": 0.0, "05T35@2": 0.703637976929902, "BUYER": 0.0, "SELLER": 0.0}