{"00T24@0": 0.0, "01T24@0": 0.0, "02T08@1": 0.0, "03T22@1": 1.0, "04T08@2": 1.0, "05T08@2": 0.9456521739130435, "06T24@3": 0.8240740740740741, "07T22@3": 0.0031948881789137344, "BUYER": 0.0, "SELLER": 0.0}