{"00T12@0": 0.0, "01T02@0": 0.0, "02T02@1": 0.47300215982721394, "03T02@1": 0.43847874720357943, "04T12@2": 0.0, "05T12@2": 0.0, "BUYER": 0.0, "SELLER": 0.0}