{"00T37@0": 0.012711864406779655, "01T35@0": 0.49488054607508525, "02T34@1": 0.45, "03T35@1": 0.7639484978540773, "04T23@2": 0.5552407932011332, "05T23@2": 0.5504322766570611, "BUYER": 0.0, "SELLER": 0.0}