,balance,assets,bankrupt,agent_id,step
0,1478.0,119.0,False,00T41@0,0.0
1,1108.0,806.6666666666665,False,00T41@0,5.0
2,1418.0,200.0,False,01T09@0,0.0
3,1243.0,806.6666666666665,False,01T09@0,5.0
4,2576.0,0.0,False,02T09@1,0.0
5,2576.0,0.0,False,02T09@1,5.0
6,2576.0,0.0,False,03T41@1,0.0
7,2362.0,0.0,False,03T41@1,5.0
8,3824.0,0.0,False,04T09@2,0.0
9,3568.0,543.5409836065573,False,04T09@2,5.0
10,3824.0,0.0,False,05T41@2,0.0
11,3714.0,0.0,False,05T41@2,5.0
12,,,,,
13,,,,,
14,,,,,
15,,,,,
