{"00T35@0": 0.6626794258373198, "01T22@0": 0.16711229946524056, "02T41@1": 0.0, "03T35@1": 0.5702811244979918, "04T13@2": 0.0, "05T35@2": 0.7399741267787843, "BUYER": 0.0, "SELLER": 0.0}