{"00T10@0": 0.06603773584905662, "01T18@0": 0.0, "02T18@1": 0.2, "03T10@1": 0.1481481481481481, "04T18@2": 0.6666666666666666, "05T10@2": 0.06701030927835057, "BUYER": 0.0, "SELLER": 0.0}