{"00T37@0": 0.02512562814070351, "01T22@0": 0.13895216400911156, "02T35@1": 0.6115107913669061, "03T35@1": 0.6107382550335566, "04T35@2": 0.8163841807909601, "05T35@2": 0.8034188034188028, "06T38@3": 0.0, "07T23@3": 0.6274864376130197, "BUYER": 0.0, "SELLER": 0.0}