{"00T34@0": 0.26436781609195403, "01T35@0": 0.2918918918918918, "02T40@1": 0.44871794871794873, "03T35@1": 0.0, "04T23@2": 0.519337016574586, "05T23@2": 0.5252525252525251, "06T23@3": 0.9245283018867926, "07T22@3": 0.0034602076124567436, "08T22@4": 0.0, "09T22@4": 0.0, "BUYER": 0.0, "SELLER": 0.0}