{"00T22@0": 0.09187279151943464, "01T22@0": 0.09491525423728818, "02T40@1": 0.0, "03T35@1": 0.7530364372469633, "04T38@2": 0.015151515151515145, "05T38@2": 0.02399999999999999, "06T40@3": 0.6176470588235294, "07T23@3": 0.6557377049180331, "08T38@4": 0.11764705882352941, "09T40@4": 0.0, "BUYER": 0.0, "SELLER": 0.0}