{"00T29@0": 0.0, "01T23@0": 0.6379163108454307, "02T38@1": 0.00308166409861325, "03T38@1": 0.0, "04T29@2": 0.0, "05T23@2": 0.3029239766081874, "06T38@3": 0.0, "07T29@3": 0.0, "08T22@4": 0.8005952380952378, "09T22@4": 0.7863501483679525, "BUYER": 0.0, "SELLER": 0.0}