{"00T37@0": 0.03584229390681002, "01T17@0": 0.06201550387596898, "02T37@1": 0.1267605633802817, "03T22@1": 0.24324324324324334, "04T17@2": 0.3211009174311927, "05T17@2": 0.2857142857142857, "06T37@3": 0.016447368421052627, "07T22@3": 0.015267175572519071, "BUYER": 0.0, "SELLER": 0.0}