{"time_limit": 10800, "spot_discount": 0.9, "spot_market_global_loss": 0.2, "neg_quota_step": 252, "n_processes": 4, "n_products": 5, "n_steps": 56, "financial_reports_period": 5, "exogenous_horizon": 23, "max_productivity": 1.0, "catalog_prices": [10, 17, 28, 42, 52], "cash_availability": [1.5, 2.5], "expected_productivity": 0.8253968253968254, "expected_mean_profit": 0.09833255277598593, "initial_balance": [14435, 14435, 22903, 22903, 33247, 33247, 28388, 28388, 28388]}