{"00T07@0": 0.06382978723404255, "01T07@0": 0.08888888888888889, "02T33@1": 0.7709923664122137, "03T22@1": 0.7863247863247863, "04T33@2": 0.1454545454545454, "05T33@2": 0.05, "06T07@3": 0.0, "07T22@3": 0.0410958904109589, "BUYER": 0.0, "SELLER": 0.0}