{"00T02@0": 0.01932367149758454, "01T02@0": 0.02588235294117646, "02T12@0": 0.024193548387096774, "03T02@0": 0.0199501246882793, "04T20@0": 0.0, "05T20@1": 0.0, "06T12@1": 0.04189189189189192, "07T29@1": 0.0, "08T29@2": 1.0, "09T20@2": 1.0, "10T12@2": 0.0, "11T29@2": 1.0, "BUYER": 0.0, "SELLER": 0.0}