{"time_limit": 10800, "spot_discount": 0.9, "spot_market_global_loss": 0.2, "neg_quota_step": 588, "n_processes": 3, "n_products": 4, "n_steps": 98, "financial_reports_period": 5, "exogenous_horizon": 32, "max_productivity": 1.0, "catalog_prices": [10, 15, 21, 29], "cash_availability": [1.5, 2.5], "expected_productivity": 1.211734693877551, "expected_mean_profit": 0.07224685285265849, "initial_balance": [20735, 20735, 20735, 20735, 20735, 46653, 46653, 46653, 47245, 47245, 47245, 47245]}