{"00T26@0": 0.07961783439490444, "01T24@0": 0.016597510373443973, "02T22@1": 0.34468085106382984, "03T23@1": 0.9090909090909091, "04T23@2": 0.6346604215456677, "05T35@2": 0.6492890995260664, "BUYER": 0.0, "SELLER": 0.0}