{"00T35@0": 0.3346534653465347, "01T35@0": 0.3474088291746642, "02T22@1": 0.4713541666666666, "03T22@1": 0.4035989717223649, "04T22@2": 0.18849840255591052, "05T22@2": 0.1709677419354839, "06T41@3": 0.24714828897338403, "07T37@3": 0.21875, "08T22@4": 0.030690537084398947, "09T22@4": 0.0052493438320209895, "BUYER": 0.0, "SELLER": 0.0}