{"00T09@0": 0.0, "01T41@0": 0.0, "02T41@1": 0.019230769230769225, "03T09@1": 0.0, "04T41@2": 0.029411764705882353, "05T09@2": 0.0, "BUYER": 0.0, "SELLER": 0.0}