{"00T22@0": 0.12552301255230125, "01T23@0": 0.0, "02T20@1": 0.0, "03T35@1": 0.5811965811965812, "04T37@2": 0.7058823529411765, "05T22@2": 0.8072289156626506, "06T22@3": 0.013114754098360642, "07T22@3": 0.029411764705882353, "BUYER": 0.0, "SELLER": 0.0}