{"00T22@0": 0.2238219895287958, "01T35@0": 0.21470588235294114, "02T37@1": 0.0, "03T35@1": 0.6585365853658537, "04T29@2": 0.0, "05T12@2": 0.005235602094240835, "06T22@3": 0.7093023255813956, "07T23@3": 0.5705196182396605, "BUYER": 0.0, "SELLER": 0.0}