{"00T15@0": 0.11627906976744186, "01T22@0": 0.019999999999999997, "02T35@1": 0.47619047619047616, "03T22@1": 0.0, "04T21@2": 0.0, "05T35@2": 0.0, "06T35@3": 1.0, "07T35@3": 1.0, "BUYER": 0.0, "SELLER": 0.0}