{"00T35@0": 0.03351955307262569, "01T22@0": 0.19953051643192488, "02T00@1": 0.010309278350515462, "03T35@1": 0.5227272727272734, "04T07@2": 0.024999999999999994, "05T35@2": 0.8014184397163123, "BUYER": 0.0, "SELLER": 0.0}