{"00T35@0": 0.4763948497854079, "01T22@0": 0.1328244274809161, "02T41@1": 0.026865671641791045, "03T35@1": 0.7081850533807833, "04T26@2": 0.0, "05T35@2": 0.7525473071324603, "BUYER": 0.0, "SELLER": 0.0}