{"00T20@0": 0.0, "01T23@0": 0.0, "02T35@1": 1.0, "03T23@1": 1.0, "04T35@2": 1.0, "05T22@2": 0.0, "06T35@3": 0.5401459854014599, "07T23@3": 0.4739884393063587, "08T24@4": 0.935672514619883, "09T35@4": 0.656884875846501, "BUYER": 0.0, "SELLER": 0.0}