{"00T20@0": 0.0, "01T35@0": 0.2361111111111111, "02T20@1": 0.0, "03T22@1": 0.0, "04T37@2": 0.316326530612245, "05T20@2": 0.0, "06T37@3": 0.282608695652174, "07T37@3": 0.42446043165467623, "BUYER": 0.0, "SELLER": 0.0}