{"00T18@0": 0.0, "01T22@0": 0.23678646934460884, "02T22@1": 0.5576923076923074, "03T35@1": 0.7533632286995515, "04T26@2": 0.00735294117647058, "05T35@2": 0.6109375, "BUYER": 0.0, "SELLER": 0.0}