{"00T09@0": 0.0, "01T22@0": 0.3120879120879121, "02T35@1": 0.4921465968586389, "03T35@1": 0.483695652173913, "04T10@2": 0.5899999999999994, "05T35@2": 0.9069767441860465, "06T22@3": 0.0, "07T22@3": 0.0, "BUYER": 0.0, "SELLER": 0.0}