{"00T10@0": 0.24358974358974358, "01T34@0": 0.06289308176100626, "02T22@1": 0.4633027522935778, "03T22@1": 0.3673469387755102, "04T35@2": 0.7871900826446284, "05T23@2": 0.7595959595959598, "BUYER": 0.0, "SELLER": 0.0}