{"time_limit": 10800, "spot_discount": 0.9, "spot_market_global_loss": 0.2, "neg_quota_step": 472, "n_processes": 4, "n_products": 5, "n_steps": 118, "financial_reports_period": 5, "exogenous_horizon": 26, "max_productivity": 1.0, "catalog_prices": [10, 18, 23, 27, 33], "cash_availability": [1.5, 2.5], "expected_productivity": 0.9661016949152542, "expected_mean_profit": 0.05287996127783156, "initial_balance": [41551, 41551, 56648, 56648, 66620, 66620, 83101, 83101]}