{"00T23@0": 0.0034722222222222186, "01T23@0": 0.010452961672473865, "02T19@1": 0.0, "03T06@1": 0.0, "04T23@2": 0.9880952380952381, "05T22@2": 0.9659090909090909, "06T23@3": 0.6038135593220342, "07T35@3": 0.640845070422536, "BUYER": 0.0, "SELLER": 0.0}