{"00T40@0": 0.28411633109619727, "01T23@0": 0.0, "02T23@1": 0.0, "03T35@1": 0.0, "04T24@2": 1.0, "05T35@2": 1.0, "06T22@3": 0.017094017094017085, "07T22@3": 0.018348623853210996, "BUYER": 0.0, "SELLER": 0.0}