{"00T26@0": 0.00869565217391304, "01T22@0": 0.24901185770750972, "02T35@1": 0.5273972602739726, "03T23@1": 0.5912408759124089, "04T06@2": 0.0, "05T22@2": 0.0, "BUYER": 0.0, "SELLER": 0.0}