{"00T24@0": 0.0, "01T35@0": 0.15750915750915745, "02T06@1": 0.0, "03T24@1": 0.0, "04T24@2": 0.0, "05T35@2": 0.5051546391752574, "06T06@3": 0.0, "07T35@3": 0.9473684210526315, "08T06@4": 0.45505617977528084, "09T22@4": 0.043668122270742356, "BUYER": 0.0, "SELLER": 0.0}