{"00T35@0": 0.09926470588235292, "01T22@0": 0.050000000000000065, "02T13@1": 0.0, "03T35@1": 0.7176470588235293, "04T06@2": 0.0, "05T35@2": 0.7538940809968849, "BUYER": 0.0, "SELLER": 0.0}