{"00T41@0": 0.11247803163444645, "01T22@0": 0.1365935919055649, "02T35@1": 0.4217687074829933, "03T35@1": 0.4551724137931035, "04T26@2": 0.43062200956937813, "05T35@2": 0.9259259259259259, "06T22@3": 0.0, "07T22@3": 0.0, "BUYER": 0.0, "SELLER": 0.0}