{"00T34@0": 0.04059539918809205, "01T35@0": 0.10874439461883417, "02T35@1": 0.8265895953757219, "03T35@1": 0.8441176470588235, "04T03@2": 0.0, "05T35@2": 0.7564870259481036, "BUYER": 0.0, "SELLER": 0.0}