{"time_limit": 10800, "spot_discount": 0.9, "spot_market_global_loss": 0.2, "neg_quota_step": 376, "n_processes": 4, "n_products": 5, "n_steps": 94, "financial_reports_period": 5, "exogenous_horizon": 27, "max_productivity": 1.0, "catalog_prices": [10, 21, 29, 37, 46], "cash_availability": [1.5, 2.5], "expected_productivity": 0.9574468085106383, "expected_mean_profit": 0.08973532610885067, "initial_balance": [31577, 31577, 42892, 42892, 55435, 55435, 68680, 68680]}