{"00T20@0": 0.09685230024213072, "01T35@0": 0.10617283950617279, "02T35@1": 0.7170731707317076, "03T35@1": 0.8797814207650272, "04T06@2": 0.0, "05T35@2": 0.6296928327645053, "BUYER": 0.0, "SELLER": 0.0}