{"00T18@0": 0.0, "01T22@0": 0.1639072847682119, "02T22@1": 0.1757575757575757, "03T35@1": 0.7039106145251394, "04T29@2": 1.0, "05T35@2": 0.7304747320061252, "BUYER": 0.0, "SELLER": 0.0}