{"00T35@0": 0.23098591549295783, "01T22@0": 0.20708446866485017, "02T40@1": 0.19444444444444445, "03T22@1": 0.12941176470588242, "04T22@2": 0.018518518518518514, "05T22@2": 0.029126213592232983, "06T29@3": 0.0, "07T23@3": 0.808, "08T35@4": 0.8630136986301369, "09T35@4": 0.8780487804878047, "BUYER": 0.0, "SELLER": 0.0}