{"00T06@0": 0.0, "01T16@0": 0.0, "02T16@1": 0.0, "03T22@1": 0.5714285714285714, "04T06@2": 0.0, "05T06@2": 0.0, "06T16@3": 1.0, "07T22@3": 0.38613861386138615, "BUYER": 0.0, "SELLER": 0.0}