{"00T38@0": 0.012129380053908356, "01T06@0": 0.0, "02T38@1": 0.04697986577181206, "03T06@1": 0.0, "04T38@2": 0.0, "05T06@2": 1.0, "BUYER": 0.0, "SELLER": 0.0}