{"00T24@0": 0.017123287671232883, "01T26@0": 0.07710280373831765, "02T24@1": 0.9714285714285714, "03T22@1": 0.19939577039274925, "04T22@2": 0.4767726161369193, "05T23@2": 0.46258503401360546, "06T26@3": 0.2349624060150376, "07T24@3": 0.1875, "08T26@4": 0.0817610062893082, "09T23@4": 0.665938864628821, "BUYER": 0.0, "SELLER": 0.0}