{"time_limit": 10800, "spot_discount": 0.9, "spot_market_global_loss": 0.2, "neg_quota_step": 440, "n_processes": 5, "n_products": 6, "n_steps": 88, "financial_reports_period": 5, "exogenous_horizon": 35, "max_productivity": 1.0, "catalog_prices": [10, 16, 27, 41, 61, 78], "cash_availability": [1.5, 2.5], "expected_productivity": 0.9431818181818182, "expected_mean_profit": 0.09339219913590957, "initial_balance": [26618, 26618, 42779, 42779, 62649, 62649, 94304, 94304, 122919, 122919]}