{"00T23@0": 0.24022346368715078, "01T35@0": 0.13806706114398432, "02T37@1": 0.014563106796116498, "03T35@1": 0.5789473684210527, "04T29@2": 0.0, "05T23@2": 0.8011049723756906, "06T35@3": 0.8626262626262625, "07T23@3": 0.8609406952965234, "BUYER": 0.0, "SELLER": 0.0}