{"00T22@0": 0.24749999999999983, "01T23@0": 0.25072046109510093, "02T23@1": 0.23255813953488372, "03T22@1": 0.0, "04T20@2": 0.0, "05T23@2": 0.7948717948717948, "06T36@3": 0.4260355029585799, "07T35@3": 0.8397435897435901, "BUYER": 0.0, "SELLER": 0.0}