{"00T40@0": 0.0393939393939394, "01T22@0": 0.0, "02T40@1": 0.07142857142857142, "03T22@1": 0.1397058823529412, "04T40@2": 0.08823529411764706, "05T22@2": 0.01522842639593908, "06T34@3": 0.5588235294117647, "07T34@3": 0.5428571428571428, "08T34@4": 1.0, "09T35@4": 0.6415094339622645, "BUYER": 0.0, "SELLER": 0.0}