{"00T35@0": 0.31426448736998486, "01T35@0": 0.29774872912127803, "02T35@1": 0.0, "03T22@1": 0.2334273624823695, "04T35@2": 0.33251231527093594, "05T35@2": 0.311111111111111, "06T09@3": 0.0, "07T08@3": 0.0, "BUYER": 0.0, "SELLER": 0.0}