{"00T36@0": 0.2992957746478874, "01T41@0": 0.3436293436293436, "02T36@1": 0.4292929292929292, "03T41@1": 0.42924528301886794, "04T41@2": 0.3208955223880596, "05T36@2": 0.02100840336134454, "BUYER": 0.0, "SELLER": 0.0}