{"00T40@0": 0.25868725868725867, "01T40@0": 0.265625, "02T35@1": 0.5829145728643216, "03T35@1": 0.6071428571428575, "04T40@2": 0.0, "05T34@2": 0.0, "06T34@3": 0.9770114942528736, "07T34@3": 0.9662921348314607, "BUYER": 0.0, "SELLER": 0.0}