{"00T37@0": 0.015503875968992257, "01T12@0": 0.0, "02T22@1": 0.12903225806451613, "03T23@1": 0.696969696969697, "04T37@2": 0.00819672131147541, "05T12@2": 0.050314465408805006, "06T37@3": 0.49236641221374056, "07T12@3": 0.017964071856287425, "BUYER": 0.0, "SELLER": 0.0}