{"00T20@0": 0.0, "01T29@0": 0.0, "02T22@1": 0.954954954954955, "03T22@1": 0.9782608695652174, "04T35@2": 0.8414096916299557, "05T22@2": 0.4010152284263959, "06T23@3": 0.5012224938875305, "07T35@3": 0.49627791563275436, "BUYER": 0.0, "SELLER": 0.0}