{"00T35@0": 0.013793103448275846, "01T23@0": 0.014184397163120553, "02T35@1": 0.9545454545454546, "03T35@1": 0.9540229885057471, "04T40@2": 0.0, "05T23@2": 0.7829457364341085, "06T20@3": 1.0, "07T23@3": 0.6076233183856504, "BUYER": 0.0, "SELLER": 0.0}