{"00T24@0": 0.0, "01T24@0": 0.0, "02T40@1": 1.0, "03T40@1": 1.0, "04T40@2": 0.8864628820960698, "05T24@2": 0.9723502304147466, "BUYER": 0.0, "SELLER": 0.0}