{"00T23@0": 0.2586206896551726, "01T35@0": 0.1747572815533981, "02T24@1": 1.0, "03T22@1": 0.05714285714285714, "04T20@2": 0.6266666666666667, "05T23@2": 0.7150259067357513, "06T22@3": 0.23193916349809895, "07T22@3": 0.12745098039215685, "08T35@4": 0.6988188976377953, "09T23@4": 0.6411657559198545, "BUYER": 0.0, "SELLER": 0.0}