{"00T20@0": 0.0, "01T23@0": 0.4470377019748653, "02T12@1": 0.02409638554216869, "03T35@1": 1.0, "04T23@2": 0.1103448275862069, "05T23@2": 0.10144927536231885, "06T02@3": 0.6778846153846156, "07T29@3": 1.0, "BUYER": 0.0, "SELLER": 0.0}