{"00T15@0": 0.13746630727762818, "01T36@0": 0.22823529411764715, "02T15@1": 0.2920000000000001, "03T15@1": 0.32857142857142857, "04T36@2": 0.012953367875647664, "05T36@2": 0.007957559681697606, "BUYER": 0.0, "SELLER": 0.0}