{"00T37@0": 0.0, "01T23@0": 0.27727856225930714, "02T20@1": 0.0, "03T12@1": 0.0, "04T29@2": 1.0, "05T22@2": 0.8559556786703599, "BUYER": 0.0, "SELLER": 0.0}