{"00T29@0": 0.0, "01T35@0": 0.40193370165745834, "02T38@1": 0.031088082901554414, "03T22@1": 0.7447368421052635, "04T35@2": 0.6406926406926411, "05T35@2": 0.6611694152923543, "BUYER": 0.0, "SELLER": 0.0}