{"00T06@0": 0.058823529411764705, "01T18@0": 0.0, "02T18@1": 1.0, "03T18@1": 0.8636363636363638, "04T06@2": 0.0, "05T35@2": 0.5927835051546391, "06T06@3": 0.0, "07T35@3": 0.8057921635434411, "BUYER": 0.0, "SELLER": 0.0}