{"00T29@0": 0.0, "01T02@0": 0.02521008403361344, "02T02@1": 0.0, "03T12@1": 0.0, "04T29@2": 0.0, "05T02@2": 0.9444444444444444, "06T29@2": 0.0, "07T12@3": 0.13333333333333333, "08T12@3": 0.08333333333333333, "BUYER": 0.0, "SELLER": 0.0}