{"time_limit": 10800, "spot_discount": 0.9, "spot_market_global_loss": 0.2, "neg_quota_step": 432, "n_processes": 4, "n_products": 5, "n_steps": 96, "financial_reports_period": 5, "exogenous_horizon": 37, "max_productivity": 1.0, "catalog_prices": [10, 20, 33, 45, 56], "cash_availability": [1.5, 2.5], "expected_productivity": 0.8518518518518519, "expected_mean_profit": 0.06734409312547449, "initial_balance": [37786, 37786, 62013, 62013, 55273, 55273, 55273, 111690, 111690]}