{"00T15@0": 0.0625, "01T22@0": 0.1282051282051282, "02T35@1": 0.5, "03T22@1": 0.5882352941176471, "04T24@2": 0.0, "05T35@2": 0.0, "06T35@3": 1.0, "07T35@3": 1.0, "BUYER": 0.0, "SELLER": 0.0}