{"00T22@0": 0.2183708838821489, "01T35@0": 0.803713527851459, "02T41@1": 0.0, "03T22@1": 0.18079096045197748, "04T24@2": 0.9881889763779528, "05T22@2": 0.01052631578947368, "BUYER": 0.0, "SELLER": 0.0}