{"00T22@0": 0.0, "01T22@0": 0.0, "02T20@1": 0.0, "03T22@1": 0.1899441340782122, "04T37@2": 0.17391304347826086, "05T35@2": 0.8777777777777777, "06T23@3": 0.5147058823529413, "07T22@3": 0.0, "BUYER": 0.0, "SELLER": 0.0}