{"00T35@0": 0.6801801801801806, "01T35@0": 0.6821192052980133, "02T22@1": 0.0029940119760479, "03T22@1": 0.0030581039755351643, "04T36@2": 0.27181208053691264, "05T22@2": 0.3333333333333333, "06T37@3": 0.06647398843930637, "07T35@3": 0.6288416075650122, "BUYER": 0.0, "SELLER": 0.0}