{"time_limit": 10800, "spot_discount": 0.9, "spot_market_global_loss": 0.2, "neg_quota_step": 373, "n_processes": 4, "n_products": 5, "n_steps": 83, "financial_reports_period": 5, "exogenous_horizon": 37, "max_productivity": 1.0, "catalog_prices": [10, 15, 24, 36, 43], "cash_availability": [1.5, 2.5], "expected_productivity": 0.8460508701472557, "expected_mean_profit": 0.06161793870034662, "initial_balance": [16055, 16055, 19579, 19579, 19579, 44417, 44417, 53113, 53113]}