{"00T15@0": 0.1498708010335918, "01T22@0": 0.13978494623655913, "02T37@1": 0.10191082802547784, "03T22@1": 0.16666666666666657, "04T37@2": 0.1538461538461538, "05T22@2": 0.2235294117647059, "06T37@3": 0.18439716312056736, "07T15@3": 0.37777777777777777, "08T15@4": 0.0059171597633136015, "09T35@4": 0.7077747989276135, "BUYER": 0.0, "SELLER": 0.0}