{"00T29@0": 0.0, "01T29@0": 0.0, "02T35@1": 1.0, "03T22@1": 1.0, "04T40@2": 0.18644067796610184, "05T22@2": 0.1478696741854636, "06T40@3": 0.0, "07T22@3": 0.023529411764705882, "08T40@4": 0.008196721311475405, "09T29@4": 1.0, "BUYER": 0.0, "SELLER": 0.0}