{"00T40@0": 0.22507122507122504, "01T40@0": 0.24594594594594618, "02T26@1": 0.2625698324022346, "03T26@1": 0.25257731958762886, "04T26@2": 0.0, "05T40@2": 0.0, "BUYER": 0.0, "SELLER": 0.0}