{"00T08@0": 0.037581699346405234, "01T22@0": 0.055718475073313754, "02T22@1": 0.36324786324786335, "03T35@1": 0.7044334975369458, "04T06@2": 0.0, "05T35@2": 0.6834355828220865, "BUYER": 0.0, "SELLER": 0.0}