{"00T15@0": 0.1920529801324504, "01T23@0": 0.529292929292929, "02T22@1": 0.12444444444444441, "03T22@1": 0.15486725663716813, "04T26@2": 0.2390243902439025, "05T35@2": 0.8235294117647058, "06T35@3": 0.7151162790697676, "07T22@3": 0.3560606060606061, "08T35@4": 0.7319148936170212, "09T35@4": 0.7607843137254904, "BUYER": 0.0, "SELLER": 0.0}