{"00T22@0": 0.08626198083067094, "01T35@0": 0.7535545023696683, "02T36@1": 0.3141592920353982, "03T34@1": 0.5759162303664924, "04T35@2": 0.5986696230598667, "05T35@2": 0.6378132118451025, "BUYER": 0.0, "SELLER": 0.0}