{"00T35@0": 0.5526315789473679, "01T22@0": 0.19780219780219788, "02T33@1": 0.3090128755364807, "03T35@1": 0.7205882352941182, "04T41@2": 0.0035971223021582697, "05T35@2": 0.5491606714628301, "BUYER": 0.0, "SELLER": 0.0}