{"00T40@0": 0.0, "01T40@0": 0.0, "02T37@1": 0.8888888888888888, "03T40@1": 1.0, "04T35@2": 0.8301886792452831, "05T22@2": 0.8461538461538458, "06T37@3": 0.05653710247349826, "07T37@3": 0.033003300330033, "BUYER": 0.0, "SELLER": 0.0}