{"time_limit": 10800, "spot_discount": 0.9, "spot_market_global_loss": 0.2, "neg_quota_step": 304, "n_processes": 4, "n_products": 5, "n_steps": 76, "financial_reports_period": 5, "exogenous_horizon": 28, "max_productivity": 1.0, "catalog_prices": [10, 16, 27, 34, 42], "cash_availability": [1.5, 2.5], "expected_productivity": 0.9473684210526315, "expected_mean_profit": 0.10606871205601172, "initial_balance": [16767, 16767, 30115, 30115, 36757, 36757, 45334, 45334]}