{"00T22@0": 0.16494845360824736, "01T22@0": 0.17605633802816906, "02T35@1": 0.4465648854961831, "03T35@1": 0.4223107569721117, "04T33@2": 0.2488986784140969, "05T29@2": 0.0, "06T22@3": 0.16637781629116125, "07T35@3": 0.8245614035087719, "BUYER": 0.0, "SELLER": 0.0}