{"00T06@0": 0.0, "01T06@0": 0.0, "02T41@1": 0.7708333333333334, "03T22@1": 0.5535714285714287, "04T06@2": 0.0, "05T41@2": 0.1560283687943263, "06T41@3": 0.0641025641025641, "07T22@3": 0.06250000000000003, "BUYER": 0.0, "SELLER": 0.0}