{"00T36@0": 0.08681672025723479, "01T35@0": 0.13559322033898302, "02T24@1": 1.0, "03T36@1": 0.3512396694214875, "04T36@2": 0.1612903225806452, "05T35@2": 0.11392405063291139, "06T24@3": 0.2857142857142857, "07T35@3": 0.67, "08T24@4": 1.0, "09T22@4": 0.0, "BUYER": 0.0, "SELLER": 0.0}