{"00T35@0": 0.0, "01T35@0": 0.0, "02T20@1": 0.0, "03T35@1": 0.0, "04T23@2": 1.0, "05T23@2": 1.0, "06T29@3": 0.0, "07T22@3": 0.12944162436548223, "08T35@4": 0.7700258397932818, "09T23@4": 0.697560975609756, "BUYER": 0.0, "SELLER": 0.0}