{"00T41@0": 0.3000000000000002, "01T29@0": 0.0, "02T22@1": 0.12376237623762375, "03T23@1": 0.6564102564102564, "04T40@2": 0.8225806451612904, "05T22@2": 0.026515151515151523, "06T12@3": 0.0, "07T23@3": 0.8268551236749117, "BUYER": 0.0, "SELLER": 0.0}