{"00T16@0": 0.0, "01T22@0": 0.10743801652892562, "02T34@1": 0.46153846153846156, "03T22@1": 0.17073170731707318, "04T16@2": 0.0, "05T22@2": 0.0070921985815602835, "06T34@3": 0.528169014084507, "07T16@3": 0.0, "08T34@4": 1.0, "09T35@4": 0.7142857142857144, "BUYER": 0.0, "SELLER": 0.0}