{"00T37@0": 0.05413533834586466, "01T35@0": 0.6599999999999996, "02T35@1": 0.7655367231638419, "03T35@1": 0.7670157068062824, "04T38@2": 0.048964218455743884, "05T35@2": 0.6963657678780771, "BUYER": 0.0, "SELLER": 0.0}