{"00T35@0": 0.31410756040530025, "01T35@0": 0.45615384615384597, "02T35@1": 0.9559471365638766, "03T22@1": 0.17917675544794198, "04T35@2": 0.6343283582089554, "05T35@2": 0.6482617586912065, "06T34@3": 0.45607235142118885, "07T38@3": 0.0, "BUYER": 0.0, "SELLER": 0.0}