{"00T24@0": 0.0, "01T07@0": 0.041095890410958895, "02T07@1": 0.045454545454545456, "03T22@1": 0.7230769230769231, "04T24@2": 0.0, "05T24@2": 0.0, "06T07@3": 0.0, "07T22@3": 1.0, "BUYER": 0.0, "SELLER": 0.0}