{"00T23@0": 0.23828647925033467, "01T22@0": 0.057513914656771775, "02T29@1": 0.0, "03T22@1": 0.06744868035190613, "04T20@2": 0.0, "05T22@2": 0.496932515337424, "06T35@3": 0.8237822349570201, "07T22@3": 0.027397260273972573, "BUYER": 0.0, "SELLER": 0.0}