{"00T04@0": 0.08407871198568873, "01T35@0": 0.16582914572864327, "02T35@1": 0.6938110749185666, "03T35@1": 0.6996699669967001, "04T00@2": 0.0, "05T35@2": 0.5309050772626932, "BUYER": 0.0, "SELLER": 0.0}