{"00T35@0": 0.3001745200698083, "01T35@0": 0.29103214890016954, "02T35@1": 0.0, "03T22@1": 0.5255813953488376, "04T35@2": 0.5877192982456134, "05T35@2": 0.5986159169550175, "06T40@3": 0.0, "07T26@3": 0.19734345351043645, "BUYER": 0.0, "SELLER": 0.0}