{"00T35@0": 0.0, "01T23@0": 0.0, "02T23@1": 1.0, "03T35@1": 1.0, "04T37@2": 0.007490636704119843, "05T22@2": 0.00546448087431693, "06T36@3": 0.31761006289308197, "07T22@3": 0.3054662379421222, "BUYER": 0.0, "SELLER": 0.0}