{"00T35@0": 0.0, "01T22@0": 0.007500000000000004, "02T19@1": 0.0, "03T23@1": 0.7477477477477478, "04T36@2": 0.3039647577092511, "05T22@2": 0.3333333333333335, "BUYER": 0.0, "SELLER": 0.0}