{"00T22@0": 0.37393162393162405, "01T35@0": 0.3995098039215685, "02T22@1": 0.011764705882352925, "03T35@1": 0.6435185185185192, "04T38@2": 0.059420289855072465, "05T20@2": 0.7453703703703703, "06T35@3": 0.4792079207920792, "07T23@3": 0.4797570850202428, "BUYER": 0.0, "SELLER": 0.0}