{"00T23@0": 0.4093567251461988, "01T22@0": 0.19205298013245037, "02T22@1": 0.25414364640883985, "03T22@1": 0.13714285714285712, "04T22@2": 0.5340314136125655, "05T35@2": 0.25882352941176473, "06T35@3": 0.26373626373626374, "07T35@3": 0.3052631578947369, "08T37@4": 0.06703910614525138, "09T29@4": 1.0, "BUYER": 0.0, "SELLER": 0.0}