{"00T35@0": 0.2111111111111111, "01T23@0": 0.29380053908355797, "02T40@1": 0.0, "03T23@1": 0.9230769230769231, "04T29@2": 1.0, "05T23@2": 0.6791979949874694, "BUYER": 0.0, "SELLER": 0.0}