{"00T14@0": 0.0, "01T14@0": 0.0, "02T26@1": 1.0, "03T22@1": 1.0, "04T14@2": 0.0, "05T26@2": 0.5336787564766834, "06T26@3": 0.022727272727272728, "07T22@3": 0.0, "BUYER": 0.0, "SELLER": 0.0}