{"00T40@0": 0.14705882352941177, "01T40@0": 0.16118421052631568, "02T41@1": 0.7725856697819321, "03T23@1": 0.7901234567901234, "04T41@2": 0.49645390070921985, "05T40@2": 0.4209039548022597, "06T41@3": 0.34449760765550247, "07T22@3": 0.0023474178403755843, "BUYER": 0.0, "SELLER": 0.0}