{"00T29@0": 0.0, "01T35@0": 0.3233830845771141, "02T41@1": 0.6700507614213198, "03T36@1": 0.0025380710659898445, "04T35@2": 0.65979381443299, "05T35@2": 0.6558018252933516, "06T12@3": 0.0, "07T22@3": 0.0, "BUYER": 0.0, "SELLER": 0.0}