{"time_limit": 10800, "spot_discount": 0.9, "spot_market_global_loss": 0.2, "neg_quota_step": 532, "n_processes": 4, "n_products": 5, "n_steps": 133, "financial_reports_period": 5, "exogenous_horizon": 32, "max_productivity": 1.0, "catalog_prices": [10, 13, 22, 23, 31], "cash_availability": [1.5, 2.5], "expected_productivity": 0.9699248120300752, "expected_mean_profit": 0.053658282953852554, "initial_balance": [31655, 31655, 50120, 50120, 61596, 61596, 68190, 68190]}