{"00T41@0": 0.2374429223744292, "01T29@0": 0.0, "02T41@1": 0.4803921568627451, "03T29@1": 0.0, "04T37@2": 0.34645669291338593, "05T29@2": 0.0, "06T37@3": 0.5289256198347105, "07T37@3": 0.4251968503937008, "08T41@3": 0.5693430656934306, "BUYER": 0.0, "SELLER": 0.0}