{"time_limit": 10800, "spot_discount": 0.9, "spot_market_global_loss": 0.2, "neg_quota_step": 252, "n_processes": 4, "n_products": 5, "n_steps": 56, "financial_reports_period": 5, "exogenous_horizon": 16, "max_productivity": 1.0, "catalog_prices": [10, 17, 23, 33, 45], "cash_availability": [1.5, 2.5], "expected_productivity": 0.8253968253968254, "expected_mean_profit": 0.08883621957337855, "initial_balance": [16473, 16473, 22180, 22180, 32004, 32004, 29966, 29966, 29966]}