{"00T20@0": 0.2515337423312882, "01T20@0": 0.25308641975308627, "02T41@1": 0.3420365535248039, "03T41@1": 1.0, "04T41@2": 0.20300751879699253, "05T22@2": 0.24825174825174856, "06T20@3": 0.4986876640419952, "07T35@3": 0.5513784461152876, "BUYER": 0.0, "SELLER": 0.0}