{"00T24@0": 0.0, "01T36@0": 0.3508771929824561, "02T35@1": 0.6829268292682924, "03T35@1": 0.7280334728033475, "04T23@2": 0.7570621468926554, "05T22@2": 0.05985037406483791, "06T23@3": 0.5661971830985911, "07T35@3": 0.586750788643533, "BUYER": 0.0, "SELLER": 0.0}