{"00T23@0": 0.22879177377892032, "01T35@0": 0.15549597855227876, "02T22@1": 0.0049019607843137246, "03T35@1": 1.0, "04T20@2": 0.0, "05T35@2": 0.6911764705882358, "06T40@3": 0.21621621621621614, "07T35@3": 0.782493368700265, "BUYER": 0.0, "SELLER": 0.0}