{"00T35@0": 0.26182965299684585, "01T35@0": 0.27677100494233947, "02T22@1": 0.49095607235142125, "03T22@1": 0.5456989247311828, "04T22@2": 0.0034843205574912857, "05T22@2": 0.0, "06T38@3": 0.0, "07T29@3": 0.0, "08T22@4": 0.7540983606557382, "09T22@4": 0.7972972972972971, "BUYER": 0.0, "SELLER": 0.0}