{"00T41@0": 0.1771844660194174, "01T37@0": 0.026699029126213605, "02T37@1": 0.20512820512820526, "03T23@1": 0.6779661016949149, "04T37@2": 0.012195121951219513, "05T41@2": 0.3438914027149321, "06T41@3": 0.5384615384615382, "07T22@3": 0.027190332326283987, "BUYER": 0.0, "SELLER": 0.0}