{"time_limit": 10800, "spot_discount": 0.9, "spot_market_global_loss": 0.2, "neg_quota_step": 268, "n_processes": 4, "n_products": 5, "n_steps": 67, "financial_reports_period": 5, "exogenous_horizon": 30, "max_productivity": 1.0, "catalog_prices": [10, 20, 28, 37, 49], "cash_availability": [1.5, 2.5], "expected_productivity": 0.9402985074626866, "expected_mean_profit": 0.1106201432271827, "initial_balance": [21339, 21339, 29812, 29812, 37907, 37907, 48765, 48765]}