{"00T00@0": 0.0, "01T17@0": 0.09767441860465109, "02T00@1": 0.0, "03T22@1": 0.323076923076923, "04T17@2": 0.30588235294117655, "05T17@2": 0.21917808219178078, "06T00@3": 0.0, "07T22@3": 0.013333333333333327, "BUYER": 0.0, "SELLER": 0.0}