{"00T12@0": 0.03797468354430382, "01T20@0": 0.0, "02T12@1": 0.01255230125523012, "03T20@1": 0.0, "04T12@1": 0.024193548387096774, "05T02@1": 0.0, "06T05@2": 0.0, "07T02@2": 0.0, "08T05@3": 0.0, "09T05@3": 0.0, "10T02@4": 1.0, "11T20@4": 1.0, "BUYER": 0.0, "SELLER": 0.0}