{"time_limit": 10800, "spot_discount": 0.9, "spot_market_global_loss": 0.2, "neg_quota_step": 474, "n_processes": 5, "n_products": 6, "n_steps": 79, "financial_reports_period": 5, "exogenous_horizon": 24, "max_productivity": 1.0, "catalog_prices": [10, 20, 23, 33, 48, 58], "cash_availability": [1.5, 2.5], "expected_productivity": 0.7805907172995781, "expected_mean_profit": 0.0712763456273274, "initial_balance": [26943, 26943, 19409, 19409, 19409, 19409, 46982, 46982, 66683, 66683, 84280, 84280]}