{"00T15@0": 0.0, "01T15@0": 0.0, "02T18@1": 0.0, "03T15@1": 0.019417475728155317, "04T18@2": 0.29136690647482016, "05T18@2": 0.21070234113712374, "BUYER": 0.0, "SELLER": 0.0}