{"00T26@0": 0.0, "01T34@0": 0.0, "02T34@1": 0.6716981132075474, "03T34@1": 0.6741573033707868, "04T26@2": 0.021912350597609584, "05T26@2": 0.019999999999999993, "BUYER": 0.0, "SELLER": 0.0}