{"00T36@0": 0.14251781472684077, "01T37@0": 0.03551912568306009, "02T37@1": 0.2692307692307694, "03T37@1": 0.20710059171597633, "04T36@2": 0.024767801857585106, "05T36@2": 0.0398860398860399, "BUYER": 0.0, "SELLER": 0.0}