{"00T34@0": 0.11888111888111891, "01T24@0": 0.0, "02T35@1": 0.9102564102564102, "03T35@1": 0.8951965065502183, "04T22@2": 0.0, "05T23@2": 0.6227709190672163, "BUYER": 0.0, "SELLER": 0.0}