{"00T34@0": 0.0, "01T08@0": 0.0, "02T08@1": 0.8846153846153846, "03T34@1": 0.75, "04T34@2": 1.0, "05T35@2": 0.710900473933649, "06T08@3": 0.19626168224299065, "07T35@3": 0.6272545090180368, "BUYER": 0.0, "SELLER": 0.0}