{"00T08@0": 0.08722358722358722, "01T35@0": 0.12282734646581676, "02T35@1": 0.7102803738317759, "03T35@1": 0.7191977077363901, "04T06@2": 0.0, "05T35@2": 0.6550179211469536, "BUYER": 0.0, "SELLER": 0.0}