{"time_limit": 10800, "spot_discount": 0.9, "spot_market_global_loss": 0.2, "neg_quota_step": 380, "n_processes": 5, "n_products": 6, "n_steps": 76, "financial_reports_period": 5, "exogenous_horizon": 17, "max_productivity": 1.0, "catalog_prices": [10, 16, 26, 43, 54, 69], "cash_availability": [1.5, 2.5], "expected_productivity": 0.9342105263157895, "expected_mean_profit": 0.09662644162572209, "initial_balance": [20859, 20859, 29412, 29412, 47141, 47141, 62715, 62715, 83088, 83088]}