{"00T38@0": 0.0, "01T35@0": 0.3927648578811372, "02T20@1": 0.0, "03T38@1": 0.01818181818181819, "04T38@2": 0.022471910112359546, "05T22@2": 0.8507462686567164, "06T20@3": 0.0, "07T35@3": 0.24605678233438483, "08T20@4": 1.0, "09T23@4": 0.7483870967741933, "BUYER": 0.0, "SELLER": 0.0}