{"00T06@0": 0.1, "01T36@0": 0.055944055944055916, "02T06@1": 0.0, "03T36@1": 0.22222222222222232, "04T06@2": 0.0, "05T36@2": 0.032846715328467155, "BUYER": 0.0, "SELLER": 0.0}