{"00T26@0": 0.06868686868686869, "01T35@0": 0.5670103092783505, "02T37@1": 0.021276595744680847, "03T22@1": 0.2488986784140969, "04T22@2": 0.025510204081632643, "05T22@2": 0.015748031496062978, "BUYER": 0.0, "SELLER": 0.0}