{"00T22@0": 0.11827956989247324, "01T22@0": 0.08808290155440418, "02T37@1": 0.12295081967213131, "03T40@1": 0.09259259259259259, "04T35@2": 0.7453183520599249, "05T22@2": 0.057803468208092484, "BUYER": 0.0, "SELLER": 0.0}