{"00T15@0": 0.11963190184049084, "01T22@0": 0.11764705882352937, "02T15@1": 0.21893491124260359, "03T22@1": 0.25280898876404484, "04T36@2": 0.18592964824120603, "05T22@2": 0.2266009852216748, "06T36@3": 0.15789473684210523, "07T36@3": 0.1708542713567839, "08T15@4": 0.03416149068322984, "09T35@4": 0.7088607594936707, "BUYER": 0.0, "SELLER": 0.0}