{"00T36@0": 0.0695970695970696, "01T34@0": 0.09322033898305085, "02T34@1": 0.9767441860465116, "03T35@1": 0.5478260869565216, "04T36@2": 0.3504273504273506, "05T36@2": 0.3524590163934426, "06T34@3": 0.782608695652174, "07T35@3": 0.6245210727969348, "BUYER": 0.0, "SELLER": 0.0}