{"00T20@0": 0.0, "01T22@0": 0.016393442622950824, "02T29@1": 0.0, "03T23@1": 0.8597560975609756, "04T35@2": 0.8599137931034484, "05T35@2": 0.859956236323851, "BUYER": 0.0, "SELLER": 0.0}