{"00T06@0": 0.034482758620689655, "01T06@0": 0.25, "02T41@1": 0.9444444444444444, "03T22@1": 0.9712230215827338, "04T41@2": 0.052447552447552524, "05T41@2": 0.02352941176470585, "06T06@3": 0.0, "07T23@3": 0.7735294117647066, "BUYER": 0.0, "SELLER": 0.0}