{"00T40@0": 0.1659663865546217, "01T40@0": 0.1355236139630392, "02T35@1": 0.4240000000000001, "03T35@1": 0.42968750000000006, "04T29@2": 0.0, "05T40@2": 0.0, "06T29@3": 1.0, "07T29@3": 1.0, "BUYER": 0.0, "SELLER": 0.0}