{"00T37@0": 0.0, "01T41@0": 0.11764705882352941, "02T41@1": 0.0, "03T20@1": 0.0, "04T20@2": 0.0, "05T24@2": 1.0, "06T24@3": 0.0, "07T41@3": 0.25, "08T37@3": 1.0, "09T24@4": 1.0, "10T20@4": 1.0, "11T37@4": 0.38461538461538464, "BUYER": 0.0, "SELLER": 0.0}