{"00T37@0": 0.0, "01T36@0": 0.09957627118644069, "02T36@1": 0.10559006211180125, "03T37@1": 0.0875912408759124, "04T35@2": 0.7216494845360825, "05T22@2": 0.4315352697095436, "06T37@3": 0.04177545691906006, "07T36@3": 0.0, "BUYER": 0.0, "SELLER": 0.0}