{"time_limit": 10800, "spot_discount": 0.9, "spot_market_global_loss": 0.2, "neg_quota_step": 304, "n_processes": 4, "n_products": 5, "n_steps": 76, "financial_reports_period": 5, "exogenous_horizon": 30, "max_productivity": 1.0, "catalog_prices": [10, 17, 26, 34, 45], "cash_availability": [1.5, 2.5], "expected_productivity": 0.9473684210526315, "expected_mean_profit": 0.07752899729631667, "initial_balance": [24741, 24741, 33730, 33730, 49812, 49812, 62595, 62595]}