{"00T37@0": 0.025000000000000012, "01T40@0": 0.0, "02T22@1": 0.7333333333333335, "03T35@1": 0.9469026548672567, "04T35@2": 0.689008042895442, "05T23@2": 0.617715617715618, "BUYER": 0.0, "SELLER": 0.0}