{"00T23@0": 0.3153638814016171, "01T22@0": 0.18611111111111112, "02T22@1": 0.18181818181818182, "03T22@1": 0.14035087719298245, "04T22@2": 0.3125, "05T35@2": 0.23255813953488372, "06T35@3": 0.4519230769230769, "07T35@3": 0.4851485148514853, "08T24@4": 1.0, "09T37@4": 0.0, "BUYER": 0.0, "SELLER": 0.0}