{"00T40@0": 0.1082191780821916, "01T35@0": 0.06866952789699572, "02T35@1": 0.6666666666666664, "03T35@1": 0.711627906976744, "04T08@2": 0.0, "05T35@2": 0.7695906432748534, "BUYER": 0.0, "SELLER": 0.0}