{"00T22@0": 0.19169960474308298, "01T22@0": 0.19291338582677173, "02T35@1": 0.19047619047619044, "03T23@1": 0.23529411764705882, "04T35@2": 0.9101123595505618, "05T23@2": 0.9158878504672897, "06T36@3": 0.12449799196787148, "07T35@3": 0.8559322033898302, "08T37@4": 0.0, "09T12@4": 0.12698412698412698, "BUYER": 0.0, "SELLER": 0.0}