{"00T22@0": 0.04622871046228709, "01T22@0": 0.06004618937644337, "02T41@1": 0.25409836065573765, "03T29@1": 0.0, "04T22@2": 0.6351351351351349, "05T35@2": 0.8232558139534883, "06T35@3": 0.7, "07T35@3": 0.7030075187969929, "BUYER": 0.0, "SELLER": 0.0}