{"00T35@0": 0.08556149732620323, "01T22@0": 0.09947643979057591, "02T29@1": 0.0, "03T35@1": 0.6204379562043796, "04T20@2": 1.0, "05T23@2": 0.6680327868852459, "BUYER": 0.0, "SELLER": 0.0}