{"00T21@0": 0.0, "01T22@0": 0.15384615384615385, "02T35@1": 0.0, "03T22@1": 0.2857142857142857, "04T29@2": 0.0, "05T35@2": 0.0, "06T35@3": 1.0, "07T35@3": 1.0, "BUYER": 0.0, "SELLER": 0.0}