{"00T35@0": 0.19729425028184885, "01T35@0": 0.19908987485779311, "02T35@1": 0.0, "03T22@1": 0.6666666666666665, "04T35@2": 0.3451492537313433, "05T35@2": 0.3231597845601438, "06T16@3": 1.0, "07T41@3": 0.0, "BUYER": 0.0, "SELLER": 0.0}