{"00T37@0": 0.02773497688751926, "01T35@0": 0.28483920367534465, "02T35@1": 0.8, "03T35@1": 0.8058252427184466, "04T04@2": 0.03333333333333335, "05T35@2": 0.7931034482758623, "BUYER": 0.0, "SELLER": 0.0}