{"00T37@0": 0.0, "01T22@0": 0.0, "02T24@1": 0.16666666666666666, "03T24@1": 0.07692307692307693, "04T24@2": 1.0, "05T35@2": 0.9523809523809523, "06T37@3": 0.06145251396648051, "07T23@3": 0.8308823529411765, "08T37@4": 0.044000000000000046, "09T35@4": 0.5894428152492671, "BUYER": 0.0, "SELLER": 0.0}