{"00T23@0": 0.4776951672862458, "01T22@0": 0.023178807947019875, "02T38@1": 0.0, "03T36@1": 0.4025974025974024, "04T35@2": 0.5862068965517241, "05T35@2": 0.21428571428571427, "06T35@3": 0.7969543147208121, "07T23@3": 0.7551020408163265, "08T22@4": 0.0, "09T35@4": 0.6220657276995305, "BUYER": 0.0, "SELLER": 0.0}