{"time_limit": 10800, "spot_discount": 0.9, "spot_market_global_loss": 0.2, "neg_quota_step": 370, "n_processes": 5, "n_products": 6, "n_steps": 74, "financial_reports_period": 5, "exogenous_horizon": 25, "max_productivity": 1.0, "catalog_prices": [10, 16, 29, 41, 53, 64], "cash_availability": [1.5, 2.5], "expected_productivity": 0.9324324324324325, "expected_mean_profit": 0.0757650554327817, "initial_balance": [16934, 16934, 30359, 30359, 42274, 42274, 55941, 55941, 71241, 71241]}