{"00T38@0": 0.0, "01T35@0": 0.6940170940170941, "02T35@1": 0.597142857142857, "03T35@1": 0.5959885386819486, "04T16@2": 1.0, "05T35@2": 0.5757250268528467, "BUYER": 0.0, "SELLER": 0.0}