{"00T36@0": 0.29768786127167624, "01T35@0": 0.2115384615384615, "02T23@1": 0.49612403100775193, "03T22@1": 0.2364341085271319, "04T35@2": 0.5439560439560439, "05T23@2": 0.6391304347826087, "06T12@3": 0.08905852417302802, "07T23@3": 0.7643312101910829, "08T23@4": 0.5413333333333334, "09T35@4": 0.5925925925925927, "BUYER": 0.0, "SELLER": 0.0}