{"00T29@0": 0.0, "01T29@0": 0.0, "02T37@1": 1.0, "03T12@1": 0.0, "04T29@1": 0.0, "05T12@1": 0.0, "06T37@2": 0.856353591160221, "07T12@2": 0.17391304347826086, "08T37@2": 0.7865168539325846, "BUYER": 0.0, "SELLER": 0.0}