{"00T22@0": 0.0326086956521739, "01T35@0": 0.11340206185567021, "02T20@1": 0.0, "03T35@1": 0.7499999999999999, "04T41@2": 0.6220472440944882, "05T35@2": 0.7130801687763717, "BUYER": 0.0, "SELLER": 0.0}