{"00T37@0": 0.0, "01T23@0": 0.32944606413994154, "02T20@1": 0.0, "03T22@1": 0.3265895953757228, "04T35@2": 0.716666666666667, "05T23@2": 0.7306501547987613, "BUYER": 0.0, "SELLER": 0.0}