{"00T22@0": 0.14018691588785046, "01T23@0": 0.5948275862068968, "02T41@1": 0.3264462809917358, "03T23@1": 0.8230088495575221, "04T37@2": 0.03216374269005851, "05T35@2": 0.7214076246334309, "BUYER": 0.0, "SELLER": 0.0}