{"00T41@0": 0.4346846846846847, "01T23@0": 0.007380073800738001, "02T35@1": 0.4750000000000001, "03T23@1": 0.5423728813559323, "04T35@2": 0.7529411764705882, "05T22@2": 0.07258064516129033, "06T35@3": 0.6719576719576719, "07T23@3": 0.6833333333333329, "08T37@4": 0.2816326530612245, "09T35@4": 0.6465696465696463, "BUYER": 0.0, "SELLER": 0.0}