{"time_limit": 10800, "spot_discount": 0.9, "spot_market_global_loss": 0.2, "neg_quota_step": 428, "n_processes": 4, "n_products": 5, "n_steps": 107, "financial_reports_period": 5, "exogenous_horizon": 49, "max_productivity": 1.0, "catalog_prices": [10, 23, 32, 41, 54], "cash_availability": [1.5, 2.5], "expected_productivity": 0.9626168224299065, "expected_mean_profit": 0.09707758525549057, "initial_balance": [33455, 33455, 47717, 47717, 61540, 61540, 83813, 83813]}