{"00T20@0": 0.0, "01T37@0": 0.002747252747252746, "02T41@1": 0.7046511627906975, "03T12@1": 0.15625, "04T35@2": 0.49583333333333324, "05T22@2": 0.7259414225941427, "06T23@3": 0.6402173913043476, "07T35@3": 0.7030237580993516, "BUYER": 0.0, "SELLER": 0.0}