{"time_limit": 10800, "spot_discount": 0.9, "spot_market_global_loss": 0.2, "neg_quota_step": 472, "n_processes": 4, "n_products": 5, "n_steps": 118, "financial_reports_period": 5, "exogenous_horizon": 29, "max_productivity": 1.0, "catalog_prices": [10, 15, 25, 38, 43], "cash_availability": [1.5, 2.5], "expected_productivity": 0.9661016949152542, "expected_mean_profit": 0.05009512585234447, "initial_balance": [35764, 35764, 58322, 58322, 90509, 90509, 112380, 112380]}