{"00T20@0": 0.045454545454545456, "01T20@0": 0.04, "02T21@1": 0.0, "03T21@1": 0.0, "04T21@2": 0.0, "05T20@2": 0.8928571428571429, "BUYER": 0.0, "SELLER": 0.0}