{"00T41@0": 0.3325842696629214, "01T41@0": 0.30930232558139537, "02T26@1": 0.17647058823529407, "03T26@1": 0.16804407713498634, "04T41@2": 0.0, "05T26@2": 0.0108695652173913, "BUYER": 0.0, "SELLER": 0.0}