{"00T24@0": 0.0, "01T37@0": 0.0, "02T24@1": 0.11764705882352941, "03T37@1": 0.26436781609195403, "04T37@2": 0.11267605633802814, "05T23@2": 0.09756097560975614, "06T24@3": 0.0, "07T23@3": 0.8315789473684211, "08T35@4": 0.8318181818181818, "09T35@4": 0.8405172413793104, "BUYER": 0.0, "SELLER": 0.0}