{"00T35@0": 0.4009779951100243, "01T35@0": 0.39429928741092635, "02T22@1": 0.39335180055401636, "03T22@1": 0.40307692307692317, "04T22@2": 0.10676156583629894, "05T22@2": 0.0671641791044776, "06T15@3": 0.5102040816326531, "07T06@3": 0.0, "08T22@4": 0.031372549019607815, "09T22@4": 0.02074688796680498, "BUYER": 0.0, "SELLER": 0.0}