{"00T41@0": 0.2809667673716013, "01T37@0": 0.10571428571428568, "02T41@1": 0.7005494505494498, "03T37@1": 0.20765027322404375, "04T41@2": 0.36132315521628483, "05T37@2": 0.02368421052631579, "BUYER": 0.0, "SELLER": 0.0}