{"00T06@0": 0.0, "01T22@0": 0.1126984126984127, "02T22@1": 0.20772946859903396, "03T35@1": 0.8103448275862069, "04T40@2": 0.0825, "05T35@2": 0.7321428571428579, "BUYER": 0.0, "SELLER": 0.0}