{"time_limit": 10800, "spot_discount": 0.9, "spot_market_global_loss": 0.2, "neg_quota_step": 405, "n_processes": 5, "n_products": 6, "n_steps": 81, "financial_reports_period": 5, "exogenous_horizon": 26, "max_productivity": 1.0, "catalog_prices": [10, 15, 25, 32, 48, 56], "cash_availability": [1.5, 2.5], "expected_productivity": 0.9382716049382716, "expected_mean_profit": 0.06546176530701626, "initial_balance": [23372, 23372, 36856, 36856, 48632, 48632, 73082, 73082, 92050, 92050]}