{"00T37@0": 0.06886227544910181, "01T22@0": 0.2182741116751268, "02T23@1": 0.2066115702479339, "03T22@1": 0.10869565217391304, "04T29@2": 0.0, "05T35@2": 0.7142857142857143, "06T22@3": 0.3898916967509024, "07T22@3": 0.44274809160305345, "08T23@4": 0.5217391304347835, "09T22@4": 0.026785714285714284, "BUYER": 0.0, "SELLER": 0.0}