{"00T00@0": 0.0, "01T35@0": 0.230357142857143, "02T35@1": 0.7303664921465969, "03T35@1": 0.7793103448275859, "04T20@2": 0.6146616541353384, "05T35@2": 0.5012406947890816, "BUYER": 0.0, "SELLER": 0.0}