{"00T35@0": 0.038961038961038946, "01T22@0": 0.09677419354838714, "02T19@1": 0.0, "03T35@1": 0.6287425149700601, "04T24@2": 1.0, "05T35@2": 0.7559055118110233, "BUYER": 0.0, "SELLER": 0.0}