{"00T23@0": 0.48295454545454547, "01T35@0": 0.3714285714285716, "02T19@1": 0.0, "03T40@1": 0.0, "04T22@2": 0.4457142857142859, "05T35@2": 0.7054263565891474, "BUYER": 0.0, "SELLER": 0.0}