{"00T29@0": 0.0, "01T40@0": 0.24770642201834883, "02T22@1": 0.2795698924731181, "03T23@1": 0.49122807017543857, "04T23@2": 0.6517412935323389, "05T35@2": 0.6683673469387752, "06T35@3": 0.6163934426229511, "07T35@3": 0.6923076923076925, "08T35@4": 0.6682170542635656, "09T22@4": 0.0, "BUYER": 0.0, "SELLER": 0.0}