{"00T24@0": 0.0, "01T35@0": 0.7318840579710146, "02T35@1": 0.7159090909090906, "03T35@1": 0.7120622568093387, "04T16@2": 1.0, "05T35@2": 0.6046758767268858, "BUYER": 0.0, "SELLER": 0.0}