{"00T36@0": 0.2691218130311616, "01T36@0": 0.22960725075528693, "02T41@1": 0.30599369085173495, "03T41@1": 0.31168831168831174, "04T36@2": 0.016260162601626008, "05T41@2": 0.12538226299694188, "BUYER": 0.0, "SELLER": 0.0}