{"00T22@0": 0.009090909090909084, "01T35@0": 0.4905660377358492, "02T34@1": 0.0, "03T37@1": 0.0053475935828877, "04T34@2": 0.5321100917431195, "05T34@2": 0.48113207547169806, "06T23@3": 0.7529411764705882, "07T22@3": 0.29629629629629645, "08T37@4": 0.0, "09T37@4": 0.0, "BUYER": 0.0, "SELLER": 0.0}