{"00T23@0": 0.6216768916155424, "01T23@0": 0.621301775147929, "02T36@1": 0.28758169934640515, "03T38@1": 0.05739130434782608, "04T35@2": 0.5831842576028624, "05T35@2": 0.5927209705372622, "BUYER": 0.0, "SELLER": 0.0}