{"time_limit": 10800, "spot_discount": 0.9, "spot_market_global_loss": 0.2, "neg_quota_step": 490, "n_processes": 5, "n_products": 6, "n_steps": 98, "financial_reports_period": 5, "exogenous_horizon": 23, "max_productivity": 1.0, "catalog_prices": [10, 19, 24, 35, 47, 67], "cash_availability": [1.5, 2.5], "expected_productivity": 0.9489795918367347, "expected_mean_profit": 0.11261316988134736, "initial_balance": [26725, 26725, 34492, 34492, 52030, 52030, 66477, 66477, 87021, 87021]}