{"00T35@0": 0.0, "01T35@0": 0.0, "02T23@1": 0.0, "03T35@1": 0.0, "04T35@2": 1.0, "05T35@2": 1.0, "06T29@3": 0.0, "07T36@3": 0.8340425531914893, "08T22@4": 0.1516129032258065, "09T23@4": 0.7295597484276729, "BUYER": 0.0, "SELLER": 0.0}