{"00T35@0": 0.3245614035087718, "01T35@0": 0.31123919308357356, "02T22@1": 0.0423728813559322, "03T35@1": 0.734375, "04T37@2": 0.0415335463258786, "05T29@2": 1.0, "BUYER": 0.0, "SELLER": 0.0}