{"time_limit": 10800, "spot_discount": 0.9, "spot_market_global_loss": 0.2, "neg_quota_step": 375, "n_processes": 5, "n_products": 6, "n_steps": 75, "financial_reports_period": 5, "exogenous_horizon": 36, "max_productivity": 1.0, "catalog_prices": [10, 18, 27, 31, 41, 49], "cash_availability": [1.5, 2.5], "expected_productivity": 0.9333333333333333, "expected_mean_profit": 0.09564187891974914, "initial_balance": [16204, 16204, 25170, 25170, 30085, 30085, 36783, 36783, 48018, 48018]}