{"time_limit": 10800, "spot_discount": 0.9, "spot_market_global_loss": 0.2, "neg_quota_step": 355, "n_processes": 5, "n_products": 6, "n_steps": 71, "financial_reports_period": 5, "exogenous_horizon": 23, "max_productivity": 1.0, "catalog_prices": [10, 19, 31, 44, 56, 79], "cash_availability": [1.5, 2.5], "expected_productivity": 0.9295774647887324, "expected_mean_profit": 0.08316068616889036, "initial_balance": [21722, 21722, 34754, 34754, 50502, 50502, 69304, 69304, 89192, 89192]}