{"00T19@0": 0.0, "01T35@0": 0.1690140845070423, "02T41@1": 0.04371584699453552, "03T19@1": 0.0, "04T41@2": 0.5564102564102557, "05T19@2": 0.0, "06T41@3": 0.03631961259079907, "07T22@3": 0.029850746268656712, "BUYER": 0.0, "SELLER": 0.0}