{"00T38@0": 0.0, "01T38@0": 0.0, "02T38@1": 0.0, "03T37@1": 0.3979591836734694, "04T37@2": 0.49429657794676785, "05T37@2": 0.5513307984790868, "BUYER": 0.0, "SELLER": 0.0}