{"00T35@0": 0.15336879432624095, "01T35@0": 0.14586846543001705, "02T35@1": 0.9759615384615384, "03T22@1": 0.5630341880341884, "04T35@2": 0.42129629629629606, "05T35@2": 0.40909090909090884, "06T26@3": 0.136657433056325, "07T34@3": 0.5059288537549408, "BUYER": 0.0, "SELLER": 0.0}