{"00T22@0": 0.07490636704119853, "01T35@0": 0.7841945288753792, "02T10@1": 0.3333333333333333, "03T34@1": 0.641711229946524, "04T35@2": 0.5666666666666664, "05T35@2": 0.555, "BUYER": 0.0, "SELLER": 0.0}