{"00T23@0": 0.5838926174496638, "01T22@0": 0.14659685863874364, "02T40@1": 0.008, "03T22@1": 0.018404907975460124, "04T19@2": 1.0, "05T22@2": 0.06217616580310878, "BUYER": 0.0, "SELLER": 0.0}