{"time_limit": 10800, "spot_discount": 0.9, "spot_market_global_loss": 0.2, "neg_quota_step": 396, "n_processes": 4, "n_products": 5, "n_steps": 99, "financial_reports_period": 5, "exogenous_horizon": 30, "max_productivity": 1.0, "catalog_prices": [10, 23, 32, 44, 60], "cash_availability": [1.5, 2.5], "expected_productivity": 0.9595959595959596, "expected_mean_profit": 0.07655599624402618, "initial_balance": [37775, 37775, 60126, 60126, 76915, 76915, 110596, 110596]}