{"00T23@0": 0.0, "01T23@0": 0.0, "02T23@1": 0.9829059829059829, "03T35@1": 0.974025974025974, "04T22@2": 0.0034013605442176835, "05T23@2": 0.9422222222222222, "06T40@3": 0.054380664652567974, "07T22@3": 0.1094224924012158, "08T41@4": 0.4714640198511166, "09T23@4": 0.6798679867986805, "BUYER": 0.0, "SELLER": 0.0}