{"00T22@0": 0.36915887850467277, "01T35@0": 0.7808641975308636, "02T41@1": 0.29829545454545464, "03T10@1": 0.48825065274151436, "04T35@2": 0.5743879472693035, "05T35@2": 0.5988593155893536, "BUYER": 0.0, "SELLER": 0.0}