{"00T41@0": 0.36607142857142866, "01T22@0": 0.25327510917030566, "02T22@1": 0.016666666666666666, "03T35@1": 0.49685534591194985, "04T29@2": 0.0, "05T22@2": 0.31578947368421034, "06T35@3": 0.7295081967213114, "07T35@3": 0.8145161290322578, "08T23@4": 0.6273584905660378, "09T22@4": 0.0, "BUYER": 0.0, "SELLER": 0.0}