{"00T34@0": 0.07526881720430108, "01T14@0": 0.0, "02T14@1": 0.0, "03T22@1": 0.0795454545454546, "04T34@2": 0.5657894736842106, "05T34@2": 0.5584415584415585, "06T14@3": 1.0, "07T22@3": 0.0594059405940594, "BUYER": 0.0, "SELLER": 0.0}