{"00T02@0": 0.08241758241758244, "01T35@0": 0.19679633867276888, "02T23@1": 0.8349206349206351, "03T22@1": 0.03571428571428571, "04T12@2": 0.06028368794326241, "05T35@2": 0.6723404255319156, "BUYER": 0.0, "SELLER": 0.0}