,balance,assets,bankrupt,agent_id,step
0,1659.0,100.0,False,00T16@0,0.0
1,1229.0,530.0,False,00T16@0,5.0
2,1659.0,190.0,False,01T36@0,0.0
3,1499.0,473.3925444083062,False,01T36@0,5.0
4,2228.0,0.0,False,02T36@1,0.0
5,2149.0,24.367125762023033,False,02T36@1,5.0
6,2228.0,0.0,False,03T16@1,0.0
7,2228.0,0.0,False,03T16@1,5.0
8,3205.0,0.0,False,04T16@2,0.0
9,2603.0,0.0,False,04T16@2,5.0
10,3205.0,0.0,False,05T36@2,0.0
11,3264.0,0.0,False,05T36@2,5.0
12,,,,,
13,,,,,
14,,,,,
15,,,,,
