{"00T35@0": 0.15371024734982341, "01T22@0": 0.1730474732006126, "02T33@1": 0.1148936170212766, "03T35@1": 0.5801886792452832, "04T09@2": 0.0, "05T35@2": 0.720430107526881, "BUYER": 0.0, "SELLER": 0.0}