{"00T19@0": 0.0, "01T34@0": 0.16098484848484843, "02T35@1": 0.6406249999999998, "03T22@1": 0.0, "04T19@2": 0.0, "05T34@2": 0.0, "06T19@3": 1.0, "07T34@3": 1.0, "BUYER": 0.0, "SELLER": 0.0}