{"00T26@0": 0.07083333333333333, "01T22@0": 0.10441767068273097, "02T20@1": 0.4453125, "03T35@1": 0.8361581920903953, "04T22@2": 0.16564417177914112, "05T22@2": 0.022556390977443604, "06T35@3": 0.6616541353383458, "07T23@3": 0.5500000000000003, "08T22@4": 0.0, "09T22@4": 0.0, "BUYER": 0.0, "SELLER": 0.0}