{"00T09@0": 0.0, "01T35@0": 0.6974248927038619, "02T35@1": 0.7295373665480427, "03T35@1": 0.7269372693726938, "04T15@2": 0.06264501160092807, "05T35@2": 0.6666666666666669, "BUYER": 0.0, "SELLER": 0.0}