{"00T22@0": 0.2418300653594774, "01T22@0": 0.22947368421052639, "02T35@1": 0.43824701195219135, "03T35@1": 0.5247148288973384, "04T22@2": 0.006711409395973147, "05T35@2": 0.931740614334471, "06T35@3": 0.9252336448598131, "07T22@3": 0.09999999999999988, "08T40@4": 0.0, "09T41@4": 0.3766233766233767, "BUYER": 0.0, "SELLER": 0.0}