{"00T22@0": 0.22174840085287828, "01T35@0": 0.0, "02T35@1": 0.6381578947368421, "03T35@1": 0.6363636363636366, "04T20@2": 0.0, "05T22@2": 0.0, "06T23@3": 0.8607594936708859, "07T35@3": 0.8366013071895424, "08T40@4": 0.0, "09T35@4": 0.7005545286506474, "BUYER": 0.0, "SELLER": 0.0}