{"00T18@0": 0.0, "01T22@0": 0.12328767123287658, "02T22@1": 0.2568807339449541, "03T35@1": 0.718446601941748, "04T06@2": 0.0, "05T35@2": 0.7108721624850662, "BUYER": 0.0, "SELLER": 0.0}