{"00T40@0": 0.0, "01T34@0": 0.01265822784810126, "02T34@1": 0.8571428571428571, "03T22@1": 0.008547008547008548, "04T34@2": 0.46666666666666673, "05T40@2": 0.28865979381443296, "06T40@3": 0.5909090909090909, "07T23@3": 0.7551487414187645, "BUYER": 0.0, "SELLER": 0.0}