{"00T20@0": 0.1111111111111111, "01T22@0": 0.32142857142857145, "02T35@1": 0.3157894736842105, "03T22@1": 0.2727272727272727, "04T34@2": 0.4782608695652174, "05T35@2": 0.0, "06T35@3": 0.7333333333333332, "07T35@3": 0.7142857142857142, "BUYER": 0.0, "SELLER": 0.0}