{"00T34@0": 0.17142857142857146, "01T34@0": 0.18954248366013082, "02T36@1": 0.007575757575757576, "03T36@1": 0.02040816326530612, "04T36@2": 0.01639344262295081, "05T34@2": 0.9766081871345029, "BUYER": 0.0, "SELLER": 0.0}