{"00T09@0": 0.0, "01T22@0": 0.1911949685534593, "02T22@1": 0.3098039215686274, "03T35@1": 0.5041666666666668, "04T06@2": 0.0, "05T35@2": 0.6929032258064525, "BUYER": 0.0, "SELLER": 0.0}