{"time_limit": 10800, "spot_discount": 0.9, "spot_market_global_loss": 0.2, "neg_quota_step": 360, "n_processes": 4, "n_products": 5, "n_steps": 90, "financial_reports_period": 5, "exogenous_horizon": 43, "max_productivity": 1.0, "catalog_prices": [10, 18, 27, 32, 40], "cash_availability": [1.5, 2.5], "expected_productivity": 0.9555555555555556, "expected_mean_profit": 0.07927859785139399, "initial_balance": [25034, 25034, 38885, 38885, 47730, 47730, 57577, 57577]}