{"00T24@0": 0.0, "01T24@0": 0.0, "02T15@1": 1.0, "03T24@1": 0.0, "04T15@2": 0.02748414376321351, "05T15@2": 0.024590163934426205, "BUYER": 0.0, "SELLER": 0.0}