{"00T37@0": 0.06792452830188682, "01T35@0": 0.7537688442211057, "02T22@1": 0.08196721311475413, "03T22@1": 0.078125, "04T22@2": 0.025862068965517217, "05T23@2": 0.7891156462585036, "06T38@3": 0.14545454545454545, "07T23@3": 0.763934426229508, "BUYER": 0.0, "SELLER": 0.0}