{"00T41@0": 0.15140845070422537, "01T22@0": 0.28610354223433243, "02T36@1": 0.1126760563380282, "03T22@1": 0.26011560693641617, "04T35@2": 0.6666666666666666, "05T35@2": 0.7337278106508874, "06T22@3": 0.0, "07T35@3": 0.7160493827160492, "BUYER": 0.0, "SELLER": 0.0}