{"00T23@0": 0.14329268292682926, "01T22@0": 0.0, "02T34@1": 0.5603112840466931, "03T29@1": 0.0, "04T35@2": 0.5068493150684932, "05T35@2": 0.4714285714285714, "06T35@3": 0.6869565217391301, "07T23@3": 0.6822916666666664, "08T22@4": 0.0, "09T35@4": 0.5955056179775281, "BUYER": 0.0, "SELLER": 0.0}