{"00T08@0": 0.08823529411764706, "01T22@0": 0.05128205128205128, "02T35@1": 0.5714285714285714, "03T22@1": 0.47058823529411764, "04T15@2": 0.2, "05T35@2": 0.0, "06T35@3": 0.7272727272727273, "07T35@3": 0.71875, "BUYER": 0.0, "SELLER": 0.0}