{"00T23@0": 0.5130434782608696, "01T23@0": 0.4893617021276598, "02T41@1": 0.02824858757062147, "03T23@1": 0.9178082191780822, "04T22@2": 0.21016949152542377, "05T23@2": 0.8356164383561646, "06T07@3": 0.11872146118721458, "07T23@3": 0.5700636942675158, "BUYER": 0.0, "SELLER": 0.0}