{"00T35@0": 0.19480519480519481, "01T22@0": 0.2033582089552242, "02T36@1": 0.32822085889570557, "03T35@1": 0.5392670157068058, "04T14@2": 1.0, "05T35@2": 0.5599214145383109, "BUYER": 0.0, "SELLER": 0.0}