{"00T22@0": 0.013377926421404668, "01T23@0": 0.21994134897360704, "02T40@1": 1.0, "03T37@1": 0.10091743119266056, "04T35@2": 0.9057971014492753, "05T23@2": 0.7701492537313436, "BUYER": 0.0, "SELLER": 0.0}