{"time_limit": 10800, "spot_discount": 0.9, "spot_market_global_loss": 0.2, "neg_quota_step": 465, "n_processes": 5, "n_products": 6, "n_steps": 93, "financial_reports_period": 5, "exogenous_horizon": 42, "max_productivity": 1.0, "catalog_prices": [10, 14, 24, 34, 44, 54], "cash_availability": [1.5, 2.5], "expected_productivity": 0.946236559139785, "expected_mean_profit": 0.06373542729765205, "initial_balance": [20417, 20417, 34623, 34623, 50786, 50786, 67884, 67884, 83792, 83792]}