{"00T20@0": 0.026119402985074622, "01T22@0": 0.06319702602230483, "02T24@1": 0.7857142857142857, "03T35@1": 0.7692307692307689, "04T35@2": 0.8698752228163991, "05T22@2": 0.009493670886075944, "BUYER": 0.0, "SELLER": 0.0}