{"00T37@0": 0.04940711462450597, "01T37@0": 0.06387225548902199, "02T37@1": 0.2159090909090909, "03T10@1": 0.46484375, "04T10@2": 0.005999999999999994, "05T10@2": 0.017543859649122785, "BUYER": 0.0, "SELLER": 0.0}