{"00T12@0": 0.0, "01T20@0": 0.0, "02T37@1": 1.0, "03T36@1": 1.0, "04T20@1": 0.0, "05T37@2": 0.42857142857142855, "06T12@2": 0.0, "07T37@3": 0.5, "08T36@3": 0.0, "09T12@4": 0.0, "10T20@4": 1.0, "11T36@4": 0.4444444444444444, "BUYER": 0.0, "SELLER": 0.0}