{"00T22@0": 0.0, "01T35@0": 0.2956204379562042, "02T34@1": 0.6721311475409837, "03T06@1": 0.0, "04T35@2": 0.7077464788732395, "05T35@2": 0.6925925925925925, "BUYER": 0.0, "SELLER": 0.0}