{"00T03@0": 0.0714285714285714, "01T35@0": 0.3, "02T35@1": 0.6097560975609756, "03T35@1": 0.5652173913043478, "04T37@2": 0.36666666666666664, "05T35@2": 0.3582089552238806, "BUYER": 0.0, "SELLER": 0.0}