{"00T35@0": 0.17641129032258066, "01T35@0": 0.17156862745098045, "02T35@1": 1.0, "03T22@1": 0.0014204545454545453, "04T35@2": 0.3087071240105542, "05T35@2": 0.0111731843575419, "06T20@3": 0.6645702306079663, "07T09@3": 0.0, "BUYER": 0.0, "SELLER": 0.0}