{"00T24@0": 0.0, "01T35@0": 0.7570977917981072, "02T07@1": 0.0, "03T07@1": 0.0, "04T24@2": 0.0, "05T35@2": 0.0, "06T24@3": 1.0, "07T35@3": 1.0, "08T07@4": 0.6864406779661016, "09T22@4": 0.1736111111111111, "BUYER": 0.0, "SELLER": 0.0}