{"00T22@0": 0.02079002079002079, "01T35@0": 0.193089430894309, "02T09@1": 0.0, "03T37@1": 0.17375886524822692, "04T35@2": 0.8532494758909851, "05T35@2": 0.860215053763441, "BUYER": 0.0, "SELLER": 0.0}