,balance,assets,bankrupt,agent_id,step
0,1686.0,210.0,False,00T10@0,0.0
1,1526.0,493.06889352818376,False,00T10@0,5.0
2,1726.0,152.0,False,01T10@0,0.0
3,1546.0,457.8496868475992,False,01T10@0,5.0
4,2287.0,0.0,False,02T06@1,0.0
5,2247.0,104.0,False,02T06@1,5.0
6,2287.0,0.0,False,03T06@1,0.0
7,2247.0,104.0,False,03T06@1,5.0
8,3290.0,0.0,False,04T06@2,0.0
9,3290.0,0.0,False,04T06@2,5.0
10,3290.0,0.0,False,05T10@2,0.0
11,3079.0,0.0,False,05T10@2,5.0
12,,,,,
13,,,,,
14,,,,,
15,,,,,
