,balance,assets,bankrupt,agent_id,step
0,1639.0,152.0,False,00T09@0,0.0
1,1209.0,1005.3135888501744,False,00T09@0,5.0
2,1599.0,210.0,False,01T40@0,0.0
3,1751.0,256.2564050010248,False,01T40@0,5.0
4,2396.0,0.0,False,02T09@1,0.0
5,2396.0,0.0,False,02T09@1,5.0
6,2396.0,0.0,False,03T40@1,0.0
7,2363.0,137.4074074074074,False,03T40@1,5.0
8,3669.0,0.0,False,04T40@2,0.0
9,3102.0,360.0,False,04T40@2,5.0
10,3669.0,0.0,False,05T09@2,0.0
11,3669.0,0.0,False,05T09@2,5.0
12,,,,,
13,,,,,
14,,,,,
15,,,,,
