{"00T35@0": 0.2222222222222222, "01T22@0": 0.08968609865470849, "02T06@1": 0.0, "03T35@1": 0.5555555555555555, "04T29@2": 1.0, "05T35@2": 0.7084639498432603, "BUYER": 0.0, "SELLER": 0.0}