{"00T06@0": 0.0, "01T29@0": 0.0, "02T22@1": 0.992, "03T23@1": 0.9885714285714285, "04T22@2": 0.0, "05T35@2": 0.4319371727748691, "BUYER": 0.0, "SELLER": 0.0}