{"time_limit": 10800, "spot_discount": 0.9, "spot_market_global_loss": 0.2, "neg_quota_step": 424, "n_processes": 4, "n_products": 5, "n_steps": 106, "financial_reports_period": 5, "exogenous_horizon": 35, "max_productivity": 1.0, "catalog_prices": [10, 17, 23, 29, 35], "cash_availability": [1.5, 2.5], "expected_productivity": 0.9622641509433962, "expected_mean_profit": 0.07695459269326085, "initial_balance": [31519, 31519, 43226, 43226, 57071, 57071, 68328, 68328]}