{"00T22@0": 0.3130434782608692, "01T23@0": 0.0, "02T23@1": 0.04395604395604396, "03T23@1": 0.0, "04T35@2": 0.0, "05T35@2": 0.0, "06T24@3": 1.0, "07T29@3": 1.0, "BUYER": 0.0, "SELLER": 0.0}