{"00T41@0": 0.3728448275862071, "01T36@0": 0.31196581196581197, "02T41@1": 0.4785714285714284, "03T36@1": 0.40983606557377056, "04T41@2": 0.36203090507726293, "05T36@2": 0.0051413881748071915, "BUYER": 0.0, "SELLER": 0.0}