{"time_limit": 10800, "spot_discount": 0.9, "spot_market_global_loss": 0.2, "neg_quota_step": 391, "n_processes": 3, "n_products": 4, "n_steps": 87, "financial_reports_period": 5, "exogenous_horizon": 34, "max_productivity": 1.0, "catalog_prices": [10, 19, 30, 42], "cash_availability": [1.5, 2.5], "expected_productivity": 0.6436781609195402, "expected_mean_profit": 0.08418449524119417, "initial_balance": [30488, 30488, 51322, 51322, 28741, 28741, 28741, 28741, 28741]}