{"00T23@0": 0.15548281505728326, "01T22@0": 0.17687074829931987, "02T26@1": 0.16768292682926828, "03T23@1": 0.768292682926829, "04T41@2": 0.0, "05T35@2": 0.7777777777777779, "BUYER": 0.0, "SELLER": 0.0}