{"00T35@0": 0.1568627450980393, "01T22@0": 0.023255813953488354, "02T06@1": 0.0, "03T35@1": 0.6325301204819275, "04T09@2": 0.0, "05T35@2": 0.7514970059880242, "BUYER": 0.0, "SELLER": 0.0}