{"00T35@0": 0.0, "01T35@0": 0.0, "02T23@1": 0.0, "03T35@1": 0.0, "04T35@2": 1.0, "05T35@2": 1.0, "06T26@3": 0.20238095238095238, "07T40@3": 0.0, "08T22@4": 0.0, "09T23@4": 0.7051282051282055, "BUYER": 0.0, "SELLER": 0.0}