{"00T40@0": 0.2971014492753621, "01T24@0": 0.0, "02T22@1": 0.10144927536231889, "03T35@1": 0.018018018018018018, "04T24@2": 0.4444444444444444, "05T23@2": 0.8095238095238095, "06T40@3": 0.459915611814346, "07T40@3": 0.3991228070175437, "08T24@4": 0.7788018433179721, "09T22@4": 0.0, "BUYER": 0.0, "SELLER": 0.0}