{"00T35@0": 0.14382022471910122, "01T22@0": 0.07308377896613188, "02T02@1": 0.6058823529411763, "03T35@1": 0.5782608695652179, "04T12@2": 0.008389261744966436, "05T35@2": 0.719298245614035, "06T22@3": 0.05685618729096991, "07T35@3": 0.5176630434782614, "BUYER": 0.0, "SELLER": 0.0}