{"00T20@0": 0.0, "01T36@0": 0.0, "02T20@1": 0.0, "03T20@1": 0.0, "04T36@2": 0.9724137931034482, "05T36@2": 0.9370629370629371, "06T35@3": 0.6190476190476192, "07T23@3": 0.5729729729729728, "BUYER": 0.0, "SELLER": 0.0}