{"00T24@0": 0.012295081967213115, "01T12@0": 0.0, "02T12@1": 0.018867924528301886, "03T24@1": 0.23214285714285715, "04T35@2": 0.5955882352941179, "05T22@2": 0.0, "06T24@3": 0.9772727272727273, "07T12@3": 0.0, "BUYER": 0.0, "SELLER": 0.0}