{"00T29@0": 0.0, "01T22@0": 0.12995594713656403, "02T23@1": 0.8169014084507044, "03T22@1": 0.35326086956521746, "04T22@2": 0.24309392265193377, "05T22@2": 0.17277486910994763, "06T24@3": 0.07692307692307693, "07T35@3": 0.579185520361991, "08T22@4": 0.6541666666666667, "09T23@4": 0.8609865470852021, "BUYER": 0.0, "SELLER": 0.0}