{"00T19@0": 0.0, "01T40@0": 0.05818181818181821, "02T40@1": 0.36538461538461536, "03T40@1": 0.2909090909090909, "04T19@2": 0.0, "05T23@2": 0.639751552795031, "06T19@3": 1.0, "07T23@3": 0.7777777777777775, "BUYER": 0.0, "SELLER": 0.0}