{"00T02@0": 0.038071065989847705, "01T02@0": 0.05223880597014925, "02T02@0": 0.04866180048661801, "03T29@1": 0.0, "04T12@1": 0.0, "05T12@1": 0.0, "06T12@1": 0.0, "07T05@1": 0.0, "08T29@2": 1.0, "09T29@2": 1.0, "10T05@2": 1.0, "11T05@2": 1.0, "BUYER": 0.0, "SELLER": 0.0}