{"time_limit": 10800, "spot_discount": 0.9, "spot_market_global_loss": 0.2, "neg_quota_step": 582, "n_processes": 3, "n_products": 4, "n_steps": 97, "financial_reports_period": 5, "exogenous_horizon": 22, "max_productivity": 1.0, "catalog_prices": [10, 18, 29, 38], "cash_availability": [1.5, 2.5], "expected_productivity": 0.7268041237113402, "expected_mean_profit": 0.06576304447783589, "initial_balance": [30547, 30547, 30547, 29000, 29000, 29000, 29000, 29000, 54475, 54475, 54475, 54475]}