{"00T22@0": 0.0, "01T35@0": 0.38144329896907214, "02T38@1": 0.0, "03T19@1": 0.0, "04T19@2": 0.0, "05T35@2": 0.6964285714285712, "06T38@3": 0.0, "07T22@3": 0.0, "08T38@4": 0.0, "09T19@4": 1.0, "BUYER": 0.0, "SELLER": 0.0}