{"00T32@0": 0.4172932330827067, "01T32@0": 0.3345588235294119, "02T41@1": 0.08695652173913047, "03T23@1": 0.9279279279279279, "04T41@2": 0.2343234323432346, "05T23@2": 0.5625000000000003, "06T32@3": 0.23282442748091614, "07T41@3": 0.0, "BUYER": 0.0, "SELLER": 0.0}