{"00T12@0": 0.0, "01T37@0": 0.09966777408637878, "02T37@1": 0.0, "03T22@1": 0.0, "04T29@2": 0.0, "05T12@2": 0.0, "06T29@3": 0.0, "07T37@3": 0.6025641025641025, "08T12@4": 0.0, "09T29@4": 1.0, "BUYER": 0.0, "SELLER": 0.0}