{"00T02@0": 0.08219178082191785, "01T02@0": 0.07643312101910825, "02T02@1": 0.9649122807017544, "03T22@1": 0.3392857142857145, "04T12@2": 0.3255813953488373, "05T35@2": 0.8785900783289816, "06T12@3": 0.016597510373443942, "07T12@3": 0.01504787961696308, "08T23@4": 0.39714285714285696, "09T35@4": 0.4485530546623793, "BUYER": 0.0, "SELLER": 0.0}