{"time_limit": 10800, "spot_discount": 0.9, "spot_market_global_loss": 0.2, "neg_quota_step": 455, "n_processes": 5, "n_products": 6, "n_steps": 91, "financial_reports_period": 5, "exogenous_horizon": 30, "max_productivity": 1.0, "catalog_prices": [10, 21, 25, 33, 41, 56], "cash_availability": [1.5, 2.5], "expected_productivity": 0.945054945054945, "expected_mean_profit": 0.06901352488635404, "initial_balance": [38267, 38267, 48896, 48896, 61546, 61546, 73557, 73557, 97367, 97367]}