{"00T22@0": 0.006622516556291384, "01T23@0": 0.12258064516129023, "02T34@1": 0.4741379310344828, "03T23@1": 0.8494623655913979, "04T40@2": 0.39655172413793105, "05T35@2": 0.7209944751381209, "BUYER": 0.0, "SELLER": 0.0}