{"00T40@0": 0.1130434782608696, "01T22@0": 0.11640211640211647, "02T35@1": 0.7289156626506023, "03T22@1": 0.3256880733944953, "04T37@2": 0.06228373702422145, "05T23@2": 0.7195876288659794, "BUYER": 0.0, "SELLER": 0.0}