{"00T08@0": 0.09687500000000002, "01T35@0": 0.20303030303030295, "02T37@1": 0.1780821917808219, "03T22@1": 0.3846153846153845, "04T22@2": 0.018134715025906745, "05T22@2": 0.014164305949008494, "BUYER": 0.0, "SELLER": 0.0}