{"00T37@0": 0.0, "01T12@0": 0.0057553956834532375, "02T12@1": 0.06614173228346457, "03T37@1": 0.02752293577981649, "04T12@2": 0.0, "05T37@2": 0.4418604651162789, "BUYER": 0.0, "SELLER": 0.0}