{"00T35@0": 0.25435540069686413, "01T23@0": 0.2893081761006287, "02T22@1": 0.2939814814814813, "03T23@1": 1.0, "04T23@2": 0.18303571428571438, "05T35@2": 0.32558139534883723, "06T19@3": 0.0, "07T23@3": 0.7728613569321537, "08T38@4": 0.061016949152542375, "09T35@4": 0.7320261437908492, "BUYER": 0.0, "SELLER": 0.0}