{"00T37@0": 0.0, "01T35@0": 0.3728395061728392, "02T20@1": 0.0, "03T37@1": 0.0, "04T37@2": 0.14150943396226423, "05T20@2": 0.0, "06T20@3": 1.0, "07T35@3": 0.8205128205128203, "BUYER": 0.0, "SELLER": 0.0}