{"00T35@0": 0.2801302931596091, "01T35@0": 0.2769726247987119, "02T35@1": 0.0, "03T22@1": 0.6660808435852373, "04T35@2": 0.30392156862745073, "05T35@2": 0.263653483992467, "06T06@3": 0.6079027355623098, "07T37@3": 0.16530612244897946, "BUYER": 0.0, "SELLER": 0.0}