{"00T35@0": 0.5355932203389833, "01T35@0": 0.5874999999999999, "02T35@1": 0.8416666666666667, "03T22@1": 0.003773584905660374, "04T36@2": 0.08424908424908426, "05T20@2": 0.0, "06T35@3": 0.7673267326732673, "07T35@3": 0.7303921568627453, "08T22@4": 0.0, "09T22@4": 0.0, "BUYER": 0.0, "SELLER": 0.0}