{"00T41@0": 0.012658227848101266, "01T09@0": 0.0, "02T09@1": 0.0, "03T41@1": 0.009523809523809521, "04T09@2": 0.0, "05T41@2": 0.06481481481481485, "BUYER": 0.0, "SELLER": 0.0}