{"00T15@0": 0.2730263157894738, "01T37@0": 0.08273381294964031, "02T37@1": 0.1783783783783784, "03T15@1": 0.36213991769547327, "04T15@2": 0.01845018450184502, "05T37@2": 0.03103448275862069, "BUYER": 0.0, "SELLER": 0.0}