{"00T23@0": 0.38524590163934425, "01T35@0": 0.29523809523809535, "02T36@1": 0.0, "03T23@1": 0.8450704225352113, "04T37@2": 0.004201680672268905, "05T35@2": 0.8269230769230769, "06T22@3": 0.0, "07T23@3": 0.5257352941176473, "BUYER": 0.0, "SELLER": 0.0}