{"00T37@0": 0.03595505617977524, "01T35@0": 0.2853598014888339, "02T26@1": 0.3166666666666668, "03T35@1": 0.7528735632183908, "04T23@2": 0.7223300970873787, "05T23@2": 0.7159533073929968, "BUYER": 0.0, "SELLER": 0.0}