{"00T24@0": 0.04137931034482757, "01T24@0": 0.021276595744680847, "02T36@1": 0.8625954198473282, "03T22@1": 1.0, "04T36@2": 0.0641025641025641, "05T36@2": 0.10791366906474834, "06T24@3": 1.0, "07T22@3": 0.05714285714285717, "BUYER": 0.0, "SELLER": 0.0}