{"00T35@0": 0.1348314606741573, "01T22@0": 0.0597609561752989, "02T29@1": 0.0, "03T35@1": 0.7149321266968326, "04T26@2": 0.6043478260869564, "05T35@2": 0.6858789625360228, "BUYER": 0.0, "SELLER": 0.0}