{"00T35@0": 0.09740259740259737, "01T22@0": 0.05555555555555551, "02T13@1": 0.0, "03T35@1": 0.6, "04T24@2": 1.0, "05T35@2": 0.756272401433692, "BUYER": 0.0, "SELLER": 0.0}