{"time_limit": 10800, "spot_discount": 0.9, "spot_market_global_loss": 0.2, "neg_quota_step": 388, "n_processes": 4, "n_products": 5, "n_steps": 97, "financial_reports_period": 5, "exogenous_horizon": 32, "max_productivity": 1.0, "catalog_prices": [10, 17, 26, 41, 59], "cash_availability": [1.5, 2.5], "expected_productivity": 0.9587628865979382, "expected_mean_profit": 0.10687208537178497, "initial_balance": [26457, 26457, 38011, 38011, 59000, 59000, 86250, 86250]}