{"00T36@0": 0.12820512820512828, "01T19@0": 0.0, "02T35@1": 0.8617021276595744, "03T23@1": 0.8152173913043478, "04T35@2": 0.648, "05T22@2": 0.0, "BUYER": 0.0, "SELLER": 0.0}