{"00T34@0": 0.04347826086956522, "01T22@0": 0.06666666666666667, "02T22@1": 0.5459183673469387, "03T35@1": 0.7333333333333328, "04T36@2": 0.008460236886632817, "05T35@2": 0.7112171837708828, "BUYER": 0.0, "SELLER": 0.0}