{"00T38@0": 0.0, "01T35@0": 0.24150943396226432, "02T40@1": 0.463855421686747, "03T22@1": 0.3924914675767918, "04T22@2": 0.0134228187919463, "05T22@2": 0.006441223832528178, "BUYER": 0.0, "SELLER": 0.0}