{"00T41@0": 0.0249554367201426, "01T23@0": 0.2103448275862069, "02T22@1": 0.32258064516129004, "03T35@1": 0.9545454545454546, "04T41@2": 0.08045977011494253, "05T41@2": 0.09202453987730061, "06T06@3": 0.0, "07T06@3": 0.0, "08T06@4": 0.0, "09T23@4": 0.9955849889624724, "BUYER": 0.0, "SELLER": 0.0}