{"00T23@0": 0.4971098265895953, "01T23@0": 0.5163776493256262, "02T22@1": 0.02307692307692309, "03T22@1": 0.01953125, "04T41@2": 0.3557312252964427, "05T23@2": 0.7622950819672131, "06T35@3": 0.8333333333333334, "07T22@3": 0.42894056847545237, "08T36@4": 0.0, "09T22@4": 0.0, "BUYER": 0.0, "SELLER": 0.0}