{"00T35@0": 0.0843137254901961, "01T22@0": 0.6690821256038646, "02T00@1": 0.0, "03T35@1": 0.5336134453781513, "04T29@2": 1.0, "05T35@2": 0.8056042031523639, "BUYER": 0.0, "SELLER": 0.0}