,balance,assets,bankrupt,agent_id,step
0,1159.0,190.0,False,00T15@0,0.0
1,1141.0,544.2871054844849,False,00T15@0,5.0
2,1159.0,190.0,False,01T15@0,0.0
3,849.0,796.991833030853,False,01T15@0,5.0
4,1754.0,0.0,False,02T29@1,0.0
5,1754.0,0.0,False,02T29@1,5.0
6,1754.0,0.0,False,03T15@1,0.0
7,1442.0,405.0,False,03T15@1,5.0
8,2687.0,0.0,False,04T29@2,0.0
9,2053.0,0.0,False,04T29@2,5.0
10,2687.0,0.0,False,05T29@2,0.0
11,2327.0,0.0,False,05T29@2,5.0
12,,,,,
13,,,,,
14,,,,,
15,,,,,
