{"00T23@0": 0.0, "01T22@0": 0.20072332730560571, "02T23@1": 0.5677419354838705, "03T23@1": 0.5592105263157892, "04T37@2": 0.0, "05T23@2": 0.7714285714285715, "06T20@3": 0.0, "07T35@3": 0.7794871794871795, "08T23@4": 0.8547368421052631, "09T35@4": 0.8496868475991649, "BUYER": 0.0, "SELLER": 0.0}