{"00T24@0": 0.0, "01T35@0": 0.7394366197183099, "02T24@1": 1.0, "03T22@1": 0.3090507726269316, "04T24@2": 0.08064516129032258, "05T26@2": 0.27291666666666664, "06T26@3": 0.383050847457627, "07T26@3": 0.3472222222222221, "08T35@4": 0.6160919540229882, "09T35@4": 0.602469135802469, "BUYER": 0.0, "SELLER": 0.0}