{"time_limit": 10800, "spot_discount": 0.9, "spot_market_global_loss": 0.2, "neg_quota_step": 356, "n_processes": 4, "n_products": 5, "n_steps": 89, "financial_reports_period": 5, "exogenous_horizon": 23, "max_productivity": 1.0, "catalog_prices": [10, 18, 33, 40, 54], "cash_availability": [1.5, 2.5], "expected_productivity": 0.9550561797752809, "expected_mean_profit": 0.12487121761361468, "initial_balance": [21756, 21756, 40171, 40171, 54934, 54934, 66588, 66588]}