{"00T22@0": 0.19680851063829788, "01T23@0": 0.7326732673267324, "02T10@1": 0.25380710659898476, "03T23@1": 0.7247706422018348, "04T20@2": 0.6280487804878048, "05T35@2": 0.5518518518518518, "BUYER": 0.0, "SELLER": 0.0}