{"00T23@0": 0.4897959183673469, "01T22@0": 0.31991525423728806, "02T36@1": 0.18021201413427568, "03T37@1": 0.05529953917050689, "04T23@2": 0.5079365079365079, "05T23@2": 0.515873015873016, "06T23@3": 0.8565737051792829, "07T35@3": 0.8157894736842105, "08T23@4": 0.5685185185185189, "09T22@4": 0.0, "BUYER": 0.0, "SELLER": 0.0}