{"00T07@0": 0.09206798866855524, "01T35@0": 0.45027624309392295, "02T35@1": 0.668621700879765, "03T35@1": 0.6720867208672091, "04T20@2": 0.6499999999999996, "05T35@2": 0.6111685625646328, "BUYER": 0.0, "SELLER": 0.0}