{"00T41@0": 0.0875, "01T41@0": 0.11715481171548124, "02T06@1": 0.0, "03T41@1": 0.12500000000000003, "04T06@2": 0.0, "05T22@2": 0.41176470588235303, "06T06@3": 0.0, "07T35@3": 0.6643835616438358, "BUYER": 0.0, "SELLER": 0.0}