{"00T22@0": 0.0, "01T22@0": 0.001715265866209261, "02T29@1": 0.0, "03T22@1": 0.0, "04T12@2": 0.0, "05T23@2": 0.8901453957996769, "BUYER": 0.0, "SELLER": 0.0}