{"00T03@0": 0.0, "01T34@0": 0.1273584905660378, "02T34@1": 0.0, "03T22@1": 0.2708333333333334, "04T03@2": 0.0, "05T03@2": 0.0, "06T34@3": 1.0, "07T22@3": 1.0, "BUYER": 0.0, "SELLER": 0.0}