{"00T34@0": 0.060453400503778114, "01T35@0": 0.6133682830930531, "02T35@1": 0.6781609195402298, "03T35@1": 0.6486486486486486, "04T29@2": 1.0, "05T35@2": 0.7089618456078076, "BUYER": 0.0, "SELLER": 0.0}