{"00T16@0": 0.0, "01T35@0": 0.33059210526315785, "02T15@1": 0.5323076923076923, "03T22@1": 0.5722222222222222, "04T22@2": 0.0, "05T22@2": 0.019017432646592673, "BUYER": 0.0, "SELLER": 0.0}