{"00T35@0": 0.5912762520193866, "01T22@0": 0.11256117455138671, "02T26@1": 0.010344827586206895, "03T35@1": 0.769452449567723, "04T03@2": 0.03054989816700611, "05T35@2": 0.724376731301939, "BUYER": 0.0, "SELLER": 0.0}