{"00T24@0": 0.0, "01T35@0": 0.0, "02T35@1": 1.0, "03T35@1": 1.0, "04T40@2": 0.48, "05T22@2": 0.4664429530201342, "06T35@3": 0.5207667731629392, "07T35@3": 0.5428571428571428, "08T22@4": 0.0, "09T22@4": 0.0, "BUYER": 0.0, "SELLER": 0.0}