{"time_limit": 10800, "spot_discount": 0.9, "spot_market_global_loss": 0.2, "neg_quota_step": 385, "n_processes": 5, "n_products": 6, "n_steps": 77, "financial_reports_period": 5, "exogenous_horizon": 16, "max_productivity": 1.0, "catalog_prices": [10, 18, 21, 31, 40, 51], "cash_availability": [1.5, 2.5], "expected_productivity": 0.935064935064935, "expected_mean_profit": 0.07011681191946256, "initial_balance": [21475, 21475, 25841, 25841, 40014, 40014, 50036, 50036, 64925, 64925]}