{"00T09@0": 0.0, "01T35@0": 0.11140235910878113, "02T35@1": 0.8452380952380955, "03T35@1": 0.8379888268156425, "04T37@2": 0.06272401433691754, "05T35@2": 0.624438454627134, "BUYER": 0.0, "SELLER": 0.0}