{"00T20@0": 0.0, "01T20@0": 0.0, "02T20@1": 1.0, "03T18@1": 0.0, "04T18@2": 0.47368421052631576, "05T18@2": 0.4444444444444444, "BUYER": 0.0, "SELLER": 0.0}