{"00T35@0": 0.2976782752902154, "01T35@0": 0.3200663349917083, "02T35@1": 1.0, "03T22@1": 0.0, "04T35@2": 0.5188679245283021, "05T35@2": 0.5410334346504554, "06T16@3": 1.0, "07T08@3": 0.0, "BUYER": 0.0, "SELLER": 0.0}