{"00T09@0": 0.0, "01T09@0": 0.0, "02T09@1": 0.0, "03T15@1": 0.17050691244239638, "04T15@2": 0.5051546391752579, "05T35@2": 0.8702290076335878, "06T15@3": 0.0, "07T35@3": 0.5543766578249341, "BUYER": 0.0, "SELLER": 0.0}