{"00T35@0": 0.7522935779816511, "01T22@0": 0.1525423728813559, "02T41@1": 0.07516339869281044, "03T35@1": 0.8451612903225808, "04T33@2": 0.0, "05T35@2": 0.6520547945205485, "BUYER": 0.0, "SELLER": 0.0}