{"00T09@0": 0.0, "01T35@0": 0.18885448916408665, "02T40@1": 0.005780346820809248, "03T09@1": 0.0, "04T40@2": 0.7575757575757576, "05T35@2": 0.014084507042253521, "06T09@3": 0.0, "07T35@3": 0.7278106508875737, "08T40@4": 0.0, "09T22@4": 0.0, "BUYER": 0.0, "SELLER": 0.0}