{"00T04@0": 0.12180746561886045, "01T35@0": 0.7947598253275104, "02T35@1": 0.6513513513513516, "03T35@1": 0.6740947075208914, "04T08@2": 0.0, "05T35@2": 0.5344827586206901, "BUYER": 0.0, "SELLER": 0.0}