{"00T36@0": 0.20434782608695654, "01T06@0": 0.0, "02T22@1": 0.48148148148148123, "03T23@1": 0.926605504587156, "04T22@2": 0.0, "05T35@2": 0.5700636942675158, "BUYER": 0.0, "SELLER": 0.0}