{"00T40@0": 0.06122448979591836, "01T22@0": 0.17647058823529413, "02T35@1": 0.7368421052631579, "03T22@1": 0.34782608695652173, "04T26@2": 0.4090909090909091, "05T35@2": 0.0, "06T35@3": 0.8076923076923077, "07T35@3": 0.7307692307692307, "BUYER": 0.0, "SELLER": 0.0}