{"00T41@0": 0.27791563275434256, "01T23@0": 0.5015576323987538, "02T41@1": 0.28054298642533937, "03T23@1": 0.6980198019801978, "04T37@2": 0.0, "05T37@2": 0.0, "06T41@3": 0.68359375, "07T23@3": 0.8, "08T37@4": 0.0, "09T35@4": 0.6852791878172592, "BUYER": 0.0, "SELLER": 0.0}