{"00T36@0": 0.09259259259259255, "01T29@0": 0.0, "02T35@1": 0.8974358974358975, "03T22@1": 0.49473684210526314, "04T35@2": 0.7240204429301532, "05T22@2": 0.0, "BUYER": 0.0, "SELLER": 0.0}