{"00T18@0": 0.0, "01T35@0": 0.25607779578606127, "02T37@1": 0.0, "03T22@1": 0.1794871794871795, "04T22@2": 0.08685446009389675, "05T22@2": 0.05542725173210165, "BUYER": 0.0, "SELLER": 0.0}