{"00T34@0": 0.07505518763796909, "01T22@0": 0.15302491103202853, "02T35@1": 0.6333333333333332, "03T22@1": 0.08783783783783784, "04T38@2": 0.0, "05T22@2": 0.0, "06T34@3": 0.0, "07T34@3": 0.0, "08T38@4": 0.0, "09T38@4": 0.0, "BUYER": 0.0, "SELLER": 0.0}