{"00T35@0": 0.15419708029197068, "01T35@0": 0.1512981199641897, "02T35@1": 0.0, "03T22@1": 0.5910973084886124, "04T35@2": 0.5373831775700937, "05T35@2": 0.5401574803149606, "06T37@3": 0.07122507122507123, "07T36@3": 0.0, "BUYER": 0.0, "SELLER": 0.0}