{"00T16@0": 0.0, "01T35@0": 0.13205128205128217, "02T35@1": 0.8146718146718147, "03T35@1": 0.7962962962962963, "04T09@2": 0.0, "05T35@2": 0.6131386861313869, "BUYER": 0.0, "SELLER": 0.0}