{"00T23@0": 0.45297504798464494, "01T35@0": 0.20498614958448733, "02T38@1": 0.0, "03T23@1": 0.9440559440559441, "04T34@2": 0.585858585858586, "05T23@2": 0.47719298245614034, "BUYER": 0.0, "SELLER": 0.0}