{"00T15@0": 0.0, "01T35@0": 0.47905759162303657, "02T18@1": 0.0, "03T22@1": 0.33806818181818205, "04T22@2": 0.02692307692307694, "05T22@2": 0.02611940298507464, "BUYER": 0.0, "SELLER": 0.0}