{"00T22@0": 0.12631578947368424, "01T23@0": 0.3368421052631579, "02T37@1": 0.016129032258064516, "03T23@1": 0.7500000000000001, "04T09@2": 0.0, "05T35@2": 0.628140703517588, "BUYER": 0.0, "SELLER": 0.0}