{"00T40@0": 0.06666666666666667, "01T22@0": 0.08, "02T35@1": 0.6, "03T22@1": 0.07692307692307693, "04T16@2": 0.0, "05T35@2": 0.0, "06T35@3": 1.0, "07T35@3": 1.0, "BUYER": 0.0, "SELLER": 0.0}