{"00T35@0": 0.0962566844919786, "01T22@0": 0.07964601769911504, "02T24@1": 1.0, "03T23@1": 0.7192118226600982, "04T38@2": 0.0, "05T22@2": 0.09375, "BUYER": 0.0, "SELLER": 0.0}