{"00T06@0": 0.13043478260869565, "01T35@0": 0.1549707602339182, "02T41@1": 0.30232558139534876, "03T35@1": 0.0, "04T23@2": 0.6279069767441863, "05T23@2": 0.6319999999999999, "06T23@3": 0.9384615384615385, "07T22@3": 0.39999999999999986, "08T22@4": 0.0, "09T22@4": 0.0, "BUYER": 0.0, "SELLER": 0.0}