{"00T07@0": 0.05405405405405406, "01T22@0": 0.06382978723404255, "02T35@1": 0.8048780487804879, "03T22@1": 0.9375, "04T40@2": 0.6170212765957447, "05T35@2": 0.0, "06T35@3": 0.7234042553191491, "07T35@3": 0.6904761904761906, "BUYER": 0.0, "SELLER": 0.0}