{"00T35@0": 0.1529235382308846, "01T35@0": 0.15214180206794675, "02T35@1": 1.0, "03T22@1": 0.46384039900249374, "04T35@2": 0.6666666666666666, "05T35@2": 0.678688524590164, "06T15@3": 0.0, "07T18@3": 0.0, "BUYER": 0.0, "SELLER": 0.0}