{"00T22@0": 0.24649859943977603, "01T35@0": 0.8085937500000001, "02T41@1": 0.3072100313479624, "03T15@1": 0.40625, "04T35@2": 0.7048780487804872, "05T35@2": 0.65891472868217, "BUYER": 0.0, "SELLER": 0.0}