{"00T36@0": 0.12166172106824932, "01T24@0": 0.0, "02T35@1": 0.5928571428571424, "03T23@1": 0.8288288288288288, "04T22@2": 0.25691699604743085, "05T35@2": 0.6853932584269664, "06T35@3": 0.6555269922879181, "07T35@3": 0.6649616368286448, "BUYER": 0.0, "SELLER": 0.0}