{"00T26@0": 0.0018832391713747626, "01T23@0": 0.2459605026929981, "02T37@1": 0.02727272727272727, "03T23@1": 0.8597560975609756, "04T22@2": 0.0, "05T35@2": 0.7522935779816511, "BUYER": 0.0, "SELLER": 0.0}