{"time_limit": 10800, "spot_discount": 0.9, "spot_market_global_loss": 0.2, "neg_quota_step": 48, "n_processes": 4, "n_products": 5, "n_steps": 8, "financial_reports_period": 5, "exogenous_horizon": 3, "max_productivity": 1.0, "catalog_prices": [10, 20, 33, 46, 52], "cash_availability": [1.5, 2.5], "expected_productivity": 0.6666666666666666, "expected_mean_profit": 0.05839218429187067, "initial_balance": [1397, 1397, 1397, 1397, 4515, 4515, 4359, 4359, 4359, 5542, 5542, 5542]}