{"00T38@0": 0.0, "01T22@0": 0.2669683257918552, "02T37@1": 0.0136986301369863, "03T37@1": 0.02877697841726619, "04T37@2": 0.018404907975460124, "05T38@2": 0.11578947368421057, "06T38@3": 0.0, "07T23@3": 0.807785888077858, "BUYER": 0.0, "SELLER": 0.0}