{"00T35@0": 0.5635910224438899, "01T22@0": 0.0381282495667245, "02T08@1": 0.5770114942528733, "03T35@1": 0.7947368421052632, "04T04@2": 0.0017211703958691896, "05T35@2": 0.6989528795811518, "BUYER": 0.0, "SELLER": 0.0}