{"00T22@0": 0.020366598778004074, "01T35@0": 0.637010676156583, "02T12@1": 0.0, "03T22@1": 0.05188679245283019, "04T20@2": 0.0, "05T20@2": 0.0, "06T12@3": 0.0, "07T12@3": 0.0, "08T20@4": 1.0, "09T23@4": 1.0, "BUYER": 0.0, "SELLER": 0.0}