{"00T10@0": 0.0, "01T10@0": 0.0, "02T26@1": 0.18181818181818182, "03T10@1": 0.0, "04T26@2": 0.9090909090909091, "05T26@2": 0.18181818181818182, "BUYER": 0.0, "SELLER": 0.0}