{"00T16@0": 0.0, "01T15@0": 0.056603773584905676, "02T23@1": 0.8292682926829268, "03T23@1": 0.9157894736842105, "04T35@2": 0.7142857142857146, "05T35@2": 0.7260273972602735, "06T23@3": 0.6762917933130693, "07T23@3": 0.6834319526627213, "BUYER": 0.0, "SELLER": 0.0}