{"00T37@0": 0.04155124653739612, "01T29@0": 0.0, "02T37@1": 0.0, "03T37@1": 0.07142857142857142, "04T20@1": 0.0, "05T29@2": 0.0, "06T12@2": 0.1864406779661017, "07T12@3": 0.0, "08T12@3": 0.0, "09T20@3": 0.0, "10T29@4": 1.0, "11T20@4": 1.0, "BUYER": 0.0, "SELLER": 0.0}