{"time_limit": 10800, "spot_discount": 0.9, "spot_market_global_loss": 0.2, "neg_quota_step": 420, "n_processes": 5, "n_products": 6, "n_steps": 70, "financial_reports_period": 5, "exogenous_horizon": 31, "max_productivity": 1.0, "catalog_prices": [10, 22, 30, 42, 48, 66], "cash_availability": [1.5, 2.5], "expected_productivity": 0.7738095238095238, "expected_mean_profit": 0.08475871272705046, "initial_balance": [25098, 25098, 23007, 23007, 23007, 49359, 49359, 41598, 41598, 41598, 74038, 74038]}