{"00T41@0": 0.31623931623931667, "01T23@0": 0.5353535353535354, "02T23@1": 0.3877551020408165, "03T22@1": 0.2798053527980536, "04T35@2": 0.565573770491803, "05T35@2": 0.5820312500000002, "06T37@3": 0.1380281690140845, "07T35@3": 0.7323308270676683, "BUYER": 0.0, "SELLER": 0.0}