{"00T26@0": 0.0, "01T22@0": 0.15999999999999998, "02T35@1": 0.7894736842105263, "03T22@1": 0.08, "04T40@2": 0.10714285714285714, "05T35@2": 0.0, "06T35@3": 0.6666666666666666, "07T35@3": 0.6086956521739131, "BUYER": 0.0, "SELLER": 0.0}