{"00T24@0": 0.02527075812274369, "01T35@0": 0.10714285714285714, "02T36@1": 0.7054545454545456, "03T24@1": 0.0, "04T24@2": 0.1176470588235294, "05T35@2": 0.2598039215686275, "06T36@3": 0.013986013986013986, "07T35@3": 0.9883720930232558, "08T36@4": 0.0, "09T22@4": 0.0, "BUYER": 0.0, "SELLER": 0.0}