{"00T41@0": 0.08357348703170032, "01T12@0": 0.0, "02T41@1": 0.46938775510204084, "03T29@1": 0.0, "04T12@2": 0.0, "05T29@2": 0.0, "06T41@3": 0.8314606741573034, "07T29@3": 0.0, "08T12@4": 0.0, "09T35@4": 0.8480492813141682, "BUYER": 0.0, "SELLER": 0.0}