{"00T22@0": 0.17948717948717952, "01T22@0": 0.16485900216919744, "02T26@1": 0.28124999999999994, "03T35@1": 0.702564102564103, "04T22@2": 0.0, "05T35@2": 0.40860215053763443, "06T27@3": 0.0, "07T35@3": 0.78125, "08T23@4": 0.7831858407079644, "09T23@4": 0.7995735607675899, "BUYER": 0.0, "SELLER": 0.0}