{"00T22@0": 0.2195121951219512, "01T23@0": 0.2160493827160494, "02T22@1": 0.30275229357798134, "03T23@1": 0.5147928994082841, "04T22@2": 0.0, "05T23@2": 0.16831683168316833, "06T24@3": 0.28, "07T29@3": 0.0, "08T22@4": 0.9856459330143541, "09T23@4": 0.9856801909307876, "BUYER": 0.0, "SELLER": 0.0}