{"time_limit": 10800, "spot_discount": 0.9, "spot_market_global_loss": 0.2, "neg_quota_step": 380, "n_processes": 5, "n_products": 6, "n_steps": 76, "financial_reports_period": 5, "exogenous_horizon": 16, "max_productivity": 1.0, "catalog_prices": [10, 14, 20, 23, 33, 38], "cash_availability": [1.5, 2.5], "expected_productivity": 0.9342105263157895, "expected_mean_profit": 0.06613163509547172, "initial_balance": [19999, 19999, 27917, 27917, 33999, 33999, 45916, 45916, 56831, 56831]}