{"00T41@0": 0.2932551319648093, "01T35@0": 0.8144796380090495, "02T36@1": 0.15837104072398187, "03T41@1": 0.36771300448430494, "04T36@2": 0.2361111111111113, "05T36@2": 0.22885572139303476, "06T41@3": 0.46853146853146854, "07T35@3": 0.7665706051873202, "BUYER": 0.0, "SELLER": 0.0}