{"00T35@0": 0.4321223709369025, "01T35@0": 0.42429906542056084, "02T38@1": 0.0, "03T23@1": 1.0, "04T19@2": 0.0, "05T23@2": 0.1262798634812287, "06T23@3": 0.8941798941798941, "07T35@3": 0.8866666666666667, "08T35@4": 0.6644444444444444, "09T35@4": 0.6731601731601735, "BUYER": 0.0, "SELLER": 0.0}