{"00T22@0": 0.180473372781065, "01T23@0": 0.21802325581395354, "02T23@1": 0.7555555555555555, "03T22@1": 0.19819819819819814, "04T41@2": 0.30337078651685395, "05T23@2": 0.6810344827586204, "06T20@3": 1.0, "07T35@3": 0.6722222222222217, "BUYER": 0.0, "SELLER": 0.0}