{"00T22@0": 0.0, "01T22@0": 0.0, "02T34@1": 0.25781250000000017, "03T16@1": 0.0, "04T22@2": 0.7772020725388598, "05T35@2": 0.8798076923076923, "06T35@3": 0.6773761713520754, "07T35@3": 0.667107001321005, "BUYER": 0.0, "SELLER": 0.0}