{"00T35@0": 0.2786885245901637, "01T22@0": 0.2801724137931037, "02T23@1": 0.645348837209302, "03T22@1": 0.22531645569620254, "04T23@2": 0.14285714285714285, "05T22@2": 0.25581395348837205, "06T35@3": 0.6249999999999999, "07T35@3": 0.5566037735849058, "08T24@4": 1.0, "09T41@4": 0.2671755725190839, "BUYER": 0.0, "SELLER": 0.0}