{"00T06@0": 0.23076923076923078, "01T35@0": 0.3178571428571429, "02T41@1": 0.4421768707482993, "03T23@1": 0.9548872180451128, "04T41@2": 0.004115226337448557, "05T22@2": 0.005555555555555556, "06T06@3": 0.0, "07T22@3": 0.31603773584905664, "08T41@4": 0.038135593220338986, "09T06@4": 0.0, "BUYER": 0.0, "SELLER": 0.0}