{"00T26@0": 0.07942973523421588, "01T26@0": 0.09328358208955227, "02T37@1": 0.0, "03T23@1": 0.5991561181434591, "04T37@2": 0.004219409282700419, "05T23@2": 0.0, "06T23@3": 0.7630057803468207, "07T23@3": 0.772222222222222, "08T37@4": 0.0, "09T26@4": 0.0, "BUYER": 0.0, "SELLER": 0.0}