{"00T04@0": 0.1538461538461538, "01T04@0": 0.19230769230769237, "02T41@1": 0.19653179190751446, "03T22@1": 0.08080808080808079, "04T41@2": 0.4489795918367349, "05T04@2": 0.22009569377990426, "06T41@3": 0.0, "07T22@3": 0.010256410256410253, "BUYER": 0.0, "SELLER": 0.0}