{"00T10@0": 0.07106598984771577, "01T15@0": 0.07216494845360828, "02T23@1": 0.8571428571428571, "03T22@1": 0.2280701754385964, "04T35@2": 0.7336683417085424, "05T22@2": 0.4896551724137931, "06T35@3": 0.543103448275862, "07T35@3": 0.5122699386503067, "BUYER": 0.0, "SELLER": 0.0}