{"00T38@0": 0.0, "01T40@0": 0.06938775510204082, "02T40@1": 0.23529411764705882, "03T23@1": 0.6535580524344574, "04T38@2": 0.038306451612903226, "05T40@2": 0.005813953488372093, "06T38@3": 0.0, "07T23@3": 0.69219440353461, "BUYER": 0.0, "SELLER": 0.0}