{"00T37@0": 0.0, "01T35@0": 0.14709236031927014, "02T29@1": 0.0, "03T41@1": 0.6764168190127974, "04T35@2": 0.7286135693215334, "05T35@2": 0.7614814814814813, "06T12@3": 0.0, "07T22@3": 0.0, "BUYER": 0.0, "SELLER": 0.0}