{"00T35@0": 0.35266821345707644, "01T22@0": 0.0, "02T24@1": 1.0, "03T38@1": 0.0, "04T24@2": 0.5185185185185184, "05T38@2": 0.0, "06T38@3": 0.0, "07T24@3": 0.8011363636363636, "BUYER": 0.0, "SELLER": 0.0}