{"00T35@0": 0.0, "01T35@0": 0.0, "02T23@1": 1.0, "03T35@1": 1.0, "04T35@2": 0.79498861047836, "05T35@2": 0.8101545253863137, "06T38@3": 0.0, "07T40@3": 0.0, "08T22@4": 0.6052631578947366, "09T23@4": 0.5056390977443608, "BUYER": 0.0, "SELLER": 0.0}