{"time_limit": 10800, "spot_discount": 0.9, "spot_market_global_loss": 0.2, "neg_quota_step": 420, "n_processes": 4, "n_products": 5, "n_steps": 70, "financial_reports_period": 5, "exogenous_horizon": 25, "max_productivity": 1.0, "catalog_prices": [10, 18, 26, 35, 50], "cash_availability": [1.5, 2.5], "expected_productivity": 1.2571428571428571, "expected_mean_profit": 0.10085936099765114, "initial_balance": [21263, 21263, 21263, 21263, 46727, 46727, 46727, 84746, 84746, 80443, 80443, 80443]}