{"00T36@0": 0.09000000000000001, "01T36@0": 0.1053639846743295, "02T36@1": 0.33796296296296285, "03T40@1": 0.33185840707964587, "04T40@2": 0.018145161290322582, "05T40@2": 0.017543859649122806, "BUYER": 0.0, "SELLER": 0.0}