{"00T20@0": 0.0, "01T12@0": 0.021788129226145772, "02T23@1": 0.600760456273764, "03T35@1": 0.44550408719346046, "04T22@2": 0.016793893129771007, "05T23@2": 0.6014109347442681, "BUYER": 0.0, "SELLER": 0.0}