{"00T19@0": 0.0, "01T37@0": 0.0, "02T19@1": 0.0, "03T37@1": 0.06194690265486725, "04T37@2": 0.0926640926640927, "05T19@2": 1.0, "BUYER": 0.0, "SELLER": 0.0}