{"00T22@0": 0.13454545454545466, "01T35@0": 0.33333333333333376, "02T07@1": 0.12363636363636364, "03T06@1": 0.0, "04T35@2": 0.8530465949820788, "05T35@2": 0.8095238095238094, "BUYER": 0.0, "SELLER": 0.0}