{"time_limit": 10800, "spot_discount": 0.9, "spot_market_global_loss": 0.2, "neg_quota_step": 256, "n_processes": 3, "n_products": 4, "n_steps": 57, "financial_reports_period": 5, "exogenous_horizon": 16, "max_productivity": 1.0, "catalog_prices": [10, 16, 21, 31], "cash_availability": [1.5, 2.5], "expected_productivity": 1.263157894736842, "expected_mean_profit": 0.07060261491166339, "initial_balance": [15969, 15969, 15969, 15969, 44314, 44314, 39162, 39162, 39162]}