{"00T29@0": 0.0, "01T22@0": 0.27539503386004555, "02T37@1": 0.17575757575757583, "03T35@1": 0.1648351648351649, "04T23@2": 0.6329787234042552, "05T35@2": 0.746031746031746, "06T22@3": 0.31880733944954154, "07T23@3": 0.9455782312925171, "08T22@4": 0.0, "09T22@4": 0.0, "BUYER": 0.0, "SELLER": 0.0}