{"00T41@0": 0.0, "01T23@0": 0.22758620689655173, "02T34@1": 0.5147058823529411, "03T35@1": 0.462406015037594, "04T41@2": 0.08866995073891626, "05T34@2": 0.0, "06T41@3": 0.4853801169590643, "07T34@3": 1.0, "08T35@4": 0.5996472663139331, "09T23@4": 0.6259398496240597, "BUYER": 0.0, "SELLER": 0.0}