{"00T20@0": 0.0, "01T35@0": 0.24012158054711225, "02T35@1": 0.8230088495575221, "03T35@1": 0.8296943231441049, "04T12@2": 0.01092896174863386, "05T22@2": 0.36531365313653147, "06T35@3": 0.5965517241379314, "07T35@3": 0.617543859649123, "08T22@4": 0.0, "09T22@4": 0.0, "BUYER": 0.0, "SELLER": 0.0}