{"00T29@0": 0.0, "01T23@0": 0.29875518672199164, "02T22@1": 0.2624113475177305, "03T23@1": 0.9081081081081082, "04T22@2": 0.20485175202156333, "05T35@2": 0.83, "06T36@3": 0.1902439024390244, "07T22@3": 0.1834862385321101, "08T22@4": 0.019305019305019305, "09T23@4": 0.6575342465753421, "BUYER": 0.0, "SELLER": 0.0}