{"00T07@0": 0.019607843137254898, "01T09@0": 0.0, "02T09@1": 0.0, "03T22@1": 0.0, "04T09@2": 0.0, "05T07@2": 0.0, "06T07@3": 0.0, "07T22@3": 0.6101694915254238, "BUYER": 0.0, "SELLER": 0.0}