{"00T34@0": 0.09512195121951221, "01T34@0": 0.10301507537688442, "02T29@1": 0.0, "03T23@1": 0.377952755905512, "04T29@2": 0.0, "05T35@2": 0.673469387755102, "06T34@3": 0.5475285171102658, "07T29@3": 1.0, "BUYER": 0.0, "SELLER": 0.0}