{"00T35@0": 0.16770186335403714, "01T35@0": 0.16522811344019728, "02T35@1": 0.604501607717042, "03T23@1": 0.7871720116618074, "04T12@2": 0.0, "05T02@2": 0.6542056074766358, "BUYER": 0.0, "SELLER": 0.0}