{"00T06@0": 0.09090909090909091, "01T22@0": 0.12500000000000022, "02T22@1": 0.4731182795698922, "03T35@1": 0.7867298578199051, "04T36@2": 0.0, "05T35@2": 0.719714964370546, "BUYER": 0.0, "SELLER": 0.0}