{"00T08@0": 0.04744525547445252, "01T22@0": 0.10402684563758388, "02T22@1": 0.24848484848484836, "03T35@1": 0.5581395348837208, "04T09@2": 0.0, "05T35@2": 0.7079772079772081, "BUYER": 0.0, "SELLER": 0.0}