{"00T35@0": 0.4662162162162161, "01T23@0": 0.5692771084337347, "02T22@1": 0.1605839416058394, "03T22@1": 0.11524163568773228, "04T41@2": 0.12103746397694524, "05T06@2": 0.0, "BUYER": 0.0, "SELLER": 0.0}