{"00T34@0": 0.07299270072992703, "01T34@0": 0.08626198083067094, "02T37@1": 0.14285714285714285, "03T22@1": 0.12162162162162164, "04T37@2": 0.09489051094890512, "05T34@2": 0.6521739130434782, "06T37@3": 0.15202702702702695, "07T22@3": 0.09615384615384615, "BUYER": 0.0, "SELLER": 0.0}