{"time_limit": 10800, "spot_discount": 0.9, "spot_market_global_loss": 0.2, "neg_quota_step": 240, "n_processes": 4, "n_products": 5, "n_steps": 60, "financial_reports_period": 5, "exogenous_horizon": 25, "max_productivity": 1.0, "catalog_prices": [10, 17, 27, 41, 59], "cash_availability": [1.5, 2.5], "expected_productivity": 0.9333333333333333, "expected_mean_profit": 0.09418076764341725, "initial_balance": [18241, 18241, 25963, 25963, 41772, 41772, 59404, 59404]}