{"00T35@0": 0.3687500000000001, "01T22@0": 0.0557620817843867, "02T36@1": 0.1793103448275862, "03T29@1": 0.0, "04T35@2": 0.9375, "05T23@2": 0.7206896551724138, "BUYER": 0.0, "SELLER": 0.0}