{"00T35@0": 0.47821782178217814, "01T35@0": 0.4472616632860039, "02T35@1": 0.0, "03T22@1": 0.0, "04T35@2": 0.0, "05T35@2": 0.0, "06T29@3": 1.0, "07T16@3": 1.0, "BUYER": 0.0, "SELLER": 0.0}