{"00T29@0": 0.0, "01T41@0": 0.0, "02T29@1": 0.0, "03T41@1": 0.04597701149425286, "04T41@2": 0.04093567251461991, "05T29@2": 1.0, "BUYER": 0.0, "SELLER": 0.0}