{"00T40@0": 0.02631578947368421, "01T22@0": 0.02702702702702703, "02T35@1": 0.8717948717948718, "03T22@1": 0.4166666666666667, "04T10@2": 0.0, "05T35@2": 0.0, "06T35@3": 0.7906976744186046, "07T35@3": 0.7948717948717948, "BUYER": 0.0, "SELLER": 0.0}