{"00T35@0": 0.6710743801652889, "01T22@0": 0.06623586429725369, "02T03@1": 0.007220216606498195, "03T35@1": 0.61864406779661, "04T09@2": 0.0, "05T35@2": 0.7011207970112082, "BUYER": 0.0, "SELLER": 0.0}