{"00T09@0": 0.0, "01T26@0": 0.0, "02T26@1": 0.04487179487179487, "03T09@1": 0.0, "04T26@2": 0.003623188405797098, "05T09@2": 0.0, "BUYER": 0.0, "SELLER": 0.0}