{"00T40@0": 0.07322175732217572, "01T22@0": 0.08032128514056222, "02T22@1": 0.1306532663316584, "03T35@1": 0.7209302325581395, "04T34@2": 0.6886446886446884, "05T35@2": 0.7029702970297023, "BUYER": 0.0, "SELLER": 0.0}