{"00T29@0": 0.0, "01T41@0": 0.1854714064914991, "02T22@1": 0.3365695792880259, "03T35@1": 0.6509803921568625, "04T22@2": 0.1806282722513089, "05T35@2": 0.4594594594594597, "06T23@3": 0.6791666666666665, "07T35@3": 0.654320987654321, "08T22@4": 0.0, "09T23@4": 0.7183499288762446, "BUYER": 0.0, "SELLER": 0.0}