{"time_limit": 10800, "spot_discount": 0.9, "spot_market_global_loss": 0.2, "neg_quota_step": 465, "n_processes": 5, "n_products": 6, "n_steps": 93, "financial_reports_period": 5, "exogenous_horizon": 37, "max_productivity": 1.0, "catalog_prices": [10, 14, 21, 33, 46, 51], "cash_availability": [1.5, 2.5], "expected_productivity": 0.946236559139785, "expected_mean_profit": 0.07792509435788252, "initial_balance": [18314, 18314, 24019, 24019, 37683, 37683, 58532, 58532, 68112, 68112]}