,balance,assets,bankrupt,agent_id,step
0,1565.0,80.0,False,00T16@0,0.0
1,1135.0,510.00000000000017,False,00T16@0,5.0
2,1525.0,120.0,False,01T24@0,0.0
3,1235.0,410.00000000000006,False,01T24@0,5.0
4,2293.0,0.0,False,02T16@1,0.0
5,2293.0,0.0,False,02T16@1,5.0
6,2293.0,0.0,False,03T24@1,0.0
7,2293.0,0.0,False,03T24@1,5.0
8,3512.0,0.0,False,04T16@2,0.0
9,2910.0,0.0,False,04T16@2,5.0
10,3512.0,0.0,False,05T24@2,0.0
11,3332.0,0.0,False,05T24@2,5.0
12,,,,,
13,,,,,
14,,,,,
15,,,,,
