{"00T37@0": 0.0, "01T41@0": 0.13157894736842105, "02T37@1": 0.019417475728155335, "03T12@1": 0.65, "04T12@2": 0.06451612903225806, "05T41@2": 0.7383177570093458, "06T12@2": 0.07407407407407407, "07T41@3": 0.49473684210526314, "08T37@3": 0.22641509433962265, "BUYER": 0.0, "SELLER": 0.0}