{"time_limit": 10800, "spot_discount": 0.9, "spot_market_global_loss": 0.2, "neg_quota_step": 243, "n_processes": 4, "n_products": 5, "n_steps": 54, "financial_reports_period": 5, "exogenous_horizon": 16, "max_productivity": 1.0, "catalog_prices": [10, 19, 30, 40, 49], "cash_availability": [1.5, 2.5], "expected_productivity": 0.823045267489712, "expected_mean_profit": 0.06582976117575015, "initial_balance": [18385, 18385, 29145, 29145, 25090, 25090, 25090, 45475, 45475]}