{"00T37@0": 0.14590747330960854, "01T23@0": 0.49731182795698925, "02T37@1": 0.025, "03T22@1": 0.020202020202020193, "04T40@2": 0.1675126903553301, "05T40@2": 0.09782608695652174, "06T37@3": 0.19672131147540983, "07T40@3": 0.8163265306122449, "08T22@4": 0.02247191011235954, "09T35@4": 0.5357142857142857, "BUYER": 0.0, "SELLER": 0.0}