{"00T35@0": 0.40831918505942244, "01T35@0": 0.41990950226244356, "02T35@1": 0.9855769230769231, "03T22@1": 0.16091954022988497, "04T35@2": 0.2862068965517242, "05T35@2": 0.31111111111111117, "06T34@3": 0.4113573407202216, "07T09@3": 0.0, "BUYER": 0.0, "SELLER": 0.0}