{"00T35@0": 0.2641843971631202, "01T22@0": 0.021598272138228933, "02T03@1": 0.0457516339869281, "03T35@1": 0.7149999999999997, "04T41@2": 0.5235849056603775, "05T35@2": 0.7638376383763844, "BUYER": 0.0, "SELLER": 0.0}