{"00T35@0": 0.5696969696969701, "01T22@0": 0.11041009463722395, "02T17@1": 0.12454212454212454, "03T35@1": 0.7541899441340782, "04T37@2": 0.059479553903345736, "05T35@2": 0.5946547884187078, "BUYER": 0.0, "SELLER": 0.0}