{"00T41@0": 0.35051546391752586, "01T35@0": 0.7055335968379445, "02T22@1": 0.1976047904191618, "03T23@1": 0.40076335877862596, "04T35@2": 0.4878892733564017, "05T35@2": 0.4930069930069929, "06T20@3": 1.0, "07T23@3": 0.5971428571428568, "BUYER": 0.0, "SELLER": 0.0}