{"00T36@0": 0.08123249299719898, "01T22@0": 0.0915208613728128, "02T22@1": 0.17567567567567574, "03T35@1": 0.5312500000000003, "04T09@2": 0.0, "05T35@2": 0.7701149425287356, "BUYER": 0.0, "SELLER": 0.0}