{"00T24@0": 0.0, "01T35@0": 0.7873134328358207, "02T24@1": 0.0, "03T41@1": 0.5283018867924525, "04T41@2": 0.018957345971563972, "05T41@2": 0.0330578512396694, "06T24@3": 1.0, "07T22@3": 0.017241379310344838, "BUYER": 0.0, "SELLER": 0.0}