{"00T12@0": 0.0, "01T35@0": 0.1258278145695364, "02T36@1": 0.30817610062893114, "03T23@1": 0.2859649122807019, "04T22@2": 0.047717842323651435, "05T35@2": 0.945, "06T41@3": 0.36495176848874605, "07T29@3": 1.0, "BUYER": 0.0, "SELLER": 0.0}