{"time_limit": 10800, "spot_discount": 0.9, "spot_market_global_loss": 0.2, "neg_quota_step": 444, "n_processes": 4, "n_products": 5, "n_steps": 111, "financial_reports_period": 5, "exogenous_horizon": 50, "max_productivity": 1.0, "catalog_prices": [10, 19, 30, 43, 54], "cash_availability": [1.5, 2.5], "expected_productivity": 0.963963963963964, "expected_mean_profit": 0.07286946991386944, "initial_balance": [33225, 33225, 52477, 52477, 74170, 74170, 91955, 91955]}