{"00T34@0": 0.10869565217391323, "01T26@0": 0.03875968992248062, "02T23@1": 0.4722222222222223, "03T23@1": 0.4571428571428571, "04T35@2": 0.8536585365853656, "05T35@2": 0.8327645051194539, "06T23@3": 0.6293494704992446, "07T23@3": 0.6319758672699846, "BUYER": 0.0, "SELLER": 0.0}