{"00T34@0": 0.008086253369272232, "01T34@0": 0.005361930294906158, "02T40@1": 0.47619047619047616, "03T34@1": 0.0, "04T40@2": 0.7725490196078434, "05T40@2": 0.8812260536398467, "BUYER": 0.0, "SELLER": 0.0}