{"00T35@0": 0.42921857304643257, "01T35@0": 0.4299175500588927, "02T35@1": 1.0, "03T22@1": 0.0009624639076034636, "04T35@2": 0.5114006514657984, "05T35@2": 0.5066225165562914, "06T08@3": 0.0, "07T29@3": 1.0, "BUYER": 0.0, "SELLER": 0.0}