{"00T22@0": 0.0, "01T35@0": 0.16387959866220736, "02T20@1": 0.0, "03T22@1": 0.0, "04T29@2": 0.0, "05T35@2": 0.6687116564417179, "06T35@3": 0.8578947368421054, "07T22@3": 0.0, "08T12@4": 0.04729729729729729, "09T37@4": 0.018726591760299626, "BUYER": 0.0, "SELLER": 0.0}