{"00T35@0": 0.3945720250521921, "01T22@0": 0.0521978021978022, "02T34@1": 0.0, "03T22@1": 0.0, "04T34@2": 0.0, "05T19@2": 0.0, "06T19@3": 0.0, "07T19@3": 0.0, "08T34@4": 1.0, "09T35@4": 1.0, "BUYER": 0.0, "SELLER": 0.0}