{"time_limit": 10800, "spot_discount": 0.9, "spot_market_global_loss": 0.2, "neg_quota_step": 350, "n_processes": 5, "n_products": 6, "n_steps": 70, "financial_reports_period": 5, "exogenous_horizon": 15, "max_productivity": 1.0, "catalog_prices": [10, 18, 26, 41, 50, 61], "cash_availability": [1.5, 2.5], "expected_productivity": 0.9285714285714286, "expected_mean_profit": 0.07820717332494984, "initial_balance": [21861, 21861, 34432, 34432, 48094, 48094, 70659, 70659, 82603, 82603]}