{"00T29@0": 0.0, "01T23@0": 0.29622641509433956, "02T22@1": 0.5460251046025105, "03T23@1": 0.9432432432432433, "04T35@2": 0.6367432150313151, "05T22@2": 0.0, "06T12@3": 0.05865921787709497, "07T37@3": 0.10141509433962267, "08T35@4": 0.672566371681416, "09T35@4": 0.6678260869565209, "BUYER": 0.0, "SELLER": 0.0}