{"00T20@0": 0.10344827586206896, "01T22@0": 0.26666666666666666, "02T35@1": 0.4444444444444444, "03T22@1": 0.14285714285714285, "04T26@2": 0.42105263157894735, "05T35@2": 0.3076923076923077, "06T35@3": 0.7647058823529411, "07T35@3": 0.7941176470588235, "BUYER": 0.0, "SELLER": 0.0}