{"00T34@0": 0.09556313993174066, "01T22@0": 0.21446384039900254, "02T22@1": 0.3877551020408166, "03T35@1": 0.6872427983539092, "04T24@2": 1.0, "05T35@2": 0.5753968253968251, "BUYER": 0.0, "SELLER": 0.0}