{"00T40@0": 0.15857605177993533, "01T23@0": 0.23163841807909608, "02T22@1": 0.14375000000000002, "03T35@1": 0.6506024096385539, "04T19@2": 1.0, "05T35@2": 0.6707021791767551, "BUYER": 0.0, "SELLER": 0.0}