{"time_limit": 10800, "spot_discount": 0.9, "spot_market_global_loss": 0.2, "neg_quota_step": 244, "n_processes": 4, "n_products": 5, "n_steps": 61, "financial_reports_period": 5, "exogenous_horizon": 30, "max_productivity": 1.0, "catalog_prices": [10, 16, 28, 39, 56], "cash_availability": [1.5, 2.5], "expected_productivity": 0.9344262295081968, "expected_mean_profit": 0.09786959469804676, "initial_balance": [16632, 16632, 25899, 25899, 38196, 38196, 56430, 56430]}