{"00T22@0": 0.2524752475247522, "01T35@0": 0.7575757575757578, "02T41@1": 0.3937007874015749, "03T41@1": 0.2956521739130432, "04T26@2": 0.16317991631799167, "05T26@2": 0.128755364806867, "06T23@3": 0.8586956521739131, "07T22@3": 0.39344262295081955, "08T41@4": 0.0, "09T26@4": 0.0, "BUYER": 0.0, "SELLER": 0.0}