{"00T37@0": 0.12133891213389127, "01T29@0": 0.0, "02T41@1": 0.6753246753246751, "03T41@1": 0.641509433962264, "04T37@2": 0.00641025641025641, "05T23@2": 0.5167464114832534, "06T37@3": 0.006060606060606061, "07T29@3": 0.0, "08T29@4": 1.0, "09T41@4": 0.5384615384615383, "BUYER": 0.0, "SELLER": 0.0}