{"00T06@0": 0.0, "01T07@0": 0.006048387096774197, "02T23@1": 0.9263803680981595, "03T23@1": 0.9156626506024096, "04T35@2": 0.6840855106888364, "05T35@2": 0.6588785046728972, "06T23@3": 0.623342175066313, "07T23@3": 0.6201859229747677, "BUYER": 0.0, "SELLER": 0.0}