{"00T40@0": 0.0431266846361186, "01T19@0": 0.0, "02T19@1": 0.0, "03T23@1": 0.6146788990825687, "04T40@2": 0.01333333333333333, "05T23@2": 1.0, "06T19@3": 1.0, "07T40@3": 0.0, "BUYER": 0.0, "SELLER": 0.0}