{"00T24@0": 0.008571428571428563, "01T23@0": 0.5272206303724928, "02T41@1": 0.4150943396226414, "03T23@1": 0.8181818181818182, "04T23@2": 0.6641221374045804, "05T23@2": 0.7094017094017093, "06T35@3": 0.6918489065606364, "07T35@3": 0.6873786407766992, "BUYER": 0.0, "SELLER": 0.0}