{"00T35@0": 0.31746031746031744, "01T23@0": 0.4447368421052631, "02T23@1": 0.8015267175572519, "03T22@1": 0.0, "04T22@2": 0.0, "05T35@2": 0.8669527896995708, "06T40@3": 0.22509960159362555, "07T29@3": 0.0, "08T35@4": 0.6850152905198784, "09T23@4": 0.7005494505494501, "BUYER": 0.0, "SELLER": 0.0}