{"time_limit": 10800, "spot_discount": 0.9, "spot_market_global_loss": 0.2, "neg_quota_step": 460, "n_processes": 5, "n_products": 6, "n_steps": 92, "financial_reports_period": 5, "exogenous_horizon": 28, "max_productivity": 1.0, "catalog_prices": [10, 14, 24, 31, 37, 46], "cash_availability": [1.5, 2.5], "expected_productivity": 0.9456521739130435, "expected_mean_profit": 0.10070818977520299, "initial_balance": [16802, 16802, 26954, 26954, 35424, 35424, 47746, 47746, 56217, 56217]}