{"time_limit": 10800, "spot_discount": 0.9, "spot_market_global_loss": 0.2, "neg_quota_step": 336, "n_processes": 4, "n_products": 5, "n_steps": 84, "financial_reports_period": 5, "exogenous_horizon": 38, "max_productivity": 1.0, "catalog_prices": [10, 19, 27, 33, 48], "cash_availability": [1.5, 2.5], "expected_productivity": 0.9523809523809523, "expected_mean_profit": 0.09794049080600886, "initial_balance": [22561, 22561, 30789, 30789, 39813, 39813, 51823, 51823]}