{"00T16@0": 0.0, "01T22@0": 0.09806835066864784, "02T22@1": 0.226600985221675, "03T35@1": 0.8349514563106796, "04T40@2": 0.0, "05T35@2": 0.7693266832917709, "BUYER": 0.0, "SELLER": 0.0}