{"00T15@0": 0.04578313253012048, "01T07@0": 0.0, "02T15@1": 0.6042553191489362, "03T15@1": 0.6294416243654822, "04T07@2": 0.3012939001848425, "05T07@2": 0.22718052738336714, "BUYER": 0.0, "SELLER": 0.0}