{"00T35@0": 0.3327272727272728, "01T23@0": 0.48109965635738833, "02T22@1": 0.01818181818181818, "03T22@1": 0.06040268456375839, "04T37@2": 0.044392523364486014, "05T40@2": 0.6363636363636366, "BUYER": 0.0, "SELLER": 0.0}