{"00T26@0": 0.06696428571428567, "01T23@0": 0.44239631336405505, "02T22@1": 0.004255319148936168, "03T35@1": 0.6097560975609758, "04T19@2": 1.0, "05T35@2": 0.7400419287211742, "BUYER": 0.0, "SELLER": 0.0}