{"00T09@0": 0.0, "01T35@0": 0.010471204188481676, "02T09@1": 0.0, "03T09@1": 0.0, "04T38@2": 0.0, "05T35@2": 0.9787234042553191, "06T38@3": 0.011152416356877328, "07T35@3": 0.7792642140468229, "08T38@4": 0.0, "09T22@4": 0.0, "BUYER": 0.0, "SELLER": 0.0}