{"00T35@0": 0.19525065963060678, "01T23@0": 0.14124293785310735, "02T34@1": 0.33200000000000013, "03T23@1": 1.0, "04T23@2": 0.7061855670103091, "05T22@2": 0.004273504273504271, "06T24@3": 0.05263157894736842, "07T22@3": 0.21776504297994273, "08T22@4": 0.03169014084507042, "09T22@4": 0.003584229390681, "BUYER": 0.0, "SELLER": 0.0}