{"time_limit": 10800, "spot_discount": 0.9, "spot_market_global_loss": 0.2, "neg_quota_step": 252, "n_processes": 4, "n_products": 5, "n_steps": 63, "financial_reports_period": 5, "exogenous_horizon": 18, "max_productivity": 1.0, "catalog_prices": [10, 20, 29, 35, 48], "cash_availability": [1.5, 2.5], "expected_productivity": 0.9365079365079365, "expected_mean_profit": 0.07598380187600721, "initial_balance": [21787, 21787, 31463, 31463, 41075, 41075, 50877, 50877]}