{"00T19@0": 0.0, "01T23@0": 0.23044397463002117, "02T40@1": 0.53515625, "03T23@1": 0.8304347826086956, "04T35@2": 0.7100175746924435, "05T23@2": 0.6313043478260869, "BUYER": 0.0, "SELLER": 0.0}