{"00T29@0": 0.0, "01T35@0": 0.3830409356725146, "02T35@1": 0.8495370370370371, "03T35@1": 0.8528610354223434, "04T38@2": 0.044987146529562975, "05T35@2": 0.6854345165238678, "BUYER": 0.0, "SELLER": 0.0}