{"00T22@0": 0.0, "01T35@0": 0.0, "02T24@1": 0.2857142857142857, "03T24@1": 0.14285714285714285, "04T32@2": 1.0, "05T24@2": 1.0, "06T23@3": 0.0, "07T22@3": 0.37116564417177894, "08T32@4": 0.11856823266219252, "09T32@4": 0.576119402985075, "BUYER": 0.0, "SELLER": 0.0}