{"00T24@0": 0.0, "01T12@0": 0.0, "02T22@1": 0.9022222222222223, "03T35@1": 0.7887931034482759, "04T35@2": 0.7098765432098768, "05T35@2": 0.734375, "BUYER": 0.0, "SELLER": 0.0}