{"00T24@0": 0.013333333333333334, "01T22@0": 0.27165354330708663, "02T35@1": 0.8025477707006369, "03T22@1": 0.398989898989899, "04T37@2": 0.055000000000000056, "05T23@2": 0.5177514792899407, "BUYER": 0.0, "SELLER": 0.0}