{"00T40@0": 0.09565217391304352, "01T22@0": 0.12534818941504175, "02T35@1": 0.6428571428571428, "03T23@1": 0.6762589928057554, "04T41@2": 0.0, "05T22@2": 0.0, "BUYER": 0.0, "SELLER": 0.0}