{"time_limit": 10800, "spot_discount": 0.9, "spot_market_global_loss": 0.2, "neg_quota_step": 310, "n_processes": 5, "n_products": 6, "n_steps": 62, "financial_reports_period": 5, "exogenous_horizon": 29, "max_productivity": 1.0, "catalog_prices": [10, 14, 27, 36, 45, 52], "cash_availability": [1.5, 2.5], "expected_productivity": 0.9193548387096774, "expected_mean_profit": 0.046059750428414196, "initial_balance": [17876, 17876, 28738, 28738, 45238, 45238, 55001, 55001, 68476, 68476]}