{"00T29@0": 0.0, "01T35@0": 0.4986301369863014, "02T41@1": 0.25446428571428586, "03T22@1": 0.0, "04T22@2": 0.024193548387096763, "05T22@2": 0.046413502109704685, "BUYER": 0.0, "SELLER": 0.0}