{"00T34@0": 0.0, "01T20@0": 0.0, "02T34@1": 1.0, "03T34@1": 1.0, "04T20@2": 0.6284584980237157, "05T20@2": 0.5846774193548384, "BUYER": 0.0, "SELLER": 0.0}