{"00T35@0": 0.2691511387163562, "01T23@0": 0.4113345521023767, "02T22@1": 0.18910256410256407, "03T22@1": 0.1716171617161716, "04T32@2": 0.10144927536231887, "05T36@2": 0.4308300395256921, "BUYER": 0.0, "SELLER": 0.0}