{"00T29@0": 0.0, "01T29@0": 0.0, "02T41@1": 1.0, "03T22@1": 1.0, "04T41@2": 0.3603603603603603, "05T29@2": 0.0, "06T41@3": 0.6985294117647058, "07T35@3": 0.8842105263157893, "08T23@4": 0.606425702811245, "09T35@4": 0.6343612334801765, "BUYER": 0.0, "SELLER": 0.0}