{"00T34@0": 0.0846153846153847, "01T22@0": 0.07931034482758621, "02T23@1": 0.8404255319148933, "03T35@1": 0.669902912621359, "04T22@2": 0.4166666666666668, "05T35@2": 0.7350427350427351, "06T36@3": 0.0, "07T23@3": 0.6939313984168869, "BUYER": 0.0, "SELLER": 0.0}