{"00T26@0": 0.05110732538330494, "01T08@0": 0.1001890359168244, "02T23@1": 0.42424242424242425, "03T23@1": 0.40789473684210514, "04T35@2": 0.8561643835616436, "05T35@2": 0.8445945945945947, "06T23@3": 0.6473906911142464, "07T23@3": 0.6382054992764111, "BUYER": 0.0, "SELLER": 0.0}