{"00T06@0": 0.0, "01T35@0": 0.5508474576271185, "02T41@1": 0.1717791411042944, "03T41@1": 0.11515151515151521, "04T41@2": 0.1485148514851485, "05T35@2": 0.2952380952380952, "06T06@3": 0.0, "07T35@3": 0.7218543046357613, "08T06@4": 0.4444444444444444, "09T22@4": 0.0037878787878787845, "BUYER": 0.0, "SELLER": 0.0}