{"00T34@0": 0.10831234256926947, "01T22@0": 0.22699386503067484, "02T35@1": 0.4875, "03T35@1": 0.46405228758169936, "04T15@2": 0.42436974789915966, "05T35@2": 1.0, "06T22@3": 0.0, "07T22@3": 0.0, "BUYER": 0.0, "SELLER": 0.0}