{"00T36@0": 0.14715719063545152, "01T35@0": 0.7093206951026858, "02T35@1": 0.56832298136646, "03T35@1": 0.5728155339805827, "04T00@2": 0.0, "05T35@2": 0.715949820788531, "BUYER": 0.0, "SELLER": 0.0}