{"00T36@0": 0.2809523809523809, "01T36@0": 0.28078817733990136, "02T41@1": 0.3580246913580246, "03T41@1": 0.28143712574850277, "04T41@2": 0.02617801047120419, "05T36@2": 0.03409090909090908, "BUYER": 0.0, "SELLER": 0.0}