{"00T24@0": 0.0, "01T41@0": 0.25, "02T37@1": 0.6666666666666666, "03T41@1": 0.8, "04T37@2": 1.0, "05T36@2": 0.25, "06T37@2": 0.0, "07T36@2": 0.5, "08T24@2": 1.0, "09T36@3": 0.2857142857142857, "10T24@3": 1.0, "11T41@3": 0.3333333333333333, "BUYER": 0.0, "SELLER": 0.0}