{"00T23@0": 0.4861944777911165, "01T35@0": 0.3699136868064119, "02T41@1": 0.3232931726907631, "03T36@1": 0.003968253968253963, "04T23@2": 0.7553191489361704, "05T22@2": 0.2065217391304348, "06T35@3": 0.6604938271604943, "07T22@3": 0.46621621621621634, "08T35@4": 0.6733067729083662, "09T35@4": 0.6811989100817437, "BUYER": 0.0, "SELLER": 0.0}