{"time_limit": 10800, "spot_discount": 0.9, "spot_market_global_loss": 0.2, "neg_quota_step": 740, "n_processes": 5, "n_products": 6, "n_steps": 148, "financial_reports_period": 5, "exogenous_horizon": 41, "max_productivity": 1.0, "catalog_prices": [10, 20, 28, 36, 51, 70], "cash_availability": [1.5, 2.5], "expected_productivity": 0.9662162162162162, "expected_mean_profit": 0.10593007502165859, "initial_balance": [40174, 40174, 60764, 60764, 73820, 73820, 109977, 109977, 149273, 149273]}