{"00T37@0": 0.0, "01T22@0": 0.0, "02T35@1": 0.3076923076923077, "03T22@1": 0.7727272727272727, "04T24@2": 0.0, "05T35@2": 0.4090909090909091, "06T35@3": 1.0, "07T35@3": 1.0, "BUYER": 0.0, "SELLER": 0.0}