{"00T07@0": 0.0, "01T35@0": 0.49609375000000006, "02T07@1": 0.0, "03T38@1": 0.05454545454545454, "04T38@2": 0.09174311926605505, "05T35@2": 0.6036036036036033, "06T38@3": 0.0, "07T35@3": 0.5925925925925926, "08T07@4": 0.030651340996168595, "09T22@4": 0.0, "BUYER": 0.0, "SELLER": 0.0}