{"00T22@0": 0.04878048780487805, "01T23@0": 0.47969543147208094, "02T38@1": 0.01968503937007874, "03T35@1": 0.7058823529411765, "04T35@2": 0.6390532544378695, "05T35@2": 0.6941176470588235, "06T34@3": 0.5266272189349115, "07T35@3": 0.5792507204610953, "BUYER": 0.0, "SELLER": 0.0}