{"00T10@0": 0.0963302752293578, "01T36@0": 0.1206140350877192, "02T36@1": 0.3193277310924371, "03T10@1": 0.3107569721115538, "04T36@2": 0.018823529411764687, "05T10@2": 0.02733485193621865, "BUYER": 0.0, "SELLER": 0.0}