{"00T09@0": 0.0, "01T35@0": 0.7320359281437129, "02T35@1": 0.7169811320754724, "03T35@1": 0.7209944751381219, "04T40@2": 0.0, "05T35@2": 0.6974169741697408, "BUYER": 0.0, "SELLER": 0.0}