{"00T38@0": 0.0, "01T29@0": 0.0, "02T29@1": 0.0, "03T23@1": 0.6536458333333338, "04T38@2": 0.006993006993006986, "05T29@2": 0.0, "06T38@3": 0.0, "07T22@3": 0.7430167597765365, "BUYER": 0.0, "SELLER": 0.0}