{"00T07@0": 0.0, "01T34@0": 0.0, "02T34@1": 1.0, "03T34@1": 1.0, "04T07@2": 0.29182879377431903, "05T07@2": 0.30894308943089466, "BUYER": 0.0, "SELLER": 0.0}