{"00T41@0": 0.28205128205128194, "01T41@0": 0.29375000000000007, "02T20@1": 0.0, "03T12@1": 0.03960396039603961, "04T12@2": 0.0, "05T12@2": 0.0, "06T41@3": 0.0, "07T22@3": 0.0, "08T20@4": 1.0, "09T20@4": 1.0, "BUYER": 0.0, "SELLER": 0.0}