{"time_limit": 10800, "spot_discount": 0.9, "spot_market_global_loss": 0.2, "neg_quota_step": 409, "n_processes": 4, "n_products": 5, "n_steps": 91, "financial_reports_period": 5, "exogenous_horizon": 27, "max_productivity": 1.0, "catalog_prices": [10, 16, 25, 37, 46], "cash_availability": [1.5, 2.5], "expected_productivity": 0.8498168498168498, "expected_mean_profit": 0.066331912146818, "initial_balance": [27791, 27791, 43771, 43771, 64513, 64513, 51809, 51809, 51809]}