{"00T20@0": 0.13996316758747693, "01T22@0": 0.1079429735234215, "02T37@1": 0.11507936507936507, "03T35@1": 0.736, "04T22@2": 0.008498583569405097, "05T35@2": 0.6995230524642289, "BUYER": 0.0, "SELLER": 0.0}