{"time_limit": 10800, "spot_discount": 0.9, "spot_market_global_loss": 0.2, "neg_quota_step": 320, "n_processes": 5, "n_products": 6, "n_steps": 64, "financial_reports_period": 5, "exogenous_horizon": 21, "max_productivity": 1.0, "catalog_prices": [10, 17, 24, 35, 46, 54], "cash_availability": [1.5, 2.5], "expected_productivity": 0.921875, "expected_mean_profit": 0.11300576096110419, "initial_balance": [13391, 13391, 18614, 18614, 24461, 24461, 34148, 34148, 43565, 43565]}