{"00T23@0": 0.3551912568306011, "01T35@0": 0.22297297297297297, "02T37@1": 0.0, "03T23@1": 0.7777777777777778, "04T27@2": 0.06666666666666667, "05T35@2": 0.7362637362637363, "06T22@3": 0.20689655172413773, "07T23@3": 0.5853658536585363, "BUYER": 0.0, "SELLER": 0.0}