{"time_limit": 10800, "spot_discount": 0.9, "spot_market_global_loss": 0.2, "neg_quota_step": 280, "n_processes": 5, "n_products": 6, "n_steps": 56, "financial_reports_period": 5, "exogenous_horizon": 19, "max_productivity": 1.0, "catalog_prices": [10, 15, 25, 36, 42, 52], "cash_availability": [1.5, 2.5], "expected_productivity": 0.9107142857142857, "expected_mean_profit": 0.10764363364173622, "initial_balance": [10248, 10248, 16200, 16200, 22939, 22939, 29364, 29364, 36142, 36142]}