{"00T12@0": 0.0, "01T37@0": 0.056856187290969924, "02T37@1": 0.0, "03T37@1": 0.0058823529411764705, "04T12@2": 0.0, "05T12@2": 0.0, "BUYER": 0.0, "SELLER": 0.0}