{"00T29@0": 0.0, "01T41@0": 0.0, "02T29@1": 0.0, "03T41@1": 0.13636363636363635, "04T41@2": 0.034482758620689655, "05T35@2": 0.8936170212765957, "06T29@3": 1.0, "07T22@3": 0.0, "BUYER": 0.0, "SELLER": 0.0}