{"time_limit": 10800, "spot_discount": 0.9, "spot_market_global_loss": 0.2, "neg_quota_step": 292, "n_processes": 4, "n_products": 5, "n_steps": 73, "financial_reports_period": 5, "exogenous_horizon": 20, "max_productivity": 1.0, "catalog_prices": [10, 15, 19, 29, 39], "cash_availability": [1.5, 2.5], "expected_productivity": 0.9452054794520548, "expected_mean_profit": 0.10115042959079656, "initial_balance": [14224, 14224, 19262, 19262, 26788, 26788, 42731, 42731]}