{"00T41@0": 0.019559902200488997, "01T35@0": 0.1822125813449023, "02T29@1": 0.0, "03T22@1": 0.3617647058823527, "04T22@2": 0.05263157894736842, "05T22@2": 0.04069767441860467, "BUYER": 0.0, "SELLER": 0.0}