{"00T38@0": 0.0, "01T26@0": 0.04191616766467067, "02T38@1": 0.03432494279176202, "03T22@1": 0.11224489795918369, "04T38@2": 0.04580152671755727, "05T26@2": 0.2032520325203252, "06T26@3": 0.07142857142857144, "07T23@3": 0.6321243523316067, "BUYER": 0.0, "SELLER": 0.0}