{"00T40@0": 0.14705882352941177, "01T22@0": 0.21212121212121213, "02T35@1": 0.4782608695652174, "03T22@1": 0.5882352941176471, "04T24@2": 0.0, "05T35@2": 0.25, "06T35@3": 0.9459459459459459, "07T35@3": 0.9310344827586207, "BUYER": 0.0, "SELLER": 0.0}