{"00T06@0": 0.0, "01T40@0": 0.025454545454545466, "02T40@1": 0.08695652173913043, "03T06@1": 0.0, "04T06@2": 0.0, "05T40@2": 0.8888888888888888, "BUYER": 0.0, "SELLER": 0.0}