{"time_limit": 10800, "spot_discount": 0.9, "spot_market_global_loss": 0.2, "neg_quota_step": 296, "n_processes": 4, "n_products": 5, "n_steps": 74, "financial_reports_period": 5, "exogenous_horizon": 25, "max_productivity": 1.0, "catalog_prices": [10, 19, 28, 35, 45], "cash_availability": [1.5, 2.5], "expected_productivity": 0.9459459459459459, "expected_mean_profit": 0.0647722404683707, "initial_balance": [25282, 25282, 35868, 35868, 50958, 50958, 62967, 62967]}