{"00T23@0": 0.2596491228070176, "01T22@0": 0.0, "02T20@1": 0.0, "03T22@1": 0.019736842105263157, "04T29@2": 1.0, "05T22@2": 0.11934156378600812, "BUYER": 0.0, "SELLER": 0.0}