{"00T15@0": 0.29876543209876516, "01T16@0": 0.0, "02T23@1": 0.45801526717557245, "03T23@1": 0.45454545454545453, "04T35@2": 0.8205980066445184, "05T35@2": 0.8546712802768164, "06T23@3": 0.4895397489539749, "07T23@3": 0.47916666666666663, "BUYER": 0.0, "SELLER": 0.0}