{"time_limit": 10800, "spot_discount": 0.9, "spot_market_global_loss": 0.2, "neg_quota_step": 376, "n_processes": 4, "n_products": 5, "n_steps": 94, "financial_reports_period": 5, "exogenous_horizon": 23, "max_productivity": 1.0, "catalog_prices": [10, 18, 26, 43, 58], "cash_availability": [1.5, 2.5], "expected_productivity": 0.9574468085106383, "expected_mean_profit": 0.07013737145302018, "initial_balance": [31514, 31514, 51577, 51577, 74687, 74687, 103994, 103994]}