{"00T40@0": 0.3492063492063492, "01T24@0": 0.0, "02T22@1": 0.301775147928994, "03T23@1": 0.19101123595505615, "04T23@2": 0.7500000000000001, "05T35@2": 0.7170731707317067, "06T22@3": 0.0, "07T23@3": 0.5819209039548019, "BUYER": 0.0, "SELLER": 0.0}