{"time_limit": 10800, "spot_discount": 0.9, "spot_market_global_loss": 0.2, "neg_quota_step": 232, "n_processes": 4, "n_products": 5, "n_steps": 58, "financial_reports_period": 5, "exogenous_horizon": 19, "max_productivity": 1.0, "catalog_prices": [10, 20, 29, 38, 51], "cash_availability": [1.5, 2.5], "expected_productivity": 0.9310344827586207, "expected_mean_profit": 0.06435791838262823, "initial_balance": [21566, 21566, 33562, 33562, 47175, 47175, 57957, 57957]}