,balance,assets,bankrupt,agent_id,step
0,1164.0,152.0,False,00T06@0,0.0
1,1016.0,421.21670428893896,False,00T06@0,5.0
2,1154.0,171.0,False,01T06@0,0.0
3,1046.0,366.27539503386004,False,01T06@0,5.0
4,1733.0,0.0,False,02T29@1,0.0
5,1733.0,0.0,False,02T29@1,5.0
6,1733.0,0.0,False,03T06@1,0.0
7,1689.0,108.0,False,03T06@1,5.0
8,2655.0,0.0,False,04T29@2,0.0
9,2329.0,0.0,False,04T29@2,5.0
10,2655.0,0.0,False,05T29@2,0.0
11,2043.0,0.0,False,05T29@2,5.0
12,,,,,
13,,,,,
14,,,,,
15,,,,,
