{"00T38@0": 0.056537102473498246, "01T29@0": 0.0, "02T38@1": 0.0685358255451714, "03T38@1": 0.0652173913043479, "04T35@2": 0.0, "05T23@2": 0.0, "06T29@3": 1.0, "07T29@3": 1.0, "BUYER": 0.0, "SELLER": 0.0}