{"00T41@0": 0.16349809885931557, "01T41@0": 0.1443298969072165, "02T29@1": 0.0, "03T41@1": 0.5297297297297298, "04T35@2": 0.0, "05T35@2": 0.0, "06T29@3": 1.0, "07T29@3": 1.0, "BUYER": 0.0, "SELLER": 0.0}