{"00T41@0": 0.14678899082568816, "01T20@0": 0.0, "02T20@1": 0.5922330097087378, "03T20@1": 0.5294117647058822, "04T41@2": 0.0, "05T41@2": 0.0, "BUYER": 0.0, "SELLER": 0.0}