{"00T23@0": 0.27613941018766747, "01T35@0": 0.17283950617283952, "02T36@1": 0.37474541751527496, "03T23@1": 1.0, "04T35@2": 0.5067567567567565, "05T35@2": 0.5066964285714289, "06T38@3": 0.0, "07T22@3": 0.0, "BUYER": 0.0, "SELLER": 0.0}