{"00T35@0": 0.6590436590436587, "01T35@0": 0.6687763713080166, "02T22@1": 0.0, "03T22@1": 0.00277008310249307, "04T22@2": 0.4496644295302015, "05T22@2": 0.4527027027027027, "06T41@3": 0.31384615384615416, "07T36@3": 0.35517241379310344, "08T22@4": 0.004597701149425281, "09T22@4": 0.020930232558139535, "BUYER": 0.0, "SELLER": 0.0}