{"00T35@0": 0.7665952890792288, "01T22@0": 0.07630522088353411, "02T40@1": 0.004032258064516126, "03T35@1": 0.6181818181818184, "04T16@2": 1.0, "05T35@2": 0.6661676646706588, "BUYER": 0.0, "SELLER": 0.0}