{"00T22@0": 0.016949152542372888, "01T23@0": 0.10163934426229514, "02T34@1": 0.6071428571428568, "03T23@1": 0.6880733944954127, "04T24@2": 0.9315068493150684, "05T35@2": 0.6994680851063827, "BUYER": 0.0, "SELLER": 0.0}