{"00T04@0": 0.12173913043478261, "01T36@0": 0.1521739130434783, "02T04@1": 0.3112244897959184, "03T22@1": 0.2863636363636364, "04T04@2": 0.11363636363636369, "05T36@2": 0.1776859504132232, "06T36@3": 0.0037453183520599217, "07T22@3": 0.0, "BUYER": 0.0, "SELLER": 0.0}