{"00T41@0": 0.19560439560439566, "01T41@0": 0.20092378752886836, "02T12@1": 0.8, "03T22@1": 0.01304347826086956, "04T12@2": 0.0, "05T41@2": 0.03448275862068964, "06T29@3": 0.0, "07T12@3": 0.0, "08T29@4": 1.0, "09T29@4": 1.0, "BUYER": 0.0, "SELLER": 0.0}