{"00T35@0": 0.21063394683026584, "01T23@0": 0.2998204667863559, "02T23@1": 0.8517110266159695, "03T22@1": 0.048295454545454565, "04T22@2": 0.22420634920634924, "05T23@2": 0.808641975308642, "06T41@3": 0.4192708333333335, "07T36@3": 0.0, "BUYER": 0.0, "SELLER": 0.0}