{"00T40@0": 0.010989010989010993, "01T19@0": 0.0, "02T19@1": 0.0, "03T40@1": 0.075, "04T40@2": 0.31284916201117313, "05T19@2": 1.0, "BUYER": 0.0, "SELLER": 0.0}