{"00T13@0": 0.0, "01T41@0": 0.0, "02T13@1": 0.0, "03T22@1": 0.5000000000000001, "04T41@2": 0.06097560975609756, "05T41@2": 0.16129032258064516, "06T13@3": 0.0, "07T22@3": 0.016736401673640156, "BUYER": 0.0, "SELLER": 0.0}