{"00T29@0": 0.0, "01T22@0": 0.05357142857142857, "02T19@1": 0.0, "03T35@1": 0.8522727272727273, "04T23@2": 0.770764119601329, "05T23@2": 0.7824675324675329, "BUYER": 0.0, "SELLER": 0.0}