{"00T22@0": 0.03512880562060893, "01T35@0": 0.08137044967880083, "02T29@1": 0.0, "03T23@1": 0.691119691119691, "04T37@2": 0.3425076452599388, "05T23@2": 0.774011299435028, "BUYER": 0.0, "SELLER": 0.0}