{"00T24@0": 0.0, "01T35@0": 0.15056818181818185, "02T34@1": 0.5562500000000001, "03T35@1": 0.0, "04T23@2": 0.5634920634920637, "05T23@2": 0.6102941176470589, "06T23@3": 0.9493670886075949, "07T22@3": 0.3219373219373217, "08T22@4": 0.0, "09T22@4": 0.0, "BUYER": 0.0, "SELLER": 0.0}