{"time_limit": 10800, "spot_discount": 0.9, "spot_market_global_loss": 0.2, "neg_quota_step": 402, "n_processes": 5, "n_products": 6, "n_steps": 67, "financial_reports_period": 5, "exogenous_horizon": 26, "max_productivity": 1.0, "catalog_prices": [10, 18, 27, 33, 46, 56], "cash_availability": [1.5, 2.5], "expected_productivity": 1.1567164179104477, "expected_mean_profit": 0.0644475036744913, "initial_balance": [16630, 16630, 16630, 40687, 40687, 49723, 49723, 70620, 70620, 54953, 54953, 54953]}