{"00T22@0": 0.013422818791946317, "01T22@0": 0.013605442176870746, "02T41@1": 0.6563307493540053, "03T20@1": 0.0, "04T23@2": 0.5584045584045586, "05T35@2": 0.5454545454545454, "06T22@3": 0.0, "07T23@3": 0.6785714285714283, "08T22@4": 0.04093567251461988, "09T35@4": 0.7196261682242993, "BUYER": 0.0, "SELLER": 0.0}