{"00T20@0": 0.0, "01T36@0": 0.06355932203389827, "02T20@1": 0.0, "03T36@1": 0.32026143790849676, "04T20@2": 1.0, "05T36@2": 0.01968503937007874, "BUYER": 0.0, "SELLER": 0.0}