{"00T41@0": 0.0, "01T41@0": 0.0, "02T41@1": 0.0, "03T24@1": 0.0, "04T24@2": 1.0, "05T35@2": 0.5714285714285716, "06T24@3": 1.0, "07T35@3": 0.7244444444444444, "BUYER": 0.0, "SELLER": 0.0}