{"00T22@0": 0.046908315565032006, "01T22@0": 0.057851239669421434, "02T41@1": 0.18061674008810563, "03T09@1": 0.0, "04T22@2": 0.6418439716312057, "05T35@2": 0.8541666666666666, "06T35@3": 0.7295423023578376, "07T35@3": 0.7169014084507042, "BUYER": 0.0, "SELLER": 0.0}