{"00T07@0": 0.0, "01T22@0": 0.1521739130434783, "02T35@1": 0.7631578947368421, "03T22@1": 0.8823529411764706, "04T26@2": 0.391304347826087, "05T35@2": 0.0, "06T35@3": 0.8125, "07T35@3": 0.8181818181818182, "BUYER": 0.0, "SELLER": 0.0}