{"00T36@0": 0.13271604938271603, "01T36@0": 0.11111111111111117, "02T23@1": 0.32051282051282054, "03T23@1": 0.34210526315789475, "04T20@2": 0.0, "05T23@2": 1.0, "06T20@3": 0.0, "07T22@3": 0.2604166666666667, "08T36@4": 0.29237288135593215, "09T20@4": 1.0, "BUYER": 0.0, "SELLER": 0.0}