{"time_limit": 10800, "spot_discount": 0.9, "spot_market_global_loss": 0.2, "neg_quota_step": 285, "n_processes": 5, "n_products": 6, "n_steps": 57, "financial_reports_period": 5, "exogenous_horizon": 26, "max_productivity": 1.0, "catalog_prices": [10, 16, 26, 35, 48, 58], "cash_availability": [1.5, 2.5], "expected_productivity": 0.9122807017543859, "expected_mean_profit": 0.07136505456208976, "initial_balance": [17426, 17426, 29002, 29002, 37591, 37591, 50473, 50473, 60057, 60057]}