{"00T35@0": 0.21428571428571427, "01T23@0": 0.2699386503067485, "02T22@1": 0.14824797843665768, "03T23@1": 0.5789473684210527, "04T23@2": 0.6181818181818183, "05T35@2": 0.5935828877005348, "06T26@3": 0.18067226890756302, "07T23@3": 0.6759776536312853, "08T37@4": 0.0, "09T35@4": 0.6916835699797165, "BUYER": 0.0, "SELLER": 0.0}