{"00T36@0": 0.0, "01T13@0": 0.0, "02T13@1": 0.0, "03T22@1": 0.13333333333333333, "04T36@2": 0.21052631578947367, "05T13@2": 0.0, "06T36@3": 0.366120218579235, "07T22@3": 0.31034482758620674, "BUYER": 0.0, "SELLER": 0.0}