{"time_limit": 10800, "spot_discount": 0.9, "spot_market_global_loss": 0.2, "neg_quota_step": 265, "n_processes": 5, "n_products": 6, "n_steps": 53, "financial_reports_period": 5, "exogenous_horizon": 12, "max_productivity": 1.0, "catalog_prices": [10, 15, 23, 32, 46, 57], "cash_availability": [1.5, 2.5], "expected_productivity": 0.9056603773584906, "expected_mean_profit": 0.05885200857629698, "initial_balance": [13470, 13470, 22277, 22277, 29995, 29995, 41185, 41185, 52116, 52116]}