{"00T35@0": 0.15055603079555202, "01T35@0": 0.16000000000000006, "02T35@1": 0.0, "03T22@1": 0.23673469387755117, "04T35@2": 0.8181818181818182, "05T35@2": 0.8270440251572329, "06T08@3": 0.0, "07T41@3": 0.0, "BUYER": 0.0, "SELLER": 0.0}