{"00T29@0": 0.0, "01T35@0": 0.2596291012838802, "02T35@1": 0.8759493670886075, "03T35@1": 0.8839506172839506, "04T40@2": 0.0, "05T35@2": 0.623220153340636, "BUYER": 0.0, "SELLER": 0.0}