{"00T41@0": 0.11688311688311699, "01T35@0": 0.8370607028753994, "02T41@1": 0.0, "03T41@1": 0.0, "04T06@2": 0.0, "05T06@2": 0.0, "06T23@3": 0.9787234042553191, "07T23@3": 0.9927536231884058, "08T06@4": 0.0, "09T23@4": 0.530927835051546, "BUYER": 0.0, "SELLER": 0.0}