{"00T34@0": 0.01158301158301157, "01T10@0": 0.03459637561779237, "02T10@1": 0.1273885350318472, "03T34@1": 0.6041666666666667, "04T10@2": 0.022530329289428056, "05T34@2": 0.959731543624161, "BUYER": 0.0, "SELLER": 0.0}