{"00T37@0": 0.14700193423597685, "01T35@0": 0.5301724137931031, "02T26@1": 0.25696594427244573, "03T22@1": 0.3813131313131313, "04T35@2": 0.6843033509700175, "05T35@2": 0.672222222222222, "BUYER": 0.0, "SELLER": 0.0}