{"00T06@0": 0.11764705882352941, "01T22@0": 0.13755158184319152, "02T22@1": 0.5176470588235295, "03T35@1": 0.7230046948356802, "04T26@2": 0.0, "05T35@2": 0.6948924731182786, "BUYER": 0.0, "SELLER": 0.0}