{"00T24@0": 0.0, "01T35@0": 0.14777618364418935, "02T35@1": 0.81992337164751, "03T35@1": 0.8075471698113206, "04T00@2": 0.0, "05T35@2": 0.5791543756145522, "BUYER": 0.0, "SELLER": 0.0}