{"00T37@0": 0.09572301425661911, "01T35@0": 0.019178082191780826, "02T23@1": 0.19047619047619047, "03T23@1": 0.21348314606741572, "04T24@2": 0.7222222222222222, "05T23@2": 0.8643410852713178, "06T23@3": 0.7377398720682303, "07T35@3": 0.7543103448275863, "BUYER": 0.0, "SELLER": 0.0}