{"00T19@0": 0.0, "01T35@0": 0.1552287581699345, "02T22@1": 0.37627118644067814, "03T35@1": 0.9379310344827586, "04T37@2": 0.021645021645021637, "05T22@2": 0.21271393643031786, "06T23@3": 0.7945859872611468, "07T35@3": 0.8069381598793357, "BUYER": 0.0, "SELLER": 0.0}