{"00T35@0": 0.26898047722342705, "01T22@0": 0.029100529100529106, "02T19@1": 0.0, "03T22@1": 0.04255319148936169, "04T36@2": 0.2352941176470588, "05T19@2": 0.0, "06T36@3": 0.45714285714285724, "07T19@3": 0.0, "08T36@4": 0.03333333333333337, "09T35@4": 0.7873831775700935, "BUYER": 0.0, "SELLER": 0.0}