{"00T24@0": 0.005494505494505485, "01T22@0": 0.21966527196652733, "02T41@1": 0.031746031746031744, "03T22@1": 0.12403100775193801, "04T24@2": 0.0, "05T22@2": 0.3378995433789954, "06T24@3": 0.16666666666666666, "07T41@3": 0.3652968036529679, "08T41@4": 0.0782608695652174, "09T35@4": 0.9097560975609756, "BUYER": 0.0, "SELLER": 0.0}