{"00T23@0": 0.6904024767801853, "01T22@0": 0.23674911660777415, "02T22@1": 0.10625, "03T22@1": 0.12837837837837837, "04T22@2": 0.5668789808917194, "05T35@2": 0.3424657534246575, "06T35@3": 0.5048543689320388, "07T35@3": 0.44144144144144143, "08T40@4": 0.0, "09T24@4": 1.0, "BUYER": 0.0, "SELLER": 0.0}