{"00T35@0": 0.04305283757338556, "01T22@0": 0.027504911591355596, "02T29@1": 0.0, "03T35@1": 0.7311827956989249, "04T36@2": 0.43624161073825485, "05T35@2": 0.8510273972602741, "BUYER": 0.0, "SELLER": 0.0}