{"00T41@0": 0.09090909090909091, "01T40@0": 0.125, "02T37@1": 0.0, "03T12@1": 0.0, "04T12@2": 0.0, "05T40@2": 1.0, "06T41@2": 1.0, "07T40@2": 1.0, "08T37@2": 1.0, "09T12@3": 0.0, "10T41@3": 0.6666666666666666, "11T37@3": 0.4166666666666667, "BUYER": 0.0, "SELLER": 0.0}