{"00T37@0": 0.0, "01T41@0": 0.0, "02T12@1": 0.0, "03T20@1": 0.0, "04T37@1": 1.0, "05T12@1": 0.0, "06T12@1": 0.0, "07T37@2": 1.0, "08T20@2": 0.0, "09T41@2": 0.6666666666666666, "10T20@3": 1.0, "11T41@3": 0.6666666666666666, "BUYER": 0.0, "SELLER": 0.0}