{"00T24@0": 0.0, "01T24@0": 0.0, "02T15@1": 0.9047619047619048, "03T15@1": 0.9015544041450777, "04T24@2": 0.9726962457337884, "05T15@2": 0.059775840597758395, "BUYER": 0.0, "SELLER": 0.0}