{"00T10@0": 0.16224188790560465, "01T36@0": 0.09493670886075947, "02T10@1": 0.34061135371179063, "03T36@1": 0.3972602739726027, "04T36@2": 0.0031746031746031707, "05T10@2": 0.019108280254777062, "BUYER": 0.0, "SELLER": 0.0}