{"00T07@0": 0.0, "01T08@0": 0.0, "02T07@1": 0.0, "03T22@1": 0.06521739130434782, "04T08@2": 0.8461538461538461, "05T07@2": 0.05128205128205128, "06T08@3": 1.0, "07T22@3": 0.17050691244239627, "BUYER": 0.0, "SELLER": 0.0}