{"time_limit": 10800, "spot_discount": 0.9, "spot_market_global_loss": 0.2, "neg_quota_step": 204, "n_processes": 4, "n_products": 5, "n_steps": 51, "financial_reports_period": 5, "exogenous_horizon": 10, "max_productivity": 1.0, "catalog_prices": [10, 16, 26, 39, 49], "cash_availability": [1.5, 2.5], "expected_productivity": 0.9215686274509803, "expected_mean_profit": 0.05782915698715418, "initial_balance": [14011, 14011, 21389, 21389, 30636, 30636, 42871, 42871]}