{"00T16@0": 0.0, "01T35@0": 0.18969555035128804, "02T18@1": 0.0, "03T22@1": 0.008658008658008655, "04T22@2": 0.6689655172413795, "05T22@2": 0.6480836236933798, "BUYER": 0.0, "SELLER": 0.0}