{"00T38@0": 0.03523489932885907, "01T24@0": 0.008016032064128256, "02T38@1": 0.02830188679245284, "03T38@1": 0.03154574132492113, "04T24@2": 0.1875, "05T23@2": 0.06382978723404253, "06T24@3": 0.8888888888888888, "07T23@3": 0.8990825688073393, "08T22@4": 0.0, "09T23@4": 0.8082408874801902, "BUYER": 0.0, "SELLER": 0.0}