{"00T35@0": 0.125, "01T22@0": 0.17385057471264384, "02T37@1": 0.0, "03T35@1": 0.5799256505576212, "04T16@2": 1.0, "05T35@2": 0.7073170731707316, "BUYER": 0.0, "SELLER": 0.0}