{"00T24@0": 0.0, "01T22@0": 0.14776632302405512, "02T40@1": 0.8355263157894736, "03T22@1": 0.4839999999999997, "04T22@2": 0.02302631578947369, "05T23@2": 0.5812182741116748, "BUYER": 0.0, "SELLER": 0.0}