{"00T22@0": 0.09770114942528736, "01T35@0": 0.17595307917888564, "02T40@1": 0.40492957746478864, "03T35@1": 0.8378378378378378, "04T36@2": 0.0, "05T35@2": 0.6947115384615388, "BUYER": 0.0, "SELLER": 0.0}