{"00T35@0": 0.13978494623655907, "01T22@0": 0.05856832971800435, "02T40@1": 0.5196629213483146, "03T23@1": 0.8106060606060606, "04T26@2": 0.0, "05T22@2": 0.0, "BUYER": 0.0, "SELLER": 0.0}