{"00T38@0": 0.0, "01T35@0": 0.2942528735632189, "02T34@1": 0.4294117647058823, "03T22@1": 0.23163841807909605, "04T22@2": 0.32915360501567403, "05T23@2": 0.7931034482758619, "06T22@3": 0.0, "07T22@3": 0.0055865921787709395, "BUYER": 0.0, "SELLER": 0.0}