{"00T23@0": 0.27147766323024036, "01T35@0": 0.22614840989399293, "02T37@1": 0.0, "03T23@1": 0.9629629629629629, "04T26@2": 0.05911330049261086, "05T23@2": 0.565333333333333, "BUYER": 0.0, "SELLER": 0.0}