{"00T26@0": 0.0, "01T22@0": 0.03225806451612903, "02T35@1": 0.55, "03T22@1": 0.047619047619047616, "04T15@2": 0.08, "05T35@2": 0.0, "06T35@3": 0.6538461538461539, "07T35@3": 0.6896551724137931, "BUYER": 0.0, "SELLER": 0.0}