{"time_limit": 10800, "spot_discount": 0.9, "spot_market_global_loss": 0.2, "neg_quota_step": 312, "n_processes": 4, "n_products": 5, "n_steps": 78, "financial_reports_period": 5, "exogenous_horizon": 17, "max_productivity": 1.0, "catalog_prices": [10, 17, 22, 37, 52], "cash_availability": [1.5, 2.5], "expected_productivity": 0.9487179487179487, "expected_mean_profit": 0.136097452116567, "initial_balance": [17477, 17477, 23406, 23406, 36701, 36701, 52367, 52367]}