{"00T16@0": 0.0, "01T22@0": 0.15722379603399436, "02T22@1": 0.41040462427745716, "03T35@1": 0.6871794871794868, "04T20@2": 0.6545454545454547, "05T35@2": 0.6462196861626249, "BUYER": 0.0, "SELLER": 0.0}