{"00T29@0": 0.0, "01T35@0": 0.6621253405994554, "02T12@1": 0.05574324324324324, "03T35@1": 0.7688442211055277, "04T35@2": 0.524175824175824, "05T22@2": 0.06417112299465241, "BUYER": 0.0, "SELLER": 0.0}