{"00T23@0": 0.2387096774193548, "01T35@0": 0.1804347826086957, "02T36@1": 0.13091922005571036, "03T23@1": 0.8148148148148148, "04T41@2": 0.0, "05T23@2": 0.6748120300751875, "BUYER": 0.0, "SELLER": 0.0}