{"00T34@0": 0.13017751479289938, "01T34@0": 0.13180515759312328, "02T36@1": 0.24683544303797458, "03T36@1": 0.15606936416184974, "04T36@2": 0.05846774193548384, "05T34@2": 0.9792746113989638, "BUYER": 0.0, "SELLER": 0.0}