{"00T07@0": 0.0119047619047619, "01T07@0": 0.03448275862068964, "02T07@1": 0.03333333333333333, "03T22@1": 0.7857142857142857, "04T26@2": 0.26490066225165576, "05T26@2": 0.32413793103448274, "06T26@3": 0.0, "07T22@3": 0.0, "BUYER": 0.0, "SELLER": 0.0}