{"00T26@0": 0.058823529411764705, "01T22@0": 0.10714285714285712, "02T35@1": 0.5945945945945946, "03T22@1": 0.44, "04T07@2": 0.47368421052631576, "05T35@2": 0.0, "06T35@3": 0.75, "07T35@3": 0.9032258064516129, "BUYER": 0.0, "SELLER": 0.0}