{"00T38@0": 0.0, "01T26@0": 0.0208623087621697, "02T38@1": 0.039436619718309876, "03T26@1": 0.050955414012738884, "04T38@2": 0.0239880059970015, "05T35@2": 0.6066481994459829, "06T26@3": 0.00227272727272727, "07T35@3": 0.608058608058609, "BUYER": 0.0, "SELLER": 0.0}