{"00T26@0": 0.0, "01T26@0": 0.0, "02T34@1": 0.17857142857142858, "03T22@1": 0.1414141414141414, "04T26@2": 0.08139534883720935, "05T34@2": 0.14285714285714285, "06T34@3": 0.937007874015748, "07T22@3": 0.046610169491525424, "BUYER": 0.0, "SELLER": 0.0}