{"00T35@0": 0.6272040302267006, "01T22@0": 0.21932114882506523, "02T37@1": 0.011952191235059759, "03T35@1": 0.634703196347032, "04T34@2": 0.6476683937823833, "05T35@2": 0.6179039301310044, "BUYER": 0.0, "SELLER": 0.0}