{"00T37@0": 0.07090464547677262, "01T41@0": 0.1792656587473002, "02T37@1": 0.19101123595505617, "03T41@1": 0.2762237762237762, "04T37@2": 0.07180851063829792, "05T41@2": 0.016722408026755856, "BUYER": 0.0, "SELLER": 0.0}