{"00T29@0": 0.0, "01T22@0": 0.15692307692307697, "02T22@1": 0.11494252873563218, "03T35@1": 0.8117647058823529, "04T18@2": 0.5297619047619049, "05T35@2": 0.775933609958506, "BUYER": 0.0, "SELLER": 0.0}