{"00T26@0": 0.0, "01T22@0": 0.043478260869565216, "02T35@1": 0.8536585365853661, "03T22@1": 0.05555555555555555, "04T08@2": 0.14634146341463414, "05T35@2": 0.0, "06T35@3": 0.6111111111111112, "07T35@3": 0.6470588235294117, "BUYER": 0.0, "SELLER": 0.0}