{"00T06@0": 0.0, "01T22@0": 0.3404255319148936, "02T35@1": 0.525, "03T22@1": 0.6666666666666666, "04T40@2": 0.3333333333333333, "05T35@2": 0.2222222222222222, "06T35@3": 0.75, "07T35@3": 0.75, "BUYER": 0.0, "SELLER": 0.0}