{"00T37@0": 0.0754189944134077, "01T35@0": 0.7107023411371236, "02T35@1": 0.5855263157894739, "03T35@1": 0.5787781350482321, "04T09@2": 0.0, "05T35@2": 0.6311827956989244, "BUYER": 0.0, "SELLER": 0.0}