{"00T20@0": 0.0, "01T35@0": 0.19105691056910573, "02T22@1": 0.7031250000000003, "03T35@1": 0.9747899159663865, "04T22@2": 0.182648401826484, "05T22@2": 0.24434389140271515, "06T37@3": 0.055335968379446675, "07T35@3": 0.70188679245283, "BUYER": 0.0, "SELLER": 0.0}