{"00T35@0": 0.7071129707112969, "01T22@0": 0.25190839694656497, "02T04@1": 0.020242914979757085, "03T35@1": 0.7058823529411763, "04T34@2": 0.48684210526315796, "05T35@2": 0.698369565217391, "BUYER": 0.0, "SELLER": 0.0}