{"00T12@0": 0.0, "01T24@0": 0.05172413793103448, "02T12@1": 0.10769230769230767, "03T41@1": 0.7741935483870968, "04T12@2": 0.0, "05T24@2": 0.7916666666666666, "06T24@2": 0.84, "07T41@2": 0.6785714285714286, "08T41@2": 0.6608695652173913, "BUYER": 0.0, "SELLER": 0.0}