{"00T26@0": 0.09988385598141697, "01T35@0": 0.43724137931034485, "02T35@1": 0.655913978494624, "03T35@1": 0.5930232558139533, "04T40@2": 0.3106995884773661, "05T35@2": 0.7637877211238286, "BUYER": 0.0, "SELLER": 0.0}