{"00T24@0": 0.0, "01T35@0": 0.018957345971563982, "02T09@1": 0.0, "03T09@1": 0.0, "04T24@2": 0.0, "05T35@2": 0.0, "06T24@3": 1.0, "07T35@3": 1.0, "08T09@4": 0.0, "09T22@4": 0.01421800947867298, "BUYER": 0.0, "SELLER": 0.0}