{"00T35@0": 0.6774193548387099, "01T35@0": 0.6778947368421049, "02T22@1": 0.0029498525073746273, "03T22@1": 0.0029585798816568008, "04T22@2": 0.2081447963800905, "05T22@2": 0.20535714285714293, "06T38@3": 0.0, "07T26@3": 0.5540540540540547, "08T22@4": 0.02295918367346939, "09T22@4": 0.018229166666666675, "BUYER": 0.0, "SELLER": 0.0}