{"00T26@0": 0.0784313725490196, "01T10@0": 0.23843416370106751, "02T10@1": 0.37320574162679426, "03T10@1": 0.35096153846153844, "04T26@2": 0.031578947368421054, "05T26@2": 0.108108108108108, "BUYER": 0.0, "SELLER": 0.0}