{"00T41@0": 0.2598425196850396, "01T24@0": 0.0030581039755351643, "02T22@1": 0.464788732394366, "03T23@1": 0.8210526315789474, "04T41@2": 0.04306220095693781, "05T41@2": 0.03723404255319149, "06T24@3": 0.8995433789954338, "07T24@3": 0.9026548672566371, "BUYER": 0.0, "SELLER": 0.0}