{"00T35@0": 0.30579964850615116, "01T22@0": 0.05521472392638038, "02T07@1": 0.07100591715976332, "03T35@1": 0.591194968553459, "04T41@2": 0.20384615384615384, "05T35@2": 0.7967914438502671, "BUYER": 0.0, "SELLER": 0.0}