{"00T35@0": 0.4574468085106381, "01T35@0": 0.455026455026455, "02T22@1": 0.34435261707989, "03T22@1": 0.516042780748663, "04T22@2": 0.04435483870967746, "05T22@2": 0.02822580645161292, "06T41@3": 0.4474885844748858, "07T34@3": 0.17391304347826086, "08T22@4": 0.06467661691542294, "09T22@4": 0.0228310502283105, "BUYER": 0.0, "SELLER": 0.0}