{"00T41@0": 0.4102564102564102, "01T41@0": 0.39222614840989406, "02T37@1": 0.16000000000000011, "03T37@1": 0.13690476190476192, "04T37@2": 0.15267175572519084, "05T23@2": 0.6717557251908397, "06T41@3": 0.5988200589970502, "07T23@3": 0.8080808080808081, "08T35@4": 0.546031746031746, "09T35@4": 0.5448717948717952, "BUYER": 0.0, "SELLER": 0.0}