{"00T35@0": 0.5365448504983389, "01T22@0": 0.15598290598290604, "02T08@1": 0.0, "03T35@1": 0.6353790613718412, "04T07@2": 0.009523809523809525, "05T35@2": 0.631656804733728, "BUYER": 0.0, "SELLER": 0.0}