{"00T35@0": 0.539629005059022, "01T22@0": 0.04584040747028863, "02T08@1": 0.36311239193083583, "03T35@1": 0.7818181818181819, "04T41@2": 0.0, "05T35@2": 0.7200000000000004, "BUYER": 0.0, "SELLER": 0.0}