{"00T40@0": 0.02976190476190475, "01T40@0": 0.028901734104046232, "02T19@1": 0.0, "03T23@1": 0.15151515151515152, "04T19@2": 0.0, "05T23@2": 0.0, "06T23@3": 1.0, "07T23@3": 1.0, "08T19@4": 1.0, "09T40@4": 0.0, "BUYER": 0.0, "SELLER": 0.0}