{"time_limit": 10800, "spot_discount": 0.9, "spot_market_global_loss": 0.2, "neg_quota_step": 204, "n_processes": 4, "n_products": 5, "n_steps": 51, "financial_reports_period": 5, "exogenous_horizon": 20, "max_productivity": 1.0, "catalog_prices": [10, 14, 24, 32, 40], "cash_availability": [1.5, 2.5], "expected_productivity": 0.9215686274509803, "expected_mean_profit": 0.05632197346115625, "initial_balance": [10290, 10290, 18222, 18222, 23367, 23367, 33656, 33656]}