{"00T12@0": 0.0, "01T35@0": 0.10874200426439233, "02T22@1": 0.026415094339622656, "03T35@1": 0.9653179190751445, "04T37@2": 0.0049019607843137246, "05T22@2": 0.0034129692832764466, "06T29@3": 1.0, "07T22@3": 0.0, "BUYER": 0.0, "SELLER": 0.0}