{"00T19@0": 0.0, "01T34@0": 0.2097902097902098, "02T34@1": 0.0, "03T23@1": 0.0, "04T19@2": 0.0, "05T19@2": 0.0, "06T23@3": 1.0, "07T35@3": 1.0, "08T34@4": 0.3802281368821295, "09T23@4": 0.4644351464435145, "BUYER": 0.0, "SELLER": 0.0}