{"00T22@0": 0.23708920187793447, "01T23@0": 0.015772870662460563, "02T35@1": 0.6227544910179642, "03T35@1": 0.6741573033707868, "04T41@2": 0.29710144927536236, "05T23@2": 0.7515923566878983, "06T36@3": 0.0, "07T35@3": 0.7242990654205609, "BUYER": 0.0, "SELLER": 0.0}