{"00T35@0": 0.20273972602739718, "01T35@0": 0.21823204419889505, "02T37@1": 0.05128205128205124, "03T22@1": 0.006134969325153374, "04T20@2": 0.7398843930635837, "05T35@2": 0.7562500000000001, "06T22@3": 0.0, "07T35@3": 0.6573426573426578, "BUYER": 0.0, "SELLER": 0.0}