{"00T35@0": 0.2313725490196078, "01T22@0": 0.2873563218390801, "02T22@1": 0.012345679012345678, "03T35@1": 0.5507246376811594, "04T40@2": 0.205607476635514, "05T20@2": 0.0, "06T35@3": 0.759493670886076, "07T23@3": 0.7616279069767439, "08T23@4": 0.6097560975609757, "09T22@4": 0.0, "BUYER": 0.0, "SELLER": 0.0}