{"00T10@0": 0.06513409961685823, "01T37@0": 0.02343749999999999, "02T37@1": 0.18888888888888888, "03T10@1": 0.3829787234042554, "04T10@2": 0.06949806949806947, "05T37@2": 0.03345724907063197, "BUYER": 0.0, "SELLER": 0.0}