{"00T29@0": 0.0, "01T38@0": 0.013463892288861691, "02T29@1": 0.0, "03T38@1": 0.08461538461538459, "04T38@2": 0.0, "05T29@2": 1.0, "BUYER": 0.0, "SELLER": 0.0}