{"00T37@0": 0.03216374269005851, "01T36@0": 0.0712166172106825, "02T36@1": 0.3999999999999999, "03T23@1": 0.7378048780487805, "04T37@2": 0.11602209944751381, "05T36@2": 0.24806201550387574, "06T37@3": 0.03353658536585369, "07T22@3": 0.009287925696594422, "BUYER": 0.0, "SELLER": 0.0}