{"00T23@0": 0.0, "01T35@0": 0.0, "02T23@1": 0.0, "03T35@1": 0.0, "04T29@2": 0.0, "05T35@2": 1.0, "06T22@3": 0.03355704697986577, "07T35@3": 0.9035714285714285, "08T38@4": 0.0, "09T35@4": 0.6112359550561806, "BUYER": 0.0, "SELLER": 0.0}