{"00T26@0": 0.0, "01T26@0": 0.0, "02T24@1": 1.0, "03T22@1": 0.2878787878787879, "04T24@2": 0.2222222222222222, "05T26@2": 0.3095238095238096, "06T24@3": 1.0, "07T22@3": 0.010204081632653057, "BUYER": 0.0, "SELLER": 0.0}