{"00T09@0": 0.0, "01T22@0": 0.16701461377870558, "02T22@1": 0.6095890410958902, "03T35@1": 0.5346153846153844, "04T08@2": 0.20494699646643108, "05T35@2": 0.7051792828685262, "BUYER": 0.0, "SELLER": 0.0}