{"00T20@0": 0.0, "01T35@0": 0.24137931034482762, "02T36@1": 0.5292207792207793, "03T23@1": 0.0, "04T35@2": 0.7170418006430863, "05T35@2": 0.635220125786164, "06T22@3": 0.0, "07T22@3": 0.0, "BUYER": 0.0, "SELLER": 0.0}