{"00T23@0": 0.03184713375796177, "01T35@0": 0.02727272727272727, "02T24@1": 0.8888888888888888, "03T23@1": 0.8421052631578947, "04T29@2": 1.0, "05T23@2": 0.7592592592592593, "BUYER": 0.0, "SELLER": 0.0}