{"00T35@0": 0.17922606924643575, "01T22@0": 0.14196242171189996, "02T36@1": 0.03902439024390243, "03T23@1": 0.688, "04T34@2": 0.7076271186440676, "05T22@2": 0.0, "BUYER": 0.0, "SELLER": 0.0}