{"00T22@0": 0.0, "01T35@0": 0.14440433212996384, "02T02@1": 0.4666666666666667, "03T02@1": 0.4306569343065693, "04T02@2": 1.0, "05T12@2": 0.03164556962025315, "06T12@3": 0.0, "07T12@3": 0.0, "BUYER": 0.0, "SELLER": 0.0}