{"time_limit": 10800, "spot_discount": 0.9, "spot_market_global_loss": 0.2, "neg_quota_step": 330, "n_processes": 5, "n_products": 6, "n_steps": 55, "financial_reports_period": 5, "exogenous_horizon": 16, "max_productivity": 1.0, "catalog_prices": [10, 18, 24, 34, 52, 68], "cash_availability": [1.5, 2.5], "expected_productivity": 0.7575757575757576, "expected_mean_profit": 0.09527406313837913, "initial_balance": [17186, 17186, 15289, 15289, 15289, 31149, 31149, 29145, 29145, 29145, 59773, 59773]}