{"00T41@0": 0.3735224586288416, "01T36@0": 0.24479166666666705, "02T41@1": 0.30451127819548873, "03T36@1": 0.3490196078431371, "04T41@2": 0.46920821114369504, "05T36@2": 0.0060975609756097485, "BUYER": 0.0, "SELLER": 0.0}