{"00T35@0": 0.15709969788519637, "01T22@0": 0.09384615384615377, "02T37@1": 0.03587443946188339, "03T35@1": 0.6544117647058821, "04T06@2": 0.0, "05T35@2": 0.7476125511596177, "BUYER": 0.0, "SELLER": 0.0}