{"00T22@0": 0.12903225806451624, "01T22@0": 0.14400000000000004, "02T35@1": 0.5109034267912772, "03T35@1": 0.5168195718654436, "04T36@2": 0.6635514018691593, "05T40@2": 0.6048951048951049, "06T22@3": 0.006831767719897518, "07T35@3": 0.5960784313725499, "BUYER": 0.0, "SELLER": 0.0}