,balance,assets,bankrupt,agent_id,step
0,2041.0,200.0,False,00T41@0,0.0
1,2399.0,76.0,False,00T41@0,5.0
2,2061.0,90.0,False,01T20@0,0.0
3,1838.0,390.0,False,01T20@0,5.0
4,2725.0,0.0,False,02T41@1,0.0
5,2381.0,246.9090909090909,False,02T41@1,5.0
6,2725.0,0.0,False,03T20@1,0.0
7,2117.0,608.0,False,03T20@1,5.0
8,3919.0,0.0,False,04T41@2,0.0
9,3720.0,209.99999999999997,False,04T41@2,5.0
10,3919.0,0.0,False,05T20@2,0.0
11,3582.0,0.0,False,05T20@2,5.0
12,,,,,
13,,,,,
14,,,,,
15,,,,,
