{"00T12@0": 0.0, "01T12@0": 0.0, "02T29@0": 0.0, "03T02@0": 0.07614213197969541, "04T02@1": 0.0, "05T29@1": 0.0, "06T12@1": 0.0, "07T29@2": 1.0, "08T02@2": 0.6988636363636364, "BUYER": 0.0, "SELLER": 0.0}