{"00T23@0": 0.006557377049180321, "01T23@0": 0.007092198581560277, "02T35@1": 0.9811320754716981, "03T35@1": 0.9813084112149533, "04T34@2": 0.3076923076923077, "05T41@2": 0.12626262626262627, "06T22@3": 0.047445255474452566, "07T23@3": 0.7365728900255755, "BUYER": 0.0, "SELLER": 0.0}