{"00T00@0": 0.0, "01T35@0": 0.6267748478701828, "02T35@1": 0.865771812080537, "03T35@1": 0.8768577494692146, "04T03@2": 0.14223669923995663, "05T35@2": 0.6750572082379863, "BUYER": 0.0, "SELLER": 0.0}