{"00T22@0": 0.27577319587628907, "01T23@0": 0.25, "02T40@1": 0.2690909090909091, "03T23@1": 0.23076923076923078, "04T35@2": 0.43165467625899273, "05T35@2": 0.4538461538461539, "06T29@3": 1.0, "07T22@3": 0.0, "BUYER": 0.0, "SELLER": 0.0}