{"00T38@0": 0.0, "01T35@0": 0.2949790794979078, "02T37@1": 0.028301886792452807, "03T38@1": 0.013368983957219246, "04T38@2": 0.0, "05T35@2": 0.2953020134228188, "06T37@3": 0.0, "07T35@3": 0.8666666666666668, "08T37@4": 0.0, "09T22@4": 0.0, "BUYER": 0.0, "SELLER": 0.0}