{"00T29@0": 0.0, "01T22@0": 0.37304075235109746, "02T35@1": 0.38009049773755654, "03T35@1": 0.38207547169811323, "04T34@2": 0.24324324324324326, "05T35@2": 0.911504424778761, "06T22@3": 0.0055096418732782275, "07T22@3": 0.0, "BUYER": 0.0, "SELLER": 0.0}