{"00T29@0": 0.0, "01T37@0": 0.0, "02T29@0": 0.0, "03T20@1": 0.0, "04T37@1": 0.046728971962616814, "05T12@2": 0.4375, "06T37@2": 0.0423728813559322, "07T29@2": 0.0, "08T20@2": 0.0, "09T12@2": 0.3888888888888889, "10T12@3": 0.0, "11T20@3": 1.0, "BUYER": 0.0, "SELLER": 0.0}