{"00T08@0": 0.09683794466403148, "01T35@0": 0.10660980810234551, "02T35@1": 0.7361111111111108, "03T35@1": 0.7453703703703703, "04T09@2": 0.0, "05T35@2": 0.5714285714285711, "BUYER": 0.0, "SELLER": 0.0}