{"00T35@0": 0.23846153846153845, "01T35@0": 0.23308270676691728, "02T29@1": 0.0, "03T26@1": 0.19396551724137936, "04T23@2": 0.8284313725490194, "05T35@2": 0.6804123711340206, "06T22@3": 0.0, "07T22@3": 0.0, "BUYER": 0.0, "SELLER": 0.0}