{"00T41@0": 0.25, "01T12@0": 0.0, "02T36@1": 1.0, "03T41@1": 1.0, "04T12@1": 0.0, "05T36@1": 1.0, "06T37@1": 1.0, "07T36@2": 0.4, "08T37@2": 0.16666666666666666, "09T12@2": 0.0, "10T37@3": 0.6428571428571429, "11T41@3": 0.5384615384615384, "BUYER": 0.0, "SELLER": 0.0}