{"00T22@0": 0.14473684210526305, "01T22@0": 0.14361702127659565, "02T37@1": 0.06832298136645963, "03T15@1": 0.14673913043478268, "04T22@2": 0.5086206896551727, "05T35@2": 0.7818181818181819, "06T35@3": 0.6148648648648651, "07T35@3": 0.5899280575539569, "BUYER": 0.0, "SELLER": 0.0}