{"00T37@0": 0.0, "01T23@0": 0.4129692832764505, "02T12@1": 0.014314928425357889, "03T35@1": 0.0, "04T23@2": 0.0, "05T23@2": 0.0, "06T20@3": 0.0, "07T29@3": 0.0, "08T23@4": 1.0, "09T22@4": 1.0, "BUYER": 0.0, "SELLER": 0.0}