{"time_limit": 10800, "spot_discount": 0.9, "spot_market_global_loss": 0.2, "neg_quota_step": 670, "n_processes": 5, "n_products": 6, "n_steps": 134, "financial_reports_period": 5, "exogenous_horizon": 64, "max_productivity": 1.0, "catalog_prices": [10, 21, 24, 36, 47, 60], "cash_availability": [1.5, 2.5], "expected_productivity": 0.9626865671641791, "expected_mean_profit": 0.0842103180883051, "initial_balance": [36481, 36481, 47748, 47748, 67490, 67490, 86695, 86695, 115450, 115450]}