{"00T40@0": 0.049504950495049486, "01T22@0": 0.07004830917874397, "02T24@1": 0.8823529411764706, "03T35@1": 0.7323943661971828, "04T23@2": 0.8568129330254044, "05T23@2": 0.8534883720930233, "BUYER": 0.0, "SELLER": 0.0}