{"00T40@0": 0.016556291390728478, "01T15@0": 0.0, "02T15@1": 0.1559139784946237, "03T40@1": 0.4711538461538462, "04T15@2": 0.01533742331288343, "05T40@2": 0.7628205128205129, "BUYER": 0.0, "SELLER": 0.0}