{"00T35@0": 0.7937062937062938, "01T22@0": 0.23146067415730376, "02T04@1": 0.03755868544600937, "03T35@1": 0.6315789473684209, "04T06@2": 0.0, "05T35@2": 0.6911764705882351, "BUYER": 0.0, "SELLER": 0.0}