{"00T19@0": 0.0, "01T34@0": 0.08381502890173415, "02T35@1": 0.9264705882352942, "03T22@1": 0.5481481481481479, "04T22@2": 0.24340175953079166, "05T23@2": 0.805369127516778, "06T22@3": 0.21621621621621614, "07T22@3": 0.22594142259414218, "08T22@4": 0.017073170731707294, "09T35@4": 0.7409638554216863, "BUYER": 0.0, "SELLER": 0.0}