{"00T37@0": 0.0, "01T16@0": 0.0, "02T16@1": 0.0, "03T37@1": 0.06451612903225806, "04T16@2": 1.0, "05T37@2": 0.10736196319018403, "BUYER": 0.0, "SELLER": 0.0}