{"00T12@0": 0.0, "01T40@0": 0.013215859030837005, "02T40@1": 0.6290322580645162, "03T12@1": 0.042105263157894736, "04T12@2": 0.0, "05T22@2": 0.9774436090225563, "06T40@3": 0.8253968253968254, "07T35@3": 0.484149855907781, "BUYER": 0.0, "SELLER": 0.0}