{"00T36@0": 0.13333333333333333, "01T22@0": 0.09523809523809523, "02T35@1": 0.7400000000000001, "03T22@1": 0.4375, "04T06@2": 0.0, "05T35@2": 0.0, "06T35@3": 0.95, "07T35@3": 0.9047619047619048, "BUYER": 0.0, "SELLER": 0.0}