{"00T29@0": 0.0, "01T23@0": 0.7297297297297297, "02T20@1": 0.5650224215246638, "03T23@1": 0.9047619047619048, "04T22@2": 0.0, "05T35@2": 0.5804597701149427, "BUYER": 0.0, "SELLER": 0.0}