,balance,assets,bankrupt,agent_id,step
0,1640.0,200.0,False,00T06@0,0.0
1,1480.0,460.3759398496241,False,00T06@0,5.0
2,1710.0,60.0,False,01T06@0,0.0
3,1695.0,88.53383458646618,False,01T06@0,5.0
4,2585.0,0.0,False,02T06@1,0.0
5,2585.0,0.0,False,02T06@1,5.0
6,2585.0,0.0,False,03T08@1,0.0
7,2450.0,364.0,False,03T08@1,5.0
8,3653.0,0.0,False,04T08@2,0.0
9,3454.0,0.0,False,04T08@2,5.0
10,3653.0,0.0,False,05T08@2,0.0
11,3454.0,0.0,False,05T08@2,5.0
12,,,,,
13,,,,,
14,,,,,
15,,,,,
