{"00T22@0": 0.0, "01T22@0": 0.0, "02T12@1": 0.0, "03T02@1": 0.44871794871794873, "04T23@2": 0.7986348122866892, "05T22@2": 0.5889570552147239, "06T35@3": 0.7702702702702701, "07T22@3": 0.0, "08T22@4": 0.0, "09T35@4": 0.802511415525115, "BUYER": 0.0, "SELLER": 0.0}