{"00T29@0": 0.0, "01T35@0": 0.09473684210526319, "02T20@1": 0.5517241379310345, "03T23@1": 0.9354838709677419, "04T35@2": 0.8066298342541437, "05T35@2": 0.8776595744680851, "06T22@3": 0.0, "07T23@3": 0.65158371040724, "BUYER": 0.0, "SELLER": 0.0}