{"00T41@0": 0.12121212121212124, "01T35@0": 0.7859999999999998, "02T35@1": 0.6019417475728155, "03T35@1": 0.602649006622517, "04T24@2": 1.0, "05T35@2": 0.5933179723502302, "BUYER": 0.0, "SELLER": 0.0}