{"time_limit": 10800, "spot_discount": 0.9, "spot_market_global_loss": 0.2, "neg_quota_step": 290, "n_processes": 5, "n_products": 6, "n_steps": 58, "financial_reports_period": 5, "exogenous_horizon": 20, "max_productivity": 1.0, "catalog_prices": [10, 19, 23, 31, 40, 49], "cash_availability": [1.5, 2.5], "expected_productivity": 0.9137931034482759, "expected_mean_profit": 0.07241516371043871, "initial_balance": [14805, 14805, 19937, 19937, 27981, 27981, 34642, 34642, 43524, 43524]}