{"00T35@0": 0.1833616298811545, "01T22@0": 0.02968460111317252, "02T06@1": 0.0, "03T35@1": 0.7067307692307694, "04T40@2": 0.00862068965517241, "05T35@2": 0.7855999999999997, "BUYER": 0.0, "SELLER": 0.0}