{"00T22@0": 0.073170731707317, "01T23@0": 0.38888888888888895, "02T40@1": 0.4152823920265782, "03T23@1": 0.8108108108108109, "04T41@2": 0.005235602094240836, "05T35@2": 0.4641509433962264, "BUYER": 0.0, "SELLER": 0.0}