{"00T35@0": 0.03686635944700458, "01T23@0": 0.03463203463203462, "02T19@1": 0.0, "03T23@1": 0.8940397350993378, "04T40@2": 0.0, "05T23@2": 0.6975945017182134, "BUYER": 0.0, "SELLER": 0.0}