{"00T15@0": 0.20491803278688508, "01T22@0": 0.21428571428571433, "02T35@1": 0.4899328859060403, "03T35@1": 0.4848484848484849, "04T36@2": 0.6456043956043958, "05T35@2": 0.9626865671641791, "06T22@3": 0.0, "07T22@3": 0.0025706940874035957, "BUYER": 0.0, "SELLER": 0.0}