{"00T37@0": 0.041538461538461545, "01T36@0": 0.14573643410852727, "02T35@1": 0.7146529562982009, "03T23@1": 0.7536231884057968, "04T12@2": 0.0074487895716946, "05T23@2": 0.67361111111111, "BUYER": 0.0, "SELLER": 0.0}