{"00T29@0": 0.0, "01T41@0": 0.06666666666666667, "02T29@0": 0.0, "03T41@1": 0.5, "04T40@1": 1.0, "05T36@1": 0.5, "06T40@2": 1.0, "07T40@2": 1.0, "08T41@2": 0.6153846153846154, "09T29@2": 0.0, "10T36@3": 0.35, "11T36@3": 0.6666666666666666, "BUYER": 0.0, "SELLER": 0.0}