{"00T07@0": 0.015075376884422117, "01T07@0": 0.014778325123152716, "02T15@1": 0.44680851063829785, "03T15@1": 0.2727272727272727, "04T07@2": 0.08490566037735849, "05T22@2": 0.1846153846153846, "06T35@3": 0.8508771929824561, "07T35@3": 0.8449612403100775, "08T15@4": 0.0, "09T35@4": 0.6948529411764705, "BUYER": 0.0, "SELLER": 0.0}