{"00T16@0": 0.0, "01T22@0": 0.13452914798206264, "02T22@1": 0.5391566265060248, "03T35@1": 0.7845303867403315, "04T36@2": 0.0, "05T35@2": 0.6766561514195575, "BUYER": 0.0, "SELLER": 0.0}