{"00T37@0": 0.04975124378109451, "01T22@0": 0.14508928571428573, "02T22@1": 0.14691943127962084, "03T35@1": 0.7352941176470587, "04T38@2": 0.14093959731543623, "05T35@2": 0.671102661596958, "BUYER": 0.0, "SELLER": 0.0}