{"00T23@0": 0.47081712062256803, "01T35@0": 0.24416517055655287, "02T38@1": 0.0, "03T22@1": 0.13017751479289955, "04T37@2": 0.49065420560747663, "05T35@2": 0.6845637583892618, "06T35@3": 0.7643678160919536, "07T23@3": 0.6955810147299506, "BUYER": 0.0, "SELLER": 0.0}