{"00T06@0": 0.0, "01T35@0": 0.21108742004264405, "02T09@1": 0.0, "03T22@1": 0.10460251046025104, "04T22@2": 0.06711409395973156, "05T22@2": 0.31724137931034485, "BUYER": 0.0, "SELLER": 0.0}