{"00T15@0": 0.0, "01T15@0": 0.0, "02T06@1": 0.0, "03T15@1": 0.1862068965517242, "04T06@2": 0.0, "05T35@2": 0.7042253521126761, "06T06@3": 0.0, "07T35@3": 0.7918454935622319, "BUYER": 0.0, "SELLER": 0.0}