{"00T41@0": 0.1964285714285714, "01T41@0": 0.21683673469387754, "02T26@1": 0.28980891719745216, "03T26@1": 0.2508710801393728, "04T26@2": 0.12272727272727284, "05T22@2": 0.3566433566433564, "06T41@3": 0.003344481605351167, "07T35@3": 0.6820276497695851, "BUYER": 0.0, "SELLER": 0.0}