{"00T40@0": 0.08333333333333333, "01T35@0": 0.2848948374760996, "02T40@1": 0.36231884057971014, "03T41@1": 0.37857142857142856, "04T23@2": 0.6088888888888888, "05T22@2": 0.145748987854251, "06T41@3": 0.30036630036630024, "07T35@3": 0.935064935064935, "08T40@4": 0.0, "09T41@4": 0.44974874371859297, "BUYER": 0.0, "SELLER": 0.0}