{"00T06@0": 0.0, "01T35@0": 0.216594827586207, "02T35@1": 0.8303425774877652, "03T35@1": 0.8260162601626014, "04T38@2": 0.0, "05T35@2": 0.6544968833481754, "BUYER": 0.0, "SELLER": 0.0}