{"time_limit": 10800, "spot_discount": 0.9, "spot_market_global_loss": 0.2, "neg_quota_step": 352, "n_processes": 4, "n_products": 5, "n_steps": 88, "financial_reports_period": 5, "exogenous_horizon": 22, "max_productivity": 1.0, "catalog_prices": [10, 21, 30, 35, 39], "cash_availability": [1.5, 2.5], "expected_productivity": 0.9545454545454546, "expected_mean_profit": 0.0518886186960853, "initial_balance": [37345, 37345, 51556, 51556, 65561, 65561, 75415, 75415]}