{"00T37@0": 0.005698005698005689, "01T22@0": 0.0, "02T29@1": 0.0, "03T23@1": 0.8421052631578945, "04T35@2": 0.819338422391857, "05T35@2": 0.8197969543147202, "BUYER": 0.0, "SELLER": 0.0}