{"00T35@0": 0.07164179104477612, "01T23@0": 0.0787878787878788, "02T35@1": 0.6575342465753423, "03T35@1": 1.0, "04T20@2": 0.6925287356321838, "05T41@2": 0.0, "BUYER": 0.0, "SELLER": 0.0}