{"00T35@0": 0.3089430894308945, "01T23@0": 0.44262295081967196, "02T40@1": 0.32663316582914514, "03T22@1": 0.2988165680473373, "04T37@2": 0.03206412825651303, "05T22@2": 0.03532008830022071, "BUYER": 0.0, "SELLER": 0.0}