{"00T34@0": 0.0860215053763441, "01T35@0": 0.19651741293532346, "02T35@1": 0.8226415094339623, "03T35@1": 0.7769516728624534, "04T40@2": 0.0, "05T35@2": 0.5921288014311272, "BUYER": 0.0, "SELLER": 0.0}