{"00T41@0": 0.32252836304700155, "01T16@0": 0.0, "02T41@1": 0.0, "03T41@1": 0.029197080291970802, "04T16@2": 1.0, "05T16@2": 1.0, "BUYER": 0.0, "SELLER": 0.0}