{"00T22@0": 0.09549071618037135, "01T22@0": 0.12893982808022902, "02T22@1": 0.2757201646090535, "03T23@1": 0.6282722513089006, "04T22@2": 0.04255319148936171, "05T35@2": 0.7736842105263158, "06T24@3": 0.35294117647058826, "07T40@3": 0.3165938864628823, "08T35@4": 0.6954314720812185, "09T23@4": 0.6796874999999999, "BUYER": 0.0, "SELLER": 0.0}