{"00T22@0": 0.026548672566371657, "01T23@0": 0.11347517730496454, "02T06@1": 0.0, "03T23@1": 0.7959183673469388, "04T41@2": 0.1044776119402985, "05T35@2": 0.7065868263473055, "BUYER": 0.0, "SELLER": 0.0}