{"00T35@0": 0.6274999999999997, "01T35@0": 0.3346774193548388, "02T20@1": 0.3806451612903228, "03T23@1": 0.9014084507042254, "04T40@2": 0.0, "05T22@2": 0.0, "BUYER": 0.0, "SELLER": 0.0}