{"00T03@0": 0.0641025641025641, "01T35@0": 0.526315789473684, "02T35@1": 0.5543478260869564, "03T35@1": 0.5263157894736844, "04T34@2": 0.525, "05T35@2": 0.29914529914529925, "BUYER": 0.0, "SELLER": 0.0}