{"00T20@0": 0.0, "01T36@0": 0.31007751937984496, "02T22@1": 0.2992700729927007, "03T23@1": 0.6333333333333334, "04T23@2": 0.7621951219512194, "05T35@2": 0.6503067484662574, "06T22@3": 0.0, "07T23@3": 0.5601265822784809, "BUYER": 0.0, "SELLER": 0.0}