{"00T24@0": 0.0, "01T22@0": 0.2439446366782004, "02T37@1": 0.0, "03T37@1": 0.0, "04T24@2": 0.10416666666666667, "05T24@2": 0.022727272727272728, "06T37@3": 1.0, "07T23@3": 0.9864603481624759, "BUYER": 0.0, "SELLER": 0.0}