{"time_limit": 10800, "spot_discount": 0.9, "spot_market_global_loss": 0.2, "neg_quota_step": 360, "n_processes": 4, "n_products": 5, "n_steps": 90, "financial_reports_period": 5, "exogenous_horizon": 44, "max_productivity": 1.0, "catalog_prices": [10, 17, 27, 39, 46], "cash_availability": [1.5, 2.5], "expected_productivity": 0.9555555555555556, "expected_mean_profit": 0.0763110117397066, "initial_balance": [21074, 21074, 33492, 33492, 50953, 50953, 65780, 65780]}