{"time_limit": 10800, "spot_discount": 0.9, "spot_market_global_loss": 0.2, "neg_quota_step": 335, "n_processes": 5, "n_products": 6, "n_steps": 67, "financial_reports_period": 5, "exogenous_horizon": 33, "max_productivity": 1.0, "catalog_prices": [10, 18, 28, 40, 51, 68], "cash_availability": [1.5, 2.5], "expected_productivity": 0.9253731343283582, "expected_mean_profit": 0.09747805267358339, "initial_balance": [17140, 17140, 26460, 26460, 34762, 34762, 45796, 45796, 63792, 63792]}