{"00T40@0": 0.361376673040153, "01T24@0": 0.0, "02T35@1": 0.507177033492823, "03T35@1": 0.5121951219512197, "04T23@2": 0.984, "05T22@2": 0.10822510822510824, "06T24@3": 0.12244897959183672, "07T40@3": 0.019480519480519456, "08T24@4": 0.9838709677419355, "09T40@4": 0.60093896713615, "BUYER": 0.0, "SELLER": 0.0}