{"00T35@0": 0.2168978562421185, "01T35@0": 0.2120838471023429, "02T35@1": 0.0, "03T22@1": 0.5704622322435176, "04T35@2": 0.502970297029703, "05T35@2": 0.5271317829457367, "06T41@3": 0.0, "07T07@3": 0.16390977443609017, "BUYER": 0.0, "SELLER": 0.0}