{"00T23@0": 0.4965753424657534, "01T35@0": 0.3192488262910798, "02T37@1": 0.07142857142857147, "03T37@1": 0.022988505747126436, "04T37@2": 0.2658227848101268, "05T26@2": 0.6018518518518507, "06T26@3": 0.27426160337552763, "07T26@3": 0.29277566539923966, "08T35@4": 0.5209790209790209, "09T23@4": 0.6007326007326012, "BUYER": 0.0, "SELLER": 0.0}