{"00T26@0": 0.010256410256410244, "01T37@0": 0.02346041055718472, "02T22@1": 0.3813953488372095, "03T23@1": 0.86046511627907, "04T22@2": 0.0, "05T35@2": 0.781862745098039, "BUYER": 0.0, "SELLER": 0.0}