{"00T29@0": 0.0, "01T35@0": 0.42127659574468096, "02T38@1": 0.02743142144638405, "03T23@1": 1.0, "04T35@2": 0.5578512396694213, "05T35@2": 0.5510204081632656, "06T22@3": 0.0, "07T23@3": 0.630841121495327, "BUYER": 0.0, "SELLER": 0.0}