{"00T35@0": 0.796875, "01T22@0": 0.12200956937799051, "02T41@1": 0.0, "03T35@1": 0.6815286624203821, "04T08@2": 0.0, "05T35@2": 0.6898047722342736, "BUYER": 0.0, "SELLER": 0.0}