{"00T34@0": 0.2222222222222222, "01T22@0": 0.10256410256410256, "02T35@1": 0.6521739130434783, "03T22@1": 0.5, "04T40@2": 0.03571428571428571, "05T35@2": 0.0, "06T35@3": 0.6666666666666666, "07T35@3": 0.7428571428571429, "BUYER": 0.0, "SELLER": 0.0}