{"00T35@0": 0.0, "01T35@0": 0.0, "02T23@1": 1.0, "03T23@1": 1.0, "04T22@2": 0.0, "05T22@2": 0.004065040650406502, "06T24@3": 0.91, "07T41@3": 0.46091644204851745, "BUYER": 0.0, "SELLER": 0.0}