{"00T35@0": 0.17857142857142852, "01T22@0": 0.02359882005899705, "02T22@1": 0.0, "03T22@1": 0.0, "04T02@2": 0.7083333333333336, "05T12@2": 0.11764705882352941, "BUYER": 0.0, "SELLER": 0.0}