{"00T35@0": 0.7613168724279837, "01T22@0": 0.15156507413509082, "02T08@1": 0.16551724137931031, "03T35@1": 0.4980694980694981, "04T20@2": 1.0, "05T35@2": 0.6833930704898441, "BUYER": 0.0, "SELLER": 0.0}