{"00T06@0": 0.05555555555555555, "01T22@0": 0.1586021505376344, "02T22@1": 0.1282051282051282, "03T35@1": 0.6508620689655173, "04T09@2": 0.0, "05T35@2": 0.7217280813214738, "BUYER": 0.0, "SELLER": 0.0}