{"00T41@0": 0.3474088291746641, "01T37@0": 0.11403508771929824, "02T22@1": 0.20306513409961693, "03T22@1": 0.20220588235294135, "04T23@2": 0.7548746518105843, "05T22@2": 0.06361323155216288, "BUYER": 0.0, "SELLER": 0.0}