{"00T22@0": 0.18324607329842935, "01T23@0": 0.49081803005008345, "02T40@1": 0.1018867924528302, "03T35@1": 0.5725806451612905, "04T29@2": 1.0, "05T35@2": 0.6978527607361964, "BUYER": 0.0, "SELLER": 0.0}