{"00T22@0": 0.1632047477744807, "01T35@0": 0.22157434402332365, "02T29@1": 0.0, "03T26@1": 0.35309973045822113, "04T35@2": 0.7019498607242343, "05T35@2": 0.7161803713527858, "BUYER": 0.0, "SELLER": 0.0}