{"00T23@0": 0.32789855072463786, "01T22@0": 0.30712166172106803, "02T23@1": 0.09803921568627451, "03T22@1": 0.08314606741573034, "04T20@2": 0.0, "05T35@2": 0.32828282828282823, "06T23@3": 0.8907721280602633, "07T35@3": 0.9444444444444444, "08T12@4": 0.0, "09T37@4": 0.0, "BUYER": 0.0, "SELLER": 0.0}