,balance,assets,bankrupt,agent_id,step
0,1308.0,210.0,False,00T41@0,0.0
1,1063.0,555.75,False,00T41@0,5.0
2,1408.0,80.0,False,01T41@0,0.0
3,1089.0,513.0,False,01T41@0,5.0
4,2079.0,0.0,False,02T08@1,0.0
5,2034.0,115.63411622462893,False,02T08@1,5.0
6,2079.0,0.0,False,03T41@1,0.0
7,1876.0,208.14140920433204,False,03T41@1,5.0
8,2874.0,0.0,False,04T08@2,0.0
9,2765.0,31.0,False,04T08@2,5.0
10,2874.0,0.0,False,05T08@2,0.0
11,2716.0,62.0,False,05T08@2,5.0
12,,,,,
13,,,,,
14,,,,,
15,,,,,
