{"00T12@0": 0.04481132075471695, "01T35@0": 0.0, "02T23@1": 0.11029411764705888, "03T23@1": 0.10204081632653068, "04T23@2": 0.9166666666666666, "05T35@2": 0.8994413407821229, "06T36@3": 0.0, "07T23@3": 0.5647058823529411, "BUYER": 0.0, "SELLER": 0.0}