{"00T37@0": 0.0, "01T29@0": 0.0, "02T29@1": 0.0, "03T29@1": 0.0, "04T37@2": 1.0, "05T35@2": 1.0, "06T37@3": 0.008510638297872335, "07T23@3": 0.6051948051948054, "BUYER": 0.0, "SELLER": 0.0}