{"00T22@0": 0.04871060171919775, "01T23@0": 0.3195592286501376, "02T40@1": 0.07929515418502203, "03T23@1": 0.8214285714285711, "04T37@2": 0.04676258992805757, "05T35@2": 0.7552631578947365, "BUYER": 0.0, "SELLER": 0.0}