{"00T23@0": 0.4639556377079481, "01T23@0": 0.45518453427065025, "02T40@1": 0.0, "03T22@1": 0.0, "04T29@2": 1.0, "05T22@2": 0.01847575057736718, "BUYER": 0.0, "SELLER": 0.0}