{"00T35@0": 0.03619047619047622, "01T22@0": 0.0461285008237232, "02T14@1": 0.0, "03T35@1": 0.5982532751091706, "04T13@2": 0.0, "05T35@2": 0.8062499999999997, "BUYER": 0.0, "SELLER": 0.0}