{"00T29@0": 0.0, "01T35@0": 0.2862190812720851, "02T16@1": 0.0, "03T22@1": 0.04721030042918453, "04T22@2": 0.5401069518716579, "05T22@2": 0.5684210526315787, "BUYER": 0.0, "SELLER": 0.0}