{"00T32@0": 0.3609576427255985, "01T35@0": 0.1547169811320754, "02T32@1": 1.0, "03T36@1": 0.05444646098003629, "04T36@2": 0.1358024691358024, "05T32@2": 0.22424242424242424, "06T23@3": 0.6462585034013605, "07T23@3": 0.6543624161073829, "08T36@4": 0.0, "09T23@4": 0.5208333333333334, "BUYER": 0.0, "SELLER": 0.0}