{"00T41@0": 0.0, "01T41@0": 0.04700854700854706, "02T41@1": 0.031249999999999972, "03T22@1": 0.24242424242424243, "04T03@2": 0.0, "05T03@2": 0.0, "06T03@3": 0.0, "07T22@3": 1.0, "BUYER": 0.0, "SELLER": 0.0}