{"00T24@0": 0.0, "01T24@0": 0.0, "02T19@1": 0.0, "03T22@1": 1.0, "04T19@2": 0.0, "05T24@2": 0.03571428571428571, "06T19@3": 1.0, "07T22@3": 0.9781021897810219, "BUYER": 0.0, "SELLER": 0.0}