{"00T35@0": 0.16081871345029222, "01T22@0": 0.05944055944055944, "02T14@1": 0.0, "03T35@1": 0.665289256198347, "04T06@2": 0.0, "05T35@2": 0.7268292682926835, "BUYER": 0.0, "SELLER": 0.0}