{"00T22@0": 0.05296610169491532, "01T35@0": 0.21457489878542507, "02T41@1": 0.3608247422680412, "03T24@1": 1.0, "04T22@2": 0.5311475409836067, "05T23@2": 0.8857142857142857, "06T35@3": 0.6613226452905815, "07T22@3": 0.0, "BUYER": 0.0, "SELLER": 0.0}