{"00T00@0": 0.0, "01T35@0": 0.7202380952380948, "02T35@1": 0.7224669603524229, "03T35@1": 0.7051792828685257, "04T16@2": 1.0, "05T35@2": 0.5022556390977446, "BUYER": 0.0, "SELLER": 0.0}