{"00T24@0": 0.0, "01T22@0": 0.1225165562913908, "02T22@1": 0.8275862068965517, "03T35@1": 0.6680161943319838, "04T09@2": 0.0, "05T35@2": 0.6864516129032255, "BUYER": 0.0, "SELLER": 0.0}