{"00T23@0": 0.3150105708245245, "01T22@0": 0.0066079295154184954, "02T34@1": 0.36160714285714285, "03T40@1": 0.4367588932806323, "04T35@2": 0.15102040816326534, "05T35@2": 0.18072289156626511, "06T35@3": 0.9710982658959537, "07T23@3": 0.9154228855721394, "08T22@4": 0.0, "09T35@4": 0.6372745490981964, "BUYER": 0.0, "SELLER": 0.0}