{"00T18@0": 0.0, "01T22@0": 0.20863309352518003, "02T22@1": 0.4802259887005653, "03T35@1": 0.7553648068669533, "04T36@2": 0.002212389380530971, "05T35@2": 0.6362275449101797, "BUYER": 0.0, "SELLER": 0.0}