{"00T35@0": 0.3383458646616545, "01T22@0": 0.2972972972972973, "02T40@1": 0.0, "03T40@1": 0.0, "04T24@2": 0.07017543859649122, "05T24@2": 0.019230769230769225, "06T23@3": 0.9632352941176471, "07T35@3": 1.0, "08T40@4": 0.0, "09T24@4": 0.9928057553956835, "BUYER": 0.0, "SELLER": 0.0}