{"00T24@0": 0.0, "01T35@0": 0.19283746556473824, "02T40@1": 0.7933130699088144, "03T22@1": 0.7592592592592591, "04T22@2": 0.0143112701252236, "05T22@2": 0.017208413001912042, "BUYER": 0.0, "SELLER": 0.0}