{"00T35@0": 0.16912487708947876, "01T35@0": 0.16396568160152528, "02T35@1": 0.0, "03T22@1": 0.6179775280898877, "04T35@2": 0.2960662525879918, "05T35@2": 0.2920892494929005, "06T26@3": 0.0, "07T16@3": 1.0, "BUYER": 0.0, "SELLER": 0.0}