,balance,assets,bankrupt,agent_id,step
0,1715.0,80.0,False,00T24@0,0.0
1,1485.0,309.99999999999994,False,00T24@0,5.0
2,1675.0,120.0,False,01T24@0,0.0
3,1535.0,259.99999999999994,False,01T24@0,5.0
4,2501.0,0.0,False,02T09@1,0.0
5,2501.0,0.0,False,02T09@1,5.0
6,2501.0,0.0,False,03T09@1,0.0
7,2501.0,0.0,False,03T09@1,5.0
8,3831.0,0.0,False,04T24@2,0.0
9,3631.0,0.0,False,04T24@2,5.0
10,3831.0,0.0,False,05T09@2,0.0
11,3831.0,0.0,False,05T09@2,5.0
12,,,,,
13,,,,,
14,,,,,
15,,,,,
