{"00T19@0": 0.0, "01T23@0": 0.03433476394849784, "02T35@1": 0.8737864077669902, "03T23@1": 0.8333333333333334, "04T20@2": 0.503030303030303, "05T23@2": 0.7619047619047619, "06T22@3": 0.0054347826086956425, "07T35@3": 0.6968325791855203, "08T23@4": 0.5206422018348628, "09T35@4": 0.5541871921182264, "BUYER": 0.0, "SELLER": 0.0}