{"time_limit": 10800, "spot_discount": 0.9, "spot_market_global_loss": 0.2, "neg_quota_step": 272, "n_processes": 4, "n_products": 5, "n_steps": 68, "financial_reports_period": 5, "exogenous_horizon": 32, "max_productivity": 1.0, "catalog_prices": [10, 18, 26, 31, 48], "cash_availability": [1.5, 2.5], "expected_productivity": 0.9411764705882353, "expected_mean_profit": 0.09202392182362693, "initial_balance": [15264, 15264, 24626, 24626, 28900, 28900, 40399, 40399]}