{"00T22@0": 0.10315186246418338, "01T35@0": 0.841121495327103, "02T10@1": 0.4195979899497486, "03T18@1": 0.08372093023255817, "04T35@2": 0.6304909560723514, "05T35@2": 0.596256684491979, "BUYER": 0.0, "SELLER": 0.0}