{"00T08@0": 0.055478502080443845, "01T35@0": 0.10288582183186945, "02T35@1": 0.7620817843866171, "03T35@1": 0.7712177121771217, "04T07@2": 0.028301886792452834, "05T35@2": 0.7316017316017323, "BUYER": 0.0, "SELLER": 0.0}