{"00T21@0": 0.0, "01T22@0": 0.0, "02T35@1": 0.3333333333333333, "03T22@1": 0.7142857142857143, "04T37@2": 0.5294117647058824, "05T35@2": 0.045454545454545456, "06T35@3": 0.8235294117647058, "07T35@3": 0.8863636363636364, "BUYER": 0.0, "SELLER": 0.0}