{"00T41@0": 0.38775510204081626, "01T35@0": 0.8557692307692305, "02T15@1": 0.23981900452488727, "03T41@1": 0.039647577092511016, "04T15@2": 0.22751322751322745, "05T35@2": 0.5688622754491018, "06T15@3": 0.27915194346289746, "07T35@3": 0.8057553956834532, "08T41@4": 0.0, "09T22@4": 0.0, "BUYER": 0.0, "SELLER": 0.0}