{"00T29@0": 0.0, "01T23@0": 0.44365192582025675, "02T37@1": 0.1910828025477707, "03T12@1": 0.0, "04T40@2": 0.8464566929133859, "05T22@2": 0.16714697406340057, "BUYER": 0.0, "SELLER": 0.0}