{"00T22@0": 0.06692913385826775, "01T35@0": 0.7012987012987014, "02T41@1": 0.28358208955223874, "03T18@1": 0.0, "04T35@2": 0.8270676691729323, "05T35@2": 0.8315789473684213, "BUYER": 0.0, "SELLER": 0.0}