{"00T00@0": 0.0, "01T16@0": 0.0, "02T00@1": 0.0, "03T22@1": 0.5652173913043478, "04T16@2": 0.0, "05T00@2": 0.02857142857142857, "06T16@3": 1.0, "07T22@3": 0.4468085106382978, "BUYER": 0.0, "SELLER": 0.0}