{"00T35@0": 0.27764127764127755, "01T22@0": 0.2253164556962024, "02T36@1": 0.32158590308370044, "03T22@1": 0.24423963133640564, "04T36@2": 0.31325301204819284, "05T26@2": 0.17408906882591096, "06T26@3": 0.20622568093385216, "07T36@3": 0.4858490566037736, "08T26@4": 0.02956989247311831, "09T35@4": 0.6647398843930642, "BUYER": 0.0, "SELLER": 0.0}