{"00T16@0": 0.0, "01T35@0": 0.20648464163822514, "02T37@1": 0.25850340136054434, "03T22@1": 0.0128755364806867, "04T22@2": 0.5097087378640778, "05T22@2": 0.5012048192771085, "BUYER": 0.0, "SELLER": 0.0}