{"00T12@0": 0.01894451962110962, "01T29@0": 0.0, "02T20@0": 0.0, "03T12@1": 0.0, "04T02@1": 0.0, "05T02@2": 0.0, "06T29@2": 0.0, "07T20@3": 0.0, "08T02@3": 1.0, "09T20@3": 0.0, "10T29@4": 1.0, "11T12@4": 0.18181818181818182, "BUYER": 0.0, "SELLER": 0.0}