{"time_limit": 10800, "spot_discount": 0.9, "spot_market_global_loss": 0.2, "neg_quota_step": 546, "n_processes": 5, "n_products": 6, "n_steps": 91, "financial_reports_period": 5, "exogenous_horizon": 30, "max_productivity": 1.0, "catalog_prices": [10, 22, 31, 40, 49, 60], "cash_availability": [1.5, 2.5], "expected_productivity": 1.1813186813186813, "expected_mean_profit": 0.04245438256481515, "initial_balance": [31792, 31792, 31792, 75064, 75064, 99879, 99879, 81012, 81012, 81012, 148097, 148097]}