{"00T23@0": 0.5270270270270266, "01T35@0": 0.48955223880597015, "02T22@1": 0.023346303501945533, "03T22@1": 0.03370786516853931, "04T24@2": 0.09090909090909091, "05T22@2": 0.36434108527131776, "06T40@3": 0.030769230769230757, "07T23@3": 0.7195121951219512, "BUYER": 0.0, "SELLER": 0.0}