{"00T20@0": 0.13920454545454544, "01T41@0": 0.09030837004405286, "02T23@1": 0.26143790849673204, "03T22@1": 0.2436974789915967, "04T23@2": 0.7543859649122807, "05T35@2": 0.8319327731092437, "06T35@3": 0.758373205741627, "07T23@3": 0.7379134860050895, "BUYER": 0.0, "SELLER": 0.0}