{"00T29@0": 0.0, "01T29@0": 0.0, "02T34@1": 0.0, "03T34@1": 0.0, "04T34@2": 1.0, "05T29@2": 0.0, "06T22@3": 0.3664921465968587, "07T35@3": 0.7761732851985561, "BUYER": 0.0, "SELLER": 0.0}