{"00T08@0": 0.042899408284023686, "01T35@0": 0.615530303030303, "02T35@1": 0.7198443579766539, "03T35@1": 0.6866197183098591, "04T04@2": 0.25502008032128515, "05T35@2": 0.6822857142857137, "BUYER": 0.0, "SELLER": 0.0}