{"00T40@0": 0.08754208754208745, "01T22@0": 0.11022364217252396, "02T22@1": 0.3020408163265306, "03T35@1": 0.693798449612403, "04T08@2": 0.0, "05T35@2": 0.763005780346821, "BUYER": 0.0, "SELLER": 0.0}