{"00T22@0": 0.03233830845771142, "01T35@0": 0.1932584269662923, "02T16@1": 0.0, "03T36@1": 0.42946708463949834, "04T35@2": 0.7620087336244541, "05T35@2": 0.826697892271663, "BUYER": 0.0, "SELLER": 0.0}