{"00T37@0": 0.0, "01T37@0": 0.0, "02T34@1": 0.3333333333333333, "03T34@1": 0.25, "04T37@2": 0.391304347826087, "05T34@2": 1.0, "BUYER": 0.0, "SELLER": 0.0}