{"00T10@0": 0.16129032258064516, "01T22@0": 0.125, "02T35@1": 0.7777777777777778, "03T22@1": 0.2222222222222222, "04T26@2": 0.2857142857142857, "05T35@2": 0.3333333333333333, "06T35@3": 0.75, "07T35@3": 0.7333333333333333, "BUYER": 0.0, "SELLER": 0.0}