{"00T22@0": 0.047337278106508854, "01T35@0": 0.22015915119363394, "02T16@1": 0.0, "03T07@1": 0.1529411764705883, "04T35@2": 0.8252148997134668, "05T35@2": 0.8575757575757572, "BUYER": 0.0, "SELLER": 0.0}