{"00T37@0": 0.0350194552529183, "01T37@0": 0.03237410071942447, "02T41@1": 0.07042253521126761, "03T22@1": 0.3076923076923076, "04T41@2": 0.22807017543859648, "05T37@2": 0.15909090909090912, "06T41@3": 0.03864734299516907, "07T22@3": 0.0562770562770563, "BUYER": 0.0, "SELLER": 0.0}