{"00T35@0": 0.007092198581560277, "01T23@0": 0.006802721088435367, "02T23@1": 1.0, "03T23@1": 0.9622641509433962, "04T22@2": 0.007812499999999993, "05T23@2": 0.9142857142857141, "06T40@3": 0.33112582781456945, "07T23@3": 0.6737967914438499, "08T20@4": 0.6706586826347305, "09T35@4": 0.5468164794007491, "BUYER": 0.0, "SELLER": 0.0}