{"00T22@0": 0.09326424870466321, "01T23@0": 0.43263757115749535, "02T38@1": 0.0, "03T35@1": 0.22826086956521743, "04T19@2": 0.0, "05T23@2": 0.6545454545454547, "06T23@3": 0.8167938931297711, "07T35@3": 0.8151898734177212, "BUYER": 0.0, "SELLER": 0.0}