{"00T29@0": 0.0, "01T24@0": 0.0, "02T22@1": 0.9385964912280702, "03T22@1": 0.95, "04T35@2": 0.8199999999999998, "05T22@2": 0.3394255874673628, "06T23@3": 0.6389413988657843, "07T35@3": 0.639846743295019, "BUYER": 0.0, "SELLER": 0.0}