{"00T40@0": 0.11335012594458437, "01T22@0": 0.10849056603773585, "02T40@1": 0.7398843930635838, "03T26@1": 0.269503546099291, "04T26@2": 0.1931034482758621, "05T35@2": 0.3296703296703298, "06T26@3": 0.2490272373540856, "07T23@3": 0.8098159509202454, "08T40@4": 0.0, "09T35@4": 0.6858846918489061, "BUYER": 0.0, "SELLER": 0.0}