{"time_limit": 10800, "spot_discount": 0.9, "spot_market_global_loss": 0.2, "neg_quota_step": 355, "n_processes": 5, "n_products": 6, "n_steps": 71, "financial_reports_period": 5, "exogenous_horizon": 15, "max_productivity": 1.0, "catalog_prices": [10, 16, 29, 41, 60, 67], "cash_availability": [1.5, 2.5], "expected_productivity": 0.9295774647887324, "expected_mean_profit": 0.07796537816115642, "initial_balance": [19528, 19528, 37328, 37328, 54077, 54077, 70375, 70375, 90428, 90428]}