{"00T22@0": 0.3034351145038165, "01T35@0": 0.5383211678832117, "02T26@1": 0.35466666666666635, "03T07@1": 0.13779527559055116, "04T35@2": 0.7365491651205935, "05T35@2": 0.7330960854092529, "BUYER": 0.0, "SELLER": 0.0}