{"00T26@0": 0.016200294550810034, "01T22@0": 0.1, "02T22@1": 0.36166007905138337, "03T35@1": 0.7523364485981305, "04T15@2": 0.007393715341959327, "05T35@2": 0.6993288590604027, "BUYER": 0.0, "SELLER": 0.0}