{"00T37@0": 0.037037037037037035, "01T22@0": 0.15384615384615385, "02T35@1": 0.6, "03T22@1": 0.4166666666666667, "04T34@2": 0.43478260869565216, "05T35@2": 0.0, "06T35@3": 0.7894736842105263, "07T35@3": 0.8181818181818182, "BUYER": 0.0, "SELLER": 0.0}