{"00T35@0": 0.10579345088161209, "01T22@0": 0.0234375, "02T16@1": 0.0, "03T35@1": 0.6387434554973831, "04T07@2": 0.21052631578947367, "05T35@2": 0.7820512820512822, "BUYER": 0.0, "SELLER": 0.0}