{"00T41@0": 0.233502538071066, "01T41@0": 0.24731182795698925, "02T12@1": 0.0, "03T41@1": 0.1559633027522935, "04T12@2": 0.0, "05T37@2": 0.5789473684210527, "06T12@2": 0.0, "07T37@3": 0.5700934579439252, "08T37@3": 0.5606060606060606, "BUYER": 0.0, "SELLER": 0.0}