{"00T37@0": 0.08093994778067887, "01T41@0": 0.21333333333333337, "02T37@1": 0.017241379310344827, "03T41@1": 0.37931034482758613, "04T12@2": 0.06481481481481485, "05T23@2": 0.7767441860465116, "06T41@3": 0.33962264150943405, "07T12@3": 0.07167235494880544, "08T12@4": 0.0, "09T37@4": 0.6329588014981272, "BUYER": 0.0, "SELLER": 0.0}