{"00T22@0": 0.2364532019704432, "01T35@0": 0.06733167082294264, "02T24@1": 0.6923076923076923, "03T35@1": 0.45365853658536587, "04T29@2": 1.0, "05T23@2": 0.7887323943661967, "BUYER": 0.0, "SELLER": 0.0}