{"00T22@0": 0.0, "01T22@0": 0.0, "02T29@1": 0.0, "03T34@1": 0.17283950617283964, "04T22@2": 0.7663230240549828, "05T35@2": 0.9281767955801105, "06T35@3": 0.6980273141122907, "07T35@3": 0.690355329949238, "BUYER": 0.0, "SELLER": 0.0}