{"00T08@0": 0.06728538283062646, "01T35@0": 0.27194492254733216, "02T24@1": 1.0, "03T22@1": 0.22946175637393768, "04T22@2": 0.026315789473684202, "05T22@2": 0.045576407506702415, "BUYER": 0.0, "SELLER": 0.0}