{"00T37@0": 0.0, "01T20@0": 0.0, "02T37@1": 0.3307692307692308, "03T20@1": 0.0, "04T37@2": 0.1527777777777778, "05T35@2": 0.6853146853146853, "06T20@3": 1.0, "07T23@3": 0.6275659824046922, "BUYER": 0.0, "SELLER": 0.0}