{"00T35@0": 0.3699551569506726, "01T35@0": 0.36563876651982385, "02T22@1": 0.46685082872928174, "03T22@1": 0.39181286549707584, "04T22@2": 0.0, "05T22@2": 0.004032258064516126, "06T36@3": 0.31632653061224514, "07T38@3": 0.0, "08T22@4": 0.02930402930402928, "09T22@4": 0.05090909090909093, "BUYER": 0.0, "SELLER": 0.0}