{"00T22@0": 0.0, "01T35@0": 0.18181818181818177, "02T24@1": 0.0, "03T34@1": 0.5, "04T34@2": 1.0, "05T35@2": 0.1311475409836065, "06T24@3": 0.0, "07T22@3": 0.0, "08T34@4": 1.0, "09T24@4": 1.0, "BUYER": 0.0, "SELLER": 0.0}