{"time_limit": 10800, "spot_discount": 0.9, "spot_market_global_loss": 0.2, "neg_quota_step": 575, "n_processes": 5, "n_products": 6, "n_steps": 115, "financial_reports_period": 5, "exogenous_horizon": 35, "max_productivity": 1.0, "catalog_prices": [10, 16, 24, 33, 44, 56], "cash_availability": [1.5, 2.5], "expected_productivity": 0.9565217391304348, "expected_mean_profit": 0.08128115977808409, "initial_balance": [25034, 25034, 42172, 42172, 56518, 56518, 70094, 70094, 97824, 97824]}