{"00T26@0": 0.0, "01T34@0": 0.10606060606060604, "02T34@1": 0.5083333333333333, "03T23@1": 0.5885714285714289, "04T26@2": 0.0926829268292683, "05T34@2": 0.6902654867256636, "06T26@3": 0.026402640264026375, "07T22@3": 0.008064516129032253, "BUYER": 0.0, "SELLER": 0.0}