{"00T22@0": 0.09756097560975606, "01T23@0": 0.055999999999999994, "02T24@1": 0.8571428571428571, "03T35@1": 0.5585585585585585, "04T20@2": 1.0, "05T35@2": 0.7950089126559715, "BUYER": 0.0, "SELLER": 0.0}