{"00T35@0": 0.16201117318435765, "01T35@0": 0.16022099447513813, "02T20@1": 0.0, "03T34@1": 0.34905660377358483, "04T23@2": 0.8545454545454547, "05T35@2": 0.6684210526315796, "06T22@3": 0.0, "07T22@3": 0.0, "BUYER": 0.0, "SELLER": 0.0}