{"00T41@0": 0.0, "01T22@0": 0.12727272727272726, "02T35@1": 0.7058823529411765, "03T22@1": 0.5, "04T29@2": 0.0, "05T35@2": 0.0, "06T35@3": 1.0, "07T35@3": 1.0, "BUYER": 0.0, "SELLER": 0.0}