{"00T19@0": 0.0, "01T35@0": 0.0, "02T35@1": 0.0, "03T35@1": 0.0, "04T23@2": 0.968421052631579, "05T35@2": 0.7606837606837606, "06T35@3": 0.9847328244274809, "07T22@3": 0.025188916876574298, "08T40@4": 0.0, "09T22@4": 0.0, "BUYER": 0.0, "SELLER": 0.0}