{"00T35@0": 0.148211243611584, "01T35@0": 0.15289982425307563, "02T35@1": 0.9808612440191388, "03T22@1": 0.5375275938189841, "04T35@2": 0.5292587776332895, "05T35@2": 0.5402298850574709, "06T34@3": 0.5019867549668875, "07T36@3": 0.0, "BUYER": 0.0, "SELLER": 0.0}