{"00T26@0": 0.037037037037037035, "01T22@0": 0.1875, "02T35@1": 0.5, "03T22@1": 0.2727272727272727, "04T24@2": 0.0, "05T35@2": 0.2222222222222222, "06T35@3": 0.9393939393939394, "07T35@3": 0.9473684210526315, "BUYER": 0.0, "SELLER": 0.0}