{"00T26@0": 0.13026052104208416, "01T35@0": 0.7415254237288138, "02T15@1": 0.2028985507246377, "03T22@1": 0.13261648745519705, "04T22@2": 0.015424164524421578, "05T22@2": 0.02680965147453082, "BUYER": 0.0, "SELLER": 0.0}