{"00T29@0": 0.0, "01T35@0": 0.2741433021806856, "02T29@1": 0.0, "03T38@1": 0.05952380952380952, "04T38@2": 0.06201550387596899, "05T22@2": 0.6976744186046512, "06T29@3": 0.0, "07T35@3": 0.7110266159695819, "08T38@4": 0.0730593607305936, "09T23@4": 0.7974683544303801, "BUYER": 0.0, "SELLER": 0.0}