{"00T29@0": 0.0, "01T22@0": 0.204928664072633, "02T22@1": 0.33877551020408164, "03T35@1": 0.597156398104265, "04T24@2": 0.9869706840390879, "05T35@2": 0.6506746626686658, "BUYER": 0.0, "SELLER": 0.0}