{"00T36@0": 0.0, "01T22@0": 0.05263157894736842, "02T35@1": 0.7407407407407406, "03T22@1": 0.3333333333333333, "04T34@2": 0.4782608695652174, "05T35@2": 0.0, "06T35@3": 0.7575757575757576, "07T35@3": 0.8260869565217391, "BUYER": 0.0, "SELLER": 0.0}