{"00T23@0": 0.445, "01T23@0": 0.46798029556650245, "02T36@1": 0.0, "03T23@1": 0.967032967032967, "04T41@2": 0.3055555555555556, "05T22@2": 0.0, "BUYER": 0.0, "SELLER": 0.0}