{"00T37@0": 0.1298342541436464, "01T35@0": 0.0, "02T35@1": 0.5899999999999999, "03T35@1": 0.6020408163265305, "04T22@2": 0.527397260273973, "05T23@2": 0.8297872340425532, "06T35@3": 0.4866310160427808, "07T23@3": 0.4859813084112152, "08T19@4": 1.0, "09T35@4": 0.6257796257796253, "BUYER": 0.0, "SELLER": 0.0}