{"00T29@0": 0.0, "01T29@0": 0.0, "02T07@1": 0.0, "03T22@1": 1.0, "04T07@2": 0.06666666666666667, "05T29@2": 0.0, "06T07@3": 0.0, "07T22@3": 0.6153846153846152, "BUYER": 0.0, "SELLER": 0.0}