{"00T24@0": 0.0, "01T41@0": 0.18367346938775447, "02T24@1": 1.0, "03T41@1": 0.3256484149855907, "04T22@2": 0.2857142857142858, "05T22@2": 0.2651515151515152, "06T41@3": 0.019867549668874177, "07T24@3": 0.9440298507462687, "BUYER": 0.0, "SELLER": 0.0}