{"00T04@0": 0.0517023959646911, "01T35@0": 0.7017045454545449, "02T35@1": 0.7247058823529412, "03T35@1": 0.7175398633257406, "04T36@2": 0.0, "05T35@2": 0.666345226615236, "BUYER": 0.0, "SELLER": 0.0}