{"00T22@0": 0.026578073089700997, "01T35@0": 0.26649076517150394, "02T29@1": 0.0, "03T22@1": 0.3697183098591548, "04T35@2": 0.0, "05T22@2": 0.24855491329479773, "06T35@3": 0.7172413793103447, "07T23@3": 0.6589147286821703, "08T34@4": 0.5023474178403756, "09T22@4": 0.0, "BUYER": 0.0, "SELLER": 0.0}