{"00T35@0": 0.1871345029239766, "01T23@0": 0.22905982905982902, "02T36@1": 0.10051546391752575, "03T29@1": 0.0, "04T35@2": 0.7179487179487175, "05T22@2": 0.674948240165632, "06T35@3": 0.6455696202531652, "07T35@3": 0.6180981595092023, "BUYER": 0.0, "SELLER": 0.0}