{"00T38@0": 0.023668639053254444, "01T37@0": 0.0, "02T37@1": 0.010526315789473682, "03T38@1": 0.13202247191011238, "04T38@2": 0.1010928961748634, "05T37@2": 0.39130434782608714, "06T35@3": 0.6137404580152677, "07T35@3": 0.6333830104321906, "BUYER": 0.0, "SELLER": 0.0}