{"00T41@0": 0.14059405940594066, "01T41@0": 0.14629258517034086, "02T36@0": 0.16326530612244897, "03T36@0": 0.18815331010452965, "04T37@1": 0.14932126696832593, "05T36@1": 0.33444816053511706, "06T37@1": 0.1460176991150444, "07T41@2": 0.48771929824561394, "08T37@2": 0.02723735408560311, "BUYER": 0.0, "SELLER": 0.0}