{"00T07@0": 0.027272727272727268, "01T07@0": 0.022471910112359546, "02T17@1": 0.6666666666666664, "03T22@1": 0.3875, "04T07@2": 0.04081632653061224, "05T17@2": 0.2996389891696751, "06T17@3": 0.030612244897959176, "07T22@3": 0.041958041958041946, "BUYER": 0.0, "SELLER": 0.0}