{"00T35@0": 0.6500000000000002, "01T22@0": 0.354014598540146, "02T22@1": 0.016042780748663103, "03T35@1": 0.5950413223140498, "04T40@2": 0.2185792349726776, "05T29@2": 0.0, "06T35@3": 0.8018018018018018, "07T23@3": 0.782608695652174, "08T23@4": 0.6300813008130081, "09T22@4": 0.02054794520547945, "BUYER": 0.0, "SELLER": 0.0}