{"time_limit": 10800, "spot_discount": 0.9, "spot_market_global_loss": 0.2, "neg_quota_step": 285, "n_processes": 5, "n_products": 6, "n_steps": 57, "financial_reports_period": 5, "exogenous_horizon": 18, "max_productivity": 1.0, "catalog_prices": [10, 21, 32, 46, 61, 80], "cash_availability": [1.5, 2.5], "expected_productivity": 0.9122807017543859, "expected_mean_profit": 0.07092036242250835, "initial_balance": [21817, 21817, 36191, 36191, 47805, 47805, 68210, 68210, 88102, 88102]}