{"00T22@0": 0.6530612244897955, "01T23@0": 0.5945945945945945, "02T41@1": 0.5521885521885523, "03T35@1": 0.5517241379310345, "04T24@2": 0.02857142857142857, "05T22@2": 0.2696629213483146, "06T22@3": 0.0, "07T22@3": 0.031249999999999986, "BUYER": 0.0, "SELLER": 0.0}