{"00T20@0": 0.10299003322259137, "01T20@0": 0.09999999999999999, "02T00@1": 0.0, "03T22@1": 0.7142857142857143, "04T00@2": 0.0, "05T00@2": 0.0, "06T20@3": 0.93359375, "07T22@3": 0.13617021276595737, "BUYER": 0.0, "SELLER": 0.0}