{"00T35@0": 0.0, "01T23@0": 0.0, "02T23@1": 1.0, "03T23@1": 1.0, "04T22@2": 0.021551724137931036, "05T23@2": 0.9545454545454546, "06T32@3": 1.0, "07T23@3": 0.7185185185185186, "08T20@4": 0.7058823529411764, "09T35@4": 0.7077922077922083, "BUYER": 0.0, "SELLER": 0.0}