{"00T37@0": 0.06508875739644973, "01T41@0": 0.1598440545808966, "02T41@1": 0.2871972318339101, "03T37@1": 0.2623762376237624, "04T37@2": 0.06079664570230612, "05T41@2": 0.022012578616352207, "BUYER": 0.0, "SELLER": 0.0}