,balance,assets,bankrupt,agent_id,step
0,2106.0,171.0,False,00T10@0,0.0
1,1886.0,562.8225271077672,False,00T10@0,5.0
2,2086.0,200.0,False,01T40@0,0.0
3,1871.0,671.755919451206,False,01T40@0,5.0
4,2782.0,0.0,False,02T10@1,0.0
5,2651.0,0.0,False,02T10@1,5.0
6,2782.0,0.0,False,03T40@1,0.0
7,2692.0,143.91206179441474,False,03T40@1,5.0
8,4002.0,0.0,False,04T10@2,0.0
9,3802.0,140.0,False,04T10@2,5.0
10,4002.0,0.0,False,05T40@2,0.0
11,3893.0,175.0,False,05T40@2,5.0
12,,,,,
13,,,,,
14,,,,,
15,,,,,
