{"00T29@0": 0.0, "01T35@0": 0.3411420204978039, "02T35@1": 0.9259259259259259, "03T35@1": 0.9154929577464789, "04T03@2": 0.0, "05T35@2": 0.6524064171122992, "BUYER": 0.0, "SELLER": 0.0}