{"00T29@0": 0.0, "01T12@0": 0.027950310559006222, "02T02@1": 0.0, "03T12@1": 0.0, "04T02@2": 0.2870813397129187, "05T29@2": 0.0, "06T29@2": 0.0, "07T12@3": 0.0, "08T02@3": 1.0, "BUYER": 0.0, "SELLER": 0.0}