,balance,assets,bankrupt,agent_id,step
0,1599.0,153.0,False,00T26@0,0.0
1,1309.0,622.8135593220338,False,00T26@0,5.0
2,1579.0,180.0,False,01T26@0,0.0
3,1542.0,393.3559322033899,False,01T26@0,5.0
4,2702.0,0.0,False,02T26@1,0.0
5,2657.0,130.0,False,02T26@1,5.0
6,2702.0,0.0,False,03T21@1,0.0
7,2464.0,325.5593220338983,False,03T21@1,5.0
8,3498.0,0.0,False,04T21@2,0.0
9,3236.0,0.0,False,04T21@2,5.0
10,3498.0,0.0,False,05T21@2,0.0
11,3396.0,0.0,False,05T21@2,5.0
12,,,,,
13,,,,,
14,,,,,
15,,,,,
