{"00T35@0": 0.18181818181818182, "01T35@0": 0.18773946360153257, "02T35@1": 0.9821428571428571, "03T22@1": 0.021428571428571408, "04T40@2": 0.42276422764227645, "05T20@2": 0.0, "06T22@3": 0.3092105263157893, "07T22@3": 0.30344827586206896, "08T23@4": 0.75, "09T35@4": 0.7464114832535882, "BUYER": 0.0, "SELLER": 0.0}