{"00T21@0": 0.0, "01T22@0": 0.0, "02T35@1": 0.4375, "03T22@1": 0.5, "04T40@2": 0.5161290322580645, "05T35@2": 0.0, "06T35@3": 0.75, "07T35@3": 0.6756756756756757, "BUYER": 0.0, "SELLER": 0.0}