{"00T34@0": 0.0, "01T23@0": 0.1091549295774648, "02T19@1": 0.0, "03T34@1": 0.0, "04T34@2": 1.0, "05T19@2": 0.0, "06T19@3": 1.0, "07T35@3": 0.840390879478827, "BUYER": 0.0, "SELLER": 0.0}