{"00T20@0": 0.0, "01T02@0": 0.0, "02T12@0": 0.0, "03T20@1": 0.0, "04T02@1": 0.43722943722943725, "05T20@1": 0.0, "06T12@2": 0.04838709677419355, "07T12@2": 0.0631578947368421, "08T29@2": 0.0, "09T29@2": 0.0, "10T02@3": 0.596078431372549, "11T29@3": 1.0, "BUYER": 0.0, "SELLER": 0.0}