{"00T35@0": 0.0, "01T23@0": 0.0, "02T23@1": 1.0, "03T23@1": 1.0, "04T22@2": 0.05555555555555555, "05T23@2": 0.8173076923076923, "06T36@3": 0.42385786802030456, "07T23@3": 0.6567164179104479, "08T26@4": 0.0, "09T35@4": 0.6211293260473588, "BUYER": 0.0, "SELLER": 0.0}