{"00T35@0": 0.3603448275862069, "01T35@0": 0.37335526315789486, "02T22@1": 0.0, "03T35@1": 0.0, "04T29@2": 1.0, "05T24@2": 0.9694323144104804, "BUYER": 0.0, "SELLER": 0.0}