{"00T35@0": 0.5157526254375733, "01T35@0": 0.5245327102803738, "02T35@1": 0.0, "03T22@1": 0.2575503355704702, "04T35@2": 0.4509345794392522, "05T35@2": 0.4669811320754717, "06T40@3": 0.0, "07T15@3": 0.0, "BUYER": 0.0, "SELLER": 0.0}