{"00T06@0": 0.0, "01T22@0": 0.45378151260504196, "02T35@1": 0.4577777777777778, "03T35@1": 0.4423076923076923, "04T34@2": 0.23183391003460208, "05T35@2": 0.875, "06T22@3": 0.020833333333333332, "07T22@3": 0.01724137931034482, "BUYER": 0.0, "SELLER": 0.0}