{"00T37@0": 0.09278350515463915, "01T35@0": 0.0, "02T35@1": 0.7981651376146789, "03T35@1": 0.7549019607843135, "04T29@2": 0.0, "05T22@2": 0.18281535648994515, "06T35@3": 0.6349206349206356, "07T35@3": 0.6274509803921573, "08T22@4": 0.0, "09T22@4": 0.0, "BUYER": 0.0, "SELLER": 0.0}