{"time_limit": 10800, "spot_discount": 0.9, "spot_market_global_loss": 0.2, "neg_quota_step": 385, "n_processes": 5, "n_products": 6, "n_steps": 77, "financial_reports_period": 5, "exogenous_horizon": 19, "max_productivity": 1.0, "catalog_prices": [10, 24, 37, 47, 65, 77], "cash_availability": [1.5, 2.5], "expected_productivity": 0.935064935064935, "expected_mean_profit": 0.09562729873314263, "initial_balance": [29093, 29093, 45248, 45248, 61402, 61402, 78934, 78934, 103433, 103433]}