{"00T06@0": 0.0, "01T26@0": 0.11971830985915503, "02T26@1": 0.12790697674418608, "03T22@1": 0.05434782608695652, "04T26@2": 0.14705882352941171, "05T06@2": 0.0, "06T06@3": 0.0, "07T22@3": 0.025906735751295335, "BUYER": 0.0, "SELLER": 0.0}