{"00T35@0": 0.366209262435678, "01T35@0": 0.3480519480519478, "02T35@1": 1.0, "03T22@1": 0.1562998405103668, "04T35@2": 0.5970149253731336, "05T35@2": 0.5794392523364489, "06T20@3": 0.6974789915966384, "07T41@3": 0.0, "BUYER": 0.0, "SELLER": 0.0}