{"00T12@0": 0.0, "01T12@0": 0.0, "02T37@1": 0.573170731707317, "03T37@1": 0.38, "04T37@2": 0.16037735849056617, "05T12@2": 0.0, "BUYER": 0.0, "SELLER": 0.0}