{"00T23@0": 0.40497737556561075, "01T23@0": 0.40674157303370795, "02T22@1": 0.0, "03T22@1": 0.0, "04T29@2": 1.0, "05T37@2": 0.4329896907216495, "BUYER": 0.0, "SELLER": 0.0}