{"00T29@0": 0.0, "01T29@0": 0.0, "02T04@1": 1.0, "03T22@1": 1.0, "04T29@2": 0.0, "05T04@2": 0.17741935483870977, "06T04@3": 0.4318181818181821, "07T22@3": 0.15447154471544716, "BUYER": 0.0, "SELLER": 0.0}