{"00T41@0": 0.13983739837398362, "01T37@0": 0.04835924006908461, "02T41@1": 0.31875, "03T37@1": 0.22488038277511962, "04T37@2": 0.04990019960079835, "05T41@2": 0.019512195121951195, "BUYER": 0.0, "SELLER": 0.0}