{"00T26@0": 0.1048158640226629, "01T26@0": 0.12628865979381448, "02T41@1": 0.3490909090909093, "03T41@1": 0.3874538745387449, "04T26@2": 0.0411522633744856, "05T41@2": 0.09541984732824425, "BUYER": 0.0, "SELLER": 0.0}