{"00T23@0": 0.02768166089965395, "01T22@0": 0.20408163265306123, "02T35@1": 0.6742857142857139, "03T23@1": 0.7391304347826086, "04T40@2": 0.0, "05T35@2": 0.6688311688311687, "06T29@3": 1.0, "07T35@3": 0.6051401869158883, "BUYER": 0.0, "SELLER": 0.0}