{"time_limit": 10800, "spot_discount": 0.9, "spot_market_global_loss": 0.2, "neg_quota_step": 272, "n_processes": 4, "n_products": 5, "n_steps": 68, "financial_reports_period": 5, "exogenous_horizon": 24, "max_productivity": 1.0, "catalog_prices": [10, 20, 30, 40, 45], "cash_availability": [1.5, 2.5], "expected_productivity": 0.9411764705882353, "expected_mean_profit": 0.06635511732034939, "initial_balance": [23543, 23543, 34345, 34345, 45424, 45424, 60172, 60172]}