{"00T23@0": 0.0, "01T23@0": 0.0, "02T35@1": 1.0, "03T23@1": 1.0, "04T24@2": 0.9444444444444444, "05T23@2": 0.8843930635838149, "06T41@3": 0.4444444444444444, "07T23@3": 0.7346368715083798, "BUYER": 0.0, "SELLER": 0.0}