{"00T10@0": 0.07317073170731707, "01T22@0": 0.06382978723404255, "02T35@1": 0.8392857142857143, "03T22@1": 0.6086956521739131, "04T07@2": 0.5, "05T35@2": 0.35294117647058826, "06T35@3": 0.7777777777777778, "07T35@3": 0.7857142857142857, "BUYER": 0.0, "SELLER": 0.0}