{"00T26@0": 0.07563025210084032, "01T06@0": 0.0, "02T06@1": 0.0, "03T22@1": 0.08333333333333334, "04T06@2": 0.0, "05T26@2": 0.5384615384615385, "06T26@3": 0.0263157894736842, "07T22@3": 0.004081632653061222, "BUYER": 0.0, "SELLER": 0.0}