{"00T29@0": 0.0, "01T29@0": 0.0, "02T29@1": 0.0, "03T41@1": 1.0, "04T37@2": 0.06493506493506493, "05T37@2": 0.08383233532934137, "06T41@2": 0.47976878612716745, "07T37@2": 0.01999999999999998, "08T41@2": 0.46835443037974683, "BUYER": 0.0, "SELLER": 0.0}