{"time_limit": 10800, "spot_discount": 0.9, "spot_market_global_loss": 0.2, "neg_quota_step": 247, "n_processes": 3, "n_products": 4, "n_steps": 55, "financial_reports_period": 5, "exogenous_horizon": 22, "max_productivity": 1.0, "catalog_prices": [10, 15, 17, 25], "cash_availability": [1.5, 2.5], "expected_productivity": 0.6303030303030303, "expected_mean_profit": 0.06943786345035538, "initial_balance": [15318, 15318, 18087, 18087, 9853, 9853, 9853, 9853, 9853]}