{"00T12@0": 0.01700404858299596, "01T05@0": 0.0, "02T23@1": 0.17819148936170207, "03T23@1": 0.1847826086956523, "04T23@2": 0.7977207977207971, "05T23@2": 0.795180722891566, "06T23@3": 0.6262458471760793, "07T22@3": 0.0, "08T35@4": 0.7495029821073559, "09T23@4": 0.7434701492537317, "BUYER": 0.0, "SELLER": 0.0}