{"00T35@0": 0.4069767441860465, "01T35@0": 0.40317460317460313, "02T35@1": 0.9872611464968153, "03T22@1": 0.0, "04T40@2": 0.0, "05T24@2": 0.18518518518518517, "06T22@3": 0.5548780487804879, "07T22@3": 0.5740740740740741, "08T23@4": 0.6791277258566979, "09T35@4": 0.6604938271604937, "BUYER": 0.0, "SELLER": 0.0}