{"00T24@0": 0.0, "01T24@0": 0.0, "02T34@1": 0.8205128205128205, "03T24@1": 0.0, "04T34@2": 1.0, "05T35@2": 0.8540540540540542, "06T34@3": 0.6449704142011835, "07T35@3": 0.5409836065573768, "BUYER": 0.0, "SELLER": 0.0}