{"00T36@0": 0.09369369369369361, "01T35@0": 0.7874186550976143, "02T35@1": 0.7830188679245284, "03T35@1": 0.7178683385579945, "04T04@2": 0.045871559633027505, "05T35@2": 0.6639676113360327, "BUYER": 0.0, "SELLER": 0.0}