{"00T29@0": 0.0, "01T22@0": 0.12727272727272726, "02T35@1": 0.8220338983050848, "03T35@1": 0.7565217391304346, "04T35@2": 0.7602523659305995, "05T35@2": 0.7484276729559752, "06T38@3": 0.0, "07T23@3": 0.6451612903225805, "BUYER": 0.0, "SELLER": 0.0}