{"00T41@0": 0.06918238993710692, "01T22@0": 0.17288801571709242, "02T35@1": 0.373134328358209, "03T35@1": 0.35877862595419846, "04T37@2": 0.5354330708661416, "05T35@2": 0.9456521739130435, "06T22@3": 0.003076923076923073, "07T22@3": 0.0, "BUYER": 0.0, "SELLER": 0.0}