{"00T36@0": 0.19485294117647065, "01T22@0": 0.18113207547169818, "02T23@1": 0.6170212765957447, "03T35@1": 0.52991452991453, "04T22@2": 0.12169312169312171, "05T35@2": 1.0, "06T37@3": 0.0, "07T22@3": 0.0, "BUYER": 0.0, "SELLER": 0.0}