{"00T10@0": 0.12846347607052896, "01T15@0": 0.07446808510638295, "02T15@1": 0.28870292887029286, "03T10@1": 0.32530120481927727, "04T10@2": 0.05412371134020619, "05T15@2": 0.05513784461152882, "BUYER": 0.0, "SELLER": 0.0}