{"00T37@0": 0.0, "01T35@0": 0.4980544747081711, "02T34@1": 0.30000000000000004, "03T22@1": 0.2879581151832464, "04T22@2": 0.03934426229508195, "05T22@2": 0.03436426116838489, "BUYER": 0.0, "SELLER": 0.0}