{"00T07@0": 0.007434944237918209, "01T35@0": 0.4312169312169313, "02T09@1": 0.0, "03T07@1": 0.0, "04T09@2": 0.0, "05T35@2": 0.039999999999999994, "06T09@3": 0.0, "07T35@3": 1.0, "08T07@4": 0.5090090090090089, "09T22@4": 0.16203703703703698, "BUYER": 0.0, "SELLER": 0.0}