{"00T36@0": 0.0, "01T36@0": 0.0, "02T19@1": 0.0, "03T19@1": 0.0, "04T19@2": 0.0, "05T22@2": 1.0, "06T36@3": 0.031872509960159334, "07T22@3": 0.0423728813559322, "BUYER": 0.0, "SELLER": 0.0}