{"00T23@0": 0.38337801608579086, "01T23@0": 0.3557422969187676, "02T22@1": 0.03709949409780777, "03T35@1": 1.0, "04T23@2": 0.49190283400809687, "05T35@2": 0.1818181818181818, "06T38@3": 0.0, "07T29@3": 1.0, "BUYER": 0.0, "SELLER": 0.0}