{"00T24@0": 0.0, "01T20@0": 0.0, "02T24@1": 0.0, "03T20@1": 0.0, "04T24@2": 1.0, "05T20@2": 0.0, "06T35@3": 0.9947643979057592, "07T23@3": 0.9732620320855615, "BUYER": 0.0, "SELLER": 0.0}