{"00T37@0": 0.10704225352112678, "01T10@0": 0.2786885245901641, "02T37@1": 0.16086956521739135, "03T37@1": 0.17431192660550465, "04T10@2": 0.02076124567474048, "05T10@2": 0.026315789473684223, "BUYER": 0.0, "SELLER": 0.0}